application_id,job_id,candidate_id,application_source,intent_confirmed_date,desired_hourly_wage,offered_hourly_wage,wage_gap_ratio,wage_shortfall_rate,same_occupation_experience,candidate_skill_level,required_skill_level,skill_gap,ca_workload_ratio,intent_to_recommend_days,pre_recommendation_withdrawal_probability,withdrawal_stage,recommendation_result,status
APP000001,JOB00122,CAN00658,self_entry,2025-04-02,2500.0,2200.0,-0.12,0.12,True,4.0,4,0.0,0.4246823956442831,2,0.08,,rejected,rejected
APP000002,JOB00162,CAN00030,ca_introduction,2025-04-03,1200.0,1600.0,0.3333333333333333,0.0,False,,2,,0.4246823956442831,1,0.02,,rejected,rejected
APP000003,JOB00122,CAN00130,ca_introduction,2025-04-03,2200.0,2200.0,0.0,0.0,True,2.0,4,-2.0,0.4246823956442831,2,0.02,,,screened_out
APP000004,JOB00042,CAN00412,ca_introduction,2025-04-04,1700.0,1600.0,-0.058823529411764705,0.058823529411764705,True,2.0,2,0.0,0.4246823956442831,2,0.05,,accepted,recommended
APP000005,JOB00186,CAN00788,ca_introduction,2025-04-04,3100.0,2000.0,-0.3548387096774194,0.3548387096774194,True,3.0,3,0.0,0.4246823956442831,2,0.12000000000000001,,accepted,recommended
APP000006,JOB00075,CAN00107,ca_introduction,2025-04-06,2350.0,2350.0,0.0,0.0,True,3.0,4,-1.0,0.4246823956442831,1,0.02,,rejected,rejected
APP000007,JOB00042,CAN00200,ca_introduction,2025-04-07,1450.0,1600.0,0.10344827586206896,0.0,True,2.0,2,0.0,0.4246823956442831,0,0.02,,accepted,recommended
APP000008,JOB00264,CAN01419,ca_introduction,2025-04-08,1200.0,1200.0,0.0,0.0,True,1.0,1,0.0,0.4246823956442831,1,0.02,,,screened_out
APP000009,JOB00322,CAN00239,ca_introduction,2025-04-08,3300.0,3000.0,-0.09090909090909091,0.09090909090909091,True,4.0,5,-1.0,0.4246823956442831,1,0.05,,accepted,recommended
APP000010,JOB00322,CAN00599,ca_introduction,2025-04-08,3100.0,3000.0,-0.03225806451612903,0.03225806451612903,True,4.0,5,-1.0,0.4246823956442831,2,0.02,,accepted,recommended
APP000011,JOB00075,CAN01239,self_entry,2025-04-08,1450.0,2350.0,0.6206896551724138,0.0,False,,4,,0.4246823956442831,3,0.04,pre_recommendation,,withdrawn
APP000012,JOB00075,CAN01205,ca_introduction,2025-04-09,2100.0,2350.0,0.11904761904761904,0.0,True,3.0,4,-1.0,0.4246823956442831,1,0.02,,accepted,recommended
APP000013,JOB00322,CAN00697,ca_introduction,2025-04-09,3050.0,3000.0,-0.01639344262295082,0.01639344262295082,True,4.0,5,-1.0,0.4246823956442831,2,0.02,,,screened_out
APP000014,JOB00316,CAN01179,ca_introduction,2025-04-11,1300.0,1400.0,0.07692307692307693,0.0,True,1.0,2,-1.0,0.4246823956442831,1,0.02,,rejected,rejected
APP000015,JOB00109,CAN00848,ca_introduction,2025-04-11,2250.0,2050.0,-0.08888888888888889,0.08888888888888889,True,4.0,3,1.0,0.4246823956442831,0,0.05,,accepted,recommended
APP000016,JOB00322,CAN01859,ca_introduction,2025-04-11,2100.0,3000.0,0.42857142857142855,0.0,True,3.0,5,-2.0,0.4246823956442831,2,0.02,,,screened_out
APP000017,JOB00137,CAN00866,ca_introduction,2025-04-12,3350.0,3100.0,-0.07462686567164178,0.07462686567164178,True,4.0,4,0.0,0.4246823956442831,1,0.05,,accepted,recommended
APP000018,JOB00348,CAN01137,ca_introduction,2025-04-13,1700.0,1400.0,-0.17647058823529413,0.17647058823529413,True,3.0,2,1.0,0.4246823956442831,1,0.12000000000000001,,accepted,recommended
APP000019,JOB00042,CAN01137,ca_introduction,2025-04-14,1700.0,1600.0,-0.058823529411764705,0.058823529411764705,True,3.0,2,1.0,0.4246823956442831,3,0.07,,accepted,recommended
APP000020,JOB00209,CAN01147,ca_introduction,2025-04-14,3150.0,3000.0,-0.047619047619047616,0.047619047619047616,True,4.0,5,-1.0,0.4246823956442831,1,0.02,,accepted,recommended
APP000021,JOB00186,CAN01724,ca_introduction,2025-04-14,2100.0,2000.0,-0.047619047619047616,0.047619047619047616,True,3.0,3,0.0,0.4246823956442831,2,0.02,,rejected,rejected
APP000022,JOB00264,CAN01477,ca_introduction,2025-04-15,1200.0,1200.0,0.0,0.0,True,1.0,1,0.0,0.4246823956442831,0,0.02,,accepted,recommended
APP000023,JOB00236,CAN00788,ca_introduction,2025-04-16,3100.0,2700.0,-0.12903225806451613,0.12903225806451613,True,4.0,4,0.0,0.4246823956442831,0,0.08,,rejected,rejected
APP000024,JOB00309,CAN01305,ca_introduction,2025-04-17,1200.0,1200.0,0.0,0.0,True,1.0,1,0.0,0.4246823956442831,1,0.02,,accepted,recommended
APP000025,JOB00138,CAN01544,ca_introduction,2025-04-18,3100.0,2750.0,-0.11290322580645161,0.11290322580645161,True,4.0,4,0.0,0.4246823956442831,2,0.08,pre_recommendation,,withdrawn
APP000026,JOB00087,CAN00498,ca_introduction,2025-04-18,2800.0,2650.0,-0.05357142857142857,0.05357142857142857,True,4.0,4,0.0,0.4246823956442831,0,0.05,,accepted,recommended
APP000027,JOB00264,CAN01194,ca_introduction,2025-04-18,1850.0,1200.0,-0.35135135135135137,0.35135135135135137,True,1.0,1,0.0,0.4246823956442831,1,0.12000000000000001,,accepted,recommended
APP000028,JOB00316,CAN00583,ca_introduction,2025-04-19,1300.0,1400.0,0.07692307692307693,0.0,False,,2,,0.4246823956442831,3,0.04,,accepted,recommended
APP000029,JOB00261,CAN00017,ca_introduction,2025-04-19,2800.0,2200.0,-0.21428571428571427,0.21428571428571427,True,3.0,3,0.0,0.4246823956442831,2,0.12000000000000001,,rejected,rejected
APP000030,JOB00200,CAN00113,ca_introduction,2025-04-19,1200.0,1200.0,0.0,0.0,True,2.0,1,1.0,0.4246823956442831,2,0.02,,,screened_out
APP000031,JOB00137,CAN00354,ca_introduction,2025-04-19,3450.0,3100.0,-0.10144927536231885,0.10144927536231885,True,5.0,4,1.0,0.4246823956442831,0,0.08,,accepted,recommended
APP000032,JOB00252,CAN01454,ca_introduction,2025-04-19,1200.0,1200.0,0.0,0.0,True,1.0,1,0.0,0.4246823956442831,1,0.02,,rejected,rejected
APP000033,JOB00186,CAN00354,ca_introduction,2025-04-20,3450.0,2000.0,-0.42028985507246375,0.42028985507246375,True,4.0,3,1.0,0.4246823956442831,2,0.12000000000000001,,accepted,recommended
APP000034,JOB00252,CAN00615,ca_introduction,2025-04-20,1400.0,1200.0,-0.14285714285714285,0.14285714285714285,True,1.0,1,0.0,0.4246823956442831,1,0.08,,accepted,recommended
APP000035,JOB00309,CAN00615,ca_introduction,2025-04-20,1400.0,1200.0,-0.14285714285714285,0.14285714285714285,True,1.0,1,0.0,0.4246823956442831,1,0.08,,accepted,recommended
APP000036,JOB00301,CAN00713,ca_introduction,2025-04-20,1250.0,1200.0,-0.04,0.04,True,1.0,1,0.0,0.4246823956442831,2,0.02,,accepted,recommended
APP000037,JOB00264,CAN00713,ca_introduction,2025-04-20,1250.0,1200.0,-0.04,0.04,True,1.0,1,0.0,0.4246823956442831,0,0.02,,accepted,recommended
APP000038,JOB00122,CAN00729,ca_introduction,2025-04-20,2300.0,2200.0,-0.043478260869565216,0.043478260869565216,True,3.0,4,-1.0,0.4246823956442831,1,0.02,pre_recommendation,,withdrawn
APP000039,JOB00319,CAN00823,ca_introduction,2025-04-20,2250.0,2050.0,-0.08888888888888889,0.08888888888888889,True,3.0,3,0.0,0.4246823956442831,0,0.05,,accepted,recommended
APP000040,JOB00203,CAN00615,ca_introduction,2025-04-21,1400.0,1200.0,-0.14285714285714285,0.14285714285714285,True,1.0,1,0.0,0.4246823956442831,1,0.08,,accepted,recommended
APP000041,JOB00276,CAN00823,ca_introduction,2025-04-21,2250.0,2200.0,-0.022222222222222223,0.022222222222222223,True,3.0,3,0.0,0.4246823956442831,3,0.04,,accepted,recommended
APP000042,JOB00075,CAN00056,ca_introduction,2025-04-22,2150.0,2350.0,0.09302325581395349,0.0,True,3.0,4,-1.0,0.4246823956442831,1,0.02,,accepted,recommended
APP000043,JOB00311,CAN01448,ca_introduction,2025-04-22,1450.0,1650.0,0.13793103448275862,0.0,False,,2,,0.4246823956442831,1,0.02,,rejected,rejected
APP000044,JOB00293,CAN00639,ca_introduction,2025-04-23,1200.0,1200.0,0.0,0.0,False,,1,,0.4246823956442831,3,0.04,,accepted,recommended
APP000045,JOB00264,CAN01212,ca_introduction,2025-04-23,1550.0,1200.0,-0.22580645161290322,0.22580645161290322,True,1.0,1,0.0,0.4246823956442831,2,0.12000000000000001,,accepted,recommended
APP000046,JOB00186,CAN01312,ca_introduction,2025-04-24,2300.0,2000.0,-0.13043478260869565,0.13043478260869565,True,4.0,3,1.0,0.4246823956442831,0,0.08,,accepted,recommended
APP000047,JOB00203,CAN01419,ca_introduction,2025-04-24,1200.0,1200.0,0.0,0.0,True,1.0,1,0.0,0.4246823956442831,0,0.02,,rejected,rejected
APP000048,JOB00243,CAN01714,ca_introduction,2025-04-24,1500.0,1600.0,0.06666666666666667,0.0,True,1.0,2,-1.0,0.4246823956442831,1,0.02,,accepted,recommended
APP000049,JOB00252,CAN01877,ca_introduction,2025-04-24,1250.0,1200.0,-0.04,0.04,True,1.0,1,0.0,0.4246823956442831,0,0.02,,accepted,recommended
APP000050,JOB00162,CAN01227,ca_introduction,2025-04-25,1700.0,1600.0,-0.058823529411764705,0.058823529411764705,True,2.0,2,0.0,0.4246823956442831,1,0.05,,accepted,recommended
APP000051,JOB00042,CAN01714,ca_introduction,2025-04-25,1500.0,1600.0,0.06666666666666667,0.0,True,1.0,2,-1.0,0.4246823956442831,0,0.02,,rejected,rejected
APP000052,JOB00283,CAN01714,ca_introduction,2025-04-25,1500.0,1500.0,0.0,0.0,True,1.0,2,-1.0,0.4246823956442831,1,0.02,,rejected,rejected
APP000053,JOB00316,CAN01877,ca_introduction,2025-04-25,1250.0,1400.0,0.12,0.0,True,1.0,2,-1.0,0.4246823956442831,1,0.02,,accepted,recommended
APP000054,JOB00311,CAN00485,ca_introduction,2025-04-26,1300.0,1650.0,0.2692307692307692,0.0,True,1.0,2,-1.0,0.4246823956442831,2,0.02,,accepted,recommended
APP000055,JOB00158,CAN01359,ca_introduction,2025-04-26,2950.0,2750.0,-0.06779661016949153,0.06779661016949153,True,4.0,3,1.0,0.4246823956442831,2,0.05,,rejected,rejected
APP000056,JOB00111,CAN00063,ca_introduction,2025-04-27,2950.0,2950.0,0.0,0.0,True,3.0,4,-1.0,0.4246823956442831,0,0.02,,accepted,recommended
APP000057,JOB00069,CAN01438,ca_introduction,2025-04-27,2200.0,2550.0,0.1590909090909091,0.0,True,4.0,3,1.0,0.4246823956442831,2,0.02,,accepted,recommended
APP000058,JOB00311,CAN00200,ca_introduction,2025-04-27,1450.0,1650.0,0.13793103448275862,0.0,True,2.0,2,0.0,0.4246823956442831,2,0.02,,accepted,recommended
APP000059,JOB00007,CAN01095,ca_introduction,2025-04-27,2200.0,2250.0,0.022727272727272728,0.0,True,2.0,3,-1.0,0.4246823956442831,0,0.02,,accepted,recommended
APP000060,JOB00254,CAN01095,ca_introduction,2025-04-28,2200.0,2300.0,0.045454545454545456,0.0,True,2.0,3,-1.0,0.4246823956442831,1,0.02,,rejected,rejected
APP000061,JOB00109,CAN00052,ca_introduction,2025-04-28,2400.0,2050.0,-0.14583333333333334,0.14583333333333334,True,4.0,3,1.0,0.4246823956442831,2,0.08,,,screened_out
APP000062,JOB00038,CAN01273,ca_introduction,2025-04-28,2250.0,2000.0,-0.1111111111111111,0.1111111111111111,True,3.0,3,0.0,0.4246823956442831,1,0.08,,accepted,recommended
APP000063,JOB00293,CAN00713,ca_introduction,2025-04-29,1250.0,1200.0,-0.04,0.04,True,1.0,1,0.0,0.4246823956442831,0,0.02,,accepted,recommended
APP000064,JOB00261,CAN01232,ca_introduction,2025-04-29,2300.0,2200.0,-0.043478260869565216,0.043478260869565216,True,3.0,3,0.0,0.4246823956442831,1,0.02,,accepted,recommended
APP000065,JOB00042,CAN01804,ca_introduction,2025-04-29,1950.0,1600.0,-0.1794871794871795,0.1794871794871795,True,2.0,2,0.0,0.4246823956442831,2,0.12000000000000001,,accepted,recommended
APP000066,JOB00319,CAN00729,ca_introduction,2025-04-29,2300.0,2050.0,-0.10869565217391304,0.10869565217391304,True,3.0,3,0.0,0.4246823956442831,3,0.1,,accepted,recommended
APP000067,JOB00042,CAN01168,ca_introduction,2025-04-29,1450.0,1600.0,0.10344827586206896,0.0,True,2.0,2,0.0,0.4246823956442831,0,0.02,,,screened_out
APP000068,JOB00309,CAN01119,ca_introduction,2025-04-30,1350.0,1200.0,-0.1111111111111111,0.1111111111111111,True,2.0,1,1.0,0.4246823956442831,1,0.08,,accepted,recommended
APP000069,JOB00038,CAN00045,ca_introduction,2025-05-01,2350.0,2000.0,-0.14893617021276595,0.14893617021276595,True,4.0,3,1.0,0.5771324863883848,3,0.1,pre_recommendation,,withdrawn
APP000070,JOB00264,CAN00256,ca_introduction,2025-05-01,1250.0,1200.0,-0.04,0.04,False,,1,,0.5771324863883848,1,0.02,,,screened_out
APP000071,JOB00038,CAN00602,ca_introduction,2025-05-01,2300.0,2000.0,-0.13043478260869565,0.13043478260869565,True,4.0,3,1.0,0.5771324863883848,2,0.08,,rejected,rejected
APP000072,JOB00158,CAN01544,ca_introduction,2025-05-01,3100.0,2750.0,-0.11290322580645161,0.11290322580645161,True,4.0,3,1.0,0.5771324863883848,1,0.08,,accepted,recommended
APP000073,JOB00200,CAN01235,ca_introduction,2025-05-01,1250.0,1200.0,-0.04,0.04,True,1.0,1,0.0,0.5771324863883848,0,0.02,,,screened_out
APP000074,JOB00301,CAN01477,ca_introduction,2025-05-01,1200.0,1200.0,0.0,0.0,True,1.0,1,0.0,0.5771324863883848,2,0.02,,accepted,recommended
APP000075,JOB00254,CAN01059,self_entry,2025-05-01,2200.0,2300.0,0.045454545454545456,0.0,True,3.0,3,0.0,0.5771324863883848,2,0.02,,accepted,recommended
APP000076,JOB00252,CAN00864,ca_introduction,2025-05-02,1200.0,1200.0,0.0,0.0,True,1.0,1,0.0,0.5771324863883848,1,0.02,,,screened_out
APP000077,JOB00254,CAN01216,ca_introduction,2025-05-02,3050.0,2300.0,-0.2459016393442623,0.2459016393442623,True,4.0,3,1.0,0.5771324863883848,2,0.12000000000000001,pre_recommendation,,withdrawn
APP000078,JOB00186,CAN01216,ca_introduction,2025-05-02,3050.0,2000.0,-0.3442622950819672,0.3442622950819672,True,2.0,3,-1.0,0.5771324863883848,1,0.12000000000000001,,,screened_out
APP000079,JOB00293,CAN00501,ca_introduction,2025-05-02,1550.0,1200.0,-0.22580645161290322,0.22580645161290322,False,,1,,0.5771324863883848,1,0.12000000000000001,,,screened_out
APP000080,JOB00276,CAN01071,ca_introduction,2025-05-02,2200.0,2200.0,0.0,0.0,True,3.0,3,0.0,0.5771324863883848,2,0.02,,accepted,recommended
APP000081,JOB00283,CAN01894,ca_introduction,2025-05-02,1700.0,1500.0,-0.11764705882352941,0.11764705882352941,True,2.0,2,0.0,0.5771324863883848,1,0.08,,,screened_out
APP000082,JOB00111,CAN00427,ca_introduction,2025-05-03,3000.0,2950.0,-0.016666666666666666,0.016666666666666666,True,4.0,4,0.0,0.5771324863883848,0,0.02,,rejected,rejected
APP000083,JOB00209,CAN00427,ca_introduction,2025-05-03,3000.0,3000.0,0.0,0.0,True,4.0,5,-1.0,0.5771324863883848,2,0.02,,rejected,rejected
APP000084,JOB00283,CAN00653,ca_introduction,2025-05-03,1600.0,1500.0,-0.0625,0.0625,True,2.0,2,0.0,0.5771324863883848,1,0.05,,rejected,rejected
APP000085,JOB00301,CAN00615,ca_introduction,2025-05-04,1400.0,1200.0,-0.14285714285714285,0.14285714285714285,True,1.0,1,0.0,0.5771324863883848,1,0.08,,accepted,recommended
APP000086,JOB00124,CAN00777,ca_introduction,2025-05-04,2350.0,2950.0,0.2553191489361702,0.0,True,5.0,3,2.0,0.5771324863883848,2,0.02,,accepted,recommended
APP000087,JOB00007,CAN00777,ca_introduction,2025-05-04,2350.0,2250.0,-0.0425531914893617,0.0425531914893617,True,3.0,3,0.0,0.5771324863883848,0,0.02,,accepted,recommended
APP000088,JOB00200,CAN01105,ca_introduction,2025-05-04,1250.0,1200.0,-0.04,0.04,True,1.0,1,0.0,0.5771324863883848,2,0.02,,,screened_out
APP000089,JOB00111,CAN01599,ca_introduction,2025-05-04,3200.0,2950.0,-0.078125,0.078125,True,4.0,4,0.0,0.5771324863883848,1,0.05,,accepted,recommended
APP000090,JOB00254,CAN01649,ca_introduction,2025-05-04,2250.0,2300.0,0.022222222222222223,0.0,True,3.0,3,0.0,0.5771324863883848,1,0.02,,accepted,recommended
APP000091,JOB00082,CAN00961,ca_introduction,2025-05-04,3600.0,3200.0,-0.1111111111111111,0.1111111111111111,True,5.0,4,1.0,0.5771324863883848,3,0.1,,accepted,recommended
APP000092,JOB00322,CAN00733,self_entry,2025-05-04,3350.0,3000.0,-0.1044776119402985,0.1044776119402985,True,4.0,5,-1.0,0.5771324863883848,2,0.08,,,screened_out
APP000093,JOB00042,CAN01566,self_entry,2025-05-04,2000.0,1600.0,-0.2,0.2,True,1.0,2,-1.0,0.5771324863883848,2,0.12000000000000001,pre_recommendation,,withdrawn
APP000094,JOB00311,CAN01227,ca_introduction,2025-05-05,1700.0,1650.0,-0.029411764705882353,0.029411764705882353,True,2.0,2,0.0,0.5771324863883848,3,0.04,,rejected,rejected
APP000095,JOB00041,CAN01296,ca_introduction,2025-05-05,3050.0,2850.0,-0.06557377049180328,0.06557377049180328,True,3.0,4,-1.0,0.5771324863883848,2,0.05,,accepted,recommended
APP000096,JOB00316,CAN00029,ca_introduction,2025-05-05,1200.0,1400.0,0.16666666666666666,0.0,True,1.0,2,-1.0,0.5771324863883848,1,0.02,,accepted,recommended
APP000097,JOB00348,CAN00787,self_entry,2025-05-05,1250.0,1400.0,0.12,0.0,True,2.0,2,0.0,0.5771324863883848,1,0.02,,accepted,recommended
APP000098,JOB00109,CAN01845,ca_introduction,2025-05-06,2150.0,2050.0,-0.046511627906976744,0.046511627906976744,True,2.0,3,-1.0,0.5771324863883848,1,0.02,,,screened_out
APP000099,JOB00261,CAN01845,ca_introduction,2025-05-07,2150.0,2200.0,0.023255813953488372,0.0,True,2.0,3,-1.0,0.5771324863883848,2,0.02,,rejected,rejected
APP000100,JOB00311,CAN01935,ca_introduction,2025-05-07,1800.0,1650.0,-0.08333333333333333,0.08333333333333333,True,3.0,2,1.0,0.5771324863883848,1,0.05,,,screened_out
APP000101,JOB00309,CAN00106,ca_introduction,2025-05-07,1200.0,1200.0,0.0,0.0,False,,1,,0.5771324863883848,1,0.02,,,screened_out
APP000102,JOB00243,CAN00939,ca_introduction,2025-05-07,1600.0,1600.0,0.0,0.0,True,2.0,2,0.0,0.5771324863883848,2,0.02,,accepted,recommended
APP000103,JOB00316,CAN00879,self_entry,2025-05-07,1200.0,1400.0,0.16666666666666666,0.0,True,1.0,2,-1.0,0.5771324863883848,1,0.02,,rejected,rejected
APP000104,JOB00098,CAN00783,ca_introduction,2025-05-08,1200.0,1200.0,0.0,0.0,True,1.0,1,0.0,0.5771324863883848,1,0.02,,accepted,recommended
APP000105,JOB00127,CAN00106,self_entry,2025-05-08,1200.0,2200.0,0.8333333333333334,0.0,False,,3,,0.5771324863883848,1,0.02,,,screened_out
APP000106,JOB00216,CAN01477,self_entry,2025-05-08,1200.0,1500.0,0.25,0.0,False,,2,,0.5771324863883848,2,0.02,,accepted,recommended
APP000107,JOB00316,CAN00039,ca_introduction,2025-05-09,1300.0,1400.0,0.07692307692307693,0.0,False,,2,,0.5771324863883848,2,0.02,,accepted,recommended
APP000108,JOB00127,CAN01095,ca_introduction,2025-05-09,2200.0,2200.0,0.0,0.0,True,2.0,3,-1.0,0.5771324863883848,2,0.02,,,screened_out
APP000109,JOB00068,CAN01843,ca_introduction,2025-05-09,1200.0,1350.0,0.125,0.0,True,1.0,1,0.0,0.5771324863883848,2,0.02,,accepted,recommended
APP000110,JOB00109,CAN00764,self_entry,2025-05-09,2200.0,2050.0,-0.06818181818181818,0.06818181818181818,False,,3,,0.5771324863883848,2,0.05,,,screened_out
APP000111,JOB00237,CAN01095,ca_introduction,2025-05-10,2200.0,2400.0,0.09090909090909091,0.0,True,2.0,4,-2.0,0.5771324863883848,2,0.02,,accepted,recommended
APP000112,JOB00108,CAN00017,ca_introduction,2025-05-10,2800.0,2200.0,-0.21428571428571427,0.21428571428571427,True,3.0,3,0.0,0.5771324863883848,3,0.14,,accepted,recommended
APP000113,JOB00261,CAN00052,ca_introduction,2025-05-10,2400.0,2200.0,-0.08333333333333333,0.08333333333333333,True,4.0,3,1.0,0.5771324863883848,2,0.05,,accepted,recommended
APP000114,JOB00108,CAN00052,ca_introduction,2025-05-10,2400.0,2200.0,-0.08333333333333333,0.08333333333333333,True,4.0,3,1.0,0.5771324863883848,2,0.05,,accepted,recommended
APP000115,JOB00259,CAN01195,ca_introduction,2025-05-11,1250.0,1200.0,-0.04,0.04,True,1.0,1,0.0,0.5771324863883848,0,0.02,,accepted,recommended
APP000116,JOB00273,CAN00035,self_entry,2025-05-11,1500.0,1250.0,-0.16666666666666666,0.16666666666666666,False,,1,,0.5771324863883848,3,0.14,,,screened_out
APP000117,JOB00098,CAN00639,ca_introduction,2025-05-13,1200.0,1200.0,0.0,0.0,False,,1,,0.5771324863883848,2,0.02,,accepted,recommended
APP000118,JOB00316,CAN01226,ca_introduction,2025-05-13,1400.0,1400.0,0.0,0.0,True,2.0,2,0.0,0.5771324863883848,2,0.02,,,screened_out
APP000119,JOB00200,CAN00906,ca_introduction,2025-05-13,1250.0,1200.0,-0.04,0.04,True,1.0,1,0.0,0.5771324863883848,0,0.02,,accepted,recommended
APP000120,JOB00108,CAN01691,ca_introduction,2025-05-13,2150.0,2200.0,0.023255813953488372,0.0,True,3.0,3,0.0,0.5771324863883848,2,0.02,,rejected,rejected
APP000121,JOB00269,CAN01303,ca_introduction,2025-05-14,1250.0,1450.0,0.16,0.0,True,1.0,1,0.0,0.5771324863883848,1,0.02,,accepted,recommended
APP000122,JOB00298,CAN00726,ca_introduction,2025-05-14,1350.0,1250.0,-0.07407407407407407,0.07407407407407407,True,1.0,1,0.0,0.5771324863883848,1,0.05,,accepted,recommended
APP000123,JOB00269,CAN00887,ca_introduction,2025-05-14,1350.0,1450.0,0.07407407407407407,0.0,False,,1,,0.5771324863883848,1,0.02,,,screened_out
APP000124,JOB00010,CAN00978,ca_introduction,2025-05-14,2450.0,2250.0,-0.08163265306122448,0.08163265306122448,True,3.0,3,0.0,0.5771324863883848,2,0.05,,accepted,recommended
APP000125,JOB00276,CAN00106,self_entry,2025-05-14,1200.0,2200.0,0.8333333333333334,0.0,True,3.0,3,0.0,0.5771324863883848,2,0.02,,accepted,recommended
APP000126,JOB00236,CAN00510,self_entry,2025-05-14,2700.0,2700.0,0.0,0.0,True,3.0,4,-1.0,0.5771324863883848,0,0.02,,rejected,rejected
APP000127,JOB00177,CAN00518,ca_introduction,2025-05-15,2150.0,2750.0,0.27906976744186046,0.0,True,5.0,4,1.0,0.5771324863883848,1,0.02,,rejected,rejected
APP000128,JOB00316,CAN00726,ca_introduction,2025-05-15,1350.0,1400.0,0.037037037037037035,0.0,True,2.0,2,0.0,0.5771324863883848,1,0.02,pre_recommendation,,withdrawn
APP000129,JOB00311,CAN00939,ca_introduction,2025-05-15,1600.0,1650.0,0.03125,0.0,True,2.0,2,0.0,0.5771324863883848,1,0.02,,accepted,recommended
APP000130,JOB00254,CAN00978,ca_introduction,2025-05-15,2450.0,2300.0,-0.061224489795918366,0.061224489795918366,True,3.0,3,0.0,0.5771324863883848,1,0.05,,,screened_out
APP000131,JOB00283,CAN00039,ca_introduction,2025-05-15,1300.0,1500.0,0.15384615384615385,0.0,False,,2,,0.5771324863883848,1,0.02,,accepted,recommended
APP000132,JOB00311,CAN00591,ca_introduction,2025-05-15,1600.0,1650.0,0.03125,0.0,True,2.0,2,0.0,0.5771324863883848,1,0.02,,accepted,recommended
APP000133,JOB00137,CAN00961,ca_introduction,2025-05-15,3600.0,3100.0,-0.1388888888888889,0.1388888888888889,True,5.0,4,1.0,0.5771324863883848,3,0.1,,accepted,recommended
APP000134,JOB00169,CAN00961,ca_introduction,2025-05-15,3600.0,3000.0,-0.16666666666666666,0.16666666666666666,True,5.0,4,1.0,0.5771324863883848,0,0.12000000000000001,,rejected,rejected
APP000135,JOB00108,CAN01032,ca_introduction,2025-05-15,2250.0,2200.0,-0.022222222222222223,0.022222222222222223,True,3.0,3,0.0,0.5771324863883848,3,0.04,,accepted,recommended
APP000136,JOB00261,CAN01032,ca_introduction,2025-05-15,2250.0,2200.0,-0.022222222222222223,0.022222222222222223,True,3.0,3,0.0,0.5771324863883848,1,0.02,,accepted,recommended
APP000137,JOB00057,CAN00239,ca_introduction,2025-05-16,3300.0,3000.0,-0.09090909090909091,0.09090909090909091,True,4.0,4,0.0,0.5771324863883848,2,0.05,,accepted,recommended
APP000138,JOB00105,CAN00344,ca_introduction,2025-05-16,1550.0,1550.0,0.0,0.0,True,3.0,2,1.0,0.5771324863883848,2,0.02,,accepted,recommended
APP000139,JOB00042,CAN00591,ca_introduction,2025-05-16,1600.0,1600.0,0.0,0.0,True,2.0,2,0.0,0.5771324863883848,1,0.02,,accepted,recommended
APP000140,JOB00077,CAN01296,ca_introduction,2025-05-16,3050.0,2900.0,-0.04918032786885246,0.04918032786885246,True,3.0,4,-1.0,0.5771324863883848,0,0.02,,rejected,rejected
APP000141,JOB00072,CAN01593,ca_introduction,2025-05-16,1650.0,1550.0,-0.06060606060606061,0.06060606060606061,True,3.0,2,1.0,0.5771324863883848,2,0.05,,accepted,recommended
APP000142,JOB00270,CAN01359,ca_introduction,2025-05-16,2950.0,2650.0,-0.1016949152542373,0.1016949152542373,True,4.0,4,0.0,0.5771324863883848,0,0.08,,accepted,recommended
APP000143,JOB00269,CAN01125,ca_introduction,2025-05-17,1400.0,1450.0,0.03571428571428571,0.0,True,1.0,1,0.0,0.5771324863883848,1,0.02,,accepted,recommended
APP000144,JOB00216,CAN01745,ca_introduction,2025-05-17,1500.0,1500.0,0.0,0.0,True,2.0,2,0.0,0.5771324863883848,0,0.02,,accepted,recommended
APP000145,JOB00042,CAN01745,ca_introduction,2025-05-17,1500.0,1600.0,0.06666666666666667,0.0,True,2.0,2,0.0,0.5771324863883848,0,0.02,,accepted,recommended
APP000146,JOB00097,CAN00052,ca_introduction,2025-05-18,2400.0,2200.0,-0.08333333333333333,0.08333333333333333,True,4.0,4,0.0,0.5771324863883848,2,0.05,,accepted,recommended
APP000147,JOB00327,CAN01071,ca_introduction,2025-05-18,2200.0,2100.0,-0.045454545454545456,0.045454545454545456,True,3.0,3,0.0,0.5771324863883848,1,0.02,,accepted,recommended
APP000148,JOB00105,CAN01168,ca_introduction,2025-05-18,1450.0,1550.0,0.06896551724137931,0.0,True,2.0,2,0.0,0.5771324863883848,2,0.02,,accepted,recommended
APP000149,JOB00186,CAN01889,self_entry,2025-05-18,3050.0,2000.0,-0.3442622950819672,0.3442622950819672,True,3.0,3,0.0,0.5771324863883848,3,0.14,pre_recommendation,,withdrawn
APP000150,JOB00109,CAN00048,ca_introduction,2025-05-19,2300.0,2050.0,-0.10869565217391304,0.10869565217391304,True,3.0,3,0.0,0.5771324863883848,1,0.08,,accepted,recommended
APP000151,JOB00261,CAN01517,ca_introduction,2025-05-20,2100.0,2200.0,0.047619047619047616,0.0,True,2.0,3,-1.0,0.5771324863883848,3,0.04,,rejected,rejected
APP000152,JOB00158,CAN01889,ca_introduction,2025-05-20,3050.0,2750.0,-0.09836065573770492,0.09836065573770492,True,5.0,3,2.0,0.5771324863883848,2,0.05,,,screened_out
APP000153,JOB00269,CAN00541,ca_introduction,2025-05-20,1500.0,1450.0,-0.03333333333333333,0.03333333333333333,True,1.0,1,0.0,0.5771324863883848,2,0.02,,accepted,recommended
APP000154,JOB00316,CAN01119,ca_introduction,2025-05-20,1350.0,1400.0,0.037037037037037035,0.0,True,2.0,2,0.0,0.5771324863883848,2,0.02,,accepted,recommended
APP000155,JOB00269,CAN01119,ca_introduction,2025-05-20,1350.0,1450.0,0.07407407407407407,0.0,True,2.0,1,1.0,0.5771324863883848,1,0.02,,accepted,recommended
APP000156,JOB00342,CAN00231,self_entry,2025-05-20,1200.0,2150.0,0.7916666666666666,0.0,False,,3,,0.5771324863883848,3,0.04,,,screened_out
APP000157,JOB00068,CAN00726,self_entry,2025-05-20,1350.0,1350.0,0.0,0.0,True,1.0,1,0.0,0.5771324863883848,3,0.04,,accepted,recommended
APP000158,JOB00276,CAN01153,self_entry,2025-05-20,2000.0,2200.0,0.1,0.0,False,,3,,0.5771324863883848,2,0.02,,rejected,rejected
APP000159,JOB00010,CAN01438,self_entry,2025-05-20,2200.0,2250.0,0.022727272727272728,0.0,False,,3,,0.5771324863883848,2,0.02,pre_recommendation,,withdrawn
APP000160,JOB00327,CAN00258,ca_introduction,2025-05-21,2150.0,2100.0,-0.023255813953488372,0.023255813953488372,True,2.0,3,-1.0,0.5771324863883848,1,0.02,,accepted,recommended
APP000161,JOB00098,CAN01119,ca_introduction,2025-05-21,1350.0,1200.0,-0.1111111111111111,0.1111111111111111,True,2.0,1,1.0,0.5771324863883848,0,0.08,,accepted,recommended
APP000162,JOB00007,CAN01922,ca_introduction,2025-05-21,2250.0,2250.0,0.0,0.0,True,3.0,3,0.0,0.5771324863883848,2,0.02,,accepted,recommended
APP000163,JOB00146,CAN00045,ca_introduction,2025-05-21,2350.0,1900.0,-0.19148936170212766,0.19148936170212766,True,4.0,3,1.0,0.5771324863883848,1,0.12000000000000001,,,screened_out
APP000164,JOB00293,CAN00106,ca_introduction,2025-05-22,1200.0,1200.0,0.0,0.0,False,,1,,0.5771324863883848,1,0.02,,,screened_out
APP000165,JOB00199,CAN01216,ca_introduction,2025-05-22,3050.0,2350.0,-0.22950819672131148,0.22950819672131148,True,4.0,4,0.0,0.5771324863883848,1,0.12000000000000001,,rejected,rejected
APP000166,JOB00111,CAN00579,self_entry,2025-05-22,2400.0,2950.0,0.22916666666666666,0.0,False,,4,,0.5771324863883848,3,0.04,,,screened_out
APP000167,JOB00252,CAN00231,ca_introduction,2025-05-23,1200.0,1200.0,0.0,0.0,True,1.0,1,0.0,0.5771324863883848,2,0.02,,accepted,recommended
APP000168,JOB00276,CAN00635,ca_introduction,2025-05-23,2500.0,2200.0,-0.12,0.12,True,3.0,3,0.0,0.5771324863883848,2,0.08,,accepted,recommended
APP000169,JOB00106,CAN01032,ca_introduction,2025-05-23,2250.0,2050.0,-0.08888888888888889,0.08888888888888889,True,3.0,3,0.0,0.5771324863883848,0,0.05,,accepted,recommended
APP000170,JOB00200,CAN00159,ca_introduction,2025-05-24,1400.0,1200.0,-0.14285714285714285,0.14285714285714285,True,1.0,1,0.0,0.5771324863883848,1,0.08,,accepted,recommended
APP000171,JOB00298,CAN00159,ca_introduction,2025-05-24,1400.0,1250.0,-0.10714285714285714,0.10714285714285714,True,1.0,1,0.0,0.5771324863883848,1,0.08,,accepted,recommended
APP000172,JOB00042,CAN00399,ca_introduction,2025-05-24,1850.0,1600.0,-0.13513513513513514,0.13513513513513514,True,3.0,2,1.0,0.5771324863883848,2,0.08,,accepted,recommended
APP000173,JOB00243,CAN00344,ca_introduction,2025-05-24,1550.0,1600.0,0.03225806451612903,0.0,True,3.0,2,1.0,0.5771324863883848,3,0.04,,accepted,recommended
APP000174,JOB00311,CAN01391,self_entry,2025-05-24,1350.0,1650.0,0.2222222222222222,0.0,True,1.0,2,-1.0,0.5771324863883848,1,0.02,,rejected,rejected
APP000175,JOB00097,CAN00296,ca_introduction,2025-05-25,2200.0,2200.0,0.0,0.0,True,3.0,4,-1.0,0.5771324863883848,1,0.02,,,screened_out
APP000176,JOB00082,CAN00124,ca_introduction,2025-05-25,3500.0,3200.0,-0.08571428571428572,0.08571428571428572,True,4.0,4,0.0,0.5771324863883848,2,0.05,,rejected,rejected
APP000177,JOB00342,CAN01040,ca_introduction,2025-05-25,2300.0,2150.0,-0.06521739130434782,0.06521739130434782,True,4.0,3,1.0,0.5771324863883848,2,0.05,,accepted,recommended
APP000178,JOB00086,CAN00558,self_entry,2025-05-25,1200.0,1200.0,0.0,0.0,True,1.0,1,0.0,0.5771324863883848,2,0.02,,accepted,recommended
APP000179,JOB00138,CAN00858,self_entry,2025-05-25,2200.0,2750.0,0.25,0.0,False,,4,,0.5771324863883848,1,0.02,,,screened_out
APP000180,JOB00163,CAN01711,self_entry,2025-05-25,1300.0,1550.0,0.19230769230769232,0.0,False,,2,,0.5771324863883848,4,0.04,,rejected,rejected
APP000181,JOB00097,CAN01008,ca_introduction,2025-05-26,2400.0,2200.0,-0.08333333333333333,0.08333333333333333,True,4.0,4,0.0,0.5771324863883848,2,0.05,,accepted,recommended
APP000182,JOB00111,CAN00357,ca_introduction,2025-05-26,2000.0,2950.0,0.475,0.0,True,4.0,4,0.0,0.5771324863883848,0,0.02,,accepted,recommended
APP000183,JOB00038,CAN01843,ca_introduction,2025-05-27,1200.0,2000.0,0.6666666666666666,0.0,True,3.0,3,0.0,0.5771324863883848,1,0.02,,accepted,recommended
APP000184,JOB00261,CAN01691,ca_introduction,2025-05-28,2150.0,2200.0,0.023255813953488372,0.0,True,3.0,3,0.0,0.5771324863883848,2,0.02,,rejected,rejected
APP000185,JOB00177,CAN00537,ca_introduction,2025-05-28,3100.0,2750.0,-0.11290322580645161,0.11290322580645161,True,4.0,4,0.0,0.5771324863883848,2,0.08,,accepted,recommended
APP000186,JOB00327,CAN00929,ca_introduction,2025-05-29,2150.0,2100.0,-0.023255813953488372,0.023255813953488372,True,3.0,3,0.0,0.5771324863883848,1,0.02,,accepted,recommended
APP000187,JOB00269,CAN01792,ca_introduction,2025-05-29,1350.0,1450.0,0.07407407407407407,0.0,True,1.0,1,0.0,0.5771324863883848,0,0.02,,accepted,recommended
APP000188,JOB00035,CAN00241,self_entry,2025-05-29,2050.0,3150.0,0.5365853658536586,0.0,False,,4,,0.5771324863883848,2,0.02,pre_recommendation,,withdrawn
APP000189,JOB00281,CAN00602,ca_introduction,2025-05-30,2300.0,1900.0,-0.17391304347826086,0.17391304347826086,True,4.0,3,1.0,0.5771324863883848,1,0.12000000000000001,,accepted,recommended
APP000190,JOB00269,CAN01105,ca_introduction,2025-05-30,1250.0,1450.0,0.16,0.0,False,,1,,0.5771324863883848,1,0.02,,,screened_out
APP000191,JOB00316,CAN01193,ca_introduction,2025-05-30,1350.0,1400.0,0.037037037037037035,0.0,False,,2,,0.5771324863883848,3,0.04,,,screened_out
APP000192,JOB00266,CAN01506,ca_introduction,2025-05-30,3100.0,2950.0,-0.04838709677419355,0.04838709677419355,True,4.0,4,0.0,0.5771324863883848,1,0.02,,accepted,recommended
APP000193,JOB00276,CAN01690,ca_introduction,2025-05-30,2300.0,2200.0,-0.043478260869565216,0.043478260869565216,True,4.0,3,1.0,0.5771324863883848,2,0.02,,accepted,recommended
APP000194,JOB00127,CAN01706,ca_introduction,2025-05-30,2000.0,2200.0,0.1,0.0,True,2.0,3,-1.0,0.5771324863883848,2,0.02,,accepted,recommended
APP000195,JOB00327,CAN00106,self_entry,2025-05-30,1200.0,2100.0,0.75,0.0,True,3.0,3,0.0,0.5771324863883848,2,0.02,,accepted,recommended
APP000196,JOB00068,CAN00887,ca_introduction,2025-05-31,1350.0,1350.0,0.0,0.0,True,1.0,1,0.0,0.5771324863883848,3,0.04,,accepted,recommended
APP000197,JOB00035,CAN01921,ca_introduction,2025-05-31,3400.0,3150.0,-0.07352941176470588,0.07352941176470588,True,4.0,4,0.0,0.5771324863883848,0,0.05,,accepted,recommended
APP000198,JOB00300,CAN01921,ca_introduction,2025-05-31,3400.0,3100.0,-0.08823529411764706,0.08823529411764706,True,4.0,5,-1.0,0.5771324863883848,0,0.05,,accepted,recommended
APP000199,JOB00309,CAN00143,ca_introduction,2025-05-31,1500.0,1200.0,-0.2,0.2,True,2.0,1,1.0,0.5771324863883848,1,0.12000000000000001,pre_recommendation,,withdrawn
APP000200,JOB00273,CAN00143,ca_introduction,2025-05-31,1500.0,1250.0,-0.16666666666666666,0.16666666666666666,True,2.0,1,1.0,0.5771324863883848,2,0.12000000000000001,,accepted,recommended
APP000201,JOB00081,CAN00485,self_entry,2025-05-31,1300.0,1400.0,0.07692307692307693,0.0,True,1.0,2,-1.0,0.5771324863883848,3,0.04,,accepted,recommended
APP000202,JOB00139,CAN01859,self_entry,2025-05-31,2100.0,2150.0,0.023809523809523808,0.0,False,,2,,0.5771324863883848,1,0.02,,,screened_out
APP000203,JOB00122,CAN01024,ca_introduction,2025-06-01,2100.0,2200.0,0.047619047619047616,0.0,True,4.0,4,0.0,0.7277676950998185,3,0.04,pre_recommendation,,withdrawn
APP000204,JOB00243,CAN01129,self_entry,2025-06-01,1550.0,1600.0,0.03225806451612903,0.0,False,,2,,0.7277676950998185,4,0.04,,,screened_out
APP000205,JOB00273,CAN01071,self_entry,2025-06-02,2200.0,1250.0,-0.4318181818181818,0.4318181818181818,False,,1,,0.7277676950998185,3,0.14,,,screened_out
APP000206,JOB00309,CAN00852,ca_introduction,2025-06-03,1200.0,1200.0,0.0,0.0,True,1.0,1,0.0,0.7277676950998185,2,0.02,,rejected,rejected
APP000207,JOB00281,CAN01115,ca_introduction,2025-06-03,2150.0,1900.0,-0.11627906976744186,0.11627906976744186,True,3.0,3,0.0,0.7277676950998185,2,0.08,,accepted,recommended
APP000208,JOB00266,CAN00216,ca_introduction,2025-06-03,2250.0,2950.0,0.3111111111111111,0.0,True,3.0,4,-1.0,0.7277676950998185,2,0.02,,accepted,recommended
APP000209,JOB00098,CAN00231,ca_introduction,2025-06-04,1200.0,1200.0,0.0,0.0,True,1.0,1,0.0,0.7277676950998185,0,0.02,,accepted,recommended
APP000210,JOB00298,CAN01079,ca_introduction,2025-06-04,1300.0,1250.0,-0.038461538461538464,0.038461538461538464,True,2.0,1,1.0,0.7277676950998185,1,0.02,,,screened_out
APP000211,JOB00199,CAN01387,ca_introduction,2025-06-05,2350.0,2350.0,0.0,0.0,True,3.0,4,-1.0,0.7277676950998185,2,0.02,,rejected,rejected
APP000212,JOB00311,CAN01881,ca_introduction,2025-06-05,1550.0,1650.0,0.06451612903225806,0.0,True,2.0,2,0.0,0.7277676950998185,1,0.02,,accepted,recommended
APP000213,JOB00257,CAN01882,ca_introduction,2025-06-05,1300.0,1350.0,0.038461538461538464,0.0,True,1.0,1,0.0,0.7277676950998185,1,0.02,,accepted,recommended
APP000214,JOB00072,CAN00106,self_entry,2025-06-05,1200.0,1550.0,0.2916666666666667,0.0,False,,2,,0.7277676950998185,2,0.02,,,screened_out
APP000215,JOB00293,CAN00616,ca_introduction,2025-06-06,1200.0,1200.0,0.0,0.0,True,1.0,1,0.0,0.7277676950998185,2,0.02,,accepted,recommended
APP000216,JOB00269,CAN01175,ca_introduction,2025-06-06,1300.0,1450.0,0.11538461538461539,0.0,True,1.0,1,0.0,0.7277676950998185,0,0.02,,accepted,recommended
APP000217,JOB00269,CAN01525,ca_introduction,2025-06-06,1200.0,1450.0,0.20833333333333334,0.0,True,1.0,1,0.0,0.7277676950998185,0,0.02,,accepted,recommended
APP000218,JOB00186,CAN01701,ca_introduction,2025-06-07,1900.0,2000.0,0.05263157894736842,0.0,True,2.0,3,-1.0,0.7277676950998185,0,0.02,pre_recommendation,,withdrawn
APP000219,JOB00257,CAN00227,ca_introduction,2025-06-07,1250.0,1350.0,0.08,0.0,True,1.0,1,0.0,0.7277676950998185,1,0.02,,rejected,rejected
APP000220,JOB00254,CAN01364,ca_introduction,2025-06-07,2050.0,2300.0,0.12195121951219512,0.0,True,2.0,3,-1.0,0.7277676950998185,0,0.02,,,screened_out
APP000221,JOB00072,CAN01445,ca_introduction,2025-06-07,1700.0,1550.0,-0.08823529411764706,0.08823529411764706,True,3.0,2,1.0,0.7277676950998185,2,0.05,,,screened_out
APP000222,JOB00311,CAN01445,ca_introduction,2025-06-07,1700.0,1650.0,-0.029411764705882353,0.029411764705882353,True,3.0,2,1.0,0.7277676950998185,2,0.02,,accepted,recommended
APP000223,JOB00237,CAN00881,self_entry,2025-06-07,1500.0,2400.0,0.6,0.0,True,4.0,4,0.0,0.7277676950998185,0,0.02,,accepted,recommended
APP000224,JOB00243,CAN00405,ca_introduction,2025-06-08,1500.0,1600.0,0.06666666666666667,0.0,True,2.0,2,0.0,0.7277676950998185,1,0.02,,accepted,recommended
APP000225,JOB00112,CAN00405,ca_introduction,2025-06-08,1500.0,1500.0,0.0,0.0,True,2.0,2,0.0,0.7277676950998185,0,0.02,,accepted,recommended
APP000226,JOB00111,CAN01864,ca_introduction,2025-06-08,2000.0,2950.0,0.475,0.0,True,4.0,4,0.0,0.7277676950998185,0,0.02,,accepted,recommended
APP000227,JOB00075,CAN00258,ca_introduction,2025-06-09,2150.0,2350.0,0.09302325581395349,0.0,True,2.0,4,-2.0,0.7277676950998185,0,0.02,,,screened_out
APP000228,JOB00269,CAN00858,self_entry,2025-06-09,2200.0,1450.0,-0.3409090909090909,0.3409090909090909,False,,1,,0.7277676950998185,1,0.12000000000000001,,,screened_out
APP000229,JOB00281,CAN01843,self_entry,2025-06-09,1200.0,1900.0,0.5833333333333334,0.0,True,3.0,3,0.0,0.7277676950998185,2,0.02,,,screened_out
APP000230,JOB00276,CAN00004,ca_introduction,2025-06-10,1750.0,2200.0,0.2571428571428571,0.0,True,4.0,3,1.0,0.7277676950998185,1,0.02,,accepted,recommended
APP000231,JOB00068,CAN00614,ca_introduction,2025-06-10,1300.0,1350.0,0.038461538461538464,0.0,True,1.0,1,0.0,0.7277676950998185,2,0.02,,accepted,recommended
APP000232,JOB00035,CAN01066,ca_introduction,2025-06-10,3350.0,3150.0,-0.05970149253731343,0.05970149253731343,True,4.0,4,0.0,0.7277676950998185,2,0.05,,accepted,recommended
APP000233,JOB00038,CAN01343,ca_introduction,2025-06-10,2000.0,2000.0,0.0,0.0,True,3.0,3,0.0,0.7277676950998185,3,0.04,,accepted,recommended
APP000234,JOB00320,CAN01706,ca_introduction,2025-06-10,2000.0,2250.0,0.125,0.0,True,2.0,3,-1.0,0.7277676950998185,2,0.02,,accepted,recommended
APP000235,JOB00316,CAN00891,ca_introduction,2025-06-10,1300.0,1400.0,0.07692307692307693,0.0,True,1.0,2,-1.0,0.7277676950998185,1,0.02,,accepted,recommended
APP000236,JOB00199,CAN01648,ca_introduction,2025-06-10,2400.0,2350.0,-0.020833333333333332,0.020833333333333332,True,2.0,4,-2.0,0.7277676950998185,0,0.02,,,screened_out
APP000237,JOB00254,CAN01648,ca_introduction,2025-06-10,2400.0,2300.0,-0.041666666666666664,0.041666666666666664,True,2.0,3,-1.0,0.7277676950998185,1,0.02,,accepted,recommended
APP000238,JOB00222,CAN00929,self_entry,2025-06-10,2150.0,1500.0,-0.3023255813953488,0.3023255813953488,False,,1,,0.7277676950998185,1,0.12000000000000001,,,screened_out
APP000239,JOB00315,CAN01047,ca_introduction,2025-06-11,2550.0,2700.0,0.058823529411764705,0.0,True,4.0,4,0.0,0.7277676950998185,2,0.02,,accepted,recommended
APP000240,JOB00186,CAN01401,ca_introduction,2025-06-11,2850.0,2000.0,-0.2982456140350877,0.2982456140350877,True,3.0,3,0.0,0.7277676950998185,0,0.12000000000000001,,rejected,rejected
APP000241,JOB00137,CAN01687,ca_introduction,2025-06-11,1850.0,3100.0,0.6756756756756757,0.0,True,4.0,4,0.0,0.7277676950998185,2,0.02,,rejected,rejected
APP000242,JOB00018,CAN00167,ca_introduction,2025-06-12,1300.0,1450.0,0.11538461538461539,0.0,False,,1,,0.7277676950998185,0,0.02,,accepted,recommended
APP000243,JOB00200,CAN00167,ca_introduction,2025-06-12,1300.0,1200.0,-0.07692307692307693,0.07692307692307693,False,,1,,0.7277676950998185,3,0.07,,rejected,rejected
APP000244,JOB00017,CAN00357,ca_introduction,2025-06-12,2000.0,2900.0,0.45,0.0,True,4.0,4,0.0,0.7277676950998185,3,0.04,,accepted,recommended
APP000245,JOB00087,CAN01899,ca_introduction,2025-06-12,2950.0,2650.0,-0.1016949152542373,0.1016949152542373,True,4.0,4,0.0,0.7277676950998185,1,0.08,,accepted,recommended
APP000246,JOB00077,CAN00357,ca_introduction,2025-06-13,2000.0,2900.0,0.45,0.0,True,4.0,4,0.0,0.7277676950998185,0,0.02,,,screened_out
APP000247,JOB00230,CAN00991,ca_introduction,2025-06-14,2400.0,2000.0,-0.16666666666666666,0.16666666666666666,True,4.0,3,1.0,0.7277676950998185,0,0.12000000000000001,,accepted,recommended
APP000248,JOB00261,CAN01536,ca_introduction,2025-06-14,2250.0,2200.0,-0.022222222222222223,0.022222222222222223,True,2.0,3,-1.0,0.7277676950998185,0,0.02,,accepted,recommended
APP000249,JOB00199,CAN01502,self_entry,2025-06-14,1200.0,2350.0,0.9583333333333334,0.0,False,,4,,0.7277676950998185,2,0.02,,,screened_out
APP000250,JOB00005,CAN01428,ca_introduction,2025-06-16,2200.0,2250.0,0.022727272727272728,0.0,True,3.0,4,-1.0,0.7277676950998185,2,0.02,,,screened_out
APP000251,JOB00237,CAN01428,ca_introduction,2025-06-16,2200.0,2400.0,0.09090909090909091,0.0,True,3.0,4,-1.0,0.7277676950998185,0,0.02,,accepted,recommended
APP000252,JOB00257,CAN00616,ca_introduction,2025-06-17,1200.0,1350.0,0.125,0.0,True,1.0,1,0.0,0.7277676950998185,0,0.02,,accepted,recommended
APP000253,JOB00068,CAN01731,ca_introduction,2025-06-17,1500.0,1350.0,-0.1,0.1,True,2.0,1,1.0,0.7277676950998185,0,0.08,,accepted,recommended
APP000254,JOB00178,CAN01731,ca_introduction,2025-06-17,1500.0,1300.0,-0.13333333333333333,0.13333333333333333,True,2.0,1,1.0,0.7277676950998185,1,0.08,,accepted,recommended
APP000255,JOB00106,CAN01845,ca_introduction,2025-06-17,2150.0,2050.0,-0.046511627906976744,0.046511627906976744,True,2.0,3,-1.0,0.7277676950998185,1,0.02,,accepted,recommended
APP000256,JOB00120,CAN00621,ca_introduction,2025-06-17,2150.0,1950.0,-0.09302325581395349,0.09302325581395349,True,2.0,2,0.0,0.7277676950998185,1,0.05,,,screened_out
APP000257,JOB00261,CAN00621,ca_introduction,2025-06-17,2150.0,2200.0,0.023255813953488372,0.0,True,2.0,3,-1.0,0.7277676950998185,1,0.02,,rejected,rejected
APP000258,JOB00106,CAN00621,ca_introduction,2025-06-17,2150.0,2050.0,-0.046511627906976744,0.046511627906976744,True,2.0,3,-1.0,0.7277676950998185,1,0.02,,accepted,recommended
APP000259,JOB00273,CAN00852,ca_introduction,2025-06-17,1200.0,1250.0,0.041666666666666664,0.0,True,1.0,1,0.0,0.7277676950998185,3,0.04,,accepted,recommended
APP000260,JOB00252,CAN00852,ca_introduction,2025-06-17,1200.0,1200.0,0.0,0.0,True,1.0,1,0.0,0.7277676950998185,2,0.02,,accepted,recommended
APP000261,JOB00218,CAN01023,ca_introduction,2025-06-17,1850.0,1800.0,-0.02702702702702703,0.02702702702702703,True,2.0,3,-1.0,0.7277676950998185,2,0.02,,accepted,recommended
APP000262,JOB00036,CAN01023,ca_introduction,2025-06-18,1850.0,1950.0,0.05405405405405406,0.0,True,2.0,3,-1.0,0.7277676950998185,1,0.02,,rejected,rejected
APP000263,JOB00259,CAN01135,ca_introduction,2025-06-18,1200.0,1200.0,0.0,0.0,True,1.0,1,0.0,0.7277676950998185,3,0.04,,accepted,recommended
APP000264,JOB00254,CAN01548,ca_introduction,2025-06-18,2300.0,2300.0,0.0,0.0,True,3.0,3,0.0,0.7277676950998185,0,0.02,,rejected,rejected
APP000265,JOB00125,CAN01736,ca_introduction,2025-06-18,1350.0,1300.0,-0.037037037037037035,0.037037037037037035,False,,1,,0.7277676950998185,1,0.02,,rejected,rejected
APP000266,JOB00082,CAN00891,self_entry,2025-06-18,1300.0,3200.0,1.4615384615384615,0.0,False,,4,,0.7277676950998185,0,0.02,,,screened_out
APP000267,JOB00113,CAN00227,ca_introduction,2025-06-19,1250.0,1450.0,0.16,0.0,True,1.0,1,0.0,0.7277676950998185,3,0.04,,accepted,recommended
APP000268,JOB00160,CAN01736,ca_introduction,2025-06-19,1350.0,1300.0,-0.037037037037037035,0.037037037037037035,False,,2,,0.7277676950998185,1,0.02,,,screened_out
APP000269,JOB00113,CAN00167,ca_introduction,2025-06-19,1300.0,1450.0,0.11538461538461539,0.0,False,,1,,0.7277676950998185,2,0.02,,rejected,rejected
APP000270,JOB00042,CAN00953,ca_introduction,2025-06-19,1850.0,1600.0,-0.13513513513513514,0.13513513513513514,True,3.0,2,1.0,0.7277676950998185,1,0.08,,accepted,recommended
APP000271,JOB00195,CAN01648,ca_introduction,2025-06-19,2400.0,2300.0,-0.041666666666666664,0.041666666666666664,True,2.0,4,-2.0,0.7277676950998185,3,0.04,,,screened_out
APP000272,JOB00106,CAN01758,ca_introduction,2025-06-19,1850.0,2050.0,0.10810810810810811,0.0,True,2.0,3,-1.0,0.7277676950998185,0,0.02,,rejected,rejected
APP000273,JOB00077,CAN00296,self_entry,2025-06-19,2200.0,2900.0,0.3181818181818182,0.0,False,,4,,0.7277676950998185,2,0.02,,,screened_out
APP000274,JOB00300,CAN00537,self_entry,2025-06-19,3100.0,3100.0,0.0,0.0,False,,5,,0.7277676950998185,1,0.02,,,screened_out
APP000275,JOB00316,CAN00789,ca_introduction,2025-06-20,1850.0,1400.0,-0.24324324324324326,0.24324324324324326,True,2.0,2,0.0,0.7277676950998185,2,0.12000000000000001,,rejected,rejected
APP000276,JOB00111,CAN01067,ca_introduction,2025-06-21,2950.0,2950.0,0.0,0.0,True,4.0,4,0.0,0.7277676950998185,1,0.02,,rejected,rejected
APP000277,JOB00122,CAN01466,ca_introduction,2025-06-21,2150.0,2200.0,0.023255813953488372,0.0,True,3.0,4,-1.0,0.7277676950998185,1,0.02,,rejected,rejected
APP000278,JOB00269,CAN00113,self_entry,2025-06-21,1200.0,1450.0,0.20833333333333334,0.0,True,1.0,1,0.0,0.7277676950998185,1,0.02,,accepted,recommended
APP000279,JOB00113,CAN01654,ca_introduction,2025-06-22,1400.0,1450.0,0.03571428571428571,0.0,True,2.0,1,1.0,0.7277676950998185,0,0.02,,accepted,recommended
APP000280,JOB00007,CAN00145,ca_introduction,2025-06-22,2200.0,2250.0,0.022727272727272728,0.0,True,3.0,3,0.0,0.7277676950998185,1,0.02,,rejected,rejected
APP000281,JOB00254,CAN00145,ca_introduction,2025-06-22,2200.0,2300.0,0.045454545454545456,0.0,True,3.0,3,0.0,0.7277676950998185,1,0.02,,rejected,rejected
APP000282,JOB00327,CAN01072,ca_introduction,2025-06-22,2200.0,2100.0,-0.045454545454545456,0.045454545454545456,True,2.0,3,-1.0,0.7277676950998185,2,0.02,,rejected,rejected
APP000283,JOB00010,CAN01387,ca_introduction,2025-06-22,2350.0,2250.0,-0.0425531914893617,0.0425531914893617,True,3.0,3,0.0,0.7277676950998185,1,0.02,,accepted,recommended
APP000284,JOB00254,CAN01387,ca_introduction,2025-06-23,2350.0,2300.0,-0.02127659574468085,0.02127659574468085,True,3.0,3,0.0,0.7277676950998185,0,0.02,,accepted,recommended
APP000285,JOB00278,CAN01098,ca_introduction,2025-06-23,1450.0,1500.0,0.034482758620689655,0.0,True,2.0,2,0.0,0.7277676950998185,3,0.04,,accepted,recommended
APP000286,JOB00097,CAN01767,ca_introduction,2025-06-23,2400.0,2200.0,-0.08333333333333333,0.08333333333333333,True,4.0,4,0.0,0.7277676950998185,1,0.05,,accepted,recommended
APP000287,JOB00109,CAN01799,ca_introduction,2025-06-23,2200.0,2050.0,-0.06818181818181818,0.06818181818181818,True,3.0,3,0.0,0.7277676950998185,3,0.07,,accepted,recommended
APP000288,JOB00261,CAN01799,ca_introduction,2025-06-23,2200.0,2200.0,0.0,0.0,True,3.0,3,0.0,0.7277676950998185,3,0.04,,accepted,recommended
APP000289,JOB00304,CAN00405,self_entry,2025-06-23,1500.0,2600.0,0.7333333333333333,0.0,False,,3,,0.7277676950998185,1,0.02,,,screened_out
APP000290,JOB00139,CAN00653,self_entry,2025-06-23,1600.0,2150.0,0.34375,0.0,False,,2,,0.7277676950998185,1,0.02,,rejected,rejected
APP000291,JOB00309,CAN00891,ca_introduction,2025-06-24,1300.0,1200.0,-0.07692307692307693,0.07692307692307693,True,1.0,1,0.0,0.7277676950998185,1,0.05,,accepted,recommended
APP000292,JOB00311,CAN01098,ca_introduction,2025-06-24,1450.0,1650.0,0.13793103448275862,0.0,True,2.0,2,0.0,0.7277676950998185,1,0.02,,accepted,recommended
APP000293,JOB00082,CAN01283,ca_introduction,2025-06-24,3150.0,3200.0,0.015873015873015872,0.0,True,3.0,4,-1.0,0.7277676950998185,1,0.02,,rejected,rejected
APP000294,JOB00259,CAN00823,self_entry,2025-06-24,2250.0,1200.0,-0.4666666666666667,0.4666666666666667,False,,1,,0.7277676950998185,1,0.12000000000000001,,accepted,recommended
APP000295,JOB00257,CAN01714,self_entry,2025-06-24,1500.0,1350.0,-0.1,0.1,False,,1,,0.7277676950998185,1,0.08,,,screened_out
APP000296,JOB00315,CAN01915,self_entry,2025-06-24,1450.0,2700.0,0.8620689655172413,0.0,False,,4,,0.7277676950998185,1,0.02,pre_recommendation,,withdrawn
APP000297,JOB00018,CAN00089,ca_introduction,2025-06-25,1350.0,1450.0,0.07407407407407407,0.0,True,1.0,1,0.0,0.7277676950998185,0,0.02,,accepted,recommended
APP000298,JOB00178,CAN01079,ca_introduction,2025-06-25,1300.0,1300.0,0.0,0.0,True,2.0,1,1.0,0.7277676950998185,1,0.02,,rejected,rejected
APP000299,JOB00269,CAN00005,ca_introduction,2025-06-25,1400.0,1450.0,0.03571428571428571,0.0,False,,1,,0.7277676950998185,2,0.02,pre_recommendation,,withdrawn
APP000300,JOB00072,CAN00223,ca_introduction,2025-06-25,1400.0,1550.0,0.10714285714285714,0.0,True,2.0,2,0.0,0.7277676950998185,2,0.02,,accepted,recommended
APP000301,JOB00289,CAN01706,ca_introduction,2025-06-25,2000.0,2150.0,0.075,0.0,True,2.0,2,0.0,0.7277676950998185,3,0.04,,accepted,recommended
APP000302,JOB00010,CAN01725,ca_introduction,2025-06-25,2400.0,2250.0,-0.0625,0.0625,True,3.0,3,0.0,0.7277676950998185,2,0.05,,accepted,recommended
APP000303,JOB00166,CAN01881,ca_introduction,2025-06-25,1550.0,1550.0,0.0,0.0,True,2.0,3,-1.0,0.7277676950998185,0,0.02,,accepted,recommended
APP000304,JOB00230,CAN00774,self_entry,2025-06-25,1950.0,2000.0,0.02564102564102564,0.0,True,2.0,3,-1.0,0.7277676950998185,2,0.02,,accepted,recommended
APP000305,JOB00168,CAN00223,ca_introduction,2025-06-26,1400.0,1450.0,0.03571428571428571,0.0,True,2.0,3,-1.0,0.7277676950998185,0,0.02,,accepted,recommended
APP000306,JOB00266,CAN00825,ca_introduction,2025-06-26,2950.0,2950.0,0.0,0.0,True,3.0,4,-1.0,0.7277676950998185,0,0.02,,rejected,rejected
APP000307,JOB00119,CAN01166,ca_introduction,2025-06-26,3200.0,3000.0,-0.0625,0.0625,True,3.0,3,0.0,0.7277676950998185,0,0.05,,accepted,recommended
APP000308,JOB00112,CAN01504,ca_introduction,2025-06-26,1500.0,1500.0,0.0,0.0,True,2.0,2,0.0,0.7277676950998185,2,0.02,,rejected,rejected
APP000309,JOB00199,CAN01706,ca_introduction,2025-06-26,2000.0,2350.0,0.175,0.0,True,2.0,4,-2.0,0.7277676950998185,2,0.02,,,screened_out
APP000310,JOB00243,CAN00326,ca_introduction,2025-06-26,1600.0,1600.0,0.0,0.0,True,2.0,2,0.0,0.7277676950998185,3,0.04,,rejected,rejected
APP000311,JOB00065,CAN01364,ca_introduction,2025-06-26,2050.0,2050.0,0.0,0.0,True,2.0,3,-1.0,0.7277676950998185,1,0.02,,accepted,recommended
APP000312,JOB00327,CAN01924,ca_introduction,2025-06-26,1900.0,2100.0,0.10526315789473684,0.0,True,3.0,3,0.0,0.7277676950998185,1,0.02,,accepted,recommended
APP000313,JOB00028,CAN01354,self_entry,2025-06-26,1350.0,1300.0,-0.037037037037037035,0.037037037037037035,False,,1,,0.7277676950998185,1,0.02,,,screened_out
APP000314,JOB00280,CAN00172,self_entry,2025-06-27,2400.0,2750.0,0.14583333333333334,0.0,False,,4,,0.7277676950998185,2,0.02,,rejected,rejected
APP000315,JOB00195,CAN01500,self_entry,2025-06-27,2300.0,2300.0,0.0,0.0,False,,4,,0.7277676950998185,1,0.02,,,screened_out
APP000316,JOB00145,CAN01935,self_entry,2025-06-27,1800.0,2750.0,0.5277777777777778,0.0,False,,4,,0.7277676950998185,0,0.02,,,screened_out
APP000317,JOB00153,CAN01633,ca_introduction,2025-06-28,3000.0,2750.0,-0.08333333333333333,0.08333333333333333,True,4.0,4,0.0,0.7277676950998185,0,0.05,,accepted,recommended
APP000318,JOB00306,CAN01633,ca_introduction,2025-06-28,3000.0,2900.0,-0.03333333333333333,0.03333333333333333,True,4.0,4,0.0,0.7277676950998185,1,0.02,,accepted,recommended
APP000319,JOB00264,CAN01856,ca_introduction,2025-06-28,1200.0,1200.0,0.0,0.0,True,2.0,1,1.0,0.7277676950998185,1,0.02,,accepted,recommended
APP000320,JOB00068,CAN00476,ca_introduction,2025-06-28,1200.0,1350.0,0.125,0.0,True,1.0,1,0.0,0.7277676950998185,2,0.02,,accepted,recommended
APP000321,JOB00178,CAN00227,self_entry,2025-06-28,1250.0,1300.0,0.04,0.0,True,1.0,1,0.0,0.7277676950998185,3,0.04,,accepted,recommended
APP000322,JOB00289,CAN00172,self_entry,2025-06-29,2400.0,2150.0,-0.10416666666666667,0.10416666666666667,True,4.0,2,2.0,0.7277676950998185,1,0.08,,rejected,rejected
APP000323,JOB00252,CAN01251,ca_introduction,2025-06-30,1200.0,1200.0,0.0,0.0,True,1.0,1,0.0,0.7277676950998185,3,0.04,,accepted,recommended
APP000324,JOB00109,CAN01536,ca_introduction,2025-06-30,2250.0,2050.0,-0.08888888888888889,0.08888888888888889,True,2.0,3,-1.0,0.7277676950998185,3,0.07,pre_recommendation,,withdrawn
APP000325,JOB00017,CAN01456,ca_introduction,2025-07-01,3050.0,2900.0,-0.04918032786885246,0.04918032786885246,True,4.0,4,0.0,0.8620689655172414,3,0.04,,accepted,recommended
APP000326,JOB00203,CAN01484,ca_introduction,2025-07-01,1350.0,1200.0,-0.1111111111111111,0.1111111111111111,True,1.0,1,0.0,0.8620689655172414,3,0.1,,accepted,recommended
APP000327,JOB00144,CAN00246,ca_introduction,2025-07-01,1250.0,1200.0,-0.04,0.04,True,1.0,1,0.0,0.8620689655172414,1,0.02,,rejected,rejected
APP000328,JOB00086,CAN01251,self_entry,2025-07-01,1200.0,1200.0,0.0,0.0,True,1.0,1,0.0,0.8620689655172414,1,0.02,,accepted,recommended
APP000329,JOB00269,CAN00246,ca_introduction,2025-07-02,1250.0,1450.0,0.16,0.0,True,1.0,1,0.0,0.8620689655172414,1,0.02,,accepted,recommended
APP000330,JOB00018,CAN00671,ca_introduction,2025-07-02,1200.0,1450.0,0.20833333333333334,0.0,True,1.0,1,0.0,0.8620689655172414,1,0.02,,accepted,recommended
APP000331,JOB00105,CAN00953,ca_introduction,2025-07-02,1850.0,1550.0,-0.16216216216216217,0.16216216216216217,True,3.0,2,1.0,0.8620689655172414,2,0.12000000000000001,,accepted,recommended
APP000332,JOB00342,CAN01466,ca_introduction,2025-07-02,2150.0,2150.0,0.0,0.0,True,3.0,3,0.0,0.8620689655172414,1,0.02,,accepted,recommended
APP000333,JOB00315,CAN00848,self_entry,2025-07-02,2250.0,2700.0,0.2,0.0,False,,4,,0.8620689655172414,2,0.02,,,screened_out
APP000334,JOB00037,CAN01008,ca_introduction,2025-07-03,2400.0,2150.0,-0.10416666666666667,0.10416666666666667,True,4.0,4,0.0,0.8620689655172414,2,0.08,pre_recommendation,,withdrawn
APP000335,JOB00124,CAN01283,ca_introduction,2025-07-03,3150.0,2950.0,-0.06349206349206349,0.06349206349206349,True,3.0,3,0.0,0.8620689655172414,1,0.05,,accepted,recommended
APP000336,JOB00038,CAN01500,ca_introduction,2025-07-03,2300.0,2000.0,-0.13043478260869565,0.13043478260869565,True,3.0,3,0.0,0.8620689655172414,1,0.08,pre_recommendation,,withdrawn
APP000337,JOB00145,CAN01881,self_entry,2025-07-03,1550.0,2750.0,0.7741935483870968,0.0,False,,4,,0.8620689655172414,2,0.02,,,screened_out
APP000338,JOB00041,CAN00078,ca_introduction,2025-07-04,3200.0,2850.0,-0.109375,0.109375,True,4.0,4,0.0,0.8620689655172414,0,0.08,,rejected,rejected
APP000339,JOB00057,CAN00078,ca_introduction,2025-07-04,3200.0,3000.0,-0.0625,0.0625,True,4.0,4,0.0,0.8620689655172414,2,0.05,,accepted,recommended
APP000340,JOB00200,CAN00594,ca_introduction,2025-07-04,1350.0,1200.0,-0.1111111111111111,0.1111111111111111,True,2.0,1,1.0,0.8620689655172414,0,0.08,,rejected,rejected
APP000341,JOB00113,CAN00594,ca_introduction,2025-07-04,1350.0,1450.0,0.07407407407407407,0.0,True,2.0,1,1.0,0.8620689655172414,1,0.02,,accepted,recommended
APP000342,JOB00120,CAN01008,ca_introduction,2025-07-04,2400.0,1950.0,-0.1875,0.1875,True,4.0,2,2.0,0.8620689655172414,2,0.12000000000000001,,accepted,recommended
APP000343,JOB00146,CAN01500,ca_introduction,2025-07-04,2300.0,1900.0,-0.17391304347826086,0.17391304347826086,True,3.0,3,0.0,0.8620689655172414,2,0.12000000000000001,,accepted,recommended
APP000344,JOB00037,CAN01799,ca_introduction,2025-07-04,2200.0,2150.0,-0.022727272727272728,0.022727272727272728,True,3.0,4,-1.0,0.8620689655172414,2,0.02,,rejected,rejected
APP000345,JOB00105,CAN00896,ca_introduction,2025-07-04,1500.0,1550.0,0.03333333333333333,0.0,True,2.0,2,0.0,0.8620689655172414,1,0.02,,accepted,recommended
APP000346,JOB00200,CAN01079,ca_introduction,2025-07-04,1300.0,1200.0,-0.07692307692307693,0.07692307692307693,True,2.0,1,1.0,0.8620689655172414,0,0.05,,accepted,recommended
APP000347,JOB00319,CAN01118,ca_introduction,2025-07-04,2150.0,2050.0,-0.046511627906976744,0.046511627906976744,True,3.0,3,0.0,0.8620689655172414,1,0.02,,accepted,recommended
APP000348,JOB00320,CAN01548,ca_introduction,2025-07-04,2300.0,2250.0,-0.021739130434782608,0.021739130434782608,True,3.0,3,0.0,0.8620689655172414,3,0.04,,accepted,recommended
APP000349,JOB00243,CAN00896,ca_introduction,2025-07-05,1500.0,1600.0,0.06666666666666667,0.0,True,2.0,2,0.0,0.8620689655172414,1,0.02,,accepted,recommended
APP000350,JOB00106,CAN00271,ca_introduction,2025-07-05,2050.0,2050.0,0.0,0.0,True,2.0,3,-1.0,0.8620689655172414,0,0.02,,accepted,recommended
APP000351,JOB00144,CAN00817,ca_introduction,2025-07-05,1250.0,1200.0,-0.04,0.04,True,1.0,1,0.0,0.8620689655172414,1,0.02,,rejected,rejected
APP000352,JOB00254,CAN01217,ca_introduction,2025-07-05,2350.0,2300.0,-0.02127659574468085,0.02127659574468085,True,3.0,3,0.0,0.8620689655172414,2,0.02,,accepted,recommended
APP000353,JOB00252,CAN01308,ca_introduction,2025-07-05,1200.0,1200.0,0.0,0.0,True,1.0,1,0.0,0.8620689655172414,0,0.02,,accepted,recommended
APP000354,JOB00086,CAN01280,self_entry,2025-07-05,1400.0,1200.0,-0.14285714285714285,0.14285714285714285,False,,1,,0.8620689655172414,1,0.08,,,screened_out
APP000355,JOB00112,CAN00326,ca_introduction,2025-07-06,1600.0,1500.0,-0.0625,0.0625,True,2.0,2,0.0,0.8620689655172414,0,0.05,,accepted,recommended
APP000356,JOB00259,CAN00580,ca_introduction,2025-07-06,1350.0,1200.0,-0.1111111111111111,0.1111111111111111,True,2.0,1,1.0,0.8620689655172414,2,0.08,,accepted,recommended
APP000357,JOB00028,CAN00817,ca_introduction,2025-07-06,1250.0,1300.0,0.04,0.0,True,1.0,1,0.0,0.8620689655172414,2,0.02,,,screened_out
APP000358,JOB00289,CAN01586,ca_introduction,2025-07-06,2650.0,2150.0,-0.18867924528301888,0.18867924528301888,True,3.0,2,1.0,0.8620689655172414,1,0.12000000000000001,,,screened_out
APP000359,JOB00035,CAN01761,ca_introduction,2025-07-06,3400.0,3150.0,-0.07352941176470588,0.07352941176470588,True,5.0,4,1.0,0.8620689655172414,1,0.05,,accepted,recommended
APP000360,JOB00197,CAN01843,self_entry,2025-07-06,1200.0,1900.0,0.5833333333333334,0.0,True,3.0,3,0.0,0.8620689655172414,1,0.02,pre_recommendation,,withdrawn
APP000361,JOB00278,CAN01504,ca_introduction,2025-07-07,1500.0,1500.0,0.0,0.0,True,2.0,2,0.0,0.8620689655172414,1,0.02,,rejected,rejected
APP000362,JOB00319,CAN01924,ca_introduction,2025-07-07,1900.0,2050.0,0.07894736842105263,0.0,True,3.0,3,0.0,0.8620689655172414,2,0.02,,rejected,rejected
APP000363,JOB00151,CAN00271,self_entry,2025-07-08,2050.0,3350.0,0.6341463414634146,0.0,True,3.0,4,-1.0,0.8620689655172414,1,0.02,,accepted,recommended
APP000364,JOB00269,CAN01251,ca_introduction,2025-07-09,1200.0,1450.0,0.20833333333333334,0.0,True,1.0,1,0.0,0.8620689655172414,3,0.04,,accepted,recommended
APP000365,JOB00224,CAN01758,self_entry,2025-07-09,1850.0,2000.0,0.08108108108108109,0.0,True,2.0,3,-1.0,0.8620689655172414,2,0.02,,accepted,recommended
APP000366,JOB00124,CAN00530,ca_introduction,2025-07-10,3200.0,2950.0,-0.078125,0.078125,True,3.0,3,0.0,0.8620689655172414,1,0.05,,accepted,recommended
APP000367,JOB00235,CAN00530,ca_introduction,2025-07-10,3200.0,3050.0,-0.046875,0.046875,True,3.0,4,-1.0,0.8620689655172414,2,0.02,,accepted,recommended
APP000368,JOB00230,CAN01512,ca_introduction,2025-07-10,2000.0,2000.0,0.0,0.0,True,2.0,3,-1.0,0.8620689655172414,3,0.04,pre_recommendation,,withdrawn
APP000369,JOB00172,CAN00812,self_entry,2025-07-10,2150.0,2200.0,0.023255813953488372,0.0,True,3.0,3,0.0,0.8620689655172414,2,0.02,,accepted,recommended
APP000370,JOB00243,CAN00086,ca_introduction,2025-07-11,1450.0,1600.0,0.10344827586206896,0.0,True,2.0,2,0.0,0.8620689655172414,2,0.02,,accepted,recommended
APP000371,JOB00306,CAN00661,ca_introduction,2025-07-11,2900.0,2900.0,0.0,0.0,True,3.0,4,-1.0,0.8620689655172414,0,0.02,,accepted,recommended
APP000372,JOB00111,CAN00666,ca_introduction,2025-07-11,3400.0,2950.0,-0.1323529411764706,0.1323529411764706,True,5.0,4,1.0,0.8620689655172414,1,0.08,,rejected,rejected
APP000373,JOB00090,CAN00671,ca_introduction,2025-07-11,1200.0,1300.0,0.08333333333333333,0.0,True,1.0,1,0.0,0.8620689655172414,2,0.02,,rejected,rejected
APP000374,JOB00113,CAN00671,ca_introduction,2025-07-11,1200.0,1450.0,0.20833333333333334,0.0,True,1.0,1,0.0,0.8620689655172414,0,0.02,,rejected,rejected
APP000375,JOB00342,CAN01512,ca_introduction,2025-07-11,2000.0,2150.0,0.075,0.0,True,2.0,3,-1.0,0.8620689655172414,0,0.02,,accepted,recommended
APP000376,JOB00146,CAN00958,ca_introduction,2025-07-12,2050.0,1900.0,-0.07317073170731707,0.07317073170731707,True,2.0,3,-1.0,0.8620689655172414,2,0.05,,rejected,rejected
APP000377,JOB00011,CAN01442,ca_introduction,2025-07-12,1200.0,1200.0,0.0,0.0,True,1.0,1,0.0,0.8620689655172414,0,0.02,,accepted,recommended
APP000378,JOB00209,CAN01456,ca_introduction,2025-07-12,3050.0,3000.0,-0.01639344262295082,0.01639344262295082,True,4.0,5,-1.0,0.8620689655172414,2,0.02,,rejected,rejected
APP000379,JOB00011,CAN00541,self_entry,2025-07-12,1500.0,1200.0,-0.2,0.2,True,1.0,1,0.0,0.8620689655172414,1,0.12000000000000001,,accepted,recommended
APP000380,JOB00011,CAN00848,self_entry,2025-07-12,2250.0,1200.0,-0.4666666666666667,0.4666666666666667,False,,1,,0.8620689655172414,3,0.14,,,screened_out
APP000381,JOB00007,CAN01364,ca_introduction,2025-07-13,2050.0,2250.0,0.0975609756097561,0.0,True,2.0,3,-1.0,0.8620689655172414,2,0.02,,accepted,recommended
APP000382,JOB00178,CAN00005,ca_introduction,2025-07-13,1400.0,1300.0,-0.07142857142857142,0.07142857142857142,True,1.0,1,0.0,0.8620689655172414,1,0.05,,accepted,recommended
APP000383,JOB00035,CAN00322,ca_introduction,2025-07-13,2000.0,3150.0,0.575,0.0,True,4.0,4,0.0,0.8620689655172414,2,0.02,,accepted,recommended
APP000384,JOB00200,CAN01236,ca_introduction,2025-07-14,1400.0,1200.0,-0.14285714285714285,0.14285714285714285,True,2.0,1,1.0,0.8620689655172414,0,0.08,,accepted,recommended
APP000385,JOB00049,CAN01120,ca_introduction,2025-07-14,1450.0,1500.0,0.034482758620689655,0.0,True,2.0,2,0.0,0.8620689655172414,1,0.02,,accepted,recommended
APP000386,JOB00139,CAN01588,ca_introduction,2025-07-14,2100.0,2150.0,0.023809523809523808,0.0,True,2.0,2,0.0,0.8620689655172414,3,0.04,pre_recommendation,,withdrawn
APP000387,JOB00320,CAN01588,ca_introduction,2025-07-14,2100.0,2250.0,0.07142857142857142,0.0,True,2.0,3,-1.0,0.8620689655172414,0,0.02,,accepted,recommended
APP000388,JOB00090,CAN00185,ca_introduction,2025-07-15,1550.0,1300.0,-0.16129032258064516,0.16129032258064516,True,2.0,1,1.0,0.8620689655172414,1,0.12000000000000001,,accepted,recommended
APP000389,JOB00273,CAN00246,ca_introduction,2025-07-15,1250.0,1250.0,0.0,0.0,True,1.0,1,0.0,0.8620689655172414,1,0.02,,accepted,recommended
APP000390,JOB00273,CAN01768,ca_introduction,2025-07-15,1250.0,1250.0,0.0,0.0,True,1.0,1,0.0,0.8620689655172414,2,0.02,,rejected,rejected
APP000391,JOB00108,CAN00346,ca_introduction,2025-07-15,2350.0,2200.0,-0.06382978723404255,0.06382978723404255,True,4.0,3,1.0,0.8620689655172414,1,0.05,,accepted,recommended
APP000392,JOB00249,CAN00346,ca_introduction,2025-07-16,2350.0,2150.0,-0.0851063829787234,0.0851063829787234,True,4.0,3,1.0,0.8620689655172414,2,0.05,,accepted,recommended
APP000393,JOB00011,CAN00580,ca_introduction,2025-07-16,1350.0,1200.0,-0.1111111111111111,0.1111111111111111,True,2.0,1,1.0,0.8620689655172414,2,0.08,,accepted,recommended
APP000394,JOB00340,CAN00594,ca_introduction,2025-07-16,1350.0,1300.0,-0.037037037037037035,0.037037037037037035,True,2.0,1,1.0,0.8620689655172414,2,0.02,,accepted,recommended
APP000395,JOB00090,CAN00842,ca_introduction,2025-07-16,1500.0,1300.0,-0.13333333333333333,0.13333333333333333,True,2.0,1,1.0,0.8620689655172414,2,0.08,,accepted,recommended
APP000396,JOB00119,CAN01314,self_entry,2025-07-16,3550.0,3000.0,-0.15492957746478872,0.15492957746478872,True,5.0,3,2.0,0.8620689655172414,0,0.12000000000000001,,,screened_out
APP000397,JOB00090,CAN01507,self_entry,2025-07-16,1250.0,1300.0,0.04,0.0,True,1.0,1,0.0,0.8620689655172414,1,0.02,,accepted,recommended
APP000398,JOB00292,CAN01203,ca_introduction,2025-07-17,2350.0,2050.0,-0.1276595744680851,0.1276595744680851,True,4.0,3,1.0,0.8620689655172414,1,0.08,,accepted,recommended
APP000399,JOB00028,CAN01856,ca_introduction,2025-07-17,1200.0,1300.0,0.08333333333333333,0.0,True,2.0,1,1.0,0.8620689655172414,1,0.02,,accepted,recommended
APP000400,JOB00017,CAN00078,ca_introduction,2025-07-17,3200.0,2900.0,-0.09375,0.09375,True,4.0,4,0.0,0.8620689655172414,2,0.05,,accepted,recommended
APP000401,JOB00281,CAN01554,ca_introduction,2025-07-17,2000.0,1900.0,-0.05,0.05,True,3.0,3,0.0,0.8620689655172414,1,0.05,,accepted,recommended
APP000402,JOB00112,CAN00086,ca_introduction,2025-07-18,1450.0,1500.0,0.034482758620689655,0.0,True,2.0,2,0.0,0.8620689655172414,1,0.02,,accepted,recommended
APP000403,JOB00101,CAN01725,ca_introduction,2025-07-18,2400.0,2300.0,-0.041666666666666664,0.041666666666666664,True,3.0,4,-1.0,0.8620689655172414,0,0.02,,rejected,rejected
APP000404,JOB00320,CAN00763,self_entry,2025-07-18,2350.0,2250.0,-0.0425531914893617,0.0425531914893617,True,3.0,3,0.0,0.8620689655172414,1,0.02,,accepted,recommended
APP000405,JOB00011,CAN01251,ca_introduction,2025-07-19,1200.0,1200.0,0.0,0.0,True,1.0,1,0.0,0.8620689655172414,3,0.04,,accepted,recommended
APP000406,JOB00233,CAN00271,self_entry,2025-07-19,2050.0,1950.0,-0.04878048780487805,0.04878048780487805,False,,3,,0.8620689655172414,3,0.04,pre_recommendation,,withdrawn
APP000407,JOB00072,CAN00987,ca_introduction,2025-07-20,3000.0,1550.0,-0.48333333333333334,0.48333333333333334,True,3.0,2,1.0,0.8620689655172414,1,0.12000000000000001,,accepted,recommended
APP000408,JOB00028,CAN01251,ca_introduction,2025-07-20,1200.0,1300.0,0.08333333333333333,0.0,True,1.0,1,0.0,0.8620689655172414,2,0.02,,accepted,recommended
APP000409,JOB00137,CAN01761,ca_introduction,2025-07-20,3400.0,3100.0,-0.08823529411764706,0.08823529411764706,True,5.0,4,1.0,0.8620689655172414,1,0.05,,accepted,recommended
APP000410,JOB00340,CAN00671,ca_introduction,2025-07-20,1200.0,1300.0,0.08333333333333333,0.0,True,1.0,1,0.0,0.8620689655172414,1,0.02,,accepted,recommended
APP000411,JOB00200,CAN00901,ca_introduction,2025-07-20,1450.0,1200.0,-0.1724137931034483,0.1724137931034483,True,1.0,1,0.0,0.8620689655172414,1,0.12000000000000001,,accepted,recommended
APP000412,JOB00049,CAN00223,self_entry,2025-07-20,1400.0,1500.0,0.07142857142857142,0.0,True,2.0,2,0.0,0.8620689655172414,1,0.02,,accepted,recommended
APP000413,JOB00113,CAN00901,ca_introduction,2025-07-21,1450.0,1450.0,0.0,0.0,True,1.0,1,0.0,0.8620689655172414,2,0.02,,rejected,rejected
APP000414,JOB00281,CAN01905,ca_introduction,2025-07-21,1800.0,1900.0,0.05555555555555555,0.0,True,2.0,3,-1.0,0.8620689655172414,2,0.02,,accepted,recommended
APP000415,JOB00224,CAN00730,ca_introduction,2025-07-22,2800.0,2000.0,-0.2857142857142857,0.2857142857142857,True,3.0,3,0.0,0.8620689655172414,1,0.12000000000000001,,rejected,rejected
APP000416,JOB00306,CAN01847,ca_introduction,2025-07-22,3000.0,2900.0,-0.03333333333333333,0.03333333333333333,True,4.0,4,0.0,0.8620689655172414,1,0.02,,accepted,recommended
APP000417,JOB00199,CAN00122,ca_introduction,2025-07-22,2450.0,2350.0,-0.04081632653061224,0.04081632653061224,True,4.0,4,0.0,0.8620689655172414,2,0.02,,accepted,recommended
APP000418,JOB00068,CAN00728,ca_introduction,2025-07-22,1400.0,1350.0,-0.03571428571428571,0.03571428571428571,True,1.0,1,0.0,0.8620689655172414,2,0.02,,accepted,recommended
APP000419,JOB00018,CAN00728,ca_introduction,2025-07-22,1400.0,1450.0,0.03571428571428571,0.0,True,1.0,1,0.0,0.8620689655172414,3,0.04,,rejected,rejected
APP000420,JOB00105,CAN01744,ca_introduction,2025-07-22,1500.0,1550.0,0.03333333333333333,0.0,True,2.0,2,0.0,0.8620689655172414,2,0.02,,accepted,recommended
APP000421,JOB00028,CAN01768,ca_introduction,2025-07-22,1250.0,1300.0,0.04,0.0,True,1.0,1,0.0,0.8620689655172414,0,0.02,,accepted,recommended
APP000422,JOB00032,CAN00122,ca_introduction,2025-07-23,2450.0,2350.0,-0.04081632653061224,0.04081632653061224,True,4.0,4,0.0,0.8620689655172414,3,0.04,,accepted,recommended
APP000423,JOB00280,CAN00422,ca_introduction,2025-07-23,3050.0,2750.0,-0.09836065573770492,0.09836065573770492,True,5.0,4,1.0,0.8620689655172414,0,0.05,,accepted,recommended
APP000424,JOB00072,CAN00799,ca_introduction,2025-07-23,1550.0,1550.0,0.0,0.0,True,2.0,2,0.0,0.8620689655172414,1,0.02,,accepted,recommended
APP000425,JOB00072,CAN01942,ca_introduction,2025-07-23,1600.0,1550.0,-0.03125,0.03125,True,2.0,2,0.0,0.8620689655172414,1,0.02,,accepted,recommended
APP000426,JOB00125,CAN00598,self_entry,2025-07-23,2200.0,1300.0,-0.4090909090909091,0.4090909090909091,False,,1,,0.8620689655172414,1,0.12000000000000001,,rejected,rejected
APP000427,JOB00157,CAN01153,self_entry,2025-07-23,2000.0,3100.0,0.55,0.0,False,,4,,0.8620689655172414,1,0.02,,,screened_out
APP000428,JOB00235,CAN01758,self_entry,2025-07-23,1850.0,3050.0,0.6486486486486487,0.0,False,,4,,0.8620689655172414,3,0.04,,,screened_out
APP000429,JOB00112,CAN00933,ca_introduction,2025-07-24,1700.0,1500.0,-0.11764705882352941,0.11764705882352941,True,3.0,2,1.0,0.8620689655172414,1,0.08,,accepted,recommended
APP000430,JOB00342,CAN00997,ca_introduction,2025-07-24,2300.0,2150.0,-0.06521739130434782,0.06521739130434782,True,3.0,3,0.0,0.8620689655172414,3,0.07,,rejected,rejected
APP000431,JOB00243,CAN01541,ca_introduction,2025-07-24,1350.0,1600.0,0.18518518518518517,0.0,True,1.0,2,-1.0,0.8620689655172414,1,0.02,,accepted,recommended
APP000432,JOB00036,CAN00700,self_entry,2025-07-24,1450.0,1950.0,0.3448275862068966,0.0,False,,3,,0.8620689655172414,2,0.02,,,screened_out
APP000433,JOB00111,CAN01425,ca_introduction,2025-07-25,3250.0,2950.0,-0.09230769230769231,0.09230769230769231,True,4.0,4,0.0,0.8620689655172414,2,0.05,,accepted,recommended
APP000434,JOB00258,CAN01120,ca_introduction,2025-07-25,1450.0,1550.0,0.06896551724137931,0.0,True,2.0,2,0.0,0.8620689655172414,2,0.02,,,screened_out
APP000435,JOB00082,CAN01166,ca_introduction,2025-07-25,3200.0,3200.0,0.0,0.0,True,3.0,4,-1.0,0.8620689655172414,1,0.02,,,screened_out
APP000436,JOB00077,CAN01627,ca_introduction,2025-07-25,3050.0,2900.0,-0.04918032786885246,0.04918032786885246,True,4.0,4,0.0,0.8620689655172414,2,0.02,,rejected,rejected
APP000437,JOB00079,CAN01627,ca_introduction,2025-07-25,3050.0,3000.0,-0.01639344262295082,0.01639344262295082,True,4.0,4,0.0,0.8620689655172414,2,0.02,,accepted,recommended
APP000438,JOB00177,CAN01776,ca_introduction,2025-07-25,2900.0,2750.0,-0.05172413793103448,0.05172413793103448,True,4.0,4,0.0,0.8620689655172414,2,0.05,,accepted,recommended
APP000439,JOB00158,CAN01776,ca_introduction,2025-07-25,2900.0,2750.0,-0.05172413793103448,0.05172413793103448,True,4.0,3,1.0,0.8620689655172414,2,0.05,pre_recommendation,,withdrawn
APP000440,JOB00129,CAN01776,ca_introduction,2025-07-26,2900.0,2850.0,-0.017241379310344827,0.017241379310344827,True,4.0,4,0.0,0.8620689655172414,1,0.02,,accepted,recommended
APP000441,JOB00113,CAN00185,ca_introduction,2025-07-26,1550.0,1450.0,-0.06451612903225806,0.06451612903225806,True,2.0,1,1.0,0.8620689655172414,2,0.05,,accepted,recommended
APP000442,JOB00298,CAN00089,ca_introduction,2025-07-27,1350.0,1250.0,-0.07407407407407407,0.07407407407407407,True,1.0,1,0.0,0.8620689655172414,1,0.05,,,screened_out
APP000443,JOB00309,CAN00225,ca_introduction,2025-07-27,1200.0,1200.0,0.0,0.0,False,,1,,0.8620689655172414,1,0.02,,rejected,rejected
APP000444,JOB00158,CAN00661,ca_introduction,2025-07-27,2900.0,2750.0,-0.05172413793103448,0.05172413793103448,True,3.0,3,0.0,0.8620689655172414,2,0.05,pre_recommendation,,withdrawn
APP000445,JOB00249,CAN01706,self_entry,2025-07-27,2000.0,2150.0,0.075,0.0,False,,3,,0.8620689655172414,2,0.02,,,screened_out
APP000446,JOB00131,CAN00619,ca_introduction,2025-07-28,2400.0,2200.0,-0.08333333333333333,0.08333333333333333,True,3.0,3,0.0,0.8620689655172414,0,0.05,,accepted,recommended
APP000447,JOB00119,CAN01261,ca_introduction,2025-07-28,3500.0,3000.0,-0.14285714285714285,0.14285714285714285,True,4.0,3,1.0,0.8620689655172414,0,0.08,,rejected,rejected
APP000448,JOB00161,CAN00537,self_entry,2025-07-28,3100.0,2800.0,-0.0967741935483871,0.0967741935483871,True,4.0,5,-1.0,0.8620689655172414,2,0.05,,accepted,recommended
APP000449,JOB00290,CAN01308,self_entry,2025-07-28,1200.0,3200.0,1.6666666666666667,0.0,False,,5,,0.8620689655172414,2,0.02,,,screened_out
APP000450,JOB00153,CAN00718,self_entry,2025-07-29,2400.0,2750.0,0.14583333333333334,0.0,False,,4,,0.8620689655172414,3,0.04,,,screened_out
APP000451,JOB00145,CAN00724,self_entry,2025-07-29,1300.0,2750.0,1.1153846153846154,0.0,False,,4,,0.8620689655172414,3,0.04,,,screened_out
APP000452,JOB00079,CAN01454,self_entry,2025-07-29,1200.0,3000.0,1.5,0.0,False,,4,,0.8620689655172414,2,0.02,,,screened_out
APP000453,JOB00281,CAN00958,ca_introduction,2025-07-30,2050.0,1900.0,-0.07317073170731707,0.07317073170731707,True,2.0,3,-1.0,0.8620689655172414,2,0.05,,,screened_out
APP000454,JOB00243,CAN01471,ca_introduction,2025-07-30,1550.0,1600.0,0.03225806451612903,0.0,True,2.0,2,0.0,0.8620689655172414,3,0.04,,accepted,recommended
APP000455,JOB00178,CAN00724,ca_introduction,2025-07-30,1300.0,1300.0,0.0,0.0,True,1.0,1,0.0,0.8620689655172414,0,0.02,,accepted,recommended
APP000456,JOB00113,CAN00724,ca_introduction,2025-07-30,1300.0,1450.0,0.11538461538461539,0.0,True,1.0,1,0.0,0.8620689655172414,2,0.02,,accepted,recommended
APP000457,JOB00315,CAN01082,ca_introduction,2025-07-30,2650.0,2700.0,0.018867924528301886,0.0,True,5.0,4,1.0,0.8620689655172414,2,0.02,,rejected,rejected
APP000458,JOB00072,CAN01531,ca_introduction,2025-07-30,1550.0,1550.0,0.0,0.0,True,2.0,2,0.0,0.8620689655172414,0,0.02,,accepted,recommended
APP000459,JOB00151,CAN01761,ca_introduction,2025-07-30,3400.0,3350.0,-0.014705882352941176,0.014705882352941176,True,5.0,4,1.0,0.8620689655172414,2,0.02,,accepted,recommended
APP000460,JOB00129,CAN01082,ca_introduction,2025-07-31,2650.0,2850.0,0.07547169811320754,0.0,True,5.0,4,1.0,0.8620689655172414,0,0.02,,accepted,recommended
APP000461,JOB00222,CAN01884,ca_introduction,2025-07-31,1500.0,1500.0,0.0,0.0,True,2.0,1,1.0,0.8620689655172414,1,0.02,,accepted,recommended
APP000462,JOB00011,CAN00246,ca_introduction,2025-07-31,1250.0,1200.0,-0.04,0.04,True,1.0,1,0.0,0.8620689655172414,1,0.02,,accepted,recommended
APP000463,JOB00160,CAN00923,ca_introduction,2025-07-31,1450.0,1300.0,-0.10344827586206896,0.10344827586206896,True,2.0,2,0.0,0.8620689655172414,1,0.08,,accepted,recommended
APP000464,JOB00259,CAN01856,ca_introduction,2025-07-31,1200.0,1200.0,0.0,0.0,True,2.0,1,1.0,0.8620689655172414,2,0.02,,accepted,recommended
APP000465,JOB00252,CAN00246,ca_introduction,2025-08-01,1250.0,1200.0,-0.04,0.04,True,1.0,1,0.0,1.0,2,0.02,,accepted,recommended
APP000466,JOB00025,CAN00340,ca_introduction,2025-08-01,1250.0,1300.0,0.04,0.0,True,1.0,1,0.0,1.0,2,0.02,,rejected,rejected
APP000467,JOB00178,CAN00340,ca_introduction,2025-08-01,1250.0,1300.0,0.04,0.0,True,1.0,1,0.0,1.0,1,0.02,,accepted,recommended
APP000468,JOB00085,CAN00439,ca_introduction,2025-08-01,1500.0,1500.0,0.0,0.0,True,1.0,2,-1.0,1.0,1,0.02,,accepted,recommended
APP000469,JOB00180,CAN01650,ca_introduction,2025-08-01,3000.0,3000.0,0.0,0.0,True,3.0,4,-1.0,1.0,1,0.02,,accepted,recommended
APP000470,JOB00158,CAN00727,ca_introduction,2025-08-02,2700.0,2750.0,0.018518518518518517,0.0,True,3.0,3,0.0,1.0,0,0.02,,accepted,recommended
APP000471,JOB00085,CAN00842,ca_introduction,2025-08-02,1500.0,1500.0,0.0,0.0,True,2.0,2,0.0,1.0,1,0.02,,accepted,recommended
APP000472,JOB00090,CAN01267,self_entry,2025-08-02,1300.0,1300.0,0.0,0.0,True,1.0,1,0.0,1.0,2,0.02,,accepted,recommended
APP000473,JOB00113,CAN00842,ca_introduction,2025-08-03,1500.0,1450.0,-0.03333333333333333,0.03333333333333333,True,2.0,1,1.0,1.0,0,0.02,,accepted,recommended
APP000474,JOB00224,CAN00346,ca_introduction,2025-08-03,2350.0,2000.0,-0.14893617021276595,0.14893617021276595,True,4.0,3,1.0,1.0,2,0.08,,accepted,recommended
APP000475,JOB00113,CAN01620,ca_introduction,2025-08-03,1400.0,1450.0,0.03571428571428571,0.0,True,2.0,1,1.0,1.0,0,0.02,,accepted,recommended
APP000476,JOB00176,CAN01144,ca_introduction,2025-08-04,1600.0,1400.0,-0.125,0.125,True,2.0,2,0.0,1.0,1,0.08,,accepted,recommended
APP000477,JOB00018,CAN01144,ca_introduction,2025-08-04,1600.0,1450.0,-0.09375,0.09375,True,2.0,1,1.0,1.0,1,0.05,,accepted,recommended
APP000478,JOB00018,CAN01620,ca_introduction,2025-08-04,1400.0,1450.0,0.03571428571428571,0.0,True,2.0,1,1.0,1.0,1,0.02,,accepted,recommended
APP000479,JOB00062,CAN00844,ca_introduction,2025-08-04,1550.0,1600.0,0.03225806451612903,0.0,True,2.0,2,0.0,1.0,1,0.02,,accepted,recommended
APP000480,JOB00350,CAN00844,ca_introduction,2025-08-04,1550.0,1550.0,0.0,0.0,True,2.0,2,0.0,1.0,1,0.02,,accepted,recommended
APP000481,JOB00025,CAN00682,self_entry,2025-08-04,1250.0,1300.0,0.04,0.0,False,,1,,1.0,1,0.02,,,screened_out
APP000482,JOB00326,CAN00929,self_entry,2025-08-04,2150.0,2050.0,-0.046511627906976744,0.046511627906976744,False,,3,,1.0,3,0.04,,,screened_out
APP000483,JOB00251,CAN00422,ca_introduction,2025-08-05,3050.0,2650.0,-0.13114754098360656,0.13114754098360656,True,5.0,4,1.0,1.0,0,0.08,,,screened_out
APP000484,JOB00243,CAN00844,ca_introduction,2025-08-05,1550.0,1600.0,0.03225806451612903,0.0,True,2.0,2,0.0,1.0,0,0.02,,accepted,recommended
APP000485,JOB00278,CAN01726,ca_introduction,2025-08-05,1450.0,1500.0,0.034482758620689655,0.0,True,1.0,2,-1.0,1.0,0,0.02,,rejected,rejected
APP000486,JOB00010,CAN00529,ca_introduction,2025-08-05,1900.0,2250.0,0.18421052631578946,0.0,True,2.0,3,-1.0,1.0,0,0.02,pre_recommendation,,withdrawn
APP000487,JOB00176,CAN00594,ca_introduction,2025-08-05,1350.0,1400.0,0.037037037037037035,0.0,True,2.0,2,0.0,1.0,1,0.02,,,screened_out
APP000488,JOB00342,CAN00877,ca_introduction,2025-08-05,2100.0,2150.0,0.023809523809523808,0.0,True,2.0,3,-1.0,1.0,2,0.02,,accepted,recommended
APP000489,JOB00074,CAN00877,ca_introduction,2025-08-05,2100.0,2150.0,0.023809523809523808,0.0,True,2.0,3,-1.0,1.0,1,0.02,,,screened_out
APP000490,JOB00011,CAN01363,ca_introduction,2025-08-06,1200.0,1200.0,0.0,0.0,True,1.0,1,0.0,1.0,3,0.04,,accepted,recommended
APP000491,JOB00144,CAN00578,self_entry,2025-08-06,3150.0,1200.0,-0.6190476190476191,0.6190476190476191,False,,1,,1.0,2,0.12000000000000001,,rejected,rejected
APP000492,JOB00144,CAN01395,self_entry,2025-08-06,2350.0,1200.0,-0.48936170212765956,0.48936170212765956,False,,1,,1.0,1,0.12000000000000001,,,screened_out
APP000493,JOB00072,CAN00333,ca_introduction,2025-08-07,1550.0,1550.0,0.0,0.0,True,2.0,2,0.0,1.0,1,0.02,,accepted,recommended
APP000494,JOB00162,CAN01744,ca_introduction,2025-08-07,1500.0,1600.0,0.06666666666666667,0.0,True,2.0,2,0.0,1.0,2,0.02,,accepted,recommended
APP000495,JOB00233,CAN01803,self_entry,2025-08-07,2000.0,1950.0,-0.025,0.025,True,2.0,3,-1.0,1.0,0,0.02,,rejected,rejected
APP000496,JOB00152,CAN01617,ca_introduction,2025-08-08,2150.0,2200.0,0.023255813953488372,0.0,True,3.0,3,0.0,1.0,2,0.02,,rejected,rejected
APP000497,JOB00147,CAN01617,ca_introduction,2025-08-08,2150.0,2250.0,0.046511627906976744,0.0,True,3.0,4,-1.0,1.0,1,0.02,,accepted,recommended
APP000498,JOB00311,CAN00799,ca_introduction,2025-08-08,1550.0,1650.0,0.06451612903225806,0.0,True,2.0,2,0.0,1.0,0,0.02,,accepted,recommended
APP000499,JOB00340,CAN01321,ca_introduction,2025-08-08,1750.0,1300.0,-0.2571428571428571,0.2571428571428571,True,2.0,1,1.0,1.0,1,0.12000000000000001,,accepted,recommended
APP000500,JOB00072,CAN01463,ca_introduction,2025-08-08,1550.0,1550.0,0.0,0.0,True,3.0,2,1.0,1.0,1,0.02,,accepted,recommended
APP000501,JOB00069,CAN00661,ca_introduction,2025-08-09,2900.0,2550.0,-0.1206896551724138,0.1206896551724138,True,3.0,3,0.0,1.0,1,0.08,,accepted,recommended
APP000502,JOB00129,CAN00661,ca_introduction,2025-08-09,2900.0,2850.0,-0.017241379310344827,0.017241379310344827,True,3.0,4,-1.0,1.0,1,0.02,,,screened_out
APP000503,JOB00062,CAN00799,ca_introduction,2025-08-09,1550.0,1600.0,0.03225806451612903,0.0,True,2.0,2,0.0,1.0,0,0.02,,accepted,recommended
APP000504,JOB00350,CAN00799,ca_introduction,2025-08-09,1550.0,1550.0,0.0,0.0,True,2.0,2,0.0,1.0,2,0.02,,accepted,recommended
APP000505,JOB00088,CAN00630,self_entry,2025-08-09,1200.0,1200.0,0.0,0.0,True,1.0,1,0.0,1.0,3,0.04,,rejected,rejected
APP000506,JOB00311,CAN00316,ca_introduction,2025-08-10,1750.0,1650.0,-0.05714285714285714,0.05714285714285714,True,2.0,2,0.0,1.0,0,0.05,,accepted,recommended
APP000507,JOB00005,CAN01586,ca_introduction,2025-08-10,2650.0,2250.0,-0.1509433962264151,0.1509433962264151,True,3.0,4,-1.0,1.0,1,0.12000000000000001,,,screened_out
APP000508,JOB00230,CAN00274,ca_introduction,2025-08-11,2000.0,2000.0,0.0,0.0,True,2.0,3,-1.0,1.0,3,0.04,,rejected,rejected
APP000509,JOB00278,CAN01094,ca_introduction,2025-08-11,1300.0,1500.0,0.15384615384615385,0.0,True,1.0,2,-1.0,1.0,1,0.02,,accepted,recommended
APP000510,JOB00161,CAN01082,ca_introduction,2025-08-11,2650.0,2800.0,0.05660377358490566,0.0,True,5.0,5,0.0,1.0,2,0.02,,,screened_out
APP000511,JOB00036,CAN00816,ca_introduction,2025-08-12,1950.0,1950.0,0.0,0.0,True,3.0,3,0.0,1.0,0,0.02,,accepted,recommended
APP000512,JOB00187,CAN00816,ca_introduction,2025-08-12,1950.0,2200.0,0.1282051282051282,0.0,True,3.0,4,-1.0,1.0,2,0.02,,,screened_out
APP000513,JOB00180,CAN01425,ca_introduction,2025-08-12,3250.0,3000.0,-0.07692307692307693,0.07692307692307693,True,4.0,4,0.0,1.0,1,0.05,,accepted,recommended
APP000514,JOB00062,CAN00387,ca_introduction,2025-08-12,1700.0,1600.0,-0.058823529411764705,0.058823529411764705,True,3.0,2,1.0,1.0,1,0.05,,accepted,recommended
APP000515,JOB00249,CAN00553,ca_introduction,2025-08-12,1850.0,2150.0,0.16216216216216217,0.0,True,3.0,3,0.0,1.0,0,0.02,,,screened_out
APP000516,JOB00082,CAN01261,ca_introduction,2025-08-12,3500.0,3200.0,-0.08571428571428572,0.08571428571428572,True,4.0,4,0.0,1.0,0,0.05,,accepted,recommended
APP000517,JOB00151,CAN01261,ca_introduction,2025-08-12,3500.0,3350.0,-0.04285714285714286,0.04285714285714286,True,4.0,4,0.0,1.0,1,0.02,,accepted,recommended
APP000518,JOB00090,CAN00244,self_entry,2025-08-12,1200.0,1300.0,0.08333333333333333,0.0,True,1.0,1,0.0,1.0,3,0.04,,accepted,recommended
APP000519,JOB00049,CAN01884,ca_introduction,2025-08-13,1500.0,1500.0,0.0,0.0,True,2.0,2,0.0,1.0,2,0.02,,accepted,recommended
APP000520,JOB00072,CAN01092,ca_introduction,2025-08-13,1550.0,1550.0,0.0,0.0,True,2.0,2,0.0,1.0,1,0.02,,accepted,recommended
APP000521,JOB00085,CAN00724,ca_introduction,2025-08-14,1300.0,1500.0,0.15384615384615385,0.0,True,1.0,2,-1.0,1.0,0,0.02,,accepted,recommended
APP000522,JOB00150,CAN01416,ca_introduction,2025-08-14,1900.0,2000.0,0.05263157894736842,0.0,False,,2,,1.0,1,0.02,,,screened_out
APP000523,JOB00009,CAN01016,ca_introduction,2025-08-14,2050.0,2100.0,0.024390243902439025,0.0,True,3.0,2,1.0,1.0,1,0.02,,accepted,recommended
APP000524,JOB00340,CAN00340,ca_introduction,2025-08-15,1250.0,1300.0,0.04,0.0,True,1.0,1,0.0,1.0,0,0.02,,accepted,recommended
APP000525,JOB00113,CAN00340,ca_introduction,2025-08-15,1250.0,1450.0,0.16,0.0,True,1.0,1,0.0,1.0,0,0.02,,rejected,rejected
APP000526,JOB00235,CAN00548,ca_introduction,2025-08-15,3350.0,3050.0,-0.08955223880597014,0.08955223880597014,True,4.0,4,0.0,1.0,2,0.05,,accepted,recommended
APP000527,JOB00342,CAN01585,ca_introduction,2025-08-15,2150.0,2150.0,0.0,0.0,True,2.0,3,-1.0,1.0,1,0.02,,accepted,recommended
APP000528,JOB00276,CAN01585,ca_introduction,2025-08-15,2150.0,2200.0,0.023255813953488372,0.0,True,2.0,3,-1.0,1.0,3,0.04,,accepted,recommended
APP000529,JOB00097,CAN01617,ca_introduction,2025-08-15,2150.0,2200.0,0.023255813953488372,0.0,True,3.0,4,-1.0,1.0,3,0.04,,accepted,recommended
APP000530,JOB00062,CAN01924,self_entry,2025-08-15,1900.0,1600.0,-0.15789473684210525,0.15789473684210525,False,,2,,1.0,1,0.12000000000000001,,,screened_out
APP000531,JOB00151,CAN00548,ca_introduction,2025-08-16,3350.0,3350.0,0.0,0.0,True,4.0,4,0.0,1.0,2,0.02,,accepted,recommended
APP000532,JOB00108,CAN01617,ca_introduction,2025-08-16,2150.0,2200.0,0.023255813953488372,0.0,True,3.0,3,0.0,1.0,2,0.02,,accepted,recommended
APP000533,JOB00304,CAN00727,ca_introduction,2025-08-16,2700.0,2600.0,-0.037037037037037035,0.037037037037037035,True,3.0,3,0.0,1.0,2,0.02,,accepted,recommended
APP000534,JOB00314,CAN00926,ca_introduction,2025-08-16,2200.0,1950.0,-0.11363636363636363,0.11363636363636363,True,3.0,3,0.0,1.0,1,0.08,,rejected,rejected
APP000535,JOB00028,CAN00360,ca_introduction,2025-08-17,1200.0,1300.0,0.08333333333333333,0.0,True,1.0,1,0.0,1.0,2,0.02,,accepted,recommended
APP000536,JOB00079,CAN01372,ca_introduction,2025-08-17,2500.0,3000.0,0.2,0.0,True,4.0,4,0.0,1.0,1,0.02,,accepted,recommended
APP000537,JOB00180,CAN01372,ca_introduction,2025-08-17,2500.0,3000.0,0.2,0.0,True,4.0,4,0.0,1.0,3,0.04,,accepted,recommended
APP000538,JOB00018,CAN01396,ca_introduction,2025-08-17,1200.0,1450.0,0.20833333333333334,0.0,True,1.0,1,0.0,1.0,0,0.02,,accepted,recommended
APP000539,JOB00131,CAN01662,ca_introduction,2025-08-17,2150.0,2200.0,0.023255813953488372,0.0,True,3.0,3,0.0,1.0,0,0.02,,accepted,recommended
APP000540,JOB00116,CAN00614,self_entry,2025-08-17,1350.0,2000.0,0.48148148148148145,0.0,False,,3,,1.0,0,0.02,,,screened_out
APP000541,JOB00261,CAN00928,ca_introduction,2025-08-18,2150.0,2200.0,0.023255813953488372,0.0,True,2.0,3,-1.0,1.0,1,0.02,,accepted,recommended
APP000542,JOB00178,CAN01396,ca_introduction,2025-08-18,1200.0,1300.0,0.08333333333333333,0.0,True,1.0,1,0.0,1.0,2,0.02,,accepted,recommended
APP000543,JOB00167,CAN01001,ca_introduction,2025-08-18,3050.0,2650.0,-0.13114754098360656,0.13114754098360656,True,4.0,4,0.0,1.0,2,0.08,,accepted,recommended
APP000544,JOB00028,CAN01420,ca_introduction,2025-08-18,1200.0,1300.0,0.08333333333333333,0.0,True,1.0,1,0.0,1.0,2,0.02,,rejected,rejected
APP000545,JOB00072,CAN01744,ca_introduction,2025-08-18,1500.0,1550.0,0.03333333333333333,0.0,True,2.0,2,0.0,1.0,3,0.04,,accepted,recommended
APP000546,JOB00138,CAN01310,ca_introduction,2025-08-19,2150.0,2750.0,0.27906976744186046,0.0,True,4.0,4,0.0,1.0,1,0.02,,,screened_out
APP000547,JOB00163,CAN01463,ca_introduction,2025-08-19,1550.0,1550.0,0.0,0.0,True,3.0,2,1.0,1.0,0,0.02,,accepted,recommended
APP000548,JOB00192,CAN00902,ca_introduction,2025-08-20,2350.0,2050.0,-0.1276595744680851,0.1276595744680851,True,3.0,3,0.0,1.0,3,0.1,,rejected,rejected
APP000549,JOB00200,CAN00981,ca_introduction,2025-08-20,1200.0,1200.0,0.0,0.0,True,1.0,1,0.0,1.0,1,0.02,,accepted,recommended
APP000550,JOB00176,CAN00981,ca_introduction,2025-08-20,1200.0,1400.0,0.16666666666666666,0.0,True,1.0,2,-1.0,1.0,1,0.02,,rejected,rejected
APP000551,JOB00338,CAN01706,self_entry,2025-08-20,2000.0,2250.0,0.125,0.0,True,2.0,3,-1.0,1.0,2,0.02,,,screened_out
APP000552,JOB00116,CAN00678,ca_introduction,2025-08-21,2650.0,2000.0,-0.24528301886792453,0.24528301886792453,True,3.0,3,0.0,1.0,3,0.14,,,screened_out
APP000553,JOB00090,CAN00724,ca_introduction,2025-08-21,1300.0,1300.0,0.0,0.0,True,1.0,1,0.0,1.0,2,0.02,,accepted,recommended
APP000554,JOB00032,CAN00745,ca_introduction,2025-08-21,2300.0,2350.0,0.021739130434782608,0.0,True,3.0,4,-1.0,1.0,1,0.02,,,screened_out
APP000555,JOB00131,CAN00869,ca_introduction,2025-08-21,2200.0,2200.0,0.0,0.0,True,3.0,3,0.0,1.0,0,0.02,,accepted,recommended
APP000556,JOB00162,CAN00844,ca_introduction,2025-08-21,1550.0,1600.0,0.03225806451612903,0.0,True,2.0,2,0.0,1.0,1,0.02,,accepted,recommended
APP000557,JOB00052,CAN01585,self_entry,2025-08-21,2150.0,1900.0,-0.11627906976744186,0.11627906976744186,True,2.0,2,0.0,1.0,4,0.1,,accepted,recommended
APP000558,JOB00176,CAN00993,ca_introduction,2025-08-22,1400.0,1400.0,0.0,0.0,True,1.0,2,-1.0,1.0,0,0.02,,accepted,recommended
APP000559,JOB00191,CAN01456,self_entry,2025-08-22,3050.0,2100.0,-0.3114754098360656,0.3114754098360656,False,,3,,1.0,1,0.12000000000000001,,rejected,rejected
APP000560,JOB00350,CAN01726,ca_introduction,2025-08-23,1450.0,1550.0,0.06896551724137931,0.0,True,1.0,2,-1.0,1.0,2,0.02,,rejected,rejected
APP000561,JOB00350,CAN01463,self_entry,2025-08-23,1550.0,1550.0,0.0,0.0,True,3.0,2,1.0,1.0,0,0.02,,accepted,recommended
APP000562,JOB00273,CAN01202,ca_introduction,2025-08-24,1200.0,1250.0,0.041666666666666664,0.0,False,,1,,1.0,1,0.02,,accepted,recommended
APP000563,JOB00295,CAN01628,ca_introduction,2025-08-24,2150.0,2200.0,0.023255813953488372,0.0,True,3.0,3,0.0,1.0,0,0.02,,accepted,recommended
APP000564,JOB00107,CAN01548,self_entry,2025-08-24,2300.0,1400.0,-0.391304347826087,0.391304347826087,False,,1,,1.0,2,0.12000000000000001,,rejected,rejected
APP000565,JOB00249,CAN01628,ca_introduction,2025-08-25,2150.0,2150.0,0.0,0.0,True,3.0,3,0.0,1.0,1,0.02,,,screened_out
APP000566,JOB00108,CAN00228,ca_introduction,2025-08-25,2250.0,2200.0,-0.022222222222222223,0.022222222222222223,True,4.0,3,1.0,1.0,0,0.02,,accepted,recommended
APP000567,JOB00043,CAN01026,ca_introduction,2025-08-25,3150.0,3000.0,-0.047619047619047616,0.047619047619047616,True,4.0,5,-1.0,1.0,1,0.02,,accepted,recommended
APP000568,JOB00229,CAN00073,self_entry,2025-08-25,2100.0,2000.0,-0.047619047619047616,0.047619047619047616,True,3.0,3,0.0,1.0,2,0.02,,,screened_out
APP000569,JOB00139,CAN00236,ca_introduction,2025-08-26,1950.0,2150.0,0.10256410256410256,0.0,False,,2,,1.0,1,0.02,,,screened_out
APP000570,JOB00248,CAN00492,ca_introduction,2025-08-26,1700.0,1650.0,-0.029411764705882353,0.029411764705882353,True,2.0,2,0.0,1.0,1,0.02,,accepted,recommended
APP000571,JOB00018,CAN00060,ca_introduction,2025-08-26,1350.0,1450.0,0.07407407407407407,0.0,True,1.0,1,0.0,1.0,1,0.02,,rejected,rejected
APP000572,JOB00175,CAN00487,ca_introduction,2025-08-26,3350.0,3200.0,-0.04477611940298507,0.04477611940298507,True,4.0,4,0.0,1.0,2,0.02,,rejected,rejected
APP000573,JOB00299,CAN01914,ca_introduction,2025-08-26,2200.0,1900.0,-0.13636363636363635,0.13636363636363635,True,3.0,3,0.0,1.0,1,0.08,,accepted,recommended
APP000574,JOB00299,CAN00730,self_entry,2025-08-26,2800.0,1900.0,-0.32142857142857145,0.32142857142857145,True,3.0,3,0.0,1.0,2,0.12000000000000001,,accepted,recommended
APP000575,JOB00006,CAN00487,ca_introduction,2025-08-27,3350.0,3050.0,-0.08955223880597014,0.08955223880597014,True,4.0,4,0.0,1.0,2,0.05,,accepted,recommended
APP000576,JOB00192,CAN01914,ca_introduction,2025-08-27,2200.0,2050.0,-0.06818181818181818,0.06818181818181818,True,3.0,3,0.0,1.0,0,0.05,,accepted,recommended
APP000577,JOB00077,CAN00213,ca_introduction,2025-08-28,3150.0,2900.0,-0.07936507936507936,0.07936507936507936,True,4.0,4,0.0,1.0,2,0.05,,accepted,recommended
APP000578,JOB00276,CAN00274,ca_introduction,2025-08-28,2000.0,2200.0,0.1,0.0,True,2.0,3,-1.0,1.0,0,0.02,,rejected,rejected
APP000579,JOB00005,CAN01721,ca_introduction,2025-08-29,2700.0,2250.0,-0.16666666666666666,0.16666666666666666,True,4.0,4,0.0,1.0,2,0.12000000000000001,,accepted,recommended
APP000580,JOB00294,CAN01056,ca_introduction,2025-08-29,2800.0,2800.0,0.0,0.0,True,4.0,4,0.0,1.0,2,0.02,,rejected,rejected
APP000581,JOB00276,CAN01142,ca_introduction,2025-08-29,2350.0,2200.0,-0.06382978723404255,0.06382978723404255,True,4.0,3,1.0,1.0,1,0.05,,rejected,rejected
APP000582,JOB00349,CAN00639,self_entry,2025-08-29,1200.0,1400.0,0.16666666666666666,0.0,True,1.0,1,0.0,1.0,2,0.02,,accepted,recommended
APP000583,JOB00095,CAN01356,ca_introduction,2025-08-30,1900.0,2100.0,0.10526315789473684,0.0,True,3.0,3,0.0,1.0,1,0.02,,accepted,recommended
APP000584,JOB00283,CAN00316,ca_introduction,2025-08-30,1750.0,1500.0,-0.14285714285714285,0.14285714285714285,True,2.0,2,0.0,1.0,1,0.08,,,screened_out
APP000585,JOB00179,CAN00561,ca_introduction,2025-08-30,1950.0,1450.0,-0.2564102564102564,0.2564102564102564,True,3.0,3,0.0,1.0,2,0.12000000000000001,,accepted,recommended
APP000586,JOB00311,CAN00561,ca_introduction,2025-08-30,1950.0,1650.0,-0.15384615384615385,0.15384615384615385,True,3.0,2,1.0,1.0,0,0.12000000000000001,,,screened_out
APP000587,JOB00085,CAN00664,ca_introduction,2025-08-30,1450.0,1500.0,0.034482758620689655,0.0,True,1.0,2,-1.0,1.0,1,0.02,,accepted,recommended
APP000588,JOB00018,CAN01014,ca_introduction,2025-08-30,1300.0,1450.0,0.11538461538461539,0.0,True,1.0,1,0.0,1.0,3,0.04,pre_recommendation,,withdrawn
APP000589,JOB00069,CAN00727,ca_introduction,2025-08-31,2700.0,2550.0,-0.05555555555555555,0.05555555555555555,True,3.0,3,0.0,1.0,2,0.05,,rejected,rejected
APP000590,JOB00060,CAN00928,ca_introduction,2025-08-31,2150.0,2050.0,-0.046511627906976744,0.046511627906976744,True,2.0,3,-1.0,1.0,1,0.02,,,screened_out
APP000591,JOB00108,CAN00928,ca_introduction,2025-08-31,2150.0,2200.0,0.023255813953488372,0.0,True,2.0,3,-1.0,1.0,0,0.02,,accepted,recommended
APP000592,JOB00187,CAN00795,ca_introduction,2025-09-01,2200.0,2200.0,0.0,0.0,True,3.0,4,-1.0,1.1506352087114338,5,0.07,,rejected,rejected
APP000593,JOB00108,CAN01644,ca_introduction,2025-09-01,2050.0,2200.0,0.07317073170731707,0.0,True,3.0,3,0.0,1.1506352087114338,2,0.02,,accepted,recommended
APP000594,JOB00271,CAN00981,self_entry,2025-09-01,1200.0,1200.0,0.0,0.0,True,1.0,1,0.0,1.1506352087114338,1,0.02,,accepted,recommended
APP000595,JOB00137,CAN01527,ca_introduction,2025-09-02,3300.0,3100.0,-0.06060606060606061,0.06060606060606061,True,4.0,4,0.0,1.1506352087114338,2,0.05,,rejected,rejected
APP000596,JOB00124,CAN01902,ca_introduction,2025-09-02,3200.0,2950.0,-0.078125,0.078125,True,3.0,3,0.0,1.1506352087114338,2,0.05,,accepted,recommended
APP000597,JOB00095,CAN00051,ca_introduction,2025-09-02,2050.0,2100.0,0.024390243902439025,0.0,True,3.0,3,0.0,1.1506352087114338,1,0.02,,accepted,recommended
APP000598,JOB00018,CAN00981,ca_introduction,2025-09-02,1200.0,1450.0,0.20833333333333334,0.0,True,1.0,1,0.0,1.1506352087114338,0,0.02,,accepted,recommended
APP000599,JOB00243,CAN01256,ca_introduction,2025-09-02,1700.0,1600.0,-0.058823529411764705,0.058823529411764705,True,3.0,2,1.0,1.1506352087114338,1,0.05,,accepted,recommended
APP000600,JOB00062,CAN01256,ca_introduction,2025-09-02,1700.0,1600.0,-0.058823529411764705,0.058823529411764705,True,3.0,2,1.0,1.1506352087114338,1,0.05,,accepted,recommended
APP000601,JOB00144,CAN01420,ca_introduction,2025-09-02,1200.0,1200.0,0.0,0.0,True,1.0,1,0.0,1.1506352087114338,0,0.02,,accepted,recommended
APP000602,JOB00225,CAN00614,self_entry,2025-09-02,1350.0,1200.0,-0.1111111111111111,0.1111111111111111,True,1.0,1,0.0,1.1506352087114338,4,0.1,,accepted,recommended
APP000603,JOB00187,CAN01887,self_entry,2025-09-02,2150.0,2200.0,0.023255813953488372,0.0,True,3.0,4,-1.0,1.1506352087114338,0,0.02,,,screened_out
APP000604,JOB00214,CAN01420,ca_introduction,2025-09-03,1200.0,1200.0,0.0,0.0,True,1.0,1,0.0,1.1506352087114338,2,0.02,,accepted,recommended
APP000605,JOB00180,CAN00213,ca_introduction,2025-09-03,3150.0,3000.0,-0.047619047619047616,0.047619047619047616,True,4.0,4,0.0,1.1506352087114338,2,0.02,,accepted,recommended
APP000606,JOB00154,CAN00329,ca_introduction,2025-09-03,2700.0,2950.0,0.09259259259259259,0.0,True,3.0,4,-1.0,1.1506352087114338,3,0.04,,rejected,rejected
APP000607,JOB00018,CAN00993,ca_introduction,2025-09-03,1400.0,1450.0,0.03571428571428571,0.0,True,1.0,1,0.0,1.1506352087114338,4,0.04,,accepted,recommended
APP000608,JOB00113,CAN00993,ca_introduction,2025-09-03,1400.0,1450.0,0.03571428571428571,0.0,True,1.0,1,0.0,1.1506352087114338,2,0.02,,,screened_out
APP000609,JOB00005,CAN01788,ca_introduction,2025-09-03,2500.0,2250.0,-0.1,0.1,True,4.0,4,0.0,1.1506352087114338,3,0.1,,accepted,recommended
APP000610,JOB00294,CAN00727,self_entry,2025-09-03,2700.0,2800.0,0.037037037037037035,0.0,True,3.0,4,-1.0,1.1506352087114338,3,0.04,,accepted,recommended
APP000611,JOB00009,CAN00745,ca_introduction,2025-09-04,2300.0,2100.0,-0.08695652173913043,0.08695652173913043,True,3.0,2,1.0,1.1506352087114338,4,0.07,,accepted,recommended
APP000612,JOB00302,CAN01788,ca_introduction,2025-09-04,2500.0,2150.0,-0.14,0.14,True,4.0,3,1.0,1.1506352087114338,4,0.1,,accepted,recommended
APP000613,JOB00032,CAN01788,ca_introduction,2025-09-04,2500.0,2350.0,-0.06,0.06,True,4.0,4,0.0,1.1506352087114338,4,0.07,,rejected,rejected
APP000614,JOB00085,CAN00434,self_entry,2025-09-04,1200.0,1500.0,0.25,0.0,False,,2,,1.1506352087114338,2,0.02,,,screened_out
APP000615,JOB00312,CAN01091,self_entry,2025-09-04,2000.0,1400.0,-0.3,0.3,True,1.0,1,0.0,1.1506352087114338,1,0.12000000000000001,,accepted,recommended
APP000616,JOB00174,CAN01212,self_entry,2025-09-04,1550.0,1850.0,0.1935483870967742,0.0,False,,3,,1.1506352087114338,0,0.02,,,screened_out
APP000617,JOB00338,CAN01428,self_entry,2025-09-04,2200.0,2250.0,0.022727272727272728,0.0,True,3.0,3,0.0,1.1506352087114338,4,0.04,,accepted,recommended
APP000618,JOB00079,CAN00164,ca_introduction,2025-09-05,3100.0,3000.0,-0.03225806451612903,0.03225806451612903,True,4.0,4,0.0,1.1506352087114338,3,0.04,,accepted,recommended
APP000619,JOB00107,CAN01469,ca_introduction,2025-09-05,1400.0,1400.0,0.0,0.0,True,1.0,1,0.0,1.1506352087114338,1,0.02,,accepted,recommended
APP000620,JOB00312,CAN00194,self_entry,2025-09-05,1200.0,1400.0,0.16666666666666666,0.0,True,1.0,1,0.0,1.1506352087114338,3,0.04,,accepted,recommended
APP000621,JOB00312,CAN00728,self_entry,2025-09-05,1400.0,1400.0,0.0,0.0,True,1.0,1,0.0,1.1506352087114338,2,0.02,,accepted,recommended
APP000622,JOB00302,CAN00752,self_entry,2025-09-05,2350.0,2150.0,-0.0851063829787234,0.0851063829787234,True,3.0,3,0.0,1.1506352087114338,3,0.07,,accepted,recommended
APP000623,JOB00125,CAN01742,ca_introduction,2025-09-06,1250.0,1300.0,0.04,0.0,True,1.0,1,0.0,1.1506352087114338,3,0.04,,accepted,recommended
APP000624,JOB00259,CAN01742,ca_introduction,2025-09-06,1250.0,1200.0,-0.04,0.04,True,1.0,1,0.0,1.1506352087114338,2,0.02,,accepted,recommended
APP000625,JOB00118,CAN01585,self_entry,2025-09-06,2150.0,2850.0,0.32558139534883723,0.0,False,,5,,1.1506352087114338,1,0.02,,,screened_out
APP000626,JOB00035,CAN00487,ca_introduction,2025-09-07,3350.0,3150.0,-0.05970149253731343,0.05970149253731343,True,4.0,4,0.0,1.1506352087114338,2,0.05,,accepted,recommended
APP000627,JOB00243,CAN01896,ca_introduction,2025-09-07,1350.0,1600.0,0.18518518518518517,0.0,True,1.0,2,-1.0,1.1506352087114338,1,0.02,,rejected,rejected
APP000628,JOB00299,CAN00110,self_entry,2025-09-07,2250.0,1900.0,-0.15555555555555556,0.15555555555555556,False,,3,,1.1506352087114338,4,0.14,,,screened_out
APP000629,JOB00118,CAN00422,self_entry,2025-09-07,3050.0,2850.0,-0.06557377049180328,0.06557377049180328,True,5.0,5,0.0,1.1506352087114338,2,0.05,,accepted,recommended
APP000630,JOB00228,CAN00939,self_entry,2025-09-07,1600.0,1600.0,0.0,0.0,True,2.0,2,0.0,1.1506352087114338,3,0.04,,accepted,recommended
APP000631,JOB00020,CAN01082,self_entry,2025-09-07,2650.0,2000.0,-0.24528301886792453,0.24528301886792453,False,,3,,1.1506352087114338,1,0.12000000000000001,,rejected,rejected
APP000632,JOB00167,CAN01755,self_entry,2025-09-07,1500.0,2650.0,0.7666666666666667,0.0,False,,4,,1.1506352087114338,4,0.04,,,screened_out
APP000633,JOB00085,CAN01915,self_entry,2025-09-07,1450.0,1500.0,0.034482758620689655,0.0,True,1.0,2,-1.0,1.1506352087114338,1,0.02,,accepted,recommended
APP000634,JOB00064,CAN00126,ca_introduction,2025-09-08,1200.0,1200.0,0.0,0.0,True,1.0,1,0.0,1.1506352087114338,2,0.02,,accepted,recommended
APP000635,JOB00071,CAN00492,ca_introduction,2025-09-08,1700.0,1400.0,-0.17647058823529413,0.17647058823529413,True,2.0,2,0.0,1.1506352087114338,0,0.12000000000000001,,accepted,recommended
APP000636,JOB00311,CAN01213,ca_introduction,2025-09-08,1500.0,1650.0,0.1,0.0,True,3.0,2,1.0,1.1506352087114338,1,0.02,,accepted,recommended
APP000637,JOB00062,CAN01896,ca_introduction,2025-09-08,1350.0,1600.0,0.18518518518518517,0.0,True,1.0,2,-1.0,1.1506352087114338,2,0.02,,rejected,rejected
APP000638,JOB00276,CAN00257,ca_introduction,2025-09-08,2350.0,2200.0,-0.06382978723404255,0.06382978723404255,True,3.0,3,0.0,1.1506352087114338,1,0.05,,rejected,rejected
APP000639,JOB00079,CAN00287,ca_introduction,2025-09-08,2900.0,3000.0,0.034482758620689655,0.0,True,4.0,4,0.0,1.1506352087114338,1,0.02,,accepted,recommended
APP000640,JOB00099,CAN00724,self_entry,2025-09-08,1300.0,1350.0,0.038461538461538464,0.0,True,1.0,1,0.0,1.1506352087114338,6,0.07,,accepted,recommended
APP000641,JOB00064,CAN01079,self_entry,2025-09-08,1300.0,1200.0,-0.07692307692307693,0.07692307692307693,True,1.0,1,0.0,1.1506352087114338,2,0.05,,accepted,recommended
APP000642,JOB00329,CAN00287,ca_introduction,2025-09-09,2900.0,2850.0,-0.017241379310344827,0.017241379310344827,True,4.0,4,0.0,1.1506352087114338,1,0.02,,accepted,recommended
APP000643,JOB00062,CAN00333,ca_introduction,2025-09-09,1550.0,1600.0,0.03225806451612903,0.0,True,2.0,2,0.0,1.1506352087114338,1,0.02,,accepted,recommended
APP000644,JOB00108,CAN00735,ca_introduction,2025-09-09,2300.0,2200.0,-0.043478260869565216,0.043478260869565216,True,3.0,3,0.0,1.1506352087114338,2,0.02,,accepted,recommended
APP000645,JOB00198,CAN01341,ca_introduction,2025-09-09,2000.0,2150.0,0.075,0.0,True,3.0,3,0.0,1.1506352087114338,4,0.04,,accepted,recommended
APP000646,JOB00198,CAN00817,self_entry,2025-09-09,1250.0,2150.0,0.72,0.0,True,3.0,3,0.0,1.1506352087114338,3,0.04,,accepted,recommended
APP000647,JOB00228,CAN01911,self_entry,2025-09-09,1200.0,1600.0,0.3333333333333333,0.0,False,,2,,1.1506352087114338,2,0.02,,accepted,recommended
APP000648,JOB00073,CAN01142,ca_introduction,2025-09-10,2350.0,2150.0,-0.0851063829787234,0.0851063829787234,True,4.0,3,1.0,1.1506352087114338,3,0.07,,accepted,recommended
APP000649,JOB00095,CAN01341,ca_introduction,2025-09-10,2000.0,2100.0,0.05,0.0,True,4.0,3,1.0,1.1506352087114338,1,0.02,,accepted,recommended
APP000650,JOB00009,CAN01440,ca_introduction,2025-09-10,2050.0,2100.0,0.024390243902439025,0.0,True,2.0,2,0.0,1.1506352087114338,3,0.04,,accepted,recommended
APP000651,JOB00104,CAN00973,ca_introduction,2025-09-10,3200.0,2950.0,-0.078125,0.078125,True,4.0,4,0.0,1.1506352087114338,4,0.07,,accepted,recommended
APP000652,JOB00079,CAN00973,ca_introduction,2025-09-10,3200.0,3000.0,-0.0625,0.0625,True,4.0,4,0.0,1.1506352087114338,1,0.05,,accepted,recommended
APP000653,JOB00123,CAN01389,ca_introduction,2025-09-10,2150.0,1950.0,-0.09302325581395349,0.09302325581395349,True,3.0,3,0.0,1.1506352087114338,4,0.07,,accepted,recommended
APP000654,JOB00064,CAN00665,ca_introduction,2025-09-11,1250.0,1200.0,-0.04,0.04,True,1.0,1,0.0,1.1506352087114338,2,0.02,,accepted,recommended
APP000655,JOB00113,CAN01459,ca_introduction,2025-09-11,1350.0,1450.0,0.07407407407407407,0.0,True,1.0,1,0.0,1.1506352087114338,1,0.02,,rejected,rejected
APP000656,JOB00060,CAN01644,ca_introduction,2025-09-11,2050.0,2050.0,0.0,0.0,True,3.0,3,0.0,1.1506352087114338,3,0.04,,accepted,recommended
APP000657,JOB00116,CAN01512,self_entry,2025-09-11,2000.0,2000.0,0.0,0.0,True,2.0,3,-1.0,1.1506352087114338,2,0.02,,rejected,rejected
APP000658,JOB00025,CAN01202,ca_introduction,2025-09-12,1200.0,1300.0,0.08333333333333333,0.0,True,1.0,1,0.0,1.1506352087114338,1,0.02,,accepted,recommended
APP000659,JOB00313,CAN01251,self_entry,2025-09-12,1200.0,1600.0,0.3333333333333333,0.0,False,,2,,1.1506352087114338,4,0.04,,accepted,recommended
APP000660,JOB00311,CAN00600,ca_introduction,2025-09-13,1500.0,1650.0,0.1,0.0,True,2.0,2,0.0,1.1506352087114338,1,0.02,,accepted,recommended
APP000661,JOB00064,CAN01106,ca_introduction,2025-09-13,1400.0,1200.0,-0.14285714285714285,0.14285714285714285,True,2.0,1,1.0,1.1506352087114338,1,0.08,,rejected,rejected
APP000662,JOB00073,CAN01503,ca_introduction,2025-09-13,2400.0,2150.0,-0.10416666666666667,0.10416666666666667,True,4.0,3,1.0,1.1506352087114338,4,0.1,,rejected,rejected
APP000663,JOB00172,CAN01503,ca_introduction,2025-09-13,2400.0,2200.0,-0.08333333333333333,0.08333333333333333,True,4.0,3,1.0,1.1506352087114338,2,0.05,,accepted,recommended
APP000664,JOB00071,CAN00820,ca_introduction,2025-09-13,1500.0,1400.0,-0.06666666666666667,0.06666666666666667,True,1.0,2,-1.0,1.1506352087114338,3,0.07,,accepted,recommended
APP000665,JOB00340,CAN01890,ca_introduction,2025-09-13,1200.0,1300.0,0.08333333333333333,0.0,True,1.0,1,0.0,1.1506352087114338,1,0.02,,accepted,recommended
APP000666,JOB00349,CAN00695,self_entry,2025-09-13,1350.0,1400.0,0.037037037037037035,0.0,True,1.0,1,0.0,1.1506352087114338,4,0.04,,accepted,recommended
APP000667,JOB00212,CAN00799,self_entry,2025-09-13,1550.0,1450.0,-0.06451612903225806,0.06451612903225806,True,2.0,2,0.0,1.1506352087114338,1,0.05,,accepted,recommended
APP000668,JOB00163,CAN01888,ca_introduction,2025-09-14,1600.0,1550.0,-0.03125,0.03125,True,2.0,2,0.0,1.1506352087114338,3,0.04,,accepted,recommended
APP000669,JOB00281,CAN00531,ca_introduction,2025-09-14,2000.0,1900.0,-0.05,0.05,True,3.0,3,0.0,1.1506352087114338,3,0.07,,accepted,recommended
APP000670,JOB00192,CAN00531,ca_introduction,2025-09-15,2000.0,2050.0,0.025,0.0,True,3.0,3,0.0,1.1506352087114338,0,0.02,,accepted,recommended
APP000671,JOB00243,CAN00411,ca_introduction,2025-09-15,1600.0,1600.0,0.0,0.0,True,2.0,2,0.0,1.1506352087114338,6,0.07,,accepted,recommended
APP000672,JOB00166,CAN00411,ca_introduction,2025-09-15,1600.0,1550.0,-0.03125,0.03125,True,2.0,3,-1.0,1.1506352087114338,1,0.02,,accepted,recommended
APP000673,JOB00073,CAN01356,ca_introduction,2025-09-15,1900.0,2150.0,0.13157894736842105,0.0,True,3.0,3,0.0,1.1506352087114338,1,0.02,,rejected,rejected
APP000674,JOB00311,CAN00943,ca_introduction,2025-09-16,1850.0,1650.0,-0.10810810810810811,0.10810810810810811,True,3.0,2,1.0,1.1506352087114338,4,0.1,,,screened_out
APP000675,JOB00237,CAN00179,ca_introduction,2025-09-16,2300.0,2400.0,0.043478260869565216,0.0,True,3.0,4,-1.0,1.1506352087114338,0,0.02,,,screened_out
APP000676,JOB00024,CAN01333,ca_introduction,2025-09-16,1200.0,1350.0,0.125,0.0,True,1.0,1,0.0,1.1506352087114338,2,0.02,,accepted,recommended
APP000677,JOB00284,CAN00638,ca_introduction,2025-09-17,2700.0,1950.0,-0.2777777777777778,0.2777777777777778,True,3.0,3,0.0,1.1506352087114338,1,0.12000000000000001,,accepted,recommended
APP000678,JOB00214,CAN01333,ca_introduction,2025-09-17,1200.0,1200.0,0.0,0.0,True,1.0,1,0.0,1.1506352087114338,2,0.02,,accepted,recommended
APP000679,JOB00144,CAN00522,ca_introduction,2025-09-17,1200.0,1200.0,0.0,0.0,True,1.0,1,0.0,1.1506352087114338,0,0.02,,,screened_out
APP000680,JOB00214,CAN00522,ca_introduction,2025-09-17,1200.0,1200.0,0.0,0.0,True,1.0,1,0.0,1.1506352087114338,3,0.04,,accepted,recommended
APP000681,JOB00154,CAN01157,ca_introduction,2025-09-17,2950.0,2950.0,0.0,0.0,True,4.0,4,0.0,1.1506352087114338,3,0.04,,accepted,recommended
APP000682,JOB00313,CAN01902,self_entry,2025-09-17,3200.0,1600.0,-0.5,0.5,False,,2,,1.1506352087114338,1,0.12000000000000001,,rejected,rejected
APP000683,JOB00025,CAN01014,ca_introduction,2025-09-18,1300.0,1300.0,0.0,0.0,True,1.0,1,0.0,1.1506352087114338,1,0.02,,accepted,recommended
APP000684,JOB00291,CAN01014,ca_introduction,2025-09-18,1300.0,1350.0,0.038461538461538464,0.0,True,1.0,1,0.0,1.1506352087114338,2,0.02,,accepted,recommended
APP000685,JOB00020,CAN01341,ca_introduction,2025-09-18,2000.0,2000.0,0.0,0.0,True,4.0,3,1.0,1.1506352087114338,3,0.04,,,screened_out
APP000686,JOB00156,CAN01631,ca_introduction,2025-09-18,3300.0,3050.0,-0.07575757575757576,0.07575757575757576,True,4.0,4,0.0,1.1506352087114338,3,0.07,,accepted,recommended
APP000687,JOB00124,CAN01527,ca_introduction,2025-09-18,3300.0,2950.0,-0.10606060606060606,0.10606060606060606,True,4.0,3,1.0,1.1506352087114338,2,0.08,,rejected,rejected
APP000688,JOB00317,CAN00715,ca_introduction,2025-09-19,2350.0,2300.0,-0.02127659574468085,0.02127659574468085,True,3.0,3,0.0,1.1506352087114338,0,0.02,,accepted,recommended
APP000689,JOB00017,CAN01766,ca_introduction,2025-09-19,2000.0,2900.0,0.45,0.0,True,4.0,4,0.0,1.1506352087114338,2,0.02,,accepted,recommended
APP000690,JOB00085,CAN01839,ca_introduction,2025-09-19,1350.0,1500.0,0.1111111111111111,0.0,True,2.0,2,0.0,1.1506352087114338,3,0.04,,accepted,recommended
APP000691,JOB00100,CAN01857,ca_introduction,2025-09-19,3050.0,2750.0,-0.09836065573770492,0.09836065573770492,True,4.0,4,0.0,1.1506352087114338,4,0.07,,accepted,recommended
APP000692,JOB00011,CAN00042,ca_introduction,2025-09-19,1200.0,1200.0,0.0,0.0,True,1.0,1,0.0,1.1506352087114338,0,0.02,pre_recommendation,,withdrawn
APP000693,JOB00166,CAN01213,ca_introduction,2025-09-19,1500.0,1550.0,0.03333333333333333,0.0,True,3.0,3,0.0,1.1506352087114338,4,0.04,,rejected,rejected
APP000694,JOB00338,CAN01440,ca_introduction,2025-09-20,2050.0,2250.0,0.0975609756097561,0.0,True,2.0,3,-1.0,1.1506352087114338,4,0.04,,,screened_out
APP000695,JOB00295,CAN00735,ca_introduction,2025-09-20,2300.0,2200.0,-0.043478260869565216,0.043478260869565216,True,3.0,3,0.0,1.1506352087114338,1,0.02,,accepted,recommended
APP000696,JOB00182,CAN01094,self_entry,2025-09-20,1300.0,1450.0,0.11538461538461539,0.0,True,1.0,2,-1.0,1.1506352087114338,4,0.04,,rejected,rejected
APP000697,JOB00213,CAN01389,self_entry,2025-09-20,2150.0,3100.0,0.4418604651162791,0.0,False,,5,,1.1506352087114338,4,0.04,,,screened_out
APP000698,JOB00237,CAN00211,ca_introduction,2025-09-21,2400.0,2400.0,0.0,0.0,True,4.0,4,0.0,1.1506352087114338,1,0.02,,rejected,rejected
APP000699,JOB00172,CAN00257,ca_introduction,2025-09-21,2350.0,2200.0,-0.06382978723404255,0.06382978723404255,True,3.0,3,0.0,1.1506352087114338,1,0.05,,accepted,recommended
APP000700,JOB00244,CAN00973,ca_introduction,2025-09-21,3200.0,3150.0,-0.015625,0.015625,True,4.0,4,0.0,1.1506352087114338,3,0.04,,accepted,recommended
APP000701,JOB00179,CAN01410,ca_introduction,2025-09-21,1750.0,1450.0,-0.17142857142857143,0.17142857142857143,True,3.0,3,0.0,1.1506352087114338,4,0.14,,accepted,recommended
APP000702,JOB00012,CAN01469,ca_introduction,2025-09-21,1400.0,1450.0,0.03571428571428571,0.0,True,1.0,2,-1.0,1.1506352087114338,2,0.02,,,screened_out
APP000703,JOB00299,CAN01908,ca_introduction,2025-09-21,2100.0,1900.0,-0.09523809523809523,0.09523809523809523,True,3.0,3,0.0,1.1506352087114338,2,0.05,,rejected,rejected
APP000704,JOB00192,CAN01908,ca_introduction,2025-09-21,2100.0,2050.0,-0.023809523809523808,0.023809523809523808,True,3.0,3,0.0,1.1506352087114338,2,0.02,,accepted,recommended
APP000705,JOB00190,CAN01395,self_entry,2025-09-21,2350.0,2200.0,-0.06382978723404255,0.06382978723404255,False,,4,,1.1506352087114338,4,0.07,,,screened_out
APP000706,JOB00248,CAN01504,self_entry,2025-09-21,1500.0,1650.0,0.1,0.0,True,2.0,2,0.0,1.1506352087114338,3,0.04,pre_recommendation,,withdrawn
APP000707,JOB00020,CAN01503,ca_introduction,2025-09-22,2400.0,2000.0,-0.16666666666666666,0.16666666666666666,True,4.0,3,1.0,1.1506352087114338,2,0.12000000000000001,,accepted,recommended
APP000708,JOB00175,CAN01902,ca_introduction,2025-09-22,3200.0,3200.0,0.0,0.0,True,3.0,4,-1.0,1.1506352087114338,2,0.02,,accepted,recommended
APP000709,JOB00304,CAN01286,ca_introduction,2025-09-22,2900.0,2600.0,-0.10344827586206896,0.10344827586206896,True,3.0,3,0.0,1.1506352087114338,2,0.08,,accepted,recommended
APP000710,JOB00338,CAN01046,ca_introduction,2025-09-23,2500.0,2250.0,-0.1,0.1,True,4.0,3,1.0,1.1506352087114338,3,0.1,,accepted,recommended
APP000711,JOB00070,CAN01896,ca_introduction,2025-09-23,1350.0,1450.0,0.07407407407407407,0.0,True,1.0,2,-1.0,1.1506352087114338,3,0.04,,,screened_out
APP000712,JOB00231,CAN00110,self_entry,2025-09-23,2250.0,2250.0,0.0,0.0,True,3.0,3,0.0,1.1506352087114338,2,0.02,pre_recommendation,,withdrawn
APP000713,JOB00284,CAN01216,self_entry,2025-09-23,3050.0,1950.0,-0.36065573770491804,0.36065573770491804,True,2.0,3,-1.0,1.1506352087114338,4,0.14,,,screened_out
APP000714,JOB00064,CAN01942,self_entry,2025-09-23,1600.0,1200.0,-0.25,0.25,False,,1,,1.1506352087114338,3,0.14,pre_recommendation,,withdrawn
APP000715,JOB00095,CAN00821,ca_introduction,2025-09-24,2150.0,2100.0,-0.023255813953488372,0.023255813953488372,True,2.0,3,-1.0,1.1506352087114338,0,0.02,,accepted,recommended
APP000716,JOB00099,CAN00627,self_entry,2025-09-24,1400.0,1350.0,-0.03571428571428571,0.03571428571428571,True,1.0,1,0.0,1.1506352087114338,2,0.02,,accepted,recommended
APP000717,JOB00198,CAN00915,self_entry,2025-09-24,2600.0,2150.0,-0.17307692307692307,0.17307692307692307,True,3.0,3,0.0,1.1506352087114338,3,0.14,,accepted,recommended
APP000718,JOB00034,CAN01766,self_entry,2025-09-24,2000.0,3000.0,0.5,0.0,True,4.0,4,0.0,1.1506352087114338,4,0.04,pre_recommendation,,withdrawn
APP000719,JOB00006,CAN00012,ca_introduction,2025-09-25,3350.0,3050.0,-0.08955223880597014,0.08955223880597014,True,3.0,4,-1.0,1.1506352087114338,2,0.05,,,screened_out
APP000720,JOB00147,CAN00228,ca_introduction,2025-09-25,2250.0,2250.0,0.0,0.0,True,4.0,4,0.0,1.1506352087114338,1,0.02,,accepted,recommended
APP000721,JOB00024,CAN00522,ca_introduction,2025-09-25,1200.0,1350.0,0.125,0.0,True,1.0,1,0.0,1.1506352087114338,2,0.02,,accepted,recommended
APP000722,JOB00025,CAN01720,ca_introduction,2025-09-25,1200.0,1300.0,0.08333333333333333,0.0,True,1.0,1,0.0,1.1506352087114338,5,0.07,,accepted,recommended
APP000723,JOB00295,CAN01861,ca_introduction,2025-09-25,2250.0,2200.0,-0.022222222222222223,0.022222222222222223,True,3.0,3,0.0,1.1506352087114338,1,0.02,,accepted,recommended
APP000724,JOB00098,CAN00522,ca_introduction,2025-09-26,1200.0,1200.0,0.0,0.0,True,1.0,1,0.0,1.1506352087114338,5,0.07,,accepted,recommended
APP000725,JOB00147,CAN01861,ca_introduction,2025-09-26,2250.0,2250.0,0.0,0.0,True,3.0,4,-1.0,1.1506352087114338,1,0.02,,accepted,recommended
APP000726,JOB00249,CAN01861,ca_introduction,2025-09-26,2250.0,2150.0,-0.044444444444444446,0.044444444444444446,True,3.0,3,0.0,1.1506352087114338,3,0.04,,rejected,rejected
APP000727,JOB00118,CAN01157,ca_introduction,2025-09-26,2950.0,2850.0,-0.03389830508474576,0.03389830508474576,True,4.0,5,-1.0,1.1506352087114338,1,0.02,,accepted,recommended
APP000728,JOB00341,CAN01585,self_entry,2025-09-26,2150.0,2050.0,-0.046511627906976744,0.046511627906976744,True,3.0,3,0.0,1.1506352087114338,3,0.04,,accepted,recommended
APP000729,JOB00339,CAN01157,ca_introduction,2025-09-27,2950.0,2900.0,-0.01694915254237288,0.01694915254237288,True,4.0,4,0.0,1.1506352087114338,2,0.02,,accepted,recommended
APP000730,JOB00291,CAN00618,ca_introduction,2025-09-27,1200.0,1350.0,0.125,0.0,True,1.0,1,0.0,1.1506352087114338,2,0.02,,accepted,recommended
APP000731,JOB00252,CAN00794,ca_introduction,2025-09-27,1200.0,1200.0,0.0,0.0,True,1.0,1,0.0,1.1506352087114338,3,0.04,,accepted,recommended
APP000732,JOB00064,CAN00794,ca_introduction,2025-09-27,1200.0,1200.0,0.0,0.0,True,1.0,1,0.0,1.1506352087114338,2,0.02,,,screened_out
APP000733,JOB00212,CAN00993,self_entry,2025-09-27,1400.0,1450.0,0.03571428571428571,0.0,False,,2,,1.1506352087114338,4,0.04,,,screened_out
APP000734,JOB00349,CAN01507,self_entry,2025-09-27,1250.0,1400.0,0.12,0.0,True,1.0,1,0.0,1.1506352087114338,4,0.04,,accepted,recommended
APP000735,JOB00220,CAN01769,self_entry,2025-09-27,2300.0,2200.0,-0.043478260869565216,0.043478260869565216,False,,4,,1.1506352087114338,5,0.07,,,screened_out
APP000736,JOB00099,CAN01459,ca_introduction,2025-09-28,1350.0,1350.0,0.0,0.0,True,1.0,1,0.0,1.1506352087114338,1,0.02,,accepted,recommended
APP000737,JOB00338,CAN01043,ca_introduction,2025-09-28,2350.0,2250.0,-0.0425531914893617,0.0425531914893617,True,3.0,3,0.0,1.1506352087114338,2,0.02,,accepted,recommended
APP000738,JOB00006,CAN01319,ca_introduction,2025-09-28,3550.0,3050.0,-0.14084507042253522,0.14084507042253522,True,5.0,4,1.0,1.1506352087114338,1,0.08,,accepted,recommended
APP000739,JOB00070,CAN00008,ca_introduction,2025-09-29,1500.0,1450.0,-0.03333333333333333,0.03333333333333333,True,2.0,2,0.0,1.1506352087114338,0,0.02,,rejected,rejected
APP000740,JOB00228,CAN00742,ca_introduction,2025-09-29,1550.0,1600.0,0.03225806451612903,0.0,True,2.0,2,0.0,1.1506352087114338,6,0.07,,accepted,recommended
APP000741,JOB00032,CAN01043,ca_introduction,2025-09-29,2350.0,2350.0,0.0,0.0,True,3.0,4,-1.0,1.1506352087114338,4,0.04,,accepted,recommended
APP000742,JOB00061,CAN01106,ca_introduction,2025-09-29,1400.0,1350.0,-0.03571428571428571,0.03571428571428571,True,2.0,2,0.0,1.1506352087114338,3,0.04,,rejected,rejected
APP000743,JOB00192,CAN00567,ca_introduction,2025-09-29,2100.0,2050.0,-0.023809523809523808,0.023809523809523808,True,2.0,3,-1.0,1.1506352087114338,2,0.02,,rejected,rejected
APP000744,JOB00098,CAN00665,ca_introduction,2025-09-29,1250.0,1200.0,-0.04,0.04,True,1.0,1,0.0,1.1506352087114338,2,0.02,,rejected,rejected
APP000745,JOB00098,CAN01333,ca_introduction,2025-09-30,1200.0,1200.0,0.0,0.0,True,1.0,1,0.0,1.1506352087114338,3,0.04,,rejected,rejected
APP000746,JOB00062,CAN01888,ca_introduction,2025-09-30,1600.0,1600.0,0.0,0.0,True,2.0,2,0.0,1.1506352087114338,1,0.02,,accepted,recommended
APP000747,JOB00228,CAN01888,ca_introduction,2025-09-30,1600.0,1600.0,0.0,0.0,True,2.0,2,0.0,1.1506352087114338,4,0.04,,rejected,rejected
APP000748,JOB00211,CAN01908,ca_introduction,2025-09-30,2100.0,2200.0,0.047619047619047616,0.0,True,3.0,4,-1.0,1.1506352087114338,2,0.02,,rejected,rejected
APP000749,JOB00102,CAN00434,ca_introduction,2025-09-30,1200.0,1200.0,0.0,0.0,True,1.0,1,0.0,1.1506352087114338,2,0.02,,accepted,recommended
APP000750,JOB00191,CAN01356,ca_introduction,2025-09-30,1900.0,2100.0,0.10526315789473684,0.0,True,3.0,3,0.0,1.1506352087114338,3,0.04,,accepted,recommended
APP000751,JOB00155,CAN00213,self_entry,2025-09-30,3150.0,3000.0,-0.047619047619047616,0.047619047619047616,True,4.0,4,0.0,1.1506352087114338,2,0.02,,accepted,recommended
APP000752,JOB00117,CAN00082,ca_introduction,2025-10-01,1950.0,2150.0,0.10256410256410256,0.0,True,2.0,3,-1.0,1.2921960072595282,3,0.04,,accepted,recommended
APP000753,JOB00194,CAN00551,ca_introduction,2025-10-01,1250.0,1250.0,0.0,0.0,True,1.0,1,0.0,1.2921960072595282,1,0.02,,accepted,recommended
APP000754,JOB00286,CAN00801,ca_introduction,2025-10-01,3050.0,3050.0,0.0,0.0,True,3.0,5,-2.0,1.2921960072595282,2,0.02,,rejected,rejected
APP000755,JOB00099,CAN00664,self_entry,2025-10-01,1450.0,1350.0,-0.06896551724137931,0.06896551724137931,True,1.0,1,0.0,1.2921960072595282,3,0.07,,accepted,recommended
APP000756,JOB00117,CAN00956,self_entry,2025-10-01,3400.0,2150.0,-0.36764705882352944,0.36764705882352944,False,,3,,1.2921960072595282,2,0.12000000000000001,,,screened_out
APP000757,JOB00060,CAN00082,ca_introduction,2025-10-02,1950.0,2050.0,0.05128205128205128,0.0,True,2.0,3,-1.0,1.2921960072595282,5,0.07,,rejected,rejected
APP000758,JOB00300,CAN01373,ca_introduction,2025-10-02,3400.0,3100.0,-0.08823529411764706,0.08823529411764706,True,5.0,5,0.0,1.2921960072595282,3,0.07,pre_recommendation,,withdrawn
APP000759,JOB00024,CAN01085,ca_introduction,2025-10-02,1200.0,1350.0,0.125,0.0,False,,1,,1.2921960072595282,3,0.04,,,screened_out
APP000760,JOB00029,CAN01082,self_entry,2025-10-02,2650.0,1300.0,-0.5094339622641509,0.5094339622641509,False,,1,,1.2921960072595282,1,0.12000000000000001,,accepted,recommended
APP000761,JOB00108,CAN00985,ca_introduction,2025-10-03,2300.0,2200.0,-0.043478260869565216,0.043478260869565216,True,3.0,3,0.0,1.2921960072595282,4,0.04,,accepted,recommended
APP000762,JOB00185,CAN00195,ca_introduction,2025-10-03,1300.0,1450.0,0.11538461538461539,0.0,True,1.0,1,0.0,1.2921960072595282,3,0.04,,accepted,recommended
APP000763,JOB00025,CAN01086,ca_introduction,2025-10-03,1300.0,1300.0,0.0,0.0,False,,1,,1.2921960072595282,4,0.04,,,screened_out
APP000764,JOB00251,CAN01188,ca_introduction,2025-10-03,2500.0,2650.0,0.06,0.0,True,5.0,4,1.0,1.2921960072595282,2,0.02,,accepted,recommended
APP000765,JOB00055,CAN01310,self_entry,2025-10-03,2150.0,2850.0,0.32558139534883723,0.0,True,4.0,5,-1.0,1.2921960072595282,3,0.04,,accepted,recommended
APP000766,JOB00185,CAN01391,self_entry,2025-10-03,1200.0,1450.0,0.20833333333333334,0.0,True,1.0,1,0.0,1.2921960072595282,3,0.04,,rejected,rejected
APP000767,JOB00198,CAN01839,self_entry,2025-10-03,1350.0,2150.0,0.5925925925925926,0.0,False,,3,,1.2921960072595282,4,0.04,,,screened_out
APP000768,JOB00227,CAN00821,ca_introduction,2025-10-04,2150.0,2050.0,-0.046511627906976744,0.046511627906976744,True,2.0,3,-1.0,1.2921960072595282,2,0.02,,rejected,rejected
APP000769,JOB00125,CAN01086,ca_introduction,2025-10-04,1300.0,1300.0,0.0,0.0,True,1.0,1,0.0,1.2921960072595282,2,0.02,,accepted,recommended
APP000770,JOB00008,CAN01188,ca_introduction,2025-10-04,2500.0,2800.0,0.12,0.0,True,5.0,4,1.0,1.2921960072595282,2,0.02,,accepted,recommended
APP000771,JOB00198,CAN01763,ca_introduction,2025-10-04,2350.0,2150.0,-0.0851063829787234,0.0851063829787234,True,3.0,3,0.0,1.2921960072595282,2,0.05,,accepted,recommended
APP000772,JOB00243,CAN00237,ca_introduction,2025-10-04,1600.0,1600.0,0.0,0.0,True,2.0,2,0.0,1.2921960072595282,4,0.04,,accepted,recommended
APP000773,JOB00212,CAN01759,ca_introduction,2025-10-04,1750.0,1450.0,-0.17142857142857143,0.17142857142857143,True,3.0,2,1.0,1.2921960072595282,1,0.12000000000000001,,accepted,recommended
APP000774,JOB00214,CAN01936,self_entry,2025-10-04,1450.0,1200.0,-0.1724137931034483,0.1724137931034483,False,,1,,1.2921960072595282,6,0.17,,rejected,rejected
APP000775,JOB00024,CAN00986,ca_introduction,2025-10-05,1350.0,1350.0,0.0,0.0,True,2.0,1,1.0,1.2921960072595282,4,0.04,,accepted,recommended
APP000776,JOB00127,CAN01156,ca_introduction,2025-10-05,2450.0,2200.0,-0.10204081632653061,0.10204081632653061,True,4.0,3,1.0,1.2921960072595282,2,0.08,,rejected,rejected
APP000777,JOB00283,CAN01759,ca_introduction,2025-10-05,1750.0,1500.0,-0.14285714285714285,0.14285714285714285,True,3.0,2,1.0,1.2921960072595282,1,0.08,,accepted,recommended
APP000778,JOB00313,CAN01410,ca_introduction,2025-10-05,1750.0,1600.0,-0.08571428571428572,0.08571428571428572,True,3.0,2,1.0,1.2921960072595282,1,0.05,,accepted,recommended
APP000779,JOB00156,CAN00469,self_entry,2025-10-05,2500.0,3050.0,0.22,0.0,False,,4,,1.2921960072595282,5,0.07,,,screened_out
APP000780,JOB00318,CAN01235,self_entry,2025-10-05,1250.0,1250.0,0.0,0.0,True,1.0,1,0.0,1.2921960072595282,3,0.04,,accepted,recommended
APP000781,JOB00150,CAN00129,ca_introduction,2025-10-06,2250.0,2000.0,-0.1111111111111111,0.1111111111111111,False,,2,,1.2921960072595282,5,0.13,,rejected,rejected
APP000782,JOB00237,CAN00449,ca_introduction,2025-10-06,2400.0,2400.0,0.0,0.0,True,3.0,4,-1.0,1.2921960072595282,6,0.07,,rejected,rejected
APP000783,JOB00243,CAN01331,ca_introduction,2025-10-06,1500.0,1600.0,0.06666666666666667,0.0,True,2.0,2,0.0,1.2921960072595282,5,0.07,,rejected,rejected
APP000784,JOB00006,CAN01902,ca_introduction,2025-10-06,3200.0,3050.0,-0.046875,0.046875,True,3.0,4,-1.0,1.2921960072595282,2,0.02,,accepted,recommended
APP000785,JOB00001,CAN01670,ca_introduction,2025-10-06,1700.0,1550.0,-0.08823529411764706,0.08823529411764706,True,2.0,3,-1.0,1.2921960072595282,2,0.05,,accepted,recommended
APP000786,JOB00313,CAN01067,self_entry,2025-10-06,2950.0,1600.0,-0.4576271186440678,0.4576271186440678,False,,2,,1.2921960072595282,7,0.2,,,screened_out
APP000787,JOB00055,CAN01188,self_entry,2025-10-06,2500.0,2850.0,0.14,0.0,True,5.0,5,0.0,1.2921960072595282,5,0.07,,accepted,recommended
APP000788,JOB00099,CAN01585,self_entry,2025-10-06,2150.0,1350.0,-0.37209302325581395,0.37209302325581395,False,,1,,1.2921960072595282,1,0.12000000000000001,,rejected,rejected
APP000789,JOB00150,CAN00281,ca_introduction,2025-10-07,2300.0,2000.0,-0.13043478260869565,0.13043478260869565,True,3.0,2,1.0,1.2921960072595282,1,0.08,,accepted,recommended
APP000790,JOB00175,CAN01319,ca_introduction,2025-10-07,3550.0,3200.0,-0.09859154929577464,0.09859154929577464,True,5.0,4,1.0,1.2921960072595282,4,0.07,,accepted,recommended
APP000791,JOB00216,CAN01670,ca_introduction,2025-10-07,1700.0,1500.0,-0.11764705882352941,0.11764705882352941,True,2.0,2,0.0,1.2921960072595282,1,0.08,,rejected,rejected
APP000792,JOB00104,CAN00041,ca_introduction,2025-10-07,2800.0,2950.0,0.05357142857142857,0.0,True,3.0,4,-1.0,1.2921960072595282,2,0.02,,accepted,recommended
APP000793,JOB00127,CAN00428,ca_introduction,2025-10-07,2550.0,2200.0,-0.13725490196078433,0.13725490196078433,True,4.0,3,1.0,1.2921960072595282,4,0.1,,accepted,recommended
APP000794,JOB00101,CAN00428,ca_introduction,2025-10-07,2550.0,2300.0,-0.09803921568627451,0.09803921568627451,True,4.0,4,0.0,1.2921960072595282,2,0.05,,rejected,rejected
APP000795,JOB00123,CAN00477,self_entry,2025-10-07,2150.0,1950.0,-0.09302325581395349,0.09302325581395349,False,,3,,1.2921960072595282,3,0.07,,,screened_out
APP000796,JOB00029,CAN01014,ca_introduction,2025-10-08,1300.0,1300.0,0.0,0.0,True,1.0,1,0.0,1.2921960072595282,4,0.04,,accepted,recommended
APP000797,JOB00302,CAN00477,ca_introduction,2025-10-08,2150.0,2150.0,0.0,0.0,True,3.0,3,0.0,1.2921960072595282,4,0.04,,accepted,recommended
APP000798,JOB00345,CAN01929,ca_introduction,2025-10-08,1350.0,1300.0,-0.037037037037037035,0.037037037037037035,True,2.0,1,1.0,1.2921960072595282,4,0.04,pre_recommendation,,withdrawn
APP000799,JOB00117,CAN00561,self_entry,2025-10-08,1950.0,2150.0,0.10256410256410256,0.0,False,,3,,1.2921960072595282,3,0.04,,,screened_out
APP000800,JOB00127,CAN00477,ca_introduction,2025-10-09,2150.0,2200.0,0.023255813953488372,0.0,True,3.0,3,0.0,1.2921960072595282,3,0.04,,accepted,recommended
APP000801,JOB00113,CAN01290,ca_introduction,2025-10-09,1500.0,1450.0,-0.03333333333333333,0.03333333333333333,True,2.0,1,1.0,1.2921960072595282,1,0.02,,rejected,rejected
APP000802,JOB00089,CAN00012,ca_introduction,2025-10-09,3350.0,3150.0,-0.05970149253731343,0.05970149253731343,True,3.0,4,-1.0,1.2921960072595282,1,0.05,,,screened_out
APP000803,JOB00126,CAN01940,ca_introduction,2025-10-09,2250.0,2050.0,-0.08888888888888889,0.08888888888888889,True,4.0,3,1.0,1.2921960072595282,3,0.07,,accepted,recommended
APP000804,JOB00102,CAN00481,self_entry,2025-10-09,1200.0,1200.0,0.0,0.0,False,,1,,1.2921960072595282,3,0.04,,accepted,recommended
APP000805,JOB00062,CAN01237,ca_introduction,2025-10-10,1600.0,1600.0,0.0,0.0,True,2.0,2,0.0,1.2921960072595282,2,0.02,,accepted,recommended
APP000806,JOB00172,CAN01626,ca_introduction,2025-10-10,2200.0,2200.0,0.0,0.0,True,3.0,3,0.0,1.2921960072595282,2,0.02,,accepted,recommended
APP000807,JOB00210,CAN01898,self_entry,2025-10-10,1250.0,1200.0,-0.04,0.04,True,1.0,1,0.0,1.2921960072595282,4,0.04,,accepted,recommended
APP000808,JOB00048,CAN00720,ca_introduction,2025-10-11,1250.0,1400.0,0.12,0.0,True,1.0,1,0.0,1.2921960072595282,2,0.02,pre_recommendation,,withdrawn
APP000809,JOB00349,CAN00720,ca_introduction,2025-10-11,1250.0,1400.0,0.12,0.0,True,1.0,1,0.0,1.2921960072595282,2,0.02,,rejected,rejected
APP000810,JOB00269,CAN00810,ca_introduction,2025-10-11,1200.0,1450.0,0.20833333333333334,0.0,True,1.0,1,0.0,1.2921960072595282,4,0.04,,accepted,recommended
APP000811,JOB00213,CAN01892,ca_introduction,2025-10-11,3400.0,3100.0,-0.08823529411764706,0.08823529411764706,True,5.0,5,0.0,1.2921960072595282,2,0.05,,accepted,recommended
APP000812,JOB00086,CAN00481,ca_introduction,2025-10-11,1200.0,1200.0,0.0,0.0,False,,1,,1.2921960072595282,2,0.02,,,screened_out
APP000813,JOB00175,CAN00018,ca_introduction,2025-10-12,3150.0,3200.0,0.015873015873015872,0.0,True,4.0,4,0.0,1.2921960072595282,3,0.04,,accepted,recommended
APP000814,JOB00139,CAN01285,ca_introduction,2025-10-12,2300.0,2150.0,-0.06521739130434782,0.06521739130434782,True,3.0,2,1.0,1.2921960072595282,4,0.07,,accepted,recommended
APP000815,JOB00320,CAN01285,ca_introduction,2025-10-12,2300.0,2250.0,-0.021739130434782608,0.021739130434782608,True,3.0,3,0.0,1.2921960072595282,3,0.04,,accepted,recommended
APP000816,JOB00187,CAN00288,ca_introduction,2025-10-12,2150.0,2200.0,0.023255813953488372,0.0,True,3.0,4,-1.0,1.2921960072595282,2,0.02,pre_recommendation,,withdrawn
APP000817,JOB00192,CAN00974,ca_introduction,2025-10-12,2000.0,2050.0,0.025,0.0,True,3.0,3,0.0,1.2921960072595282,4,0.04,,accepted,recommended
APP000818,JOB00108,CAN01470,ca_introduction,2025-10-12,2200.0,2200.0,0.0,0.0,True,3.0,3,0.0,1.2921960072595282,5,0.07,,accepted,recommended
APP000819,JOB00063,CAN01896,ca_introduction,2025-10-12,1350.0,1600.0,0.18518518518518517,0.0,True,1.0,2,-1.0,1.2921960072595282,1,0.02,,,screened_out
APP000820,JOB00279,CAN01898,self_entry,2025-10-12,1250.0,1400.0,0.12,0.0,False,,2,,1.2921960072595282,1,0.02,,,screened_out
APP000821,JOB00140,CAN01908,self_entry,2025-10-12,2100.0,2200.0,0.047619047619047616,0.0,False,,4,,1.2921960072595282,5,0.07,,,screened_out
APP000822,JOB00156,CAN00351,ca_introduction,2025-10-13,3250.0,3050.0,-0.06153846153846154,0.06153846153846154,True,3.0,4,-1.0,1.2921960072595282,5,0.1,,,screened_out
APP000823,JOB00304,CAN00335,ca_introduction,2025-10-13,2000.0,2600.0,0.3,0.0,True,3.0,3,0.0,1.2921960072595282,1,0.02,,accepted,recommended
APP000824,JOB00135,CAN00587,ca_introduction,2025-10-13,2150.0,2050.0,-0.046511627906976744,0.046511627906976744,True,3.0,3,0.0,1.2921960072595282,0,0.02,,accepted,recommended
APP000825,JOB00296,CAN01700,ca_introduction,2025-10-13,1550.0,1400.0,-0.0967741935483871,0.0967741935483871,True,2.0,1,1.0,1.2921960072595282,4,0.07,,accepted,recommended
APP000826,JOB00121,CAN00335,ca_introduction,2025-10-14,2000.0,3050.0,0.525,0.0,True,5.0,4,1.0,1.2921960072595282,2,0.02,,accepted,recommended
APP000827,JOB00212,CAN01213,self_entry,2025-10-14,1500.0,1450.0,-0.03333333333333333,0.03333333333333333,True,3.0,2,1.0,1.2921960072595282,4,0.04,,rejected,rejected
APP000828,JOB00029,CAN01333,self_entry,2025-10-14,1200.0,1300.0,0.08333333333333333,0.0,True,1.0,1,0.0,1.2921960072595282,2,0.02,,accepted,recommended
APP000829,JOB00341,CAN00985,ca_introduction,2025-10-15,2300.0,2050.0,-0.10869565217391304,0.10869565217391304,True,3.0,3,0.0,1.2921960072595282,2,0.08,,accepted,recommended
APP000830,JOB00011,CAN00986,ca_introduction,2025-10-15,1350.0,1200.0,-0.1111111111111111,0.1111111111111111,True,2.0,1,1.0,1.2921960072595282,3,0.1,,accepted,recommended
APP000831,JOB00050,CAN01563,ca_introduction,2025-10-15,1950.0,2150.0,0.10256410256410256,0.0,False,,2,,1.2921960072595282,3,0.04,,,screened_out
APP000832,JOB00248,CAN00237,ca_introduction,2025-10-15,1600.0,1650.0,0.03125,0.0,True,2.0,2,0.0,1.2921960072595282,2,0.02,,accepted,recommended
APP000833,JOB00055,CAN00082,self_entry,2025-10-15,1950.0,2850.0,0.46153846153846156,0.0,False,,5,,1.2921960072595282,2,0.02,pre_recommendation,,withdrawn
APP000834,JOB00149,CAN00360,self_entry,2025-10-16,1200.0,1400.0,0.16666666666666666,0.0,False,,2,,1.2921960072595282,4,0.04,,,screened_out
APP000835,JOB00029,CAN00507,ca_introduction,2025-10-17,1300.0,1300.0,0.0,0.0,True,1.0,1,0.0,1.2921960072595282,1,0.02,,rejected,rejected
APP000836,JOB00294,CAN00962,ca_introduction,2025-10-17,2800.0,2800.0,0.0,0.0,True,4.0,4,0.0,1.2921960072595282,3,0.04,pre_recommendation,,withdrawn
APP000837,JOB00201,CAN01086,ca_introduction,2025-10-17,1300.0,1300.0,0.0,0.0,True,1.0,1,0.0,1.2921960072595282,5,0.07,,rejected,rejected
APP000838,JOB00103,CAN01908,ca_introduction,2025-10-17,2100.0,2100.0,0.0,0.0,True,3.0,3,0.0,1.2921960072595282,3,0.04,,accepted,recommended
APP000839,JOB00126,CAN01908,ca_introduction,2025-10-17,2100.0,2050.0,-0.023809523809523808,0.023809523809523808,True,3.0,3,0.0,1.2921960072595282,0,0.02,,accepted,recommended
APP000840,JOB00323,CAN01839,self_entry,2025-10-17,1350.0,1500.0,0.1111111111111111,0.0,False,,2,,1.2921960072595282,4,0.04,,,screened_out
APP000841,JOB00248,CAN00195,ca_introduction,2025-10-18,1300.0,1650.0,0.2692307692307692,0.0,True,1.0,2,-1.0,1.2921960072595282,4,0.04,,accepted,recommended
APP000842,JOB00099,CAN00439,self_entry,2025-10-18,1500.0,1350.0,-0.1,0.1,True,1.0,1,0.0,1.2921960072595282,2,0.08,pre_recommendation,,withdrawn
APP000843,JOB00267,CAN00551,ca_introduction,2025-10-19,1250.0,1200.0,-0.04,0.04,True,1.0,1,0.0,1.2921960072595282,2,0.02,,rejected,rejected
APP000844,JOB00140,CAN01432,ca_introduction,2025-10-19,2250.0,2200.0,-0.022222222222222223,0.022222222222222223,True,3.0,4,-1.0,1.2921960072595282,6,0.07,,rejected,rejected
APP000845,JOB00269,CAN00674,ca_introduction,2025-10-19,1250.0,1450.0,0.16,0.0,True,1.0,1,0.0,1.2921960072595282,2,0.02,,accepted,recommended
APP000846,JOB00349,CAN00836,ca_introduction,2025-10-19,1200.0,1400.0,0.16666666666666666,0.0,True,2.0,1,1.0,1.2921960072595282,1,0.02,,accepted,recommended
APP000847,JOB00175,CAN00892,ca_introduction,2025-10-19,3450.0,3200.0,-0.07246376811594203,0.07246376811594203,True,4.0,4,0.0,1.2921960072595282,1,0.05,,accepted,recommended
APP000848,JOB00126,CAN00979,ca_introduction,2025-10-19,2050.0,2050.0,0.0,0.0,True,3.0,3,0.0,1.2921960072595282,1,0.02,,accepted,recommended
APP000849,JOB00194,CAN01039,ca_introduction,2025-10-19,1250.0,1250.0,0.0,0.0,True,1.0,1,0.0,1.2921960072595282,1,0.02,,rejected,rejected
APP000850,JOB00126,CAN00976,self_entry,2025-10-19,2950.0,2050.0,-0.3050847457627119,0.3050847457627119,False,,3,,1.2921960072595282,2,0.12000000000000001,,,screened_out
APP000851,JOB00103,CAN00712,ca_introduction,2025-10-20,2100.0,2100.0,0.0,0.0,True,3.0,3,0.0,1.2921960072595282,5,0.07,,accepted,recommended
APP000852,JOB00029,CAN01132,ca_introduction,2025-10-20,1200.0,1300.0,0.08333333333333333,0.0,False,,1,,1.2921960072595282,1,0.02,,,screened_out
APP000853,JOB00219,CAN01218,ca_introduction,2025-10-20,2450.0,2200.0,-0.10204081632653061,0.10204081632653061,True,4.0,4,0.0,1.2921960072595282,6,0.13,,accepted,recommended
APP000854,JOB00009,CAN01285,ca_introduction,2025-10-20,2300.0,2100.0,-0.08695652173913043,0.08695652173913043,True,3.0,2,1.0,1.2921960072595282,3,0.07,,accepted,recommended
APP000855,JOB00320,CAN01763,ca_introduction,2025-10-20,2350.0,2250.0,-0.0425531914893617,0.0425531914893617,True,3.0,3,0.0,1.2921960072595282,1,0.02,,accepted,recommended
APP000856,JOB00034,CAN00357,self_entry,2025-10-20,2000.0,3000.0,0.5,0.0,True,4.0,4,0.0,1.2921960072595282,4,0.04,,accepted,recommended
APP000857,JOB00210,CAN01529,self_entry,2025-10-20,1200.0,1200.0,0.0,0.0,True,1.0,1,0.0,1.2921960072595282,4,0.04,,accepted,recommended
APP000858,JOB00024,CAN01892,self_entry,2025-10-20,3400.0,1350.0,-0.6029411764705882,0.6029411764705882,False,,1,,1.2921960072595282,0,0.12000000000000001,,rejected,rejected
APP000859,JOB00129,CAN00059,ca_introduction,2025-10-21,3100.0,2850.0,-0.08064516129032258,0.08064516129032258,True,4.0,4,0.0,1.2921960072595282,3,0.07,pre_recommendation,,withdrawn
APP000860,JOB00172,CAN00281,ca_introduction,2025-10-21,2300.0,2200.0,-0.043478260869565216,0.043478260869565216,True,3.0,3,0.0,1.2921960072595282,3,0.04,,accepted,recommended
APP000861,JOB00179,CAN01759,ca_introduction,2025-10-21,1750.0,1450.0,-0.17142857142857143,0.17142857142857143,True,3.0,3,0.0,1.2921960072595282,3,0.14,,rejected,rejected
APP000862,JOB00210,CAN00069,ca_introduction,2025-10-21,1200.0,1200.0,0.0,0.0,True,1.0,1,0.0,1.2921960072595282,0,0.02,,accepted,recommended
APP000863,JOB00085,CAN01700,ca_introduction,2025-10-21,1550.0,1500.0,-0.03225806451612903,0.03225806451612903,True,2.0,2,0.0,1.2921960072595282,3,0.04,,accepted,recommended
APP000864,JOB00050,CAN01203,self_entry,2025-10-21,2350.0,2150.0,-0.0851063829787234,0.0851063829787234,True,4.0,2,2.0,1.2921960072595282,3,0.07,,accepted,recommended
APP000865,JOB00349,CAN01700,ca_introduction,2025-10-22,1550.0,1400.0,-0.0967741935483871,0.0967741935483871,True,2.0,1,1.0,1.2921960072595282,4,0.07,,rejected,rejected
APP000866,JOB00027,CAN01709,ca_introduction,2025-10-22,1200.0,1300.0,0.08333333333333333,0.0,True,1.0,1,0.0,1.2921960072595282,6,0.07,,accepted,recommended
APP000867,JOB00237,CAN01156,ca_introduction,2025-10-22,2450.0,2400.0,-0.02040816326530612,0.02040816326530612,True,4.0,4,0.0,1.2921960072595282,2,0.02,,rejected,rejected
APP000868,JOB00048,CAN00299,self_entry,2025-10-22,1350.0,1400.0,0.037037037037037035,0.0,True,1.0,1,0.0,1.2921960072595282,6,0.07,,accepted,recommended
APP000869,JOB00268,CAN00826,ca_introduction,2025-10-23,2200.0,2100.0,-0.045454545454545456,0.045454545454545456,True,3.0,4,-1.0,1.2921960072595282,3,0.04,,accepted,recommended
APP000870,JOB00152,CAN00911,ca_introduction,2025-10-23,2000.0,2200.0,0.1,0.0,True,2.0,3,-1.0,1.2921960072595282,4,0.04,,rejected,rejected
APP000871,JOB00078,CAN01146,ca_introduction,2025-10-23,2200.0,2100.0,-0.045454545454545456,0.045454545454545456,True,3.0,3,0.0,1.2921960072595282,3,0.04,,accepted,recommended
APP000872,JOB00341,CAN01146,ca_introduction,2025-10-23,2200.0,2050.0,-0.06818181818181818,0.06818181818181818,True,3.0,3,0.0,1.2921960072595282,5,0.1,,accepted,recommended
APP000873,JOB00099,CAN00734,ca_introduction,2025-10-23,1300.0,1350.0,0.038461538461538464,0.0,True,1.0,1,0.0,1.2921960072595282,1,0.02,,accepted,recommended
APP000874,JOB00022,CAN00976,ca_introduction,2025-10-24,2950.0,3100.0,0.05084745762711865,0.0,True,3.0,4,-1.0,1.2921960072595282,3,0.04,,accepted,recommended
APP000875,JOB00160,CAN01929,ca_introduction,2025-10-24,1350.0,1300.0,-0.037037037037037035,0.037037037037037035,True,2.0,2,0.0,1.2921960072595282,6,0.07,,accepted,recommended
APP000876,JOB00326,CAN01940,ca_introduction,2025-10-24,2250.0,2050.0,-0.08888888888888889,0.08888888888888889,True,4.0,3,1.0,1.2921960072595282,4,0.07,,accepted,recommended
APP000877,JOB00102,CAN00580,self_entry,2025-10-24,1350.0,1200.0,-0.1111111111111111,0.1111111111111111,True,2.0,1,1.0,1.2921960072595282,4,0.1,,accepted,recommended
APP000878,JOB00102,CAN00451,ca_introduction,2025-10-25,1200.0,1200.0,0.0,0.0,True,1.0,1,0.0,1.2921960072595282,4,0.04,,accepted,recommended
APP000879,JOB00011,CAN00481,ca_introduction,2025-10-25,1200.0,1200.0,0.0,0.0,False,,1,,1.2921960072595282,5,0.07,,rejected,rejected
APP000880,JOB00300,CAN01319,ca_introduction,2025-10-25,3550.0,3100.0,-0.1267605633802817,0.1267605633802817,True,5.0,5,0.0,1.2921960072595282,2,0.08,,accepted,recommended
APP000881,JOB00061,CAN01929,ca_introduction,2025-10-25,1350.0,1350.0,0.0,0.0,True,2.0,2,0.0,1.2921960072595282,3,0.04,,rejected,rejected
APP000882,JOB00085,CAN00282,ca_introduction,2025-10-25,1350.0,1500.0,0.1111111111111111,0.0,False,,2,,1.2921960072595282,2,0.02,,,screened_out
APP000883,JOB00317,CAN01043,ca_introduction,2025-10-25,2350.0,2300.0,-0.02127659574468085,0.02127659574468085,True,3.0,3,0.0,1.2921960072595282,2,0.02,,accepted,recommended
APP000884,JOB00139,CAN01043,ca_introduction,2025-10-25,2350.0,2150.0,-0.0851063829787234,0.0851063829787234,True,3.0,2,1.0,1.2921960072595282,1,0.05,,accepted,recommended
APP000885,JOB00237,CAN01109,ca_introduction,2025-10-25,2350.0,2400.0,0.02127659574468085,0.0,True,3.0,4,-1.0,1.2921960072595282,5,0.07,,,screened_out
APP000886,JOB00193,CAN00760,self_entry,2025-10-25,3200.0,3000.0,-0.0625,0.0625,True,4.0,3,1.0,1.2921960072595282,4,0.07,,rejected,rejected
APP000887,JOB00012,CAN00282,ca_introduction,2025-10-26,1350.0,1450.0,0.07407407407407407,0.0,False,,2,,1.2921960072595282,3,0.04,,,screened_out
APP000888,JOB00016,CAN01043,ca_introduction,2025-10-26,2350.0,2300.0,-0.02127659574468085,0.02127659574468085,True,3.0,3,0.0,1.2921960072595282,3,0.04,,accepted,recommended
APP000889,JOB00024,CAN01384,ca_introduction,2025-10-26,1200.0,1350.0,0.125,0.0,True,1.0,1,0.0,1.2921960072595282,2,0.02,,accepted,recommended
APP000890,JOB00166,CAN01410,ca_introduction,2025-10-26,1750.0,1550.0,-0.11428571428571428,0.11428571428571428,True,3.0,3,0.0,1.2921960072595282,3,0.1,,accepted,recommended
APP000891,JOB00284,CAN01016,self_entry,2025-10-26,2050.0,1950.0,-0.04878048780487805,0.04878048780487805,False,,3,,1.2921960072595282,3,0.04,,,screened_out
APP000892,JOB00313,CAN01241,ca_introduction,2025-10-27,1600.0,1600.0,0.0,0.0,True,2.0,2,0.0,1.2921960072595282,4,0.04,,accepted,recommended
APP000893,JOB00011,CAN01384,ca_introduction,2025-10-27,1200.0,1200.0,0.0,0.0,True,1.0,1,0.0,1.2921960072595282,1,0.02,,rejected,rejected
APP000894,JOB00062,CAN01410,ca_introduction,2025-10-27,1750.0,1600.0,-0.08571428571428572,0.08571428571428572,True,3.0,2,1.0,1.2921960072595282,2,0.05,,accepted,recommended
APP000895,JOB00070,CAN01410,ca_introduction,2025-10-27,1750.0,1450.0,-0.17142857142857143,0.17142857142857143,True,3.0,2,1.0,1.2921960072595282,1,0.12000000000000001,,accepted,recommended
APP000896,JOB00340,CAN00114,ca_introduction,2025-10-27,1200.0,1300.0,0.08333333333333333,0.0,True,1.0,1,0.0,1.2921960072595282,1,0.02,,accepted,recommended
APP000897,JOB00299,CAN00974,ca_introduction,2025-10-27,2000.0,1900.0,-0.05,0.05,True,3.0,3,0.0,1.2921960072595282,1,0.05,,accepted,recommended
APP000898,JOB00339,CAN01798,self_entry,2025-10-27,2950.0,2900.0,-0.01694915254237288,0.01694915254237288,True,4.0,4,0.0,1.2921960072595282,2,0.02,,rejected,rejected
APP000899,JOB00025,CAN00114,ca_introduction,2025-10-28,1200.0,1300.0,0.08333333333333333,0.0,True,1.0,1,0.0,1.2921960072595282,1,0.02,,,screened_out
APP000900,JOB00271,CAN01132,ca_introduction,2025-10-28,1200.0,1200.0,0.0,0.0,False,,1,,1.2921960072595282,3,0.04,,,screened_out
APP000901,JOB00166,CAN00008,ca_introduction,2025-10-28,1500.0,1550.0,0.03333333333333333,0.0,True,2.0,3,-1.0,1.2921960072595282,3,0.04,,accepted,recommended
APP000902,JOB00145,CAN01238,ca_introduction,2025-10-28,3050.0,2750.0,-0.09836065573770492,0.09836065573770492,True,4.0,4,0.0,1.2921960072595282,3,0.07,pre_recommendation,,withdrawn
APP000903,JOB00291,CAN00517,self_entry,2025-10-28,1300.0,1350.0,0.038461538461538464,0.0,True,1.0,1,0.0,1.2921960072595282,2,0.02,,accepted,recommended
APP000904,JOB00246,CAN01091,self_entry,2025-10-28,2000.0,1950.0,-0.025,0.025,False,,2,,1.2921960072595282,2,0.02,,,screened_out
APP000905,JOB00148,CAN01690,self_entry,2025-10-28,2300.0,1900.0,-0.17391304347826086,0.17391304347826086,False,,3,,1.2921960072595282,4,0.14,,,screened_out
APP000906,JOB00148,CAN01803,self_entry,2025-10-28,2000.0,1900.0,-0.05,0.05,True,2.0,3,-1.0,1.2921960072595282,4,0.07,,accepted,recommended
APP000907,JOB00067,CAN01917,self_entry,2025-10-28,3150.0,1550.0,-0.5079365079365079,0.5079365079365079,True,2.0,2,0.0,1.2921960072595282,0,0.12000000000000001,,accepted,recommended
APP000908,JOB00192,CAN00979,ca_introduction,2025-10-30,2050.0,2050.0,0.0,0.0,True,3.0,3,0.0,1.2921960072595282,4,0.04,,accepted,recommended
APP000909,JOB00067,CAN00239,self_entry,2025-10-31,3300.0,1550.0,-0.5303030303030303,0.5303030303030303,False,,2,,1.2921960072595282,2,0.12000000000000001,,rejected,rejected
APP000910,JOB00267,CAN01477,self_entry,2025-10-31,1200.0,1200.0,0.0,0.0,True,1.0,1,0.0,1.2921960072595282,4,0.04,pre_recommendation,,withdrawn
APP000911,JOB00262,CAN01746,self_entry,2025-10-31,3050.0,2100.0,-0.3114754098360656,0.3114754098360656,True,3.0,3,0.0,1.2921960072595282,5,0.17,,accepted,recommended
APP000912,JOB00129,CAN01268,ca_introduction,2025-11-01,3050.0,2850.0,-0.06557377049180328,0.06557377049180328,True,4.0,4,0.0,1.4210526315789473,3,0.07,,accepted,recommended
APP000913,JOB00295,CAN01470,ca_introduction,2025-11-01,2200.0,2200.0,0.0,0.0,True,3.0,3,0.0,1.4210526315789473,2,0.02,,accepted,recommended
APP000914,JOB00260,CAN01916,ca_introduction,2025-11-01,3000.0,2150.0,-0.2833333333333333,0.2833333333333333,True,3.0,3,0.0,1.4210526315789473,2,0.12000000000000001,,accepted,recommended
APP000915,JOB00048,CAN00836,ca_introduction,2025-11-01,1200.0,1400.0,0.16666666666666666,0.0,True,2.0,1,1.0,1.4210526315789473,4,0.04,,,screened_out
APP000916,JOB00320,CAN01109,ca_introduction,2025-11-01,2350.0,2250.0,-0.0425531914893617,0.0425531914893617,True,3.0,3,0.0,1.4210526315789473,2,0.02,,accepted,recommended
APP000917,JOB00239,CAN01319,self_entry,2025-11-01,3550.0,1650.0,-0.5352112676056338,0.5352112676056338,False,,3,,1.4210526315789473,2,0.12000000000000001,,,screened_out
APP000918,JOB00175,CAN00351,ca_introduction,2025-11-02,3250.0,3200.0,-0.015384615384615385,0.015384615384615385,True,3.0,4,-1.0,1.4210526315789473,7,0.1,,,screened_out
APP000919,JOB00320,CAN01046,ca_introduction,2025-11-02,2500.0,2250.0,-0.1,0.1,True,4.0,3,1.0,1.4210526315789473,4,0.1,,accepted,recommended
APP000920,JOB00066,CAN01665,ca_introduction,2025-11-02,2400.0,3000.0,0.25,0.0,True,5.0,3,2.0,1.4210526315789473,5,0.07,,accepted,recommended
APP000921,JOB00234,CAN00018,ca_introduction,2025-11-02,3150.0,3100.0,-0.015873015873015872,0.015873015873015872,True,4.0,4,0.0,1.4210526315789473,2,0.02,,accepted,recommended
APP000922,JOB00320,CAN01136,ca_introduction,2025-11-02,2200.0,2250.0,0.022727272727272728,0.0,True,2.0,3,-1.0,1.4210526315789473,2,0.02,,,screened_out
APP000923,JOB00175,CAN01171,ca_introduction,2025-11-02,3500.0,3200.0,-0.08571428571428572,0.08571428571428572,True,4.0,4,0.0,1.4210526315789473,0,0.05,,accepted,recommended
APP000924,JOB00050,CAN00550,self_entry,2025-11-02,1450.0,2150.0,0.4827586206896552,0.0,False,,2,,1.4210526315789473,3,0.04,,,screened_out
APP000925,JOB00188,CAN01136,ca_introduction,2025-11-03,2200.0,2150.0,-0.022727272727272728,0.022727272727272728,True,2.0,3,-1.0,1.4210526315789473,2,0.02,,accepted,recommended
APP000926,JOB00050,CAN01218,ca_introduction,2025-11-03,2450.0,2150.0,-0.12244897959183673,0.12244897959183673,True,4.0,2,2.0,1.4210526315789473,3,0.1,,accepted,recommended
APP000927,JOB00284,CAN00288,ca_introduction,2025-11-03,2150.0,1950.0,-0.09302325581395349,0.09302325581395349,True,3.0,3,0.0,1.4210526315789473,4,0.07,,accepted,recommended
APP000928,JOB00066,CAN00976,ca_introduction,2025-11-03,2950.0,3000.0,0.01694915254237288,0.0,True,3.0,3,0.0,1.4210526315789473,5,0.07,,rejected,rejected
APP000929,JOB00155,CAN01138,self_entry,2025-11-03,3200.0,3000.0,-0.0625,0.0625,True,4.0,4,0.0,1.4210526315789473,3,0.07,,accepted,recommended
APP000930,JOB00253,CAN01350,self_entry,2025-11-03,1400.0,1300.0,-0.07142857142857142,0.07142857142857142,True,2.0,2,0.0,1.4210526315789473,6,0.1,,accepted,recommended
APP000931,JOB00166,CAN00230,ca_introduction,2025-11-04,1700.0,1550.0,-0.08823529411764706,0.08823529411764706,True,3.0,3,0.0,1.4210526315789473,5,0.1,,accepted,recommended
APP000932,JOB00036,CAN00288,ca_introduction,2025-11-04,2150.0,1950.0,-0.09302325581395349,0.09302325581395349,True,3.0,3,0.0,1.4210526315789473,3,0.07,,accepted,recommended
APP000933,JOB00039,CAN01113,ca_introduction,2025-11-04,2150.0,2200.0,0.023255813953488372,0.0,True,2.0,3,-1.0,1.4210526315789473,3,0.04,,accepted,recommended
APP000934,JOB00095,CAN00016,ca_introduction,2025-11-04,2150.0,2100.0,-0.023255813953488372,0.023255813953488372,True,3.0,3,0.0,1.4210526315789473,5,0.07,,rejected,rejected
APP000935,JOB00129,CAN01078,ca_introduction,2025-11-04,2950.0,2850.0,-0.03389830508474576,0.03389830508474576,True,4.0,4,0.0,1.4210526315789473,3,0.04,,accepted,recommended
APP000936,JOB00335,CAN01432,ca_introduction,2025-11-04,2250.0,2250.0,0.0,0.0,True,3.0,4,-1.0,1.4210526315789473,3,0.04,,accepted,recommended
APP000937,JOB00044,CAN01188,ca_introduction,2025-11-05,2500.0,2850.0,0.14,0.0,True,5.0,5,0.0,1.4210526315789473,2,0.02,,,screened_out
APP000938,JOB00006,CAN01344,ca_introduction,2025-11-05,2100.0,3050.0,0.4523809523809524,0.0,True,4.0,4,0.0,1.4210526315789473,2,0.02,,accepted,recommended
APP000939,JOB00332,CAN01483,ca_introduction,2025-11-05,2350.0,2050.0,-0.1276595744680851,0.1276595744680851,True,4.0,3,1.0,1.4210526315789473,2,0.08,,accepted,recommended
APP000940,JOB00063,CAN01870,ca_introduction,2025-11-05,1650.0,1600.0,-0.030303030303030304,0.030303030303030304,False,,2,,1.4210526315789473,3,0.04,,,screened_out
APP000941,JOB00121,CAN01823,ca_introduction,2025-11-06,3350.0,3050.0,-0.08955223880597014,0.08955223880597014,True,4.0,4,0.0,1.4210526315789473,2,0.05,,rejected,rejected
APP000942,JOB00247,CAN00089,self_entry,2025-11-06,1350.0,2150.0,0.5925925925925926,0.0,False,,3,,1.4210526315789473,2,0.02,,,screened_out
APP000943,JOB00246,CAN00911,ca_introduction,2025-11-07,2000.0,1950.0,-0.025,0.025,True,2.0,2,0.0,1.4210526315789473,2,0.02,,accepted,recommended
APP000944,JOB00341,CAN00911,ca_introduction,2025-11-07,2000.0,2050.0,0.025,0.0,True,2.0,3,-1.0,1.4210526315789473,3,0.04,,,screened_out
APP000945,JOB00024,CAN01595,ca_introduction,2025-11-07,1200.0,1350.0,0.125,0.0,True,1.0,1,0.0,1.4210526315789473,3,0.04,,accepted,recommended
APP000946,JOB00234,CAN01823,ca_introduction,2025-11-07,3350.0,3100.0,-0.07462686567164178,0.07462686567164178,True,4.0,4,0.0,1.4210526315789473,3,0.07,,accepted,recommended
APP000947,JOB00291,CAN01086,ca_introduction,2025-11-07,1300.0,1350.0,0.038461538461538464,0.0,False,,1,,1.4210526315789473,6,0.07,,,screened_out
APP000948,JOB00336,CAN00518,self_entry,2025-11-07,2200.0,2200.0,0.0,0.0,True,3.0,4,-1.0,1.4210526315789473,4,0.04,,rejected,rejected
APP000949,JOB00048,CAN01720,self_entry,2025-11-07,1200.0,1400.0,0.16666666666666666,0.0,True,1.0,1,0.0,1.4210526315789473,5,0.07,,accepted,recommended
APP000950,JOB00039,CAN00708,ca_introduction,2025-11-08,2450.0,2200.0,-0.10204081632653061,0.10204081632653061,True,3.0,3,0.0,1.4210526315789473,2,0.08,,accepted,recommended
APP000951,JOB00009,CAN00708,ca_introduction,2025-11-08,2450.0,2100.0,-0.14285714285714285,0.14285714285714285,True,3.0,2,1.0,1.4210526315789473,3,0.1,,accepted,recommended
APP000952,JOB00275,CAN00979,self_entry,2025-11-08,2050.0,1900.0,-0.07317073170731707,0.07317073170731707,True,3.0,3,0.0,1.4210526315789473,5,0.1,,accepted,recommended
APP000953,JOB00022,CAN01814,self_entry,2025-11-08,3050.0,3100.0,0.01639344262295082,0.0,True,5.0,4,1.0,1.4210526315789473,2,0.02,,accepted,recommended
APP000954,JOB00051,CAN00610,ca_introduction,2025-11-09,1250.0,1350.0,0.08,0.0,True,1.0,1,0.0,1.4210526315789473,1,0.02,,accepted,recommended
APP000955,JOB00048,CAN00610,ca_introduction,2025-11-09,1250.0,1400.0,0.12,0.0,True,1.0,1,0.0,1.4210526315789473,4,0.04,,accepted,recommended
APP000956,JOB00063,CAN01600,self_entry,2025-11-09,1350.0,1600.0,0.18518518518518517,0.0,False,,2,,1.4210526315789473,3,0.04,,,screened_out
APP000957,JOB00247,CAN01835,self_entry,2025-11-09,2350.0,2150.0,-0.0851063829787234,0.0851063829787234,True,2.0,3,-1.0,1.4210526315789473,6,0.1,,,screened_out
APP000958,JOB00314,CAN01752,ca_introduction,2025-11-10,1950.0,1950.0,0.0,0.0,True,2.0,3,-1.0,1.4210526315789473,5,0.07,,accepted,recommended
APP000959,JOB00089,CAN01012,ca_introduction,2025-11-11,3350.0,3150.0,-0.05970149253731343,0.05970149253731343,True,4.0,4,0.0,1.4210526315789473,3,0.07,,rejected,rejected
APP000960,JOB00103,CAN01206,self_entry,2025-11-11,2600.0,2100.0,-0.19230769230769232,0.19230769230769232,True,4.0,3,1.0,1.4210526315789473,4,0.14,,accepted,recommended
APP000961,JOB00176,CAN00115,ca_introduction,2025-11-12,1400.0,1400.0,0.0,0.0,True,2.0,2,0.0,1.4210526315789473,7,0.1,,rejected,rejected
APP000962,JOB00185,CAN00870,ca_introduction,2025-11-12,1600.0,1450.0,-0.09375,0.09375,True,2.0,1,1.0,1.4210526315789473,5,0.1,,accepted,recommended
APP000963,JOB00278,CAN01057,ca_introduction,2025-11-12,1500.0,1500.0,0.0,0.0,True,2.0,2,0.0,1.4210526315789473,2,0.02,,accepted,recommended
APP000964,JOB00182,CAN01789,ca_introduction,2025-11-12,2700.0,1450.0,-0.46296296296296297,0.46296296296296297,True,1.0,2,-1.0,1.4210526315789473,1,0.12000000000000001,,rejected,rejected
APP000965,JOB00002,CAN01057,ca_introduction,2025-11-13,1500.0,1500.0,0.0,0.0,True,2.0,2,0.0,1.4210526315789473,4,0.04,,accepted,recommended
APP000966,JOB00139,CAN01652,ca_introduction,2025-11-13,2200.0,2150.0,-0.022727272727272728,0.022727272727272728,True,3.0,2,1.0,1.4210526315789473,6,0.07,,rejected,rejected
APP000967,JOB00332,CAN00016,ca_introduction,2025-11-13,2150.0,2050.0,-0.046511627906976744,0.046511627906976744,True,3.0,3,0.0,1.4210526315789473,4,0.04,,accepted,recommended
APP000968,JOB00030,CAN01664,self_entry,2025-11-13,2050.0,2150.0,0.04878048780487805,0.0,True,2.0,3,-1.0,1.4210526315789473,1,0.02,,rejected,rejected
APP000969,JOB00050,CAN00361,ca_introduction,2025-11-14,1950.0,2150.0,0.10256410256410256,0.0,False,,2,,1.4210526315789473,2,0.02,,rejected,rejected
APP000970,JOB00154,CAN01078,ca_introduction,2025-11-14,2950.0,2950.0,0.0,0.0,True,4.0,4,0.0,1.4210526315789473,3,0.04,,accepted,recommended
APP000971,JOB00017,CAN01814,ca_introduction,2025-11-14,3050.0,2900.0,-0.04918032786885246,0.04918032786885246,True,4.0,4,0.0,1.4210526315789473,8,0.1,,accepted,recommended
APP000972,JOB00076,CAN00311,self_entry,2025-11-14,2100.0,2750.0,0.30952380952380953,0.0,False,,4,,1.4210526315789473,1,0.02,,rejected,rejected
APP000973,JOB00193,CAN01916,self_entry,2025-11-14,3000.0,3000.0,0.0,0.0,False,,3,,1.4210526315789473,4,0.04,,,screened_out
APP000974,JOB00095,CAN01483,ca_introduction,2025-11-15,2350.0,2100.0,-0.10638297872340426,0.10638297872340426,True,4.0,3,1.0,1.4210526315789473,4,0.1,,rejected,rejected
APP000975,JOB00240,CAN00262,ca_introduction,2025-11-15,1700.0,2650.0,0.5588235294117647,0.0,True,4.0,4,0.0,1.4210526315789473,2,0.02,,accepted,recommended
APP000976,JOB00144,CAN00526,ca_introduction,2025-11-15,1200.0,1200.0,0.0,0.0,False,,1,,1.4210526315789473,5,0.07,,rejected,rejected
APP000977,JOB00214,CAN00526,ca_introduction,2025-11-15,1200.0,1200.0,0.0,0.0,False,,1,,1.4210526315789473,6,0.07,,accepted,recommended
APP000978,JOB00027,CAN00526,ca_introduction,2025-11-15,1200.0,1300.0,0.08333333333333333,0.0,False,,1,,1.4210526315789473,3,0.04,,,screened_out
APP000979,JOB00103,CAN00803,self_entry,2025-11-15,1900.0,2100.0,0.10526315789473684,0.0,True,2.0,3,-1.0,1.4210526315789473,3,0.04,,,screened_out
APP000980,JOB00262,CAN01868,self_entry,2025-11-15,1200.0,2100.0,0.75,0.0,False,,3,,1.4210526315789473,4,0.04,pre_recommendation,,withdrawn
APP000981,JOB00263,CAN00871,ca_introduction,2025-11-16,1800.0,2000.0,0.1111111111111111,0.0,True,2.0,3,-1.0,1.4210526315789473,6,0.07,,accepted,recommended
APP000982,JOB00192,CAN00871,ca_introduction,2025-11-16,1800.0,2050.0,0.1388888888888889,0.0,True,2.0,3,-1.0,1.4210526315789473,3,0.04,,rejected,rejected
APP000983,JOB00073,CAN01218,ca_introduction,2025-11-16,2450.0,2150.0,-0.12244897959183673,0.12244897959183673,True,4.0,3,1.0,1.4210526315789473,2,0.08,,accepted,recommended
APP000984,JOB00006,CAN01699,ca_introduction,2025-11-16,3350.0,3050.0,-0.08955223880597014,0.08955223880597014,True,4.0,4,0.0,1.4210526315789473,3,0.07,,accepted,recommended
APP000985,JOB00048,CAN00092,ca_introduction,2025-11-16,1350.0,1400.0,0.037037037037037035,0.0,True,1.0,1,0.0,1.4210526315789473,1,0.02,,accepted,recommended
APP000986,JOB00305,CAN01452,self_entry,2025-11-16,2300.0,2950.0,0.2826086956521739,0.0,False,,4,,1.4210526315789473,5,0.07,,,screened_out
APP000987,JOB00024,CAN00575,ca_introduction,2025-11-17,1200.0,1350.0,0.125,0.0,True,1.0,1,0.0,1.4210526315789473,2,0.02,,accepted,recommended
APP000988,JOB00078,CAN01452,ca_introduction,2025-11-17,2300.0,2100.0,-0.08695652173913043,0.08695652173913043,True,4.0,3,1.0,1.4210526315789473,5,0.1,,accepted,recommended
APP000989,JOB00214,CAN00365,ca_introduction,2025-11-18,1200.0,1200.0,0.0,0.0,True,1.0,1,0.0,1.4210526315789473,0,0.02,,accepted,recommended
APP000990,JOB00291,CAN00114,ca_introduction,2025-11-18,1200.0,1350.0,0.125,0.0,True,1.0,1,0.0,1.4210526315789473,3,0.04,,accepted,recommended
APP000991,JOB00022,CAN01293,ca_introduction,2025-11-18,3550.0,3100.0,-0.1267605633802817,0.1267605633802817,True,5.0,4,1.0,1.4210526315789473,5,0.13,,accepted,recommended
APP000992,JOB00193,CAN01293,ca_introduction,2025-11-18,3550.0,3000.0,-0.15492957746478872,0.15492957746478872,True,5.0,3,2.0,1.4210526315789473,5,0.17,,accepted,recommended
APP000993,JOB00159,CAN00109,self_entry,2025-11-18,1250.0,1250.0,0.0,0.0,True,1.0,1,0.0,1.4210526315789473,7,0.1,,accepted,recommended
APP000994,JOB00331,CAN01621,self_entry,2025-11-18,3400.0,3050.0,-0.10294117647058823,0.10294117647058823,True,5.0,4,1.0,1.4210526315789473,2,0.08,,accepted,recommended
APP000995,JOB00048,CAN00114,ca_introduction,2025-11-19,1200.0,1400.0,0.16666666666666666,0.0,True,1.0,1,0.0,1.4210526315789473,2,0.02,,accepted,recommended
APP000996,JOB00263,CAN00979,ca_introduction,2025-11-19,2050.0,2000.0,-0.024390243902439025,0.024390243902439025,True,3.0,3,0.0,1.4210526315789473,6,0.07,,accepted,recommended
APP000997,JOB00121,CAN01171,ca_introduction,2025-11-19,3500.0,3050.0,-0.12857142857142856,0.12857142857142856,True,4.0,4,0.0,1.4210526315789473,3,0.1,,accepted,recommended
APP000998,JOB00022,CAN01171,ca_introduction,2025-11-19,3500.0,3100.0,-0.11428571428571428,0.11428571428571428,True,4.0,4,0.0,1.4210526315789473,1,0.08,,accepted,recommended
APP000999,JOB00096,CAN01775,ca_introduction,2025-11-19,2350.0,2250.0,-0.0425531914893617,0.0425531914893617,True,3.0,3,0.0,1.4210526315789473,2,0.02,,accepted,recommended
APP001000,JOB00202,CAN01785,ca_introduction,2025-11-19,1550.0,1500.0,-0.03225806451612903,0.03225806451612903,True,2.0,2,0.0,1.4210526315789473,3,0.04,,accepted,recommended
APP001001,JOB00029,CAN01242,ca_introduction,2025-11-19,1200.0,1300.0,0.08333333333333333,0.0,True,1.0,1,0.0,1.4210526315789473,2,0.02,,accepted,recommended
APP001002,JOB00091,CAN00575,self_entry,2025-11-19,1200.0,1250.0,0.041666666666666664,0.0,True,1.0,1,0.0,1.4210526315789473,2,0.02,,accepted,recommended
APP001003,JOB00071,CAN00759,ca_introduction,2025-11-20,1600.0,1400.0,-0.125,0.125,True,2.0,2,0.0,1.4210526315789473,5,0.13,,rejected,rejected
APP001004,JOB00198,CAN01113,ca_introduction,2025-11-20,2150.0,2150.0,0.0,0.0,True,2.0,3,-1.0,1.4210526315789473,5,0.07,,,screened_out
APP001005,JOB00187,CAN01252,ca_introduction,2025-11-20,2100.0,2200.0,0.047619047619047616,0.0,True,4.0,4,0.0,1.4210526315789473,4,0.04,,accepted,recommended
APP001006,JOB00026,CAN01878,ca_introduction,2025-11-20,2300.0,2150.0,-0.06521739130434782,0.06521739130434782,True,3.0,3,0.0,1.4210526315789473,4,0.07,,accepted,recommended
APP001007,JOB00183,CAN00075,ca_introduction,2025-11-20,3000.0,2950.0,-0.016666666666666666,0.016666666666666666,True,3.0,3,0.0,1.4210526315789473,8,0.1,,accepted,recommended
APP001008,JOB00287,CAN00927,self_entry,2025-11-20,2000.0,3100.0,0.55,0.0,False,,4,,1.4210526315789473,4,0.04,,,screened_out
APP001009,JOB00214,CAN00003,ca_introduction,2025-11-21,1200.0,1200.0,0.0,0.0,False,,1,,1.4210526315789473,3,0.04,,rejected,rejected
APP001010,JOB00079,CAN00341,ca_introduction,2025-11-21,3250.0,3000.0,-0.07692307692307693,0.07692307692307693,True,4.0,4,0.0,1.4210526315789473,2,0.05,,rejected,rejected
APP001011,JOB00176,CAN00380,ca_introduction,2025-11-21,1450.0,1400.0,-0.034482758620689655,0.034482758620689655,True,2.0,2,0.0,1.4210526315789473,5,0.07,,accepted,recommended
APP001012,JOB00215,CAN01582,ca_introduction,2025-11-21,2300.0,1950.0,-0.15217391304347827,0.15217391304347827,True,3.0,3,0.0,1.4210526315789473,6,0.17,pre_recommendation,,withdrawn
APP001013,JOB00148,CAN00927,self_entry,2025-11-21,2000.0,1900.0,-0.05,0.05,True,2.0,3,-1.0,1.4210526315789473,3,0.07,,accepted,recommended
APP001014,JOB00340,CAN00013,ca_introduction,2025-11-22,1300.0,1300.0,0.0,0.0,True,1.0,1,0.0,1.4210526315789473,3,0.04,,rejected,rejected
APP001015,JOB00027,CAN01595,ca_introduction,2025-11-22,1200.0,1300.0,0.08333333333333333,0.0,True,1.0,1,0.0,1.4210526315789473,1,0.02,,accepted,recommended
APP001016,JOB00296,CAN00013,ca_introduction,2025-11-23,1300.0,1400.0,0.07692307692307693,0.0,True,1.0,1,0.0,1.4210526315789473,2,0.02,,rejected,rejected
APP001017,JOB00063,CAN00870,ca_introduction,2025-11-23,1600.0,1600.0,0.0,0.0,True,2.0,2,0.0,1.4210526315789473,5,0.07,,accepted,recommended
APP001018,JOB00175,CAN01287,ca_introduction,2025-11-23,2050.0,3200.0,0.5609756097560976,0.0,True,4.0,4,0.0,1.4210526315789473,2,0.02,,accepted,recommended
APP001019,JOB00121,CAN01584,ca_introduction,2025-11-23,2100.0,3050.0,0.4523809523809524,0.0,True,4.0,4,0.0,1.4210526315789473,2,0.02,,accepted,recommended
APP001020,JOB00165,CAN00311,self_entry,2025-11-23,2100.0,3050.0,0.4523809523809524,0.0,False,,4,,1.4210526315789473,3,0.04,,,screened_out
APP001021,JOB00247,CAN01725,self_entry,2025-11-23,2400.0,2150.0,-0.10416666666666667,0.10416666666666667,True,3.0,3,0.0,1.4210526315789473,5,0.13,,accepted,recommended
APP001022,JOB00022,CAN01584,ca_introduction,2025-11-24,2100.0,3100.0,0.47619047619047616,0.0,True,4.0,4,0.0,1.4210526315789473,4,0.04,,rejected,rejected
APP001023,JOB00305,CAN01814,ca_introduction,2025-11-24,3050.0,2950.0,-0.03278688524590164,0.03278688524590164,True,4.0,4,0.0,1.4210526315789473,1,0.02,,accepted,recommended
APP001024,JOB00054,CAN01023,self_entry,2025-11-24,1850.0,3150.0,0.7027027027027027,0.0,False,,5,,1.4210526315789473,4,0.04,,,screened_out
APP001025,JOB00248,CAN01155,ca_introduction,2025-11-25,1650.0,1650.0,0.0,0.0,True,3.0,2,1.0,1.4210526315789473,2,0.02,,accepted,recommended
APP001026,JOB00085,CAN00523,ca_introduction,2025-11-25,1500.0,1500.0,0.0,0.0,True,2.0,2,0.0,1.4210526315789473,2,0.02,,accepted,recommended
APP001027,JOB00063,CAN01057,ca_introduction,2025-11-25,1500.0,1600.0,0.06666666666666667,0.0,True,2.0,2,0.0,1.4210526315789473,1,0.02,,accepted,recommended
APP001028,JOB00288,CAN01057,ca_introduction,2025-11-25,1500.0,1700.0,0.13333333333333333,0.0,True,2.0,2,0.0,1.4210526315789473,2,0.02,,rejected,rejected
APP001029,JOB00248,CAN01870,ca_introduction,2025-11-26,1650.0,1650.0,0.0,0.0,False,,2,,1.4210526315789473,4,0.04,,,screened_out
APP001030,JOB00154,CAN00262,ca_introduction,2025-11-27,1700.0,2950.0,0.7352941176470589,0.0,True,4.0,4,0.0,1.4210526315789473,3,0.04,,rejected,rejected
APP001031,JOB00089,CAN00406,ca_introduction,2025-11-27,3550.0,3150.0,-0.11267605633802817,0.11267605633802817,True,4.0,4,0.0,1.4210526315789473,3,0.1,,accepted,recommended
APP001032,JOB00076,CAN00361,self_entry,2025-11-27,1950.0,2750.0,0.41025641025641024,0.0,False,,4,,1.4210526315789473,6,0.07,pre_recommendation,,withdrawn
APP001033,JOB00006,CAN00406,ca_introduction,2025-11-28,3550.0,3050.0,-0.14084507042253522,0.14084507042253522,True,4.0,4,0.0,1.4210526315789473,4,0.1,,accepted,recommended
APP001034,JOB00050,CAN01483,ca_introduction,2025-11-28,2350.0,2150.0,-0.0851063829787234,0.0851063829787234,True,4.0,2,2.0,1.4210526315789473,3,0.07,,accepted,recommended
APP001035,JOB00259,CAN01751,ca_introduction,2025-11-28,1250.0,1200.0,-0.04,0.04,True,2.0,1,1.0,1.4210526315789473,5,0.07,,accepted,recommended
APP001036,JOB00096,CAN00920,ca_introduction,2025-11-29,1800.0,2250.0,0.25,0.0,True,3.0,3,0.0,1.4210526315789473,7,0.1,,accepted,recommended
APP001037,JOB00101,CAN00920,ca_introduction,2025-11-29,1800.0,2300.0,0.2777777777777778,0.0,True,3.0,4,-1.0,1.4210526315789473,6,0.07,,rejected,rejected
APP001038,JOB00033,CAN01385,ca_introduction,2025-11-29,2050.0,2350.0,0.14634146341463414,0.0,True,2.0,3,-1.0,1.4210526315789473,6,0.07,,rejected,rejected
APP001039,JOB00067,CAN01714,self_entry,2025-11-29,1500.0,1550.0,0.03333333333333333,0.0,True,1.0,2,-1.0,1.4210526315789473,4,0.04,,rejected,rejected
APP001040,JOB00039,CAN01385,ca_introduction,2025-11-30,2050.0,2200.0,0.07317073170731707,0.0,True,2.0,3,-1.0,1.4210526315789473,4,0.04,,rejected,rejected
APP001041,JOB00329,CAN01390,ca_introduction,2025-11-30,3150.0,2850.0,-0.09523809523809523,0.09523809523809523,True,4.0,4,0.0,1.4210526315789473,2,0.05,,accepted,recommended
APP001042,JOB00247,CAN00665,self_entry,2025-11-30,1250.0,2150.0,0.72,0.0,False,,3,,1.4210526315789473,6,0.07,,,screened_out
APP001043,JOB00027,CAN00123,ca_introduction,2025-12-01,1350.0,1300.0,-0.037037037037037035,0.037037037037037035,True,1.0,1,0.0,1.5426497277676952,4,0.04,,accepted,recommended
APP001044,JOB00017,CAN01390,ca_introduction,2025-12-01,3150.0,2900.0,-0.07936507936507936,0.07936507936507936,True,4.0,4,0.0,1.5426497277676952,4,0.07,,,screened_out
APP001045,JOB00063,CAN00157,ca_introduction,2025-12-01,1550.0,1600.0,0.03225806451612903,0.0,True,2.0,2,0.0,1.5426497277676952,2,0.02,,accepted,recommended
APP001046,JOB00021,CAN00798,ca_introduction,2025-12-01,1300.0,1300.0,0.0,0.0,True,1.0,1,0.0,1.5426497277676952,6,0.07,pre_recommendation,,withdrawn
APP001047,JOB00136,CAN00226,ca_introduction,2025-12-02,2550.0,2100.0,-0.17647058823529413,0.17647058823529413,True,4.0,4,0.0,1.5426497277676952,5,0.17,,accepted,recommended
APP001048,JOB00165,CAN01180,ca_introduction,2025-12-02,3300.0,3050.0,-0.07575757575757576,0.07575757575757576,True,4.0,4,0.0,1.5426497277676952,6,0.1,,accepted,recommended
APP001049,JOB00092,CAN01007,self_entry,2025-12-02,1250.0,1200.0,-0.04,0.04,True,1.0,1,0.0,1.5426497277676952,4,0.04,,accepted,recommended
APP001050,JOB00268,CAN00363,ca_introduction,2025-12-03,2100.0,2100.0,0.0,0.0,True,3.0,4,-1.0,1.5426497277676952,1,0.02,,rejected,rejected
APP001051,JOB00012,CAN01785,ca_introduction,2025-12-03,1550.0,1450.0,-0.06451612903225806,0.06451612903225806,True,2.0,2,0.0,1.5426497277676952,2,0.05,,accepted,recommended
APP001052,JOB00343,CAN00923,self_entry,2025-12-03,1450.0,1200.0,-0.1724137931034483,0.1724137931034483,True,2.0,1,1.0,1.5426497277676952,4,0.14,,accepted,recommended
APP001053,JOB00100,CAN01121,ca_introduction,2025-12-04,2100.0,2750.0,0.30952380952380953,0.0,True,4.0,4,0.0,1.5426497277676952,5,0.07,,accepted,recommended
APP001054,JOB00033,CAN01548,self_entry,2025-12-04,2300.0,2350.0,0.021739130434782608,0.0,True,3.0,3,0.0,1.5426497277676952,1,0.02,,accepted,recommended
APP001055,JOB00092,CAN00103,ca_introduction,2025-12-05,1200.0,1200.0,0.0,0.0,True,1.0,1,0.0,1.5426497277676952,3,0.04,,accepted,recommended
APP001056,JOB00048,CAN00453,ca_introduction,2025-12-05,1300.0,1400.0,0.07692307692307693,0.0,True,1.0,1,0.0,1.5426497277676952,4,0.04,,,screened_out
APP001057,JOB00129,CAN01369,ca_introduction,2025-12-05,3150.0,2850.0,-0.09523809523809523,0.09523809523809523,True,4.0,4,0.0,1.5426497277676952,7,0.13,,accepted,recommended
APP001058,JOB00262,CAN00313,self_entry,2025-12-05,2400.0,2100.0,-0.125,0.125,True,4.0,3,1.0,1.5426497277676952,6,0.13,,,screened_out
APP001059,JOB00091,CAN00353,self_entry,2025-12-05,1200.0,1250.0,0.041666666666666664,0.0,False,,1,,1.5426497277676952,2,0.02,,rejected,rejected
APP001060,JOB00002,CAN00600,self_entry,2025-12-05,1500.0,1500.0,0.0,0.0,True,2.0,2,0.0,1.5426497277676952,6,0.07,,accepted,recommended
APP001061,JOB00343,CAN00891,self_entry,2025-12-05,1300.0,1200.0,-0.07692307692307693,0.07692307692307693,True,1.0,1,0.0,1.5426497277676952,6,0.1,,accepted,recommended
APP001062,JOB00207,CAN00131,ca_introduction,2025-12-06,1200.0,1250.0,0.041666666666666664,0.0,True,1.0,1,0.0,1.5426497277676952,4,0.04,,accepted,recommended
APP001063,JOB00294,CAN01369,ca_introduction,2025-12-06,3150.0,2800.0,-0.1111111111111111,0.1111111111111111,True,4.0,4,0.0,1.5426497277676952,2,0.08,,accepted,recommended
APP001064,JOB00026,CAN01632,ca_introduction,2025-12-06,2300.0,2150.0,-0.06521739130434782,0.06521739130434782,True,2.0,3,-1.0,1.5426497277676952,6,0.1,,accepted,recommended
APP001065,JOB00285,CAN01907,self_entry,2025-12-06,2150.0,1900.0,-0.11627906976744186,0.11627906976744186,True,3.0,3,0.0,1.5426497277676952,3,0.1,,rejected,rejected
APP001066,JOB00175,CAN01163,ca_introduction,2025-12-07,3150.0,3200.0,0.015873015873015872,0.0,True,4.0,4,0.0,1.5426497277676952,3,0.04,,accepted,recommended
APP001067,JOB00026,CAN01452,ca_introduction,2025-12-07,2300.0,2150.0,-0.06521739130434782,0.06521739130434782,True,4.0,3,1.0,1.5426497277676952,2,0.05,,accepted,recommended
APP001068,JOB00267,CAN01423,ca_introduction,2025-12-08,1200.0,1200.0,0.0,0.0,False,,1,,1.5426497277676952,5,0.07,,rejected,rejected
APP001069,JOB00247,CAN01136,self_entry,2025-12-08,2200.0,2150.0,-0.022727272727272728,0.022727272727272728,True,2.0,3,-1.0,1.5426497277676952,3,0.04,,,screened_out
APP001070,JOB00234,CAN01905,self_entry,2025-12-08,1950.0,3100.0,0.5897435897435898,0.0,True,4.0,4,0.0,1.5426497277676952,7,0.1,,accepted,recommended
APP001071,JOB00321,CAN01814,ca_introduction,2025-12-09,3050.0,2900.0,-0.04918032786885246,0.04918032786885246,True,4.0,3,1.0,1.5426497277676952,4,0.04,,rejected,rejected
APP001072,JOB00263,CAN01867,ca_introduction,2025-12-09,2000.0,2000.0,0.0,0.0,True,2.0,3,-1.0,1.5426497277676952,6,0.07,,,screened_out
APP001073,JOB00185,CAN00759,ca_introduction,2025-12-10,1600.0,1450.0,-0.09375,0.09375,True,2.0,1,1.0,1.5426497277676952,4,0.07,,accepted,recommended
APP001074,JOB00033,CAN00031,ca_introduction,2025-12-10,2750.0,2350.0,-0.14545454545454545,0.14545454545454545,True,2.0,3,-1.0,1.5426497277676952,5,0.13,,,screened_out
APP001075,JOB00207,CAN00123,ca_introduction,2025-12-10,1350.0,1250.0,-0.07407407407407407,0.07407407407407407,True,1.0,1,0.0,1.5426497277676952,5,0.1,,rejected,rejected
APP001076,JOB00063,CAN00203,ca_introduction,2025-12-10,1600.0,1600.0,0.0,0.0,True,3.0,2,1.0,1.5426497277676952,2,0.02,,accepted,recommended
APP001077,JOB00133,CAN01595,ca_introduction,2025-12-10,1200.0,1200.0,0.0,0.0,True,1.0,1,0.0,1.5426497277676952,2,0.02,,accepted,recommended
APP001078,JOB00303,CAN01524,self_entry,2025-12-10,2300.0,2100.0,-0.08695652173913043,0.08695652173913043,True,3.0,3,0.0,1.5426497277676952,4,0.07,,accepted,recommended
APP001079,JOB00133,CAN00123,ca_introduction,2025-12-11,1350.0,1200.0,-0.1111111111111111,0.1111111111111111,True,1.0,1,0.0,1.5426497277676952,5,0.13,,accepted,recommended
APP001080,JOB00221,CAN00123,ca_introduction,2025-12-11,1350.0,1200.0,-0.1111111111111111,0.1111111111111111,True,1.0,1,0.0,1.5426497277676952,7,0.16,,accepted,recommended
APP001081,JOB00013,CAN01546,ca_introduction,2025-12-11,1200.0,1250.0,0.041666666666666664,0.0,True,1.0,1,0.0,1.5426497277676952,7,0.1,,accepted,recommended
APP001082,JOB00136,CAN01878,ca_introduction,2025-12-11,2300.0,2100.0,-0.08695652173913043,0.08695652173913043,True,3.0,4,-1.0,1.5426497277676952,7,0.13,,,screened_out
APP001083,JOB00134,CAN01878,ca_introduction,2025-12-11,2300.0,1950.0,-0.15217391304347827,0.15217391304347827,True,3.0,3,0.0,1.5426497277676952,6,0.17,pre_recommendation,,withdrawn
APP001084,JOB00021,CAN01104,ca_introduction,2025-12-11,1250.0,1300.0,0.04,0.0,True,1.0,1,0.0,1.5426497277676952,3,0.04,,accepted,recommended
APP001085,JOB00175,CAN00406,ca_introduction,2025-12-12,3550.0,3200.0,-0.09859154929577464,0.09859154929577464,True,4.0,4,0.0,1.5426497277676952,1,0.05,,rejected,rejected
APP001086,JOB00201,CAN00867,ca_introduction,2025-12-12,1350.0,1300.0,-0.037037037037037035,0.037037037037037035,True,2.0,1,1.0,1.5426497277676952,5,0.07,,accepted,recommended
APP001087,JOB00127,CAN00499,ca_introduction,2025-12-12,1950.0,2200.0,0.1282051282051282,0.0,True,2.0,3,-1.0,1.5426497277676952,3,0.04,,accepted,recommended
APP001088,JOB00021,CAN01530,ca_introduction,2025-12-12,1600.0,1300.0,-0.1875,0.1875,True,2.0,1,1.0,1.5426497277676952,3,0.14,,rejected,rejected
APP001089,JOB00031,CAN01073,self_entry,2025-12-12,1300.0,1200.0,-0.07692307692307693,0.07692307692307693,True,1.0,1,0.0,1.5426497277676952,6,0.1,,,screened_out
APP001090,JOB00126,CAN00755,ca_introduction,2025-12-13,1900.0,2050.0,0.07894736842105263,0.0,True,3.0,3,0.0,1.5426497277676952,6,0.07,,accepted,recommended
APP001091,JOB00297,CAN01044,self_entry,2025-12-13,1300.0,1500.0,0.15384615384615385,0.0,False,,2,,1.5426497277676952,4,0.04,,,screened_out
APP001092,JOB00170,CAN01835,self_entry,2025-12-13,2350.0,2100.0,-0.10638297872340426,0.10638297872340426,True,4.0,3,1.0,1.5426497277676952,5,0.13,,accepted,recommended
APP001093,JOB00207,CAN01199,ca_introduction,2025-12-14,1250.0,1250.0,0.0,0.0,True,1.0,1,0.0,1.5426497277676952,5,0.07,,rejected,rejected
APP001094,JOB00207,CAN01898,self_entry,2025-12-14,1250.0,1250.0,0.0,0.0,True,1.0,1,0.0,1.5426497277676952,4,0.04,,rejected,rejected
APP001095,JOB00260,CAN01385,ca_introduction,2025-12-16,2050.0,2150.0,0.04878048780487805,0.0,True,2.0,3,-1.0,1.5426497277676952,3,0.04,,,screened_out
APP001096,JOB00013,CAN01384,self_entry,2025-12-16,1200.0,1250.0,0.041666666666666664,0.0,True,1.0,1,0.0,1.5426497277676952,3,0.04,,accepted,recommended
APP001097,JOB00202,CAN01546,self_entry,2025-12-16,1200.0,1500.0,0.25,0.0,True,1.0,2,-1.0,1.5426497277676952,2,0.02,,accepted,recommended
APP001098,JOB00219,CAN00269,ca_introduction,2025-12-17,2150.0,2200.0,0.023255813953488372,0.0,True,4.0,4,0.0,1.5426497277676952,5,0.07,,rejected,rejected
APP001099,JOB00303,CAN01559,ca_introduction,2025-12-17,2000.0,2100.0,0.05,0.0,True,2.0,3,-1.0,1.5426497277676952,1,0.02,,rejected,rejected
APP001100,JOB00341,CAN01632,ca_introduction,2025-12-17,2300.0,2050.0,-0.10869565217391304,0.10869565217391304,True,2.0,3,-1.0,1.5426497277676952,3,0.1,,accepted,recommended
APP001101,JOB00247,CAN01298,ca_introduction,2025-12-17,2200.0,2150.0,-0.022727272727272728,0.022727272727272728,True,3.0,3,0.0,1.5426497277676952,4,0.04,,accepted,recommended
APP001102,JOB00141,CAN00789,self_entry,2025-12-17,2000.0,2300.0,0.15,0.0,False,,4,,1.5426497277676952,3,0.04,,,screened_out
APP001103,JOB00333,CAN01751,ca_introduction,2025-12-18,1250.0,1200.0,-0.04,0.04,True,2.0,1,1.0,1.5426497277676952,4,0.04,,accepted,recommended
APP001104,JOB00030,CAN01217,self_entry,2025-12-18,2350.0,2150.0,-0.0851063829787234,0.0851063829787234,False,,3,,1.5426497277676952,6,0.1,,,screened_out
APP001105,JOB00201,CAN00420,ca_introduction,2025-12-19,1250.0,1300.0,0.04,0.0,True,1.0,1,0.0,1.5426497277676952,1,0.02,,accepted,recommended
APP001106,JOB00247,CAN01381,ca_introduction,2025-12-19,2200.0,2150.0,-0.022727272727272728,0.022727272727272728,True,3.0,3,0.0,1.5426497277676952,4,0.04,,accepted,recommended
APP001107,JOB00078,CAN00970,ca_introduction,2025-12-20,2350.0,2100.0,-0.10638297872340426,0.10638297872340426,True,4.0,3,1.0,1.5426497277676952,3,0.1,,accepted,recommended
APP001108,JOB00242,CAN01242,self_entry,2025-12-20,1200.0,1450.0,0.20833333333333334,0.0,True,1.0,2,-1.0,1.5426497277676952,6,0.07,,rejected,rejected
APP001109,JOB00308,CAN01406,ca_introduction,2025-12-21,2100.0,1900.0,-0.09523809523809523,0.09523809523809523,True,2.0,3,-1.0,1.5426497277676952,1,0.05,,rejected,rejected
APP001110,JOB00103,CAN01406,ca_introduction,2025-12-21,2100.0,2100.0,0.0,0.0,True,2.0,3,-1.0,1.5426497277676952,4,0.04,,accepted,recommended
APP001111,JOB00187,CAN01949,ca_introduction,2025-12-22,2250.0,2200.0,-0.022222222222222223,0.022222222222222223,True,4.0,4,0.0,1.5426497277676952,2,0.02,,accepted,recommended
APP001112,JOB00287,CAN01505,ca_introduction,2025-12-22,3450.0,3100.0,-0.10144927536231885,0.10144927536231885,True,5.0,4,1.0,1.5426497277676952,6,0.13,,accepted,recommended
APP001113,JOB00089,CAN01505,ca_introduction,2025-12-22,3450.0,3150.0,-0.08695652173913043,0.08695652173913043,True,5.0,4,1.0,1.5426497277676952,3,0.07,,accepted,recommended
APP001114,JOB00221,CAN01226,self_entry,2025-12-22,1400.0,1200.0,-0.14285714285714285,0.14285714285714285,True,2.0,1,1.0,1.5426497277676952,2,0.08,pre_recommendation,,withdrawn
APP001115,JOB00291,CAN00453,ca_introduction,2025-12-23,1300.0,1350.0,0.038461538461538464,0.0,True,1.0,1,0.0,1.5426497277676952,1,0.02,,accepted,recommended
APP001116,JOB00165,CAN00804,self_entry,2025-12-23,2750.0,3050.0,0.10909090909090909,0.0,False,,4,,1.5426497277676952,4,0.04,,,screened_out
APP001117,JOB00288,CAN01075,self_entry,2025-12-23,1250.0,1700.0,0.36,0.0,False,,2,,1.5426497277676952,1,0.02,,rejected,rejected
APP001118,JOB00287,CAN01233,self_entry,2025-12-23,3450.0,3100.0,-0.10144927536231885,0.10144927536231885,True,4.0,4,0.0,1.5426497277676952,4,0.1,,rejected,rejected
APP001119,JOB00282,CAN00845,ca_introduction,2025-12-24,2050.0,2050.0,0.0,0.0,True,3.0,3,0.0,1.5426497277676952,5,0.07,,accepted,recommended
APP001120,JOB00036,CAN00845,ca_introduction,2025-12-24,2050.0,1950.0,-0.04878048780487805,0.04878048780487805,True,3.0,3,0.0,1.5426497277676952,4,0.04,,rejected,rejected
APP001121,JOB00180,CAN00275,ca_introduction,2025-12-24,3150.0,3000.0,-0.047619047619047616,0.047619047619047616,True,4.0,4,0.0,1.5426497277676952,3,0.04,pre_recommendation,,withdrawn
APP001122,JOB00138,CAN00931,ca_introduction,2025-12-24,3050.0,2750.0,-0.09836065573770492,0.09836065573770492,True,4.0,4,0.0,1.5426497277676952,6,0.1,,accepted,recommended
APP001123,JOB00287,CAN01163,ca_introduction,2025-12-24,3150.0,3100.0,-0.015873015873015872,0.015873015873015872,True,4.0,4,0.0,1.5426497277676952,4,0.04,,accepted,recommended
APP001124,JOB00232,CAN01163,ca_introduction,2025-12-24,3150.0,2950.0,-0.06349206349206349,0.06349206349206349,True,4.0,3,1.0,1.5426497277676952,1,0.05,,accepted,recommended
APP001125,JOB00336,CAN01867,ca_introduction,2025-12-24,2000.0,2200.0,0.1,0.0,True,2.0,4,-2.0,1.5426497277676952,6,0.07,pre_recommendation,,withdrawn
APP001126,JOB00110,CAN00185,self_entry,2025-12-24,1550.0,1950.0,0.25806451612903225,0.0,False,,2,,1.5426497277676952,4,0.04,,rejected,rejected
APP001127,JOB00330,CAN00282,self_entry,2025-12-24,1350.0,1850.0,0.37037037037037035,0.0,True,3.0,3,0.0,1.5426497277676952,4,0.04,,accepted,recommended
APP001128,JOB00344,CAN00826,self_entry,2025-12-24,2200.0,1950.0,-0.11363636363636363,0.11363636363636363,True,3.0,3,0.0,1.5426497277676952,8,0.16,,accepted,recommended
APP001129,JOB00143,CAN01426,self_entry,2025-12-24,2000.0,1950.0,-0.025,0.025,True,3.0,3,0.0,1.5426497277676952,4,0.04,,accepted,recommended
APP001130,JOB00096,CAN01751,self_entry,2025-12-24,1250.0,2250.0,0.8,0.0,False,,3,,1.5426497277676952,4,0.04,,,screened_out
APP001131,JOB00015,CAN00275,ca_introduction,2025-12-25,3150.0,3000.0,-0.047619047619047616,0.047619047619047616,True,4.0,4,0.0,1.5426497277676952,2,0.02,,accepted,recommended
APP001132,JOB00020,CAN00588,ca_introduction,2025-12-25,2050.0,2000.0,-0.024390243902439025,0.024390243902439025,True,3.0,3,0.0,1.5426497277676952,7,0.1,,rejected,rejected
APP001133,JOB00085,CAN01530,ca_introduction,2025-12-25,1600.0,1500.0,-0.0625,0.0625,True,2.0,2,0.0,1.5426497277676952,2,0.05,,accepted,recommended
APP001134,JOB00267,CAN00103,ca_introduction,2025-12-26,1200.0,1200.0,0.0,0.0,True,1.0,1,0.0,1.5426497277676952,4,0.04,,accepted,recommended
APP001135,JOB00031,CAN00103,ca_introduction,2025-12-26,1200.0,1200.0,0.0,0.0,True,1.0,1,0.0,1.5426497277676952,5,0.07,,accepted,recommended
APP001136,JOB00003,CAN01228,ca_introduction,2025-12-26,1250.0,1250.0,0.0,0.0,True,2.0,1,1.0,1.5426497277676952,2,0.02,,accepted,recommended
APP001137,JOB00059,CAN00803,ca_introduction,2025-12-26,1900.0,2000.0,0.05263157894736842,0.0,True,2.0,4,-2.0,1.5426497277676952,5,0.07,pre_recommendation,,withdrawn
APP001138,JOB00206,CAN01484,self_entry,2025-12-26,1350.0,1350.0,0.0,0.0,True,2.0,1,1.0,1.5426497277676952,5,0.07,pre_recommendation,,withdrawn
APP001139,JOB00079,CAN00897,ca_introduction,2025-12-27,3400.0,3000.0,-0.11764705882352941,0.11764705882352941,True,5.0,4,1.0,1.5426497277676952,6,0.13,,rejected,rejected
APP001140,JOB00096,CAN01314,self_entry,2025-12-27,3550.0,2250.0,-0.36619718309859156,0.36619718309859156,True,3.0,3,0.0,1.5426497277676952,3,0.14,,rejected,rejected
APP001141,JOB00184,CAN01459,self_entry,2025-12-27,1350.0,1450.0,0.07407407407407407,0.0,True,1.0,1,0.0,1.5426497277676952,4,0.04,,accepted,recommended
APP001142,JOB00155,CAN00897,ca_introduction,2025-12-28,3400.0,3000.0,-0.11764705882352941,0.11764705882352941,True,5.0,4,1.0,1.5426497277676952,1,0.08,,accepted,recommended
APP001143,JOB00201,CAN00384,ca_introduction,2025-12-28,1300.0,1300.0,0.0,0.0,True,1.0,1,0.0,1.5426497277676952,4,0.04,,rejected,rejected
APP001144,JOB00048,CAN01546,ca_introduction,2025-12-28,1200.0,1400.0,0.16666666666666666,0.0,True,1.0,1,0.0,1.5426497277676952,3,0.04,,accepted,recommended
APP001145,JOB00083,CAN01087,self_entry,2025-12-28,1800.0,1500.0,-0.16666666666666666,0.16666666666666666,True,3.0,2,1.0,1.5426497277676952,4,0.14,,accepted,recommended
APP001146,JOB00242,CAN01381,self_entry,2025-12-28,2200.0,1450.0,-0.3409090909090909,0.3409090909090909,False,,2,,1.5426497277676952,1,0.12000000000000001,,,screened_out
APP001147,JOB00165,CAN00165,ca_introduction,2025-12-29,3350.0,3050.0,-0.08955223880597014,0.08955223880597014,True,5.0,4,1.0,1.5426497277676952,4,0.07,,accepted,recommended
APP001148,JOB00085,CAN00839,ca_introduction,2025-12-29,1350.0,1500.0,0.1111111111111111,0.0,True,1.0,2,-1.0,1.5426497277676952,2,0.02,,accepted,recommended
APP001149,JOB00012,CAN00839,ca_introduction,2025-12-29,1350.0,1450.0,0.07407407407407407,0.0,True,1.0,2,-1.0,1.5426497277676952,2,0.02,,,screened_out
APP001150,JOB00110,CAN00854,self_entry,2025-12-29,1200.0,1950.0,0.625,0.0,False,,2,,1.5426497277676952,5,0.07,,accepted,recommended
APP001151,JOB00014,CAN01751,self_entry,2025-12-29,1250.0,1400.0,0.12,0.0,False,,2,,1.5426497277676952,5,0.07,pre_recommendation,,withdrawn
APP001152,JOB00127,CAN01381,ca_introduction,2025-12-30,2200.0,2200.0,0.0,0.0,True,3.0,3,0.0,1.5426497277676952,4,0.04,,accepted,recommended
APP001153,JOB00184,CAN01304,ca_introduction,2025-12-30,1450.0,1450.0,0.0,0.0,True,1.0,1,0.0,1.5426497277676952,6,0.07,,accepted,recommended
APP001154,JOB00092,CAN00949,self_entry,2025-12-30,1200.0,1200.0,0.0,0.0,True,1.0,1,0.0,1.5426497277676952,4,0.04,,,screened_out
APP001155,JOB00027,CAN00151,ca_introduction,2025-12-31,1350.0,1300.0,-0.037037037037037035,0.037037037037037035,True,2.0,1,1.0,1.5426497277676952,5,0.07,,rejected,rejected
APP001156,JOB00207,CAN00151,ca_introduction,2025-12-31,1350.0,1250.0,-0.07407407407407407,0.07407407407407407,True,2.0,1,1.0,1.5426497277676952,7,0.13,,rejected,rejected
APP001157,JOB00265,CAN00151,ca_introduction,2025-12-31,1350.0,1350.0,0.0,0.0,True,2.0,2,0.0,1.5426497277676952,1,0.02,,accepted,recommended
APP001158,JOB00232,CAN00967,ca_introduction,2025-12-31,3300.0,2950.0,-0.10606060606060606,0.10606060606060606,True,4.0,3,1.0,1.5426497277676952,3,0.1,,accepted,recommended
APP001159,JOB00201,CAN01540,ca_introduction,2025-12-31,1350.0,1300.0,-0.037037037037037035,0.037037037037037035,True,2.0,1,1.0,1.5426497277676952,3,0.04,,accepted,recommended
APP001160,JOB00238,CAN00232,self_entry,2025-12-31,1400.0,3150.0,1.25,0.0,False,,3,,1.5426497277676952,2,0.02,pre_recommendation,,withdrawn
APP001161,JOB00004,CAN01721,self_entry,2025-12-31,2700.0,2200.0,-0.18518518518518517,0.18518518518518517,True,4.0,3,1.0,1.5426497277676952,7,0.2,,accepted,recommended
APP001162,JOB00027,CAN01540,ca_introduction,2026-01-01,1350.0,1300.0,-0.037037037037037035,0.037037037037037035,True,2.0,1,1.0,1.6878402903811252,6,0.07,,accepted,recommended
APP001163,JOB00040,CAN01871,ca_introduction,2026-01-01,2350.0,2200.0,-0.06382978723404255,0.06382978723404255,True,3.0,4,-1.0,1.6878402903811252,4,0.07,,accepted,recommended
APP001164,JOB00247,CAN01871,ca_introduction,2026-01-01,2350.0,2150.0,-0.0851063829787234,0.0851063829787234,True,3.0,3,0.0,1.6878402903811252,5,0.1,,accepted,recommended
APP001165,JOB00245,CAN00316,self_entry,2026-01-01,1600.0,1200.0,-0.25,0.25,False,,1,,1.6878402903811252,2,0.12000000000000001,,,screened_out
APP001166,JOB00054,CAN00629,self_entry,2026-01-01,1900.0,3150.0,0.6578947368421053,0.0,False,,5,,1.6878402903811252,7,0.1,,,screened_out
APP001167,JOB00128,CAN01273,self_entry,2026-01-01,2100.0,1900.0,-0.09523809523809523,0.09523809523809523,True,3.0,3,0.0,1.6878402903811252,5,0.1,,accepted,recommended
APP001168,JOB00291,CAN00957,ca_introduction,2026-01-02,1350.0,1350.0,0.0,0.0,True,1.0,1,0.0,1.6878402903811252,6,0.07,,rejected,rejected
APP001169,JOB00194,CAN01560,ca_introduction,2026-01-02,1200.0,1250.0,0.041666666666666664,0.0,True,1.0,1,0.0,1.6878402903811252,2,0.02,,accepted,recommended
APP001170,JOB00335,CAN00435,ca_introduction,2026-01-02,2250.0,2250.0,0.0,0.0,True,3.0,4,-1.0,1.6878402903811252,3,0.04,,accepted,recommended
APP001171,JOB00245,CAN00029,self_entry,2026-01-02,1200.0,1200.0,0.0,0.0,True,1.0,1,0.0,1.6878402903811252,7,0.1,,rejected,rejected
APP001172,JOB00003,CAN01420,self_entry,2026-01-02,1200.0,1250.0,0.041666666666666664,0.0,True,1.0,1,0.0,1.6878402903811252,7,0.1,,rejected,rejected
APP001173,JOB00092,CAN01785,self_entry,2026-01-02,1550.0,1200.0,-0.22580645161290322,0.22580645161290322,True,1.0,1,0.0,1.6878402903811252,5,0.17,,accepted,recommended
APP001174,JOB00337,CAN01275,ca_introduction,2026-01-03,1250.0,1600.0,0.28,0.0,True,2.0,2,0.0,1.6878402903811252,8,0.1,pre_recommendation,,withdrawn
APP001175,JOB00127,CAN00765,ca_introduction,2026-01-03,2200.0,2200.0,0.0,0.0,True,3.0,3,0.0,1.6878402903811252,5,0.07,,accepted,recommended
APP001176,JOB00206,CAN00380,self_entry,2026-01-03,1450.0,1350.0,-0.06896551724137931,0.06896551724137931,True,2.0,1,1.0,1.6878402903811252,6,0.1,pre_recommendation,,withdrawn
APP001177,JOB00245,CAN00447,self_entry,2026-01-03,1200.0,1200.0,0.0,0.0,True,1.0,1,0.0,1.6878402903811252,7,0.1,,accepted,recommended
APP001178,JOB00303,CAN00484,self_entry,2026-01-03,1750.0,2100.0,0.2,0.0,False,,3,,1.6878402903811252,8,0.1,pre_recommendation,,withdrawn
APP001179,JOB00217,CAN01238,self_entry,2026-01-03,3050.0,2700.0,-0.11475409836065574,0.11475409836065574,True,4.0,4,0.0,1.6878402903811252,7,0.16,pre_recommendation,,withdrawn
APP001180,JOB00053,CAN00023,ca_introduction,2026-01-04,2600.0,2150.0,-0.17307692307692307,0.17307692307692307,True,3.0,3,0.0,1.6878402903811252,2,0.12000000000000001,pre_recommendation,,withdrawn
APP001181,JOB00044,CAN01262,ca_introduction,2026-01-04,2800.0,2850.0,0.017857142857142856,0.0,True,4.0,5,-1.0,1.6878402903811252,2,0.02,,rejected,rejected
APP001182,JOB00016,CAN01298,ca_introduction,2026-01-04,2200.0,2300.0,0.045454545454545456,0.0,True,3.0,3,0.0,1.6878402903811252,3,0.04,,rejected,rejected
APP001183,JOB00094,CAN00589,self_entry,2026-01-04,1950.0,2900.0,0.48717948717948717,0.0,True,4.0,4,0.0,1.6878402903811252,5,0.07,,accepted,recommended
APP001184,JOB00337,CAN00924,ca_introduction,2026-01-05,1450.0,1600.0,0.10344827586206896,0.0,True,2.0,2,0.0,1.6878402903811252,4,0.04,,rejected,rejected
APP001185,JOB00159,CAN00478,ca_introduction,2026-01-05,1250.0,1250.0,0.0,0.0,True,1.0,1,0.0,1.6878402903811252,5,0.07,,accepted,recommended
APP001186,JOB00126,CAN01949,ca_introduction,2026-01-05,2250.0,2050.0,-0.08888888888888889,0.08888888888888889,True,4.0,3,1.0,1.6878402903811252,5,0.1,,accepted,recommended
APP001187,JOB00141,CAN01109,self_entry,2026-01-05,2350.0,2300.0,-0.02127659574468085,0.02127659574468085,True,3.0,4,-1.0,1.6878402903811252,7,0.1,,rejected,rejected
APP001188,JOB00181,CAN01152,self_entry,2026-01-05,1200.0,2150.0,0.7916666666666666,0.0,False,,3,,1.6878402903811252,6,0.07,,rejected,rejected
APP001189,JOB00307,CAN00103,ca_introduction,2026-01-06,1200.0,1250.0,0.041666666666666664,0.0,True,1.0,1,0.0,1.6878402903811252,7,0.1,,accepted,recommended
APP001190,JOB00003,CAN01195,self_entry,2026-01-06,1250.0,1250.0,0.0,0.0,True,1.0,1,0.0,1.6878402903811252,5,0.07,,accepted,recommended
APP001191,JOB00207,CAN01068,ca_introduction,2026-01-07,1300.0,1250.0,-0.038461538461538464,0.038461538461538464,True,1.0,1,0.0,1.6878402903811252,2,0.02,,accepted,recommended
APP001192,JOB00265,CAN00414,ca_introduction,2026-01-07,1400.0,1350.0,-0.03571428571428571,0.03571428571428571,True,2.0,2,0.0,1.6878402903811252,5,0.07,,accepted,recommended
APP001193,JOB00313,CAN01208,ca_introduction,2026-01-07,1700.0,1600.0,-0.058823529411764705,0.058823529411764705,True,3.0,2,1.0,1.6878402903811252,4,0.07,,rejected,rejected
APP001194,JOB00274,CAN00478,self_entry,2026-01-07,1250.0,1200.0,-0.04,0.04,True,1.0,1,0.0,1.6878402903811252,3,0.04,,rejected,rejected
APP001195,JOB00255,CAN01525,self_entry,2026-01-07,1200.0,1400.0,0.16666666666666666,0.0,True,1.0,1,0.0,1.6878402903811252,5,0.07,,accepted,recommended
APP001196,JOB00205,CAN00871,self_entry,2026-01-08,1800.0,1900.0,0.05555555555555555,0.0,True,2.0,2,0.0,1.6878402903811252,7,0.1,pre_recommendation,,withdrawn
APP001197,JOB00226,CAN01855,ca_introduction,2026-01-09,3000.0,2050.0,-0.31666666666666665,0.31666666666666665,True,2.0,2,0.0,1.6878402903811252,5,0.17,,accepted,recommended
APP001198,JOB00324,CAN00114,self_entry,2026-01-09,1200.0,1500.0,0.25,0.0,True,1.0,2,-1.0,1.6878402903811252,8,0.1,,,screened_out
APP001199,JOB00321,CAN01796,self_entry,2026-01-09,2550.0,2900.0,0.13725490196078433,0.0,False,,3,,1.6878402903811252,6,0.07,,,screened_out
APP001200,JOB00287,CAN00967,ca_introduction,2026-01-10,3300.0,3100.0,-0.06060606060606061,0.06060606060606061,True,4.0,4,0.0,1.6878402903811252,2,0.05,,accepted,recommended
APP001201,JOB00101,CAN00007,ca_introduction,2026-01-10,2450.0,2300.0,-0.061224489795918366,0.061224489795918366,True,4.0,4,0.0,1.6878402903811252,2,0.05,,accepted,recommended
APP001202,JOB00184,CAN00575,self_entry,2026-01-10,1200.0,1450.0,0.20833333333333334,0.0,False,,1,,1.6878402903811252,6,0.07,pre_recommendation,,withdrawn
APP001203,JOB00205,CAN00712,self_entry,2026-01-10,2100.0,1900.0,-0.09523809523809523,0.09523809523809523,True,3.0,2,1.0,1.6878402903811252,6,0.1,,accepted,recommended
APP001204,JOB00181,CAN00877,self_entry,2026-01-10,2150.0,2150.0,0.0,0.0,True,2.0,3,-1.0,1.6878402903811252,7,0.1,,accepted,recommended
APP001205,JOB00242,CAN01552,self_entry,2026-01-10,1900.0,1450.0,-0.23684210526315788,0.23684210526315788,False,,2,,1.6878402903811252,4,0.14,pre_recommendation,,withdrawn
APP001206,JOB00207,CAN01918,ca_introduction,2026-01-11,1200.0,1250.0,0.041666666666666664,0.0,True,1.0,1,0.0,1.6878402903811252,3,0.04,,accepted,recommended
APP001207,JOB00048,CAN01281,ca_introduction,2026-01-11,1350.0,1400.0,0.037037037037037035,0.0,True,1.0,1,0.0,1.6878402903811252,5,0.07,,accepted,recommended
APP001208,JOB00059,CAN01605,self_entry,2026-01-11,2200.0,2000.0,-0.09090909090909091,0.09090909090909091,False,,4,,1.6878402903811252,3,0.07,,,screened_out
APP001209,JOB00016,CAN01567,ca_introduction,2026-01-12,2700.0,2300.0,-0.14814814814814814,0.14814814814814814,True,4.0,3,1.0,1.6878402903811252,4,0.1,pre_recommendation,,withdrawn
APP001210,JOB00003,CAN00670,self_entry,2026-01-12,3300.0,1250.0,-0.6212121212121212,0.6212121212121212,False,,1,,1.6878402903811252,4,0.14,,accepted,recommended
APP001211,JOB00206,CAN01079,self_entry,2026-01-12,1300.0,1350.0,0.038461538461538464,0.0,True,2.0,1,1.0,1.6878402903811252,3,0.04,,accepted,recommended
APP001212,JOB00004,CAN00765,ca_introduction,2026-01-13,2200.0,2200.0,0.0,0.0,True,3.0,3,0.0,1.6878402903811252,5,0.07,,rejected,rejected
APP001213,JOB00339,CAN00931,ca_introduction,2026-01-13,3050.0,2900.0,-0.04918032786885246,0.04918032786885246,True,4.0,4,0.0,1.6878402903811252,5,0.07,,rejected,rejected
APP001214,JOB00123,CAN01552,ca_introduction,2026-01-13,1900.0,1950.0,0.02631578947368421,0.0,True,3.0,3,0.0,1.6878402903811252,1,0.02,,accepted,recommended
APP001215,JOB00040,CAN01567,self_entry,2026-01-13,2700.0,2200.0,-0.18518518518518517,0.18518518518518517,True,4.0,4,0.0,1.6878402903811252,5,0.17,,rejected,rejected
APP001216,JOB00092,CAN00026,ca_introduction,2026-01-14,1400.0,1200.0,-0.14285714285714285,0.14285714285714285,True,1.0,1,0.0,1.6878402903811252,3,0.1,,rejected,rejected
APP001217,JOB00033,CAN00206,ca_introduction,2026-01-14,2250.0,2350.0,0.044444444444444446,0.0,True,3.0,3,0.0,1.6878402903811252,5,0.07,,rejected,rejected
APP001218,JOB00023,CAN00410,ca_introduction,2026-01-14,1750.0,2900.0,0.6571428571428571,0.0,True,5.0,4,1.0,1.6878402903811252,1,0.02,,rejected,rejected
APP001219,JOB00339,CAN00410,ca_introduction,2026-01-14,1750.0,2900.0,0.6571428571428571,0.0,True,5.0,4,1.0,1.6878402903811252,2,0.02,,rejected,rejected
APP001220,JOB00799,CAN00575,self_entry,2026-01-14,1200.0,1300.0,0.08333333333333333,0.0,False,,1,,1.6878402903811252,5,0.07,pre_recommendation,,withdrawn
APP001221,JOB00799,CAN00656,self_entry,2026-01-14,1200.0,1300.0,0.08333333333333333,0.0,False,,1,,1.6878402903811252,7,0.1,,,screened_out
APP001222,JOB00256,CAN00015,ca_introduction,2026-01-15,1650.0,1450.0,-0.12121212121212122,0.12121212121212122,True,2.0,2,0.0,1.6878402903811252,6,0.13,,accepted,recommended
APP001223,JOB00184,CAN00647,ca_introduction,2026-01-15,1400.0,1450.0,0.03571428571428571,0.0,True,1.0,1,0.0,1.6878402903811252,4,0.04,,accepted,recommended
APP001224,JOB00027,CAN01326,ca_introduction,2026-01-15,1200.0,1300.0,0.08333333333333333,0.0,True,1.0,1,0.0,1.6878402903811252,4,0.04,,accepted,recommended
APP001225,JOB00170,CAN00463,ca_introduction,2026-01-15,2350.0,2100.0,-0.10638297872340426,0.10638297872340426,True,4.0,3,1.0,1.6878402903811252,1,0.08,,accepted,recommended
APP001226,JOB00206,CAN01304,ca_introduction,2026-01-15,1450.0,1350.0,-0.06896551724137931,0.06896551724137931,True,1.0,1,0.0,1.6878402903811252,4,0.07,,rejected,rejected
APP001227,JOB00296,CAN01304,ca_introduction,2026-01-15,1450.0,1400.0,-0.034482758620689655,0.034482758620689655,True,1.0,1,0.0,1.6878402903811252,1,0.02,,accepted,recommended
APP001228,JOB00204,CAN01560,self_entry,2026-01-15,1200.0,2050.0,0.7083333333333334,0.0,True,3.0,4,-1.0,1.6878402903811252,3,0.04,,rejected,rejected
APP001229,JOB00291,CAN01607,ca_introduction,2026-01-16,1550.0,1350.0,-0.12903225806451613,0.12903225806451613,True,2.0,1,1.0,1.6878402903811252,2,0.08,,accepted,recommended
APP001230,JOB00226,CAN01749,ca_introduction,2026-01-16,2250.0,2050.0,-0.08888888888888889,0.08888888888888889,True,2.0,2,0.0,1.6878402903811252,7,0.13,,accepted,recommended
APP001231,JOB00561,CAN00256,self_entry,2026-01-16,1250.0,1550.0,0.24,0.0,False,,2,,1.6878402903811252,5,0.07,,rejected,rejected
APP001232,JOB00056,CAN00357,self_entry,2026-01-16,2000.0,2900.0,0.45,0.0,True,4.0,4,0.0,1.6878402903811252,4,0.04,,accepted,recommended
APP001233,JOB00277,CAN01749,ca_introduction,2026-01-17,2250.0,2150.0,-0.044444444444444446,0.044444444444444446,True,2.0,3,-1.0,1.6878402903811252,5,0.07,,accepted,recommended
APP001234,JOB00324,CAN01290,self_entry,2026-01-17,1500.0,1500.0,0.0,0.0,True,2.0,2,0.0,1.6878402903811252,2,0.02,,accepted,recommended
APP001235,JOB00003,CAN01389,self_entry,2026-01-17,2050.0,1250.0,-0.3902439024390244,0.3902439024390244,False,,1,,1.6878402903811252,3,0.14,,,screened_out
APP001236,JOB00678,CAN01759,self_entry,2026-01-17,1750.0,3350.0,0.9142857142857143,0.0,False,,5,,1.6878402903811252,5,0.07,,,screened_out
APP001237,JOB00238,CAN01480,ca_introduction,2026-01-18,3450.0,3150.0,-0.08695652173913043,0.08695652173913043,True,3.0,3,0.0,1.6878402903811252,3,0.07,,accepted,recommended
APP001238,JOB00259,CAN01719,ca_introduction,2026-01-18,1400.0,1200.0,-0.14285714285714285,0.14285714285714285,True,1.0,1,0.0,1.6878402903811252,3,0.1,,rejected,rejected
APP001239,JOB00722,CAN00671,self_entry,2026-01-18,1200.0,1400.0,0.16666666666666666,0.0,True,1.0,2,-1.0,1.6878402903811252,4,0.04,,accepted,recommended
APP001240,JOB00712,CAN01560,ca_introduction,2026-01-19,1200.0,1300.0,0.08333333333333333,0.0,True,1.0,1,0.0,1.6878402903811252,5,0.07,,accepted,recommended
APP001241,JOB00608,CAN00435,ca_introduction,2026-01-19,2250.0,2150.0,-0.044444444444444446,0.044444444444444446,True,3.0,3,0.0,1.6878402903811252,7,0.1,,accepted,recommended
APP001242,JOB00239,CAN01208,ca_introduction,2026-01-20,1700.0,1650.0,-0.029411764705882353,0.029411764705882353,True,3.0,3,0.0,1.6878402903811252,6,0.07,,accepted,recommended
APP001243,JOB00048,CAN00053,ca_introduction,2026-01-20,1300.0,1400.0,0.07692307692307693,0.0,True,1.0,1,0.0,1.6878402903811252,4,0.04,,accepted,recommended
APP001244,JOB00159,CAN00808,ca_introduction,2026-01-20,1500.0,1250.0,-0.16666666666666666,0.16666666666666666,True,1.0,1,0.0,1.6878402903811252,5,0.17,,accepted,recommended
APP001245,JOB00002,CAN01204,ca_introduction,2026-01-20,1850.0,1500.0,-0.1891891891891892,0.1891891891891892,True,2.0,2,0.0,1.6878402903811252,7,0.2,,rejected,rejected
APP001246,JOB00742,CAN00016,self_entry,2026-01-20,2150.0,2150.0,0.0,0.0,True,3.0,4,-1.0,1.6878402903811252,5,0.07,,,screened_out
APP001247,JOB00337,CAN00836,self_entry,2026-01-20,1200.0,1600.0,0.3333333333333333,0.0,True,2.0,2,0.0,1.6878402903811252,5,0.07,,accepted,recommended
APP001248,JOB00045,CAN01204,ca_introduction,2026-01-21,1850.0,1400.0,-0.24324324324324326,0.24324324324324326,True,2.0,2,0.0,1.6878402903811252,7,0.2,,accepted,recommended
APP001249,JOB00238,CAN01338,ca_introduction,2026-01-21,2200.0,3150.0,0.4318181818181818,0.0,True,3.0,3,0.0,1.6878402903811252,3,0.04,,accepted,recommended
APP001250,JOB00129,CAN01262,ca_introduction,2026-01-21,2800.0,2850.0,0.017857142857142856,0.0,True,4.0,4,0.0,1.6878402903811252,6,0.07,pre_recommendation,,withdrawn
APP001251,JOB00013,CAN01312,self_entry,2026-01-21,2300.0,1250.0,-0.45652173913043476,0.45652173913043476,False,,1,,1.6878402903811252,5,0.17,,rejected,rejected
APP001252,JOB00337,CAN01181,ca_introduction,2026-01-22,1600.0,1600.0,0.0,0.0,True,2.0,2,0.0,1.6878402903811252,5,0.07,,rejected,rejected
APP001253,JOB00592,CAN01285,self_entry,2026-01-22,2300.0,1600.0,-0.30434782608695654,0.30434782608695654,True,2.0,3,-1.0,1.6878402903811252,6,0.17,,accepted,recommended
APP001254,JOB00715,CAN01433,self_entry,2026-01-22,2200.0,2400.0,0.09090909090909091,0.0,True,3.0,5,-2.0,1.6878402903811252,7,0.1,,,screened_out
APP001255,JOB00323,CAN00294,ca_introduction,2026-01-23,1300.0,1500.0,0.15384615384615385,0.0,False,,2,,1.6878402903811252,3,0.04,,rejected,rejected
APP001256,JOB00047,CAN00015,ca_introduction,2026-01-23,1650.0,1500.0,-0.09090909090909091,0.09090909090909091,True,2.0,2,0.0,1.6878402903811252,4,0.07,,accepted,recommended
APP001257,JOB00799,CAN00478,ca_introduction,2026-01-23,1250.0,1300.0,0.04,0.0,True,1.0,1,0.0,1.6878402903811252,5,0.07,,accepted,recommended
APP001258,JOB00200,CAN00478,ca_introduction,2026-01-23,1250.0,1200.0,-0.04,0.04,True,1.0,1,0.0,1.6878402903811252,4,0.04,,accepted,recommended
APP001259,JOB00712,CAN00123,self_entry,2026-01-23,1350.0,1300.0,-0.037037037037037035,0.037037037037037035,True,1.0,1,0.0,1.6878402903811252,5,0.07,pre_recommendation,,withdrawn
APP001260,JOB00328,CAN00305,self_entry,2026-01-23,1200.0,1350.0,0.125,0.0,True,1.0,1,0.0,1.6878402903811252,1,0.02,,rejected,rejected
APP001261,JOB00308,CAN00401,self_entry,2026-01-23,2250.0,1900.0,-0.15555555555555556,0.15555555555555556,True,3.0,3,0.0,1.6878402903811252,7,0.2,,accepted,recommended
APP001262,JOB00135,CAN00183,ca_introduction,2026-01-24,2650.0,2050.0,-0.22641509433962265,0.22641509433962265,True,4.0,3,1.0,1.6878402903811252,2,0.12000000000000001,,accepted,recommended
APP001263,JOB00027,CAN00473,ca_introduction,2026-01-24,1200.0,1300.0,0.08333333333333333,0.0,True,1.0,1,0.0,1.6878402903811252,6,0.07,,rejected,rejected
APP001264,JOB00497,CAN00144,self_entry,2026-01-24,1200.0,2350.0,0.9583333333333334,0.0,False,,3,,1.6878402903811252,1,0.02,,,screened_out
APP001265,JOB00004,CAN01516,self_entry,2026-01-24,2000.0,2200.0,0.1,0.0,True,3.0,3,0.0,1.6878402903811252,6,0.07,,accepted,recommended
APP001266,JOB00763,CAN00569,ca_introduction,2026-01-25,3700.0,2950.0,-0.20270270270270271,0.20270270270270271,True,5.0,4,1.0,1.6878402903811252,6,0.17,,accepted,recommended
APP001267,JOB00701,CAN01447,ca_introduction,2026-01-25,1800.0,1700.0,-0.05555555555555555,0.05555555555555555,True,3.0,3,0.0,1.6878402903811252,1,0.05,pre_recommendation,,withdrawn
APP001268,JOB00212,CAN00027,ca_introduction,2026-01-25,1450.0,1450.0,0.0,0.0,True,2.0,2,0.0,1.6878402903811252,6,0.07,,accepted,recommended
APP001269,JOB00126,CAN00737,ca_introduction,2026-01-25,2250.0,2050.0,-0.08888888888888889,0.08888888888888889,True,3.0,3,0.0,1.6878402903811252,7,0.13,,accepted,recommended
APP001270,JOB00189,CAN00411,self_entry,2026-01-25,1600.0,1450.0,-0.09375,0.09375,True,2.0,2,0.0,1.6878402903811252,6,0.1,pre_recommendation,,withdrawn
APP001271,JOB00592,CAN00780,self_entry,2026-01-25,1750.0,1600.0,-0.08571428571428572,0.08571428571428572,True,3.0,3,0.0,1.6878402903811252,2,0.05,,accepted,recommended
APP001272,JOB00330,CAN00737,ca_introduction,2026-01-26,2250.0,1850.0,-0.17777777777777778,0.17777777777777778,True,3.0,3,0.0,1.6878402903811252,5,0.17,,accepted,recommended
APP001273,JOB00046,CAN01281,ca_introduction,2026-01-26,1350.0,1300.0,-0.037037037037037035,0.037037037037037035,True,1.0,1,0.0,1.6878402903811252,3,0.04,,accepted,recommended
APP001274,JOB00392,CAN00414,ca_introduction,2026-01-26,1400.0,1500.0,0.07142857142857142,0.0,True,2.0,3,-1.0,1.6878402903811252,7,0.1,,accepted,recommended
APP001275,JOB00451,CAN01074,ca_introduction,2026-01-26,2800.0,2850.0,0.017857142857142856,0.0,True,4.0,4,0.0,1.6878402903811252,6,0.07,,accepted,recommended
APP001276,JOB00291,CAN00377,ca_introduction,2026-01-27,1400.0,1350.0,-0.03571428571428571,0.03571428571428571,True,1.0,1,0.0,1.6878402903811252,7,0.1,,accepted,recommended
APP001277,JOB00207,CAN00414,ca_introduction,2026-01-27,1400.0,1250.0,-0.10714285714285714,0.10714285714285714,True,2.0,1,1.0,1.6878402903811252,7,0.16,pre_recommendation,,withdrawn
APP001278,JOB00136,CAN00632,ca_introduction,2026-01-27,2550.0,2100.0,-0.17647058823529413,0.17647058823529413,True,4.0,4,0.0,1.6878402903811252,6,0.17,,accepted,recommended
APP001279,JOB00135,CAN01224,ca_introduction,2026-01-27,2300.0,2050.0,-0.10869565217391304,0.10869565217391304,True,3.0,3,0.0,1.6878402903811252,6,0.13,,accepted,recommended
APP001280,JOB00250,CAN00085,self_entry,2026-01-27,1200.0,2100.0,0.75,0.0,False,,4,,1.6878402903811252,5,0.07,,rejected,rejected
APP001281,JOB00552,CAN01354,self_entry,2026-01-27,1450.0,2050.0,0.41379310344827586,0.0,False,,3,,1.6878402903811252,5,0.07,,,screened_out
APP001282,JOB00291,CAN00152,ca_introduction,2026-01-28,1350.0,1350.0,0.0,0.0,True,1.0,1,0.0,1.6878402903811252,6,0.07,,accepted,recommended
APP001283,JOB00328,CAN00152,ca_introduction,2026-01-28,1350.0,1350.0,0.0,0.0,True,1.0,1,0.0,1.6878402903811252,4,0.04,,accepted,recommended
APP001284,JOB00033,CAN00456,ca_introduction,2026-01-28,1850.0,2350.0,0.2702702702702703,0.0,True,3.0,3,0.0,1.6878402903811252,3,0.04,,accepted,recommended
APP001285,JOB00497,CAN01191,ca_introduction,2026-01-28,2450.0,2350.0,-0.04081632653061224,0.04081632653061224,True,3.0,3,0.0,1.6878402903811252,5,0.07,,accepted,recommended
APP001286,JOB00181,CAN01191,ca_introduction,2026-01-28,2450.0,2150.0,-0.12244897959183673,0.12244897959183673,True,3.0,3,0.0,1.6878402903811252,6,0.13,,accepted,recommended
APP001287,JOB00126,CAN01403,ca_introduction,2026-01-28,2050.0,2050.0,0.0,0.0,True,3.0,3,0.0,1.6878402903811252,5,0.07,,rejected,rejected
APP001288,JOB00133,CAN01068,ca_introduction,2026-01-28,1300.0,1200.0,-0.07692307692307693,0.07692307692307693,True,1.0,1,0.0,1.6878402903811252,6,0.1,,accepted,recommended
APP001289,JOB00552,CAN01705,ca_introduction,2026-01-28,2100.0,2050.0,-0.023809523809523808,0.023809523809523808,True,3.0,3,0.0,1.6878402903811252,5,0.07,,accepted,recommended
APP001290,JOB00561,CAN00387,self_entry,2026-01-28,1700.0,1550.0,-0.08823529411764706,0.08823529411764706,True,3.0,2,1.0,1.6878402903811252,7,0.13,,accepted,recommended
APP001291,JOB00110,CAN00402,self_entry,2026-01-28,1550.0,1950.0,0.25806451612903225,0.0,False,,2,,1.6878402903811252,3,0.04,,rejected,rejected
APP001292,JOB00715,CAN01508,self_entry,2026-01-28,3350.0,2400.0,-0.2835820895522388,0.2835820895522388,False,,5,,1.6878402903811252,6,0.17,,,screened_out
APP001293,JOB00561,CAN01869,self_entry,2026-01-28,1200.0,1550.0,0.2916666666666667,0.0,False,,2,,1.6878402903811252,5,0.07,,,screened_out
APP001294,JOB00141,CAN00936,ca_introduction,2026-01-29,2300.0,2300.0,0.0,0.0,True,2.0,4,-2.0,1.6878402903811252,6,0.07,,rejected,rejected
APP001295,JOB00552,CAN00975,ca_introduction,2026-01-29,2150.0,2050.0,-0.046511627906976744,0.046511627906976744,True,2.0,3,-1.0,1.6878402903811252,4,0.04,,rejected,rejected
APP001296,JOB00291,CAN01865,ca_introduction,2026-01-29,1400.0,1350.0,-0.03571428571428571,0.03571428571428571,True,1.0,1,0.0,1.6878402903811252,3,0.04,,accepted,recommended
APP001297,JOB00181,CAN00107,self_entry,2026-01-29,2100.0,2150.0,0.023809523809523808,0.0,True,3.0,3,0.0,1.6878402903811252,7,0.1,,accepted,recommended
APP001298,JOB00206,CAN00337,self_entry,2026-01-29,1200.0,1350.0,0.125,0.0,True,2.0,1,1.0,1.6878402903811252,7,0.1,,accepted,recommended
APP001299,JOB00691,CAN00897,self_entry,2026-01-29,3400.0,3150.0,-0.07352941176470588,0.07352941176470588,True,5.0,4,1.0,1.6878402903811252,5,0.1,pre_recommendation,,withdrawn
APP001300,JOB00126,CAN00975,ca_introduction,2026-01-30,2150.0,2050.0,-0.046511627906976744,0.046511627906976744,True,2.0,3,-1.0,1.6878402903811252,3,0.04,,accepted,recommended
APP001301,JOB00160,CAN01357,ca_introduction,2026-01-30,1300.0,1300.0,0.0,0.0,True,1.0,2,-1.0,1.6878402903811252,5,0.07,,accepted,recommended
APP001302,JOB00085,CAN01865,ca_introduction,2026-01-30,1400.0,1500.0,0.07142857142857142,0.0,True,1.0,2,-1.0,1.6878402903811252,6,0.07,,rejected,rejected
APP001303,JOB00297,CAN01444,ca_introduction,2026-01-30,1750.0,1500.0,-0.14285714285714285,0.14285714285714285,True,2.0,2,0.0,1.6878402903811252,6,0.13,,accepted,recommended
APP001304,JOB00003,CAN01022,self_entry,2026-01-30,1200.0,1250.0,0.041666666666666664,0.0,False,,1,,1.6878402903811252,8,0.1,,rejected,rejected
APP001305,JOB00341,CAN00751,ca_introduction,2026-01-31,2550.0,2050.0,-0.19607843137254902,0.19607843137254902,True,3.0,3,0.0,1.6878402903811252,5,0.17,pre_recommendation,,withdrawn
APP001306,JOB00219,CAN00148,ca_introduction,2026-02-01,2300.0,2200.0,-0.043478260869565216,0.043478260869565216,True,3.0,4,-1.0,1.8239564428312158,6,0.07,,accepted,recommended
APP001307,JOB00170,CAN00148,ca_introduction,2026-02-01,2300.0,2100.0,-0.08695652173913043,0.08695652173913043,True,3.0,3,0.0,1.8239564428312158,5,0.1,,,screened_out
APP001308,JOB00799,CAN00092,self_entry,2026-02-01,1350.0,1300.0,-0.037037037037037035,0.037037037037037035,True,1.0,1,0.0,1.8239564428312158,8,0.1,pre_recommendation,,withdrawn
APP001309,JOB00771,CAN01344,self_entry,2026-02-01,2100.0,3300.0,0.5714285714285714,0.0,True,4.0,4,0.0,1.8239564428312158,6,0.07,,accepted,recommended
APP001310,JOB00411,CAN01403,self_entry,2026-02-01,2050.0,1400.0,-0.3170731707317073,0.3170731707317073,False,,2,,1.8239564428312158,5,0.17,,rejected,rejected
APP001311,JOB00328,CAN01667,self_entry,2026-02-01,2950.0,1350.0,-0.5423728813559322,0.5423728813559322,False,,1,,1.8239564428312158,2,0.12000000000000001,,,screened_out
APP001312,JOB00095,CAN00435,ca_introduction,2026-02-02,2250.0,2100.0,-0.06666666666666667,0.06666666666666667,True,3.0,3,0.0,1.8239564428312158,6,0.1,pre_recommendation,,withdrawn
APP001313,JOB00003,CAN00843,ca_introduction,2026-02-02,1200.0,1250.0,0.041666666666666664,0.0,True,1.0,1,0.0,1.8239564428312158,6,0.07,pre_recommendation,,withdrawn
APP001314,JOB00206,CAN00305,self_entry,2026-02-02,1200.0,1350.0,0.125,0.0,True,1.0,1,0.0,1.8239564428312158,8,0.1,pre_recommendation,,withdrawn
APP001315,JOB00523,CAN00206,ca_introduction,2026-02-03,2250.0,2250.0,0.0,0.0,True,3.0,3,0.0,1.8239564428312158,5,0.07,,accepted,recommended
APP001316,JOB00029,CAN01659,ca_introduction,2026-02-03,1250.0,1300.0,0.04,0.0,True,1.0,1,0.0,1.8239564428312158,3,0.04,,accepted,recommended
APP001317,JOB00274,CAN00053,ca_introduction,2026-02-04,1300.0,1200.0,-0.07692307692307693,0.07692307692307693,True,1.0,1,0.0,1.8239564428312158,5,0.1,,accepted,recommended
APP001318,JOB00324,CAN00115,self_entry,2026-02-04,1400.0,1500.0,0.07142857142857142,0.0,True,2.0,2,0.0,1.8239564428312158,6,0.07,,accepted,recommended
APP001319,JOB00771,CAN00171,self_entry,2026-02-04,1300.0,3300.0,1.5384615384615385,0.0,False,,4,,1.8239564428312158,4,0.04,,,screened_out
APP001320,JOB00184,CAN01482,self_entry,2026-02-04,1400.0,1450.0,0.03571428571428571,0.0,True,1.0,1,0.0,1.8239564428312158,5,0.07,,accepted,recommended
APP001321,JOB00070,CAN01336,ca_introduction,2026-02-05,1800.0,1450.0,-0.19444444444444445,0.19444444444444445,True,2.0,2,0.0,1.8239564428312158,6,0.17,,accepted,recommended
APP001322,JOB00552,CAN01552,ca_introduction,2026-02-05,1900.0,2050.0,0.07894736842105263,0.0,True,3.0,3,0.0,1.8239564428312158,7,0.1,,accepted,recommended
APP001323,JOB00110,CAN01552,ca_introduction,2026-02-05,1900.0,1950.0,0.02631578947368421,0.0,False,,2,,1.8239564428312158,7,0.1,,rejected,rejected
APP001324,JOB00003,CAN01592,ca_introduction,2026-02-05,1300.0,1250.0,-0.038461538461538464,0.038461538461538464,True,1.0,1,0.0,1.8239564428312158,6,0.07,,accepted,recommended
APP001325,JOB00050,CAN00118,ca_introduction,2026-02-05,2650.0,2150.0,-0.18867924528301888,0.18867924528301888,True,3.0,2,1.0,1.8239564428312158,3,0.14,,accepted,recommended
APP001326,JOB00691,CAN01777,ca_introduction,2026-02-05,3450.0,3150.0,-0.08695652173913043,0.08695652173913043,True,4.0,4,0.0,1.8239564428312158,8,0.13,,accepted,recommended
APP001327,JOB00644,CAN00031,self_entry,2026-02-05,2750.0,2400.0,-0.12727272727272726,0.12727272727272726,False,,5,,1.8239564428312158,7,0.16,,,screened_out
APP001328,JOB00552,CAN01298,self_entry,2026-02-05,2200.0,2050.0,-0.06818181818181818,0.06818181818181818,True,4.0,3,1.0,1.8239564428312158,4,0.07,pre_recommendation,,withdrawn
APP001329,JOB00385,CAN01181,ca_introduction,2026-02-06,1600.0,1350.0,-0.15625,0.15625,True,2.0,1,1.0,1.8239564428312158,3,0.14,,accepted,recommended
APP001330,JOB00132,CAN01392,ca_introduction,2026-02-06,1900.0,2050.0,0.07894736842105263,0.0,True,3.0,3,0.0,1.8239564428312158,6,0.07,pre_recommendation,,withdrawn
APP001331,JOB00143,CAN01403,ca_introduction,2026-02-06,2050.0,1950.0,-0.04878048780487805,0.04878048780487805,True,3.0,3,0.0,1.8239564428312158,7,0.1,,accepted,recommended
APP001332,JOB00799,CAN01880,self_entry,2026-02-06,1500.0,1300.0,-0.13333333333333333,0.13333333333333333,False,,1,,1.8239564428312158,8,0.16,,rejected,rejected
APP001333,JOB00341,CAN00066,ca_introduction,2026-02-07,2450.0,2050.0,-0.16326530612244897,0.16326530612244897,True,3.0,3,0.0,1.8239564428312158,3,0.14,,accepted,recommended
APP001334,JOB00036,CAN01403,ca_introduction,2026-02-07,2050.0,1950.0,-0.04878048780487805,0.04878048780487805,True,3.0,3,0.0,1.8239564428312158,6,0.07,,accepted,recommended
APP001335,JOB00523,CAN01855,ca_introduction,2026-02-07,3000.0,2250.0,-0.25,0.25,True,2.0,3,-1.0,1.8239564428312158,6,0.17,,accepted,recommended
APP001336,JOB00497,CAN01399,self_entry,2026-02-07,2400.0,2350.0,-0.020833333333333332,0.020833333333333332,True,3.0,3,0.0,1.8239564428312158,6,0.07,,accepted,recommended
APP001337,JOB00654,CAN01522,self_entry,2026-02-07,2950.0,3300.0,0.11864406779661017,0.0,False,,5,,1.8239564428312158,5,0.07,,,screened_out
APP001338,JOB00498,CAN01546,self_entry,2026-02-07,1200.0,3200.0,1.6666666666666667,0.0,False,,5,,1.8239564428312158,6,0.07,,,screened_out
APP001339,JOB00217,CAN01824,self_entry,2026-02-07,1200.0,2700.0,1.25,0.0,False,,4,,1.8239564428312158,6,0.07,,,screened_out
APP001340,JOB00030,CAN00514,ca_introduction,2026-02-08,2350.0,2150.0,-0.0851063829787234,0.0851063829787234,True,3.0,3,0.0,1.8239564428312158,3,0.07,,accepted,recommended
APP001341,JOB00232,CAN01338,ca_introduction,2026-02-08,2200.0,2950.0,0.3409090909090909,0.0,True,3.0,3,0.0,1.8239564428312158,5,0.07,,accepted,recommended
APP001342,JOB00665,CAN01553,ca_introduction,2026-02-08,3200.0,3050.0,-0.046875,0.046875,True,4.0,5,-1.0,1.8239564428312158,4,0.04,,rejected,rejected
APP001343,JOB00127,CAN00672,ca_introduction,2026-02-08,2300.0,2200.0,-0.043478260869565216,0.043478260869565216,True,3.0,3,0.0,1.8239564428312158,5,0.07,,accepted,recommended
APP001344,JOB00132,CAN00951,ca_introduction,2026-02-08,2400.0,2050.0,-0.14583333333333334,0.14583333333333334,True,3.0,3,0.0,1.8239564428312158,5,0.13,,accepted,recommended
APP001345,JOB00096,CAN01740,ca_introduction,2026-02-08,2300.0,2250.0,-0.021739130434782608,0.021739130434782608,True,3.0,3,0.0,1.8239564428312158,7,0.1,,accepted,recommended
APP001346,JOB00040,CAN00995,self_entry,2026-02-08,1200.0,2200.0,0.8333333333333334,0.0,False,,4,,1.8239564428312158,5,0.07,,,screened_out
APP001347,JOB00540,CAN01269,self_entry,2026-02-09,2450.0,3050.0,0.24489795918367346,0.0,False,,5,,1.8239564428312158,5,0.07,,,screened_out
APP001348,JOB00026,CAN01117,ca_introduction,2026-02-10,2450.0,2150.0,-0.12244897959183673,0.12244897959183673,True,3.0,3,0.0,1.8239564428312158,6,0.13,,rejected,rejected
APP001349,JOB00361,CAN00415,ca_introduction,2026-02-10,2300.0,2250.0,-0.021739130434782608,0.021739130434782608,True,2.0,4,-2.0,1.8239564428312158,6,0.07,,accepted,recommended
APP001350,JOB00619,CAN00437,ca_introduction,2026-02-10,1800.0,1650.0,-0.08333333333333333,0.08333333333333333,True,2.0,2,0.0,1.8239564428312158,7,0.13,pre_recommendation,,withdrawn
APP001351,JOB00048,CAN00496,ca_introduction,2026-02-10,1400.0,1400.0,0.0,0.0,True,1.0,1,0.0,1.8239564428312158,4,0.04,pre_recommendation,,withdrawn
APP001352,JOB00275,CAN01269,ca_introduction,2026-02-10,2450.0,1900.0,-0.22448979591836735,0.22448979591836735,True,4.0,3,1.0,1.8239564428312158,5,0.17,,accepted,recommended
APP001353,JOB00050,CAN01473,ca_introduction,2026-02-10,2150.0,2150.0,0.0,0.0,False,,2,,1.8239564428312158,5,0.07,,rejected,rejected
APP001354,JOB00324,CAN01132,self_entry,2026-02-10,1200.0,1500.0,0.25,0.0,False,,2,,1.8239564428312158,8,0.1,pre_recommendation,,withdrawn
APP001355,JOB00378,CAN01657,self_entry,2026-02-10,1900.0,2150.0,0.13157894736842105,0.0,True,3.0,4,-1.0,1.8239564428312158,4,0.04,,rejected,rejected
APP001356,JOB00242,CAN00863,ca_introduction,2026-02-11,1650.0,1450.0,-0.12121212121212122,0.12121212121212122,False,,2,,1.8239564428312158,8,0.16,pre_recommendation,,withdrawn
APP001357,JOB00096,CAN00936,ca_introduction,2026-02-11,2300.0,2250.0,-0.021739130434782608,0.021739130434782608,True,2.0,3,-1.0,1.8239564428312158,4,0.04,,accepted,recommended
APP001358,JOB00531,CAN00507,self_entry,2026-02-11,1300.0,3000.0,1.3076923076923077,0.0,False,,5,,1.8239564428312158,1,0.02,,,screened_out
APP001359,JOB00411,CAN01357,self_entry,2026-02-11,1300.0,1400.0,0.07692307692307693,0.0,True,1.0,2,-1.0,1.8239564428312158,3,0.04,pre_recommendation,,withdrawn
APP001360,JOB00691,CAN00569,ca_introduction,2026-02-12,3700.0,3150.0,-0.14864864864864866,0.14864864864864866,True,5.0,4,1.0,1.8239564428312158,6,0.13,,accepted,recommended
APP001361,JOB00354,CAN00823,self_entry,2026-02-12,2250.0,2150.0,-0.044444444444444446,0.044444444444444446,True,3.0,3,0.0,1.8239564428312158,6,0.07,,accepted,recommended
APP001362,JOB00793,CAN01117,self_entry,2026-02-12,2450.0,2350.0,-0.04081632653061224,0.04081632653061224,True,4.0,4,0.0,1.8239564428312158,4,0.04,,accepted,recommended
APP001363,JOB00003,CAN00590,ca_introduction,2026-02-13,3100.0,1250.0,-0.5967741935483871,0.5967741935483871,True,1.0,1,0.0,1.8239564428312158,6,0.17,,accepted,recommended
APP001364,JOB00092,CAN01682,ca_introduction,2026-02-13,1400.0,1200.0,-0.14285714285714285,0.14285714285714285,True,1.0,1,0.0,1.8239564428312158,5,0.13,,accepted,recommended
APP001365,JOB00411,CAN00167,self_entry,2026-02-13,1300.0,1400.0,0.07692307692307693,0.0,True,2.0,2,0.0,1.8239564428312158,5,0.07,,rejected,rejected
APP001366,JOB00405,CAN00921,self_entry,2026-02-13,3300.0,3400.0,0.030303030303030304,0.0,False,,5,,1.8239564428312158,6,0.07,,,screened_out
APP001367,JOB00026,CAN00470,ca_introduction,2026-02-14,2150.0,2150.0,0.0,0.0,True,4.0,3,1.0,1.8239564428312158,5,0.07,,accepted,recommended
APP001368,JOB00205,CAN00471,ca_introduction,2026-02-14,2400.0,1900.0,-0.20833333333333334,0.20833333333333334,True,3.0,2,1.0,1.8239564428312158,6,0.17,,accepted,recommended
APP001369,JOB00411,CAN01682,ca_introduction,2026-02-14,1400.0,1400.0,0.0,0.0,True,1.0,2,-1.0,1.8239564428312158,5,0.07,,accepted,recommended
APP001370,JOB00050,CAN00238,ca_introduction,2026-02-14,2400.0,2150.0,-0.10416666666666667,0.10416666666666667,True,3.0,2,1.0,1.8239564428312158,1,0.08,,rejected,rejected
APP001371,JOB00047,CAN00650,ca_introduction,2026-02-15,1500.0,1500.0,0.0,0.0,True,2.0,2,0.0,1.8239564428312158,5,0.07,,accepted,recommended
APP001372,JOB00265,CAN00377,ca_introduction,2026-02-15,1400.0,1350.0,-0.03571428571428571,0.03571428571428571,False,,2,,1.8239564428312158,6,0.07,,,screened_out
APP001373,JOB00640,CAN00656,self_entry,2026-02-15,1250.0,1450.0,0.16,0.0,True,3.0,2,1.0,1.8239564428312158,6,0.07,,accepted,recommended
APP001374,JOB00780,CAN00672,self_entry,2026-02-15,2300.0,3250.0,0.41304347826086957,0.0,False,,5,,1.8239564428312158,6,0.07,,,screened_out
APP001375,JOB00611,CAN01782,self_entry,2026-02-15,3200.0,1500.0,-0.53125,0.53125,False,,2,,1.8239564428312158,4,0.14,pre_recommendation,,withdrawn
APP001376,JOB00003,CAN01437,ca_introduction,2026-02-16,1250.0,1250.0,0.0,0.0,True,1.0,1,0.0,1.8239564428312158,7,0.1,,accepted,recommended
APP001377,JOB00017,CAN01777,ca_introduction,2026-02-16,3450.0,2900.0,-0.15942028985507245,0.15942028985507245,True,4.0,4,0.0,1.8239564428312158,3,0.14,,accepted,recommended
APP001378,JOB00387,CAN00272,ca_introduction,2026-02-16,3300.0,3000.0,-0.09090909090909091,0.09090909090909091,True,4.0,4,0.0,1.8239564428312158,6,0.1,,rejected,rejected
APP001379,JOB00626,CAN00411,self_entry,2026-02-16,1600.0,1450.0,-0.09375,0.09375,True,2.0,1,1.0,1.8239564428312158,6,0.1,,accepted,recommended
APP001380,JOB00129,CAN00196,ca_introduction,2026-02-17,3300.0,2850.0,-0.13636363636363635,0.13636363636363635,True,4.0,4,0.0,1.8239564428312158,4,0.1,,rejected,rejected
APP001381,JOB00691,CAN00272,ca_introduction,2026-02-17,3300.0,3150.0,-0.045454545454545456,0.045454545454545456,True,4.0,4,0.0,1.8239564428312158,5,0.07,,accepted,recommended
APP001382,JOB00498,CAN01663,ca_introduction,2026-02-17,3650.0,3200.0,-0.1232876712328767,0.1232876712328767,True,5.0,5,0.0,1.8239564428312158,6,0.13,,accepted,recommended
APP001383,JOB00288,CAN00263,ca_introduction,2026-02-18,1650.0,1700.0,0.030303030303030304,0.0,True,2.0,2,0.0,1.8239564428312158,5,0.07,,accepted,recommended
APP001384,JOB00073,CAN01231,ca_introduction,2026-02-18,2650.0,2150.0,-0.18867924528301888,0.18867924528301888,True,4.0,3,1.0,1.8239564428312158,4,0.14,,accepted,recommended
APP001385,JOB00330,CAN01573,ca_introduction,2026-02-18,3300.0,1850.0,-0.4393939393939394,0.4393939393939394,True,2.0,3,-1.0,1.8239564428312158,3,0.14,,rejected,rejected
APP001386,JOB00654,CAN00825,self_entry,2026-02-18,2950.0,3300.0,0.11864406779661017,0.0,True,4.0,5,-1.0,1.8239564428312158,2,0.02,,accepted,recommended
APP001387,JOB00619,CAN00838,self_entry,2026-02-18,3100.0,1650.0,-0.46774193548387094,0.46774193548387094,False,,2,,1.8239564428312158,8,0.2,,rejected,rejected
APP001388,JOB00341,CAN00415,ca_introduction,2026-02-19,2300.0,2050.0,-0.10869565217391304,0.10869565217391304,True,2.0,3,-1.0,1.8239564428312158,6,0.13,,rejected,rejected
APP001389,JOB00333,CAN01501,ca_introduction,2026-02-19,1250.0,1200.0,-0.04,0.04,True,1.0,1,0.0,1.8239564428312158,4,0.04,,rejected,rejected
APP001390,JOB00499,CAN01501,ca_introduction,2026-02-19,1250.0,1250.0,0.0,0.0,True,1.0,1,0.0,1.8239564428312158,5,0.07,,,screened_out
APP001391,JOB00796,CAN00027,self_entry,2026-02-19,1450.0,3100.0,1.1379310344827587,0.0,False,,4,,1.8239564428312158,7,0.1,,,screened_out
APP001392,JOB00392,CAN01237,self_entry,2026-02-19,1600.0,1500.0,-0.0625,0.0625,False,,3,,1.8239564428312158,6,0.1,,,screened_out
APP001393,JOB00499,CAN01357,ca_introduction,2026-02-20,1300.0,1250.0,-0.038461538461538464,0.038461538461538464,True,1.0,1,0.0,1.8239564428312158,6,0.07,,accepted,recommended
APP001394,JOB00092,CAN00698,ca_introduction,2026-02-20,1250.0,1200.0,-0.04,0.04,True,1.0,1,0.0,1.8239564428312158,4,0.04,,rejected,rejected
APP001395,JOB00165,CAN01673,ca_introduction,2026-02-20,3300.0,3050.0,-0.07575757575757576,0.07575757575757576,True,4.0,4,0.0,1.8239564428312158,7,0.13,,rejected,rejected
APP001396,JOB00755,CAN00763,self_entry,2026-02-20,2500.0,2250.0,-0.1,0.1,True,3.0,3,0.0,1.8239564428312158,7,0.16,,accepted,recommended
APP001397,JOB00678,CAN00802,self_entry,2026-02-20,1200.0,3350.0,1.7916666666666667,0.0,False,,5,,1.8239564428312158,7,0.1,,,screened_out
APP001398,JOB00597,CAN00986,self_entry,2026-02-20,1350.0,1350.0,0.0,0.0,True,2.0,1,1.0,1.8239564428312158,6,0.07,,,screened_out
APP001399,JOB00385,CAN01897,ca_introduction,2026-02-21,1350.0,1350.0,0.0,0.0,True,1.0,1,0.0,1.8239564428312158,7,0.1,pre_recommendation,,withdrawn
APP001400,JOB00630,CAN01749,self_entry,2026-02-21,2250.0,2950.0,0.3111111111111111,0.0,False,,5,,1.8239564428312158,7,0.1,,,screened_out
APP001401,JOB00170,CAN00118,ca_introduction,2026-02-22,2650.0,2100.0,-0.20754716981132076,0.20754716981132076,True,3.0,3,0.0,1.8239564428312158,3,0.14,,accepted,recommended
APP001402,JOB00366,CAN00118,ca_introduction,2026-02-22,2650.0,2300.0,-0.1320754716981132,0.1320754716981132,True,3.0,3,0.0,1.8239564428312158,5,0.13,,accepted,recommended
APP001403,JOB00030,CAN01392,ca_introduction,2026-02-22,1900.0,2150.0,0.13157894736842105,0.0,True,3.0,3,0.0,1.8239564428312158,7,0.1,,accepted,recommended
APP001404,JOB00644,CAN00115,self_entry,2026-02-22,1400.0,2400.0,0.7142857142857143,0.0,False,,5,,1.8239564428312158,5,0.07,,,screened_out
APP001405,JOB00619,CAN00441,self_entry,2026-02-22,1250.0,1650.0,0.32,0.0,False,,2,,1.8239564428312158,6,0.07,,,screened_out
APP001406,JOB00634,CAN00064,ca_introduction,2026-02-23,2600.0,2200.0,-0.15384615384615385,0.15384615384615385,True,3.0,3,0.0,1.8239564428312158,2,0.12000000000000001,,accepted,recommended
APP001407,JOB00073,CAN00118,ca_introduction,2026-02-23,2650.0,2150.0,-0.18867924528301888,0.18867924528301888,True,3.0,3,0.0,1.8239564428312158,3,0.14,pre_recommendation,,withdrawn
APP001408,JOB00288,CAN00424,ca_introduction,2026-02-23,1700.0,1700.0,0.0,0.0,True,2.0,2,0.0,1.8239564428312158,4,0.04,pre_recommendation,,withdrawn
APP001409,JOB00354,CAN01159,ca_introduction,2026-02-23,2350.0,2150.0,-0.0851063829787234,0.0851063829787234,True,3.0,3,0.0,1.8239564428312158,3,0.07,pre_recommendation,,withdrawn
APP001410,JOB00669,CAN00204,self_entry,2026-02-23,1550.0,3200.0,1.064516129032258,0.0,False,,5,,1.8239564428312158,4,0.04,,,screened_out
APP001411,JOB00799,CAN00511,self_entry,2026-02-23,1750.0,1300.0,-0.2571428571428571,0.2571428571428571,False,,1,,1.8239564428312158,6,0.17,,,screened_out
APP001412,JOB00378,CAN00684,self_entry,2026-02-23,2050.0,2150.0,0.04878048780487805,0.0,True,3.0,4,-1.0,1.8239564428312158,7,0.1,,accepted,recommended
APP001413,JOB00160,CAN00204,ca_introduction,2026-02-24,1550.0,1300.0,-0.16129032258064516,0.16129032258064516,True,2.0,2,0.0,1.8239564428312158,7,0.2,,accepted,recommended
APP001414,JOB00265,CAN00204,ca_introduction,2026-02-24,1550.0,1350.0,-0.12903225806451613,0.12903225806451613,True,2.0,2,0.0,1.8239564428312158,7,0.16,,accepted,recommended
APP001415,JOB00234,CAN01397,ca_introduction,2026-02-24,2750.0,3100.0,0.12727272727272726,0.0,True,4.0,4,0.0,1.8239564428312158,4,0.04,,rejected,rejected
APP001416,JOB00742,CAN00821,self_entry,2026-02-24,2150.0,2150.0,0.0,0.0,True,2.0,4,-2.0,1.8239564428312158,4,0.04,,,screened_out
APP001417,JOB00354,CAN00930,self_entry,2026-02-24,2200.0,2150.0,-0.022727272727272728,0.022727272727272728,False,,3,,1.8239564428312158,7,0.1,,,screened_out
APP001418,JOB00783,CAN01796,self_entry,2026-02-25,2550.0,3200.0,0.2549019607843137,0.0,False,,4,,1.8239564428312158,5,0.07,pre_recommendation,,withdrawn
APP001419,JOB00651,CAN00502,ca_introduction,2026-02-26,3150.0,2750.0,-0.12698412698412698,0.12698412698412698,True,4.0,4,0.0,1.8239564428312158,6,0.13,,accepted,recommended
APP001420,JOB00296,CAN00038,ca_introduction,2026-02-26,1400.0,1400.0,0.0,0.0,True,1.0,1,0.0,1.8239564428312158,7,0.1,,accepted,recommended
APP001421,JOB00046,CAN00863,ca_introduction,2026-02-26,1650.0,1300.0,-0.21212121212121213,0.21212121212121213,False,,1,,1.8239564428312158,7,0.2,,,screened_out
APP001422,JOB00363,CAN01465,self_entry,2026-02-26,3100.0,2300.0,-0.25806451612903225,0.25806451612903225,False,,4,,1.8239564428312158,3,0.14,,,screened_out
APP001423,JOB00573,CAN01481,self_entry,2026-02-26,1200.0,1250.0,0.041666666666666664,0.0,True,2.0,2,0.0,1.8239564428312158,4,0.04,,accepted,recommended
APP001424,JOB00033,CAN00470,ca_introduction,2026-02-27,2150.0,2350.0,0.09302325581395349,0.0,True,4.0,3,1.0,1.8239564428312158,4,0.04,,rejected,rejected
APP001425,JOB00328,CAN00863,ca_introduction,2026-02-27,1650.0,1350.0,-0.18181818181818182,0.18181818181818182,False,,1,,1.8239564428312158,5,0.17,,,screened_out
APP001426,JOB00727,CAN01110,ca_introduction,2026-02-27,3350.0,3200.0,-0.04477611940298507,0.04477611940298507,True,4.0,4,0.0,1.8239564428312158,7,0.1,,accepted,recommended
APP001427,JOB00611,CAN01345,ca_introduction,2026-02-27,1300.0,1500.0,0.15384615384615385,0.0,False,,2,,1.8239564428312158,5,0.07,,,screened_out
APP001428,JOB00799,CAN01345,ca_introduction,2026-02-27,1300.0,1300.0,0.0,0.0,False,,1,,1.8239564428312158,5,0.07,,,screened_out
APP001429,JOB00523,CAN01717,ca_introduction,2026-02-27,2400.0,2250.0,-0.0625,0.0625,True,3.0,3,0.0,1.8239564428312158,7,0.13,,accepted,recommended
APP001430,JOB00004,CAN01638,ca_introduction,2026-02-27,1950.0,2200.0,0.1282051282051282,0.0,True,4.0,3,1.0,1.8239564428312158,7,0.1,,accepted,recommended
APP001431,JOB00669,CAN00666,self_entry,2026-02-27,3400.0,3200.0,-0.058823529411764705,0.058823529411764705,True,5.0,5,0.0,1.8239564428312158,5,0.1,,accepted,recommended
APP001432,JOB00630,CAN01397,self_entry,2026-02-27,2750.0,2950.0,0.07272727272727272,0.0,False,,5,,1.8239564428312158,6,0.07,,,screened_out
APP001433,JOB00611,CAN01507,self_entry,2026-02-27,1250.0,1500.0,0.2,0.0,True,1.0,2,-1.0,1.8239564428312158,5,0.07,,accepted,recommended
APP001434,JOB00752,CAN00364,ca_introduction,2026-02-28,1350.0,1350.0,0.0,0.0,True,1.0,1,0.0,1.8239564428312158,6,0.07,,accepted,recommended
APP001435,JOB00016,CAN01638,ca_introduction,2026-02-28,1950.0,2300.0,0.1794871794871795,0.0,True,4.0,3,1.0,1.8239564428312158,5,0.07,,accepted,recommended
APP001436,JOB00085,CAN00768,ca_introduction,2026-02-28,1500.0,1500.0,0.0,0.0,True,1.0,2,-1.0,1.8239564428312158,2,0.02,,rejected,rejected
APP001437,JOB00783,CAN01445,self_entry,2026-02-28,1700.0,3200.0,0.8823529411764706,0.0,False,,4,,1.8239564428312158,7,0.1,,,screened_out
APP001438,JOB00597,CAN01612,self_entry,2026-02-28,1350.0,1350.0,0.0,0.0,False,,1,,1.8239564428312158,4,0.04,,,screened_out
APP001439,JOB00489,CAN00650,ca_introduction,2026-03-02,1500.0,1500.0,0.0,0.0,True,2.0,1,1.0,1.9782214156079856,4,0.04,,accepted,recommended
APP001440,JOB00651,CAN00196,ca_introduction,2026-03-02,3300.0,2750.0,-0.16666666666666666,0.16666666666666666,True,4.0,4,0.0,1.9782214156079856,2,0.12000000000000001,,rejected,rejected
APP001441,JOB00296,CAN00496,ca_introduction,2026-03-02,1400.0,1400.0,0.0,0.0,True,1.0,1,0.0,1.9782214156079856,5,0.07,pre_recommendation,,withdrawn
APP001442,JOB00799,CAN01784,ca_introduction,2026-03-02,1200.0,1300.0,0.08333333333333333,0.0,True,1.0,1,0.0,1.9782214156079856,6,0.07,,accepted,recommended
APP001443,JOB00467,CAN00377,self_entry,2026-03-02,1400.0,2300.0,0.6428571428571429,0.0,False,,4,,1.9782214156079856,5,0.07,,,screened_out
APP001444,JOB00368,CAN00101,ca_introduction,2026-03-03,1300.0,1350.0,0.038461538461538464,0.0,True,1.0,2,-1.0,1.9782214156079856,6,0.07,pre_recommendation,,withdrawn
APP001445,JOB00026,CAN01365,ca_introduction,2026-03-03,2050.0,2150.0,0.04878048780487805,0.0,True,4.0,3,1.0,1.9782214156079856,5,0.07,,accepted,recommended
APP001446,JOB00665,CAN00535,ca_introduction,2026-03-03,2950.0,3050.0,0.03389830508474576,0.0,True,4.0,5,-1.0,1.9782214156079856,3,0.04,pre_recommendation,,withdrawn
APP001447,JOB00221,CAN00590,ca_introduction,2026-03-03,3100.0,1200.0,-0.6129032258064516,0.6129032258064516,True,1.0,1,0.0,1.9782214156079856,6,0.17,,accepted,recommended
APP001448,JOB00759,CAN00525,self_entry,2026-03-03,2850.0,3200.0,0.12280701754385964,0.0,False,,4,,1.9782214156079856,7,0.1,pre_recommendation,,withdrawn
APP001449,JOB00384,CAN00877,self_entry,2026-03-03,2150.0,3150.0,0.46511627906976744,0.0,False,,4,,1.9782214156079856,7,0.1,,,screened_out
APP001450,JOB00491,CAN00743,ca_introduction,2026-03-04,2300.0,2300.0,0.0,0.0,True,4.0,5,-1.0,1.9782214156079856,5,0.07,,rejected,rejected
APP001451,JOB00288,CAN01077,ca_introduction,2026-03-04,1950.0,1700.0,-0.1282051282051282,0.1282051282051282,True,2.0,2,0.0,1.9782214156079856,5,0.13,pre_recommendation,,withdrawn
APP001452,JOB00130,CAN01777,ca_introduction,2026-03-04,3450.0,2900.0,-0.15942028985507245,0.15942028985507245,True,4.0,4,0.0,1.9782214156079856,6,0.17,,accepted,recommended
APP001453,JOB00523,CAN00056,self_entry,2026-03-04,2150.0,2250.0,0.046511627906976744,0.0,False,,3,,1.9782214156079856,6,0.07,,,screened_out
APP001454,JOB00392,CAN00513,self_entry,2026-03-04,1500.0,1500.0,0.0,0.0,False,,3,,1.9782214156079856,6,0.07,,,screened_out
APP001455,JOB00385,CAN00627,self_entry,2026-03-04,1400.0,1350.0,-0.03571428571428571,0.03571428571428571,True,1.0,1,0.0,1.9782214156079856,8,0.1,,accepted,recommended
APP001456,JOB00521,CAN00743,ca_introduction,2026-03-05,2300.0,2150.0,-0.06521739130434782,0.06521739130434782,True,4.0,4,0.0,1.9782214156079856,7,0.13,,rejected,rejected
APP001457,JOB00611,CAN01173,ca_introduction,2026-03-05,1450.0,1500.0,0.034482758620689655,0.0,True,1.0,2,-1.0,1.9782214156079856,7,0.1,,accepted,recommended
APP001458,JOB00175,CAN01909,ca_introduction,2026-03-05,3600.0,3200.0,-0.1111111111111111,0.1111111111111111,True,4.0,4,0.0,1.9782214156079856,2,0.08,pre_recommendation,,withdrawn
APP001459,JOB00238,CAN01909,ca_introduction,2026-03-05,3600.0,3150.0,-0.125,0.125,True,4.0,3,1.0,1.9782214156079856,4,0.1,,rejected,rejected
APP001460,JOB00414,CAN00477,self_entry,2026-03-05,2150.0,2250.0,0.046511627906976744,0.0,True,3.0,3,0.0,1.9782214156079856,4,0.04,pre_recommendation,,withdrawn
APP001461,JOB00665,CAN01546,self_entry,2026-03-05,1200.0,3050.0,1.5416666666666667,0.0,False,,5,,1.9782214156079856,5,0.07,,,screened_out
APP001462,JOB00785,CAN01584,self_entry,2026-03-05,2100.0,2100.0,0.0,0.0,True,2.0,3,-1.0,1.9782214156079856,6,0.07,,accepted,recommended
APP001463,JOB00476,CAN00944,self_entry,2026-03-06,2600.0,3250.0,0.25,0.0,False,,5,,1.9782214156079856,6,0.07,,,screened_out
APP001464,JOB00573,CAN01230,self_entry,2026-03-06,1350.0,1250.0,-0.07407407407407407,0.07407407407407407,False,,2,,1.9782214156079856,6,0.1,,accepted,recommended
APP001465,JOB00450,CAN01617,self_entry,2026-03-06,2150.0,2250.0,0.046511627906976744,0.0,True,3.0,3,0.0,1.9782214156079856,7,0.1,pre_recommendation,,withdrawn
APP001466,JOB00385,CAN01890,self_entry,2026-03-06,1200.0,1350.0,0.125,0.0,True,1.0,1,0.0,1.9782214156079856,8,0.1,pre_recommendation,,withdrawn
APP001467,JOB00534,CAN00108,ca_introduction,2026-03-07,2500.0,2200.0,-0.12,0.12,True,3.0,3,0.0,1.9782214156079856,6,0.13,,accepted,recommended
APP001468,JOB00552,CAN00460,ca_introduction,2026-03-07,2250.0,2050.0,-0.08888888888888889,0.08888888888888889,True,2.0,3,-1.0,1.9782214156079856,5,0.1,,accepted,recommended
APP001469,JOB00096,CAN01638,ca_introduction,2026-03-07,1950.0,2250.0,0.15384615384615385,0.0,True,4.0,3,1.0,1.9782214156079856,7,0.1,,accepted,recommended
APP001470,JOB00384,CAN00127,ca_introduction,2026-03-07,3500.0,3150.0,-0.1,0.1,True,3.0,4,-1.0,1.9782214156079856,6,0.13,,,screened_out
APP001471,JOB00333,CAN01805,ca_introduction,2026-03-07,3200.0,1200.0,-0.625,0.625,True,1.0,1,0.0,1.9782214156079856,6,0.17,,rejected,rejected
APP001472,JOB00206,CAN00112,ca_introduction,2026-03-08,1350.0,1350.0,0.0,0.0,True,1.0,1,0.0,1.9782214156079856,7,0.1,,accepted,recommended
APP001473,JOB00288,CAN01827,ca_introduction,2026-03-08,1700.0,1700.0,0.0,0.0,True,3.0,2,1.0,1.9782214156079856,6,0.07,,accepted,recommended
APP001474,JOB00409,CAN01342,ca_introduction,2026-03-09,2250.0,2900.0,0.28888888888888886,0.0,True,4.0,4,0.0,1.9782214156079856,6,0.07,,accepted,recommended
APP001475,JOB00640,CAN00392,self_entry,2026-03-09,2250.0,1450.0,-0.35555555555555557,0.35555555555555557,False,,2,,1.9782214156079856,6,0.17,,,screened_out
APP001476,JOB00696,CAN00490,self_entry,2026-03-09,3200.0,3100.0,-0.03125,0.03125,True,4.0,4,0.0,1.9782214156079856,5,0.07,,accepted,recommended
APP001477,JOB00527,CAN00959,self_entry,2026-03-09,1400.0,2250.0,0.6071428571428571,0.0,False,,3,,1.9782214156079856,7,0.1,,,screened_out
APP001478,JOB00674,CAN01250,self_entry,2026-03-09,2250.0,2200.0,-0.022222222222222223,0.022222222222222223,True,3.0,4,-1.0,1.9782214156079856,4,0.04,,,screened_out
APP001479,JOB00498,CAN01686,self_entry,2026-03-09,2200.0,3200.0,0.45454545454545453,0.0,False,,5,,1.9782214156079856,5,0.07,,,screened_out
APP001480,JOB00752,CAN01692,self_entry,2026-03-09,1350.0,1350.0,0.0,0.0,True,1.0,1,0.0,1.9782214156079856,5,0.07,,rejected,rejected
APP001481,JOB00448,CAN00559,ca_introduction,2026-03-10,3550.0,3100.0,-0.1267605633802817,0.1267605633802817,True,4.0,4,0.0,1.9782214156079856,4,0.1,pre_recommendation,,withdrawn
APP001482,JOB00238,CAN01903,ca_introduction,2026-03-10,3550.0,3150.0,-0.11267605633802817,0.11267605633802817,True,4.0,3,1.0,1.9782214156079856,7,0.16,,,screened_out
APP001483,JOB00648,CAN00244,self_entry,2026-03-10,1200.0,1300.0,0.08333333333333333,0.0,False,,2,,1.9782214156079856,8,0.1,,rejected,rejected
APP001484,JOB00414,CAN01661,self_entry,2026-03-10,2500.0,2250.0,-0.1,0.1,True,4.0,3,1.0,1.9782214156079856,5,0.13,,accepted,recommended
APP001485,JOB00476,CAN00192,ca_introduction,2026-03-11,3600.0,3250.0,-0.09722222222222222,0.09722222222222222,True,5.0,5,0.0,1.9782214156079856,3,0.07,pre_recommendation,,withdrawn
APP001486,JOB00015,CAN00192,ca_introduction,2026-03-11,3600.0,3000.0,-0.16666666666666666,0.16666666666666666,True,5.0,4,1.0,1.9782214156079856,4,0.14,,accepted,recommended
APP001487,JOB00337,CAN01478,ca_introduction,2026-03-11,1600.0,1600.0,0.0,0.0,True,2.0,2,0.0,1.9782214156079856,5,0.07,,accepted,recommended
APP001488,JOB00096,CAN00597,ca_introduction,2026-03-11,2550.0,2250.0,-0.11764705882352941,0.11764705882352941,True,3.0,3,0.0,1.9782214156079856,6,0.13,,accepted,recommended
APP001489,JOB00238,CAN01093,ca_introduction,2026-03-11,3500.0,3150.0,-0.1,0.1,True,4.0,3,1.0,1.9782214156079856,6,0.13,,accepted,recommended
APP001490,JOB00611,CAN01939,ca_introduction,2026-03-11,1450.0,1500.0,0.034482758620689655,0.0,True,1.0,2,-1.0,1.9782214156079856,6,0.07,,rejected,rejected
APP001491,JOB00368,CAN00067,self_entry,2026-03-11,1400.0,1350.0,-0.03571428571428571,0.03571428571428571,True,2.0,2,0.0,1.9782214156079856,5,0.07,,accepted,recommended
APP001492,JOB00606,CAN00896,self_entry,2026-03-11,1500.0,1550.0,0.03333333333333333,0.0,True,2.0,2,0.0,1.9782214156079856,5,0.07,pre_recommendation,,withdrawn
APP001493,JOB00491,CAN01093,self_entry,2026-03-11,3500.0,2300.0,-0.34285714285714286,0.34285714285714286,True,4.0,5,-1.0,1.9782214156079856,6,0.17,pre_recommendation,,withdrawn
APP001494,JOB00766,CAN00072,ca_introduction,2026-03-12,2250.0,2100.0,-0.06666666666666667,0.06666666666666667,True,3.0,3,0.0,1.9782214156079856,6,0.1,,accepted,recommended
APP001495,JOB00033,CAN00597,ca_introduction,2026-03-12,2550.0,2350.0,-0.0784313725490196,0.0784313725490196,True,3.0,3,0.0,1.9782214156079856,6,0.1,,accepted,recommended
APP001496,JOB00771,CAN01093,ca_introduction,2026-03-12,3500.0,3300.0,-0.05714285714285714,0.05714285714285714,True,4.0,4,0.0,1.9782214156079856,5,0.1,,,screened_out
APP001497,JOB00632,CAN00005,self_entry,2026-03-12,1400.0,2200.0,0.5714285714285714,0.0,False,,4,,1.9782214156079856,6,0.07,,,screened_out
APP001498,JOB00771,CAN00351,self_entry,2026-03-12,3500.0,3300.0,-0.05714285714285714,0.05714285714285714,True,3.0,4,-1.0,1.9782214156079856,6,0.1,,,screened_out
APP001499,JOB00396,CAN00420,self_entry,2026-03-12,1250.0,2200.0,0.76,0.0,False,,3,,1.9782214156079856,7,0.1,,,screened_out
APP001500,JOB00474,CAN00813,self_entry,2026-03-12,2450.0,2250.0,-0.08163265306122448,0.08163265306122448,True,2.0,3,-1.0,1.9782214156079856,5,0.1,,,screened_out
APP001501,JOB00654,CAN01154,self_entry,2026-03-12,3550.0,3300.0,-0.07042253521126761,0.07042253521126761,True,4.0,5,-1.0,1.9782214156079856,7,0.13,,rejected,rejected
APP001502,JOB00783,CAN01154,ca_introduction,2026-03-13,3550.0,3200.0,-0.09859154929577464,0.09859154929577464,True,4.0,4,0.0,1.9782214156079856,7,0.13,,rejected,rejected
APP001503,JOB00727,CAN00772,ca_introduction,2026-03-13,3450.0,3200.0,-0.07246376811594203,0.07246376811594203,True,3.0,4,-1.0,1.9782214156079856,4,0.07,,accepted,recommended
APP001504,JOB00669,CAN00490,self_entry,2026-03-13,3200.0,3200.0,0.0,0.0,True,4.0,5,-1.0,1.9782214156079856,7,0.1,,rejected,rejected
APP001505,JOB00418,CAN01624,self_entry,2026-03-13,2400.0,1500.0,-0.375,0.375,False,,2,,1.9782214156079856,3,0.14,pre_recommendation,,withdrawn
APP001506,JOB00467,CAN01673,self_entry,2026-03-13,3300.0,2300.0,-0.30303030303030304,0.30303030303030304,False,,4,,1.9782214156079856,1,0.12000000000000001,,,screened_out
APP001507,JOB00378,CAN01725,self_entry,2026-03-13,2450.0,2150.0,-0.12244897959183673,0.12244897959183673,False,,4,,1.9782214156079856,6,0.13,,,screened_out
APP001508,JOB00085,CAN01345,ca_introduction,2026-03-14,1300.0,1500.0,0.15384615384615385,0.0,False,,2,,1.9782214156079856,6,0.07,,rejected,rejected
APP001509,JOB00021,CAN01345,ca_introduction,2026-03-14,1300.0,1300.0,0.0,0.0,False,,1,,1.9782214156079856,7,0.1,pre_recommendation,,withdrawn
APP001510,JOB00017,CAN01472,ca_introduction,2026-03-14,3600.0,2900.0,-0.19444444444444445,0.19444444444444445,True,4.0,4,0.0,1.9782214156079856,7,0.2,pre_recommendation,,withdrawn
APP001511,JOB00674,CAN00597,self_entry,2026-03-14,2550.0,2200.0,-0.13725490196078433,0.13725490196078433,True,3.0,4,-1.0,1.9782214156079856,5,0.13,,accepted,recommended
APP001512,JOB00537,CAN00973,self_entry,2026-03-14,3200.0,3000.0,-0.0625,0.0625,True,4.0,4,0.0,1.9782214156079856,8,0.13,,rejected,rejected
APP001513,JOB00385,CAN01530,self_entry,2026-03-14,1550.0,1350.0,-0.12903225806451613,0.12903225806451613,True,2.0,1,1.0,1.9782214156079856,5,0.13,pre_recommendation,,withdrawn
APP001514,JOB00385,CAN00364,ca_introduction,2026-03-15,1350.0,1350.0,0.0,0.0,True,1.0,1,0.0,1.9782214156079856,6,0.07,,accepted,recommended
APP001515,JOB00083,CAN01248,ca_introduction,2026-03-15,1800.0,1500.0,-0.16666666666666666,0.16666666666666666,True,2.0,2,0.0,1.9782214156079856,6,0.17,,accepted,recommended
APP001516,JOB00027,CAN01784,ca_introduction,2026-03-15,1200.0,1300.0,0.08333333333333333,0.0,False,,1,,1.9782214156079856,6,0.07,,,screened_out
APP001517,JOB00767,CAN01340,self_entry,2026-03-15,1550.0,2250.0,0.45161290322580644,0.0,False,,3,,1.9782214156079856,2,0.02,,,screened_out
APP001518,JOB00368,CAN01265,ca_introduction,2026-03-16,1250.0,1350.0,0.08,0.0,True,2.0,2,0.0,1.9782214156079856,6,0.07,,accepted,recommended
APP001519,JOB00265,CAN01784,ca_introduction,2026-03-16,1200.0,1350.0,0.125,0.0,False,,2,,1.9782214156079856,2,0.02,,accepted,recommended
APP001520,JOB00085,CAN01549,ca_introduction,2026-03-16,1500.0,1500.0,0.0,0.0,True,2.0,2,0.0,1.9782214156079856,1,0.02,,accepted,recommended
APP001521,JOB00527,CAN01581,ca_introduction,2026-03-16,2500.0,2250.0,-0.1,0.1,True,3.0,3,0.0,1.9782214156079856,4,0.1,,accepted,recommended
APP001522,JOB00129,CAN01873,ca_introduction,2026-03-16,2950.0,2850.0,-0.03389830508474576,0.03389830508474576,True,4.0,4,0.0,1.9782214156079856,7,0.1,pre_recommendation,,withdrawn
APP001523,JOB00773,CAN00435,self_entry,2026-03-16,2250.0,3100.0,0.37777777777777777,0.0,False,,4,,1.9782214156079856,2,0.02,,,screened_out
APP001524,JOB00396,CAN01108,self_entry,2026-03-16,1850.0,2200.0,0.1891891891891892,0.0,True,3.0,3,0.0,1.9782214156079856,5,0.07,,accepted,recommended
APP001525,JOB00387,CAN01122,self_entry,2026-03-16,1600.0,3000.0,0.875,0.0,False,,4,,1.9782214156079856,8,0.1,,,screened_out
APP001526,JOB00403,CAN01200,self_entry,2026-03-16,2700.0,1250.0,-0.5370370370370371,0.5370370370370371,False,,1,,1.9782214156079856,4,0.14,,,screened_out
APP001527,JOB00489,CAN01328,self_entry,2026-03-16,1200.0,1500.0,0.25,0.0,False,,1,,1.9782214156079856,6,0.07,,accepted,recommended
APP001528,JOB00605,CAN01397,self_entry,2026-03-16,2750.0,2200.0,-0.2,0.2,False,,4,,1.9782214156079856,4,0.14,pre_recommendation,,withdrawn
APP001529,JOB00110,CAN00438,ca_introduction,2026-03-17,2100.0,1950.0,-0.07142857142857142,0.07142857142857142,False,,2,,1.9782214156079856,8,0.13,,,screened_out
APP001530,JOB00771,CAN00625,ca_introduction,2026-03-17,3550.0,3300.0,-0.07042253521126761,0.07042253521126761,True,4.0,4,0.0,1.9782214156079856,6,0.1,,accepted,recommended
APP001531,JOB00396,CAN01581,ca_introduction,2026-03-17,2500.0,2200.0,-0.12,0.12,True,3.0,3,0.0,1.9782214156079856,4,0.1,pre_recommendation,,withdrawn
APP001532,JOB00363,CAN01688,ca_introduction,2026-03-17,2500.0,2300.0,-0.08,0.08,True,4.0,4,0.0,1.9782214156079856,4,0.07,,accepted,recommended
APP001533,JOB00128,CAN01688,ca_introduction,2026-03-17,2500.0,1900.0,-0.24,0.24,True,4.0,3,1.0,1.9782214156079856,7,0.2,,rejected,rejected
APP001534,JOB00445,CAN00458,ca_introduction,2026-03-17,1500.0,1300.0,-0.13333333333333333,0.13333333333333333,True,1.0,1,0.0,1.9782214156079856,6,0.13,,accepted,recommended
APP001535,JOB00597,CAN00872,ca_introduction,2026-03-17,1300.0,1350.0,0.038461538461538464,0.0,True,2.0,1,1.0,1.9782214156079856,6,0.07,,accepted,recommended
APP001536,JOB00392,CAN00872,ca_introduction,2026-03-17,1300.0,1500.0,0.15384615384615385,0.0,True,2.0,3,-1.0,1.9782214156079856,6,0.07,,accepted,recommended
APP001537,JOB00717,CAN00311,self_entry,2026-03-17,2100.0,2050.0,-0.023809523809523808,0.023809523809523808,True,3.0,3,0.0,1.9782214156079856,6,0.07,,accepted,recommended
APP001538,JOB00597,CAN00995,self_entry,2026-03-17,1350.0,1350.0,0.0,0.0,False,,1,,1.9782214156079856,4,0.04,,,screened_out
APP001539,JOB00096,CAN00889,ca_introduction,2026-03-18,3300.0,2250.0,-0.3181818181818182,0.3181818181818182,True,4.0,3,1.0,1.9782214156079856,4,0.14,,accepted,recommended
APP001540,JOB00601,CAN00026,self_entry,2026-03-18,1400.0,2150.0,0.5357142857142857,0.0,False,,3,,1.9782214156079856,6,0.07,,,screened_out
APP001541,JOB00418,CAN00656,self_entry,2026-03-18,1250.0,1500.0,0.2,0.0,True,3.0,2,1.0,1.9782214156079856,6,0.07,,,screened_out
APP001542,JOB00498,CAN01029,self_entry,2026-03-18,1350.0,3200.0,1.3703703703703705,0.0,True,3.0,5,-2.0,1.9782214156079856,5,0.07,,,screened_out
APP001543,JOB00696,CAN00965,ca_introduction,2026-03-19,3450.0,3100.0,-0.10144927536231885,0.10144927536231885,True,4.0,4,0.0,1.9782214156079856,5,0.13,,rejected,rejected
APP001544,JOB00597,CAN01825,ca_introduction,2026-03-19,1200.0,1350.0,0.125,0.0,True,1.0,1,0.0,1.9782214156079856,6,0.07,,accepted,recommended
APP001545,JOB00771,CAN01903,ca_introduction,2026-03-19,3550.0,3300.0,-0.07042253521126761,0.07042253521126761,True,4.0,4,0.0,1.9782214156079856,5,0.1,,accepted,recommended
APP001546,JOB00600,CAN00171,self_entry,2026-03-19,1300.0,1300.0,0.0,0.0,True,1.0,2,-1.0,1.9782214156079856,7,0.1,,,screened_out
APP001547,JOB00691,CAN00965,ca_introduction,2026-03-20,3450.0,3150.0,-0.08695652173913043,0.08695652173913043,True,4.0,4,0.0,1.9782214156079856,5,0.1,,accepted,recommended
APP001548,JOB00391,CAN01124,ca_introduction,2026-03-20,1400.0,1400.0,0.0,0.0,False,,2,,1.9782214156079856,6,0.07,,,screened_out
APP001549,JOB00696,CAN01697,ca_introduction,2026-03-20,3200.0,3100.0,-0.03125,0.03125,True,3.0,4,-1.0,1.9782214156079856,4,0.04,,accepted,recommended
APP001550,JOB00630,CAN00059,self_entry,2026-03-20,3100.0,2950.0,-0.04838709677419355,0.04838709677419355,True,4.0,5,-1.0,1.9782214156079856,5,0.07,,accepted,recommended
APP001551,JOB00600,CAN01124,ca_introduction,2026-03-21,1400.0,1300.0,-0.07142857142857142,0.07142857142857142,False,,2,,1.9782214156079856,8,0.13,pre_recommendation,,withdrawn
APP001552,JOB00610,CAN01565,ca_introduction,2026-03-21,1600.0,1450.0,-0.09375,0.09375,True,2.0,2,0.0,1.9782214156079856,3,0.07,,rejected,rejected
APP001553,JOB00400,CAN01565,ca_introduction,2026-03-21,1600.0,1600.0,0.0,0.0,True,2.0,3,-1.0,1.9782214156079856,6,0.07,,accepted,recommended
APP001554,JOB00385,CAN00112,ca_introduction,2026-03-21,1350.0,1350.0,0.0,0.0,True,1.0,1,0.0,1.9782214156079856,5,0.07,,accepted,recommended
APP001555,JOB00497,CAN00350,ca_introduction,2026-03-21,2200.0,2350.0,0.06818181818181818,0.0,True,3.0,3,0.0,1.9782214156079856,3,0.04,,accepted,recommended
APP001556,JOB00337,CAN00701,ca_introduction,2026-03-21,1650.0,1600.0,-0.030303030303030304,0.030303030303030304,True,2.0,2,0.0,1.9782214156079856,8,0.1,pre_recommendation,,withdrawn
APP001557,JOB00475,CAN00878,ca_introduction,2026-03-21,2000.0,2000.0,0.0,0.0,True,3.0,2,1.0,1.9782214156079856,5,0.07,,accepted,recommended
APP001558,JOB00400,CAN00268,self_entry,2026-03-21,1450.0,1600.0,0.10344827586206896,0.0,False,,3,,1.9782214156079856,5,0.07,,,screened_out
APP001559,JOB00605,CAN00424,self_entry,2026-03-21,1700.0,2200.0,0.29411764705882354,0.0,False,,4,,1.9782214156079856,4,0.04,,,screened_out
APP001560,JOB00611,CAN00901,self_entry,2026-03-21,1450.0,1500.0,0.034482758620689655,0.0,True,1.0,2,-1.0,1.9782214156079856,8,0.1,,accepted,recommended
APP001561,JOB00569,CAN01032,self_entry,2026-03-21,2250.0,1550.0,-0.3111111111111111,0.3111111111111111,False,,2,,1.9782214156079856,7,0.2,,,screened_out
APP001562,JOB00521,CAN01037,self_entry,2026-03-21,1800.0,2150.0,0.19444444444444445,0.0,False,,4,,1.9782214156079856,6,0.07,,,screened_out
APP001563,JOB00619,CAN01660,self_entry,2026-03-21,1700.0,1650.0,-0.029411764705882353,0.029411764705882353,True,2.0,2,0.0,1.9782214156079856,7,0.1,,accepted,recommended
APP001564,JOB00610,CAN00112,ca_introduction,2026-03-22,1350.0,1450.0,0.07407407407407407,0.0,True,1.0,2,-1.0,1.9782214156079856,6,0.07,,rejected,rejected
APP001565,JOB00023,CAN00177,ca_introduction,2026-03-22,3600.0,2900.0,-0.19444444444444445,0.19444444444444445,True,5.0,4,1.0,1.9782214156079856,8,0.2,,rejected,rejected
APP001566,JOB00200,CAN01173,ca_introduction,2026-03-22,1450.0,1200.0,-0.1724137931034483,0.1724137931034483,True,1.0,1,0.0,1.9782214156079856,6,0.17,,accepted,recommended
APP001567,JOB00017,CAN01614,ca_introduction,2026-03-22,2450.0,2900.0,0.1836734693877551,0.0,True,4.0,4,0.0,1.9782214156079856,6,0.07,,accepted,recommended
APP001568,JOB00027,CAN01849,ca_introduction,2026-03-22,1400.0,1300.0,-0.07142857142857142,0.07142857142857142,True,1.0,1,0.0,1.9782214156079856,8,0.13,,accepted,recommended
APP001569,JOB00610,CAN00460,self_entry,2026-03-22,2250.0,1450.0,-0.35555555555555557,0.35555555555555557,False,,2,,1.9782214156079856,6,0.17,,,screened_out
APP001570,JOB00632,CAN00802,self_entry,2026-03-22,1200.0,2200.0,0.8333333333333334,0.0,False,,4,,1.9782214156079856,2,0.02,,,screened_out
APP001571,JOB00391,CAN01029,self_entry,2026-03-22,1350.0,1400.0,0.037037037037037035,0.0,True,1.0,2,-1.0,1.9782214156079856,6,0.07,,,screened_out
APP001572,JOB00605,CAN01095,self_entry,2026-03-22,2200.0,2200.0,0.0,0.0,True,2.0,4,-2.0,1.9782214156079856,7,0.1,,,screened_out
APP001573,JOB00597,CAN01849,ca_introduction,2026-03-23,1400.0,1350.0,-0.03571428571428571,0.03571428571428571,True,1.0,1,0.0,1.9782214156079856,7,0.1,,,screened_out
APP001574,JOB00799,CAN00375,ca_introduction,2026-03-23,1300.0,1300.0,0.0,0.0,True,1.0,1,0.0,1.9782214156079856,6,0.07,,accepted,recommended
APP001575,JOB00021,CAN00375,ca_introduction,2026-03-23,1300.0,1300.0,0.0,0.0,True,1.0,1,0.0,1.9782214156079856,5,0.07,,rejected,rejected
APP001576,JOB00288,CAN01122,ca_introduction,2026-03-23,1600.0,1700.0,0.0625,0.0,True,2.0,2,0.0,1.9782214156079856,4,0.04,,accepted,recommended
APP001577,JOB00344,CAN01246,ca_introduction,2026-03-23,2400.0,1950.0,-0.1875,0.1875,True,4.0,3,1.0,1.9782214156079856,4,0.14,,accepted,recommended
APP001578,JOB00640,CAN01386,self_entry,2026-03-23,2000.0,1450.0,-0.275,0.275,True,3.0,2,1.0,1.9782214156079856,4,0.14,,accepted,recommended
APP001579,JOB00767,CAN01246,ca_introduction,2026-03-24,2400.0,2250.0,-0.0625,0.0625,True,4.0,3,1.0,1.9782214156079856,5,0.1,,accepted,recommended
APP001580,JOB00265,CAN01781,ca_introduction,2026-03-24,1350.0,1350.0,0.0,0.0,False,,2,,1.9782214156079856,1,0.02,,rejected,rejected
APP001581,JOB00727,CAN00127,self_entry,2026-03-24,3500.0,3200.0,-0.08571428571428572,0.08571428571428572,True,3.0,4,-1.0,1.9782214156079856,4,0.07,,rejected,rejected
APP001582,JOB00619,CAN01014,self_entry,2026-03-24,1600.0,1650.0,0.03125,0.0,False,,2,,1.9782214156079856,5,0.07,,,screened_out
APP001583,JOB00640,CAN01781,self_entry,2026-03-24,1350.0,1450.0,0.07407407407407407,0.0,False,,2,,1.9782214156079856,5,0.07,pre_recommendation,,withdrawn
APP001584,JOB00785,CAN00072,ca_introduction,2026-03-25,2250.0,2100.0,-0.06666666666666667,0.06666666666666667,True,3.0,3,0.0,1.9782214156079856,4,0.07,,accepted,recommended
APP001585,JOB00132,CAN01624,ca_introduction,2026-03-25,2400.0,2050.0,-0.14583333333333334,0.14583333333333334,True,3.0,3,0.0,1.9782214156079856,3,0.1,,accepted,recommended
APP001586,JOB00600,CAN00425,self_entry,2026-03-25,1200.0,1300.0,0.08333333333333333,0.0,True,1.0,2,-1.0,1.9782214156079856,7,0.1,,accepted,recommended
APP001587,JOB00499,CAN01457,self_entry,2026-03-25,1300.0,1250.0,-0.038461538461538464,0.038461538461538464,True,1.0,1,0.0,1.9782214156079856,7,0.1,,accepted,recommended
APP001588,JOB00464,CAN01070,ca_introduction,2026-03-26,2350.0,3350.0,0.425531914893617,0.0,True,4.0,4,0.0,1.9782214156079856,5,0.07,,accepted,recommended
APP001589,JOB00669,CAN00884,ca_introduction,2026-03-26,3750.0,3200.0,-0.14666666666666667,0.14666666666666667,True,5.0,5,0.0,1.9782214156079856,7,0.16,,accepted,recommended
APP001590,JOB00712,CAN01161,ca_introduction,2026-03-26,1400.0,1300.0,-0.07142857142857142,0.07142857142857142,False,,1,,1.9782214156079856,5,0.1,pre_recommendation,,withdrawn
APP001591,JOB00530,CAN01084,self_entry,2026-03-26,3400.0,2900.0,-0.14705882352941177,0.14705882352941177,True,4.0,4,0.0,1.9782214156079856,4,0.1,pre_recommendation,,withdrawn
APP001592,JOB00758,CAN01273,self_entry,2026-03-26,2100.0,2800.0,0.3333333333333333,0.0,False,,4,,1.9782214156079856,6,0.07,,,screened_out
APP001593,JOB00606,CAN01445,self_entry,2026-03-26,1700.0,1550.0,-0.08823529411764706,0.08823529411764706,True,3.0,2,1.0,1.9782214156079856,7,0.13,,accepted,recommended
APP001594,JOB00725,CAN00741,ca_introduction,2026-03-27,1500.0,1450.0,-0.03333333333333333,0.03333333333333333,True,2.0,1,1.0,1.9782214156079856,6,0.07,pre_recommendation,,withdrawn
APP001595,JOB00769,CAN00884,ca_introduction,2026-03-27,3750.0,3150.0,-0.16,0.16,True,5.0,5,0.0,1.9782214156079856,3,0.14,pre_recommendation,,withdrawn
APP001596,JOB00085,CAN00837,ca_introduction,2026-03-27,1500.0,1500.0,0.0,0.0,False,,2,,1.9782214156079856,6,0.07,,,screened_out
APP001597,JOB00175,CAN01154,ca_introduction,2026-03-27,3550.0,3200.0,-0.09859154929577464,0.09859154929577464,True,4.0,4,0.0,1.9782214156079856,6,0.1,,accepted,recommended
APP001598,JOB00771,CAN01837,ca_introduction,2026-03-27,2150.0,3300.0,0.5348837209302325,0.0,True,5.0,4,1.0,1.9782214156079856,7,0.1,,accepted,recommended
APP001599,JOB00758,CAN00192,self_entry,2026-03-27,3600.0,2800.0,-0.2222222222222222,0.2222222222222222,True,5.0,4,1.0,1.9782214156079856,7,0.2,pre_recommendation,,withdrawn
APP001600,JOB00779,CAN01180,self_entry,2026-03-27,3300.0,1550.0,-0.5303030303030303,0.5303030303030303,False,,2,,1.9782214156079856,2,0.12000000000000001,,,screened_out
APP001601,JOB00630,CAN01468,self_entry,2026-03-27,3000.0,2950.0,-0.016666666666666666,0.016666666666666666,True,4.0,5,-1.0,1.9782214156079856,4,0.04,,accepted,recommended
APP001602,JOB00085,CAN01702,ca_introduction,2026-03-28,1550.0,1500.0,-0.03225806451612903,0.03225806451612903,True,2.0,2,0.0,1.9782214156079856,5,0.07,pre_recommendation,,withdrawn
APP001603,JOB00237,CAN00095,ca_introduction,2026-03-28,2600.0,2400.0,-0.07692307692307693,0.07692307692307693,True,3.0,4,-1.0,1.9782214156079856,6,0.1,,accepted,recommended
APP001604,JOB00475,CAN01217,self_entry,2026-03-28,2350.0,2000.0,-0.14893617021276595,0.14893617021276595,False,,2,,1.9782214156079856,5,0.13,,,screened_out
APP001605,JOB00063,CAN00345,ca_introduction,2026-03-29,1900.0,1600.0,-0.15789473684210525,0.15789473684210525,True,3.0,2,1.0,1.9782214156079856,6,0.17,,accepted,recommended
APP001606,JOB00152,CAN01058,ca_introduction,2026-03-29,2350.0,2200.0,-0.06382978723404255,0.06382978723404255,True,3.0,3,0.0,1.9782214156079856,6,0.1,,accepted,recommended
APP001607,JOB00175,CAN01093,ca_introduction,2026-03-29,3500.0,3200.0,-0.08571428571428572,0.08571428571428572,True,4.0,4,0.0,1.9782214156079856,5,0.1,,accepted,recommended
APP001608,JOB00017,CAN00177,ca_introduction,2026-03-29,3600.0,2900.0,-0.19444444444444445,0.19444444444444445,True,5.0,4,1.0,1.9782214156079856,3,0.14,,rejected,rejected
APP001609,JOB00610,CAN00125,self_entry,2026-03-29,1200.0,1450.0,0.20833333333333334,0.0,False,,2,,1.9782214156079856,3,0.04,,rejected,rejected
APP001610,JOB00534,CAN01526,self_entry,2026-03-29,2150.0,2200.0,0.023255813953488372,0.0,True,2.0,3,-1.0,1.9782214156079856,6,0.07,,accepted,recommended
APP001611,JOB00534,CAN01609,self_entry,2026-03-29,1450.0,2200.0,0.5172413793103449,0.0,False,,3,,1.9782214156079856,8,0.1,,,screened_out
APP001612,JOB00755,CAN01324,ca_introduction,2026-03-30,2750.0,2250.0,-0.18181818181818182,0.18181818181818182,True,4.0,3,1.0,1.9782214156079856,7,0.2,,accepted,recommended
APP001613,JOB00450,CAN00219,ca_introduction,2026-03-30,2400.0,2250.0,-0.0625,0.0625,True,4.0,3,1.0,1.9782214156079856,4,0.07,,accepted,recommended
APP001614,JOB00371,CAN01939,ca_introduction,2026-03-30,1450.0,1550.0,0.06896551724137931,0.0,True,1.0,2,-1.0,1.9782214156079856,5,0.07,,rejected,rejected
APP001615,JOB00385,CAN01939,ca_introduction,2026-03-30,1450.0,1350.0,-0.06896551724137931,0.06896551724137931,True,1.0,1,0.0,1.9782214156079856,4,0.07,,accepted,recommended
APP001616,JOB00400,CAN00040,self_entry,2026-03-30,1350.0,1600.0,0.18518518518518517,0.0,True,1.0,3,-2.0,1.9782214156079856,5,0.07,,rejected,rejected
APP001617,JOB00387,CAN00286,self_entry,2026-03-30,3550.0,3000.0,-0.15492957746478872,0.15492957746478872,True,5.0,4,1.0,1.9782214156079856,6,0.17,,accepted,recommended
APP001618,JOB00727,CAN01603,self_entry,2026-03-30,1450.0,3200.0,1.206896551724138,0.0,True,4.0,4,0.0,1.9782214156079856,7,0.1,,accepted,recommended
APP001619,JOB00527,CAN01942,self_entry,2026-03-30,1600.0,2250.0,0.40625,0.0,False,,3,,1.9782214156079856,6,0.07,,rejected,rejected
APP001620,JOB00361,CAN00219,ca_introduction,2026-03-31,2400.0,2250.0,-0.0625,0.0625,True,4.0,4,0.0,1.9782214156079856,6,0.1,,accepted,recommended
APP001621,JOB00371,CAN00409,ca_introduction,2026-03-31,1500.0,1550.0,0.03333333333333333,0.0,True,1.0,2,-1.0,1.9782214156079856,4,0.04,,accepted,recommended
APP001622,JOB00731,CAN01468,self_entry,2026-03-31,3000.0,2900.0,-0.03333333333333333,0.03333333333333333,True,4.0,4,0.0,1.9782214156079856,8,0.1,,accepted,recommended
APP001623,JOB00759,CAN00255,ca_introduction,2026-04-01,2150.0,3200.0,0.4883720930232558,0.0,True,5.0,4,1.0,2.0338228015179016,3,0.04,,accepted,recommended
APP001624,JOB00155,CAN01083,ca_introduction,2026-04-01,2250.0,3000.0,0.3333333333333333,0.0,True,4.0,4,0.0,2.0338228015179016,4,0.04,,accepted,recommended
APP001625,JOB00660,CAN01265,ca_introduction,2026-04-01,1250.0,1250.0,0.0,0.0,True,2.0,2,0.0,2.0338228015179016,6,0.07,pre_recommendation,,withdrawn
APP001626,JOB00265,CAN01535,ca_introduction,2026-04-01,1400.0,1350.0,-0.03571428571428571,0.03571428571428571,False,,2,,2.0338228015179016,6,0.07,,,screened_out
APP001627,JOB00652,CAN00516,self_entry,2026-04-01,2200.0,2150.0,-0.022727272727272728,0.022727272727272728,False,,3,,2.0338228015179016,6,0.07,,,screened_out
APP001628,JOB00360,CAN00729,self_entry,2026-04-01,2300.0,2150.0,-0.06521739130434782,0.06521739130434782,False,,2,,2.0338228015179016,3,0.07,,,screened_out
APP001629,JOB00601,CAN00323,ca_introduction,2026-04-02,2400.0,2150.0,-0.10416666666666667,0.10416666666666667,True,4.0,3,1.0,2.0338228015179016,6,0.13,,accepted,recommended
APP001630,JOB00165,CAN01083,ca_introduction,2026-04-02,2250.0,3050.0,0.35555555555555557,0.0,True,4.0,4,0.0,2.0338228015179016,7,0.1,,accepted,recommended
APP001631,JOB00354,CAN00054,ca_introduction,2026-04-02,2350.0,2150.0,-0.0851063829787234,0.0851063829787234,True,3.0,3,0.0,2.0338228015179016,3,0.07,,,screened_out
APP001632,JOB00411,CAN01457,ca_introduction,2026-04-02,1300.0,1400.0,0.07692307692307693,0.0,True,1.0,2,-1.0,2.0338228015179016,5,0.07,,accepted,recommended
APP001633,JOB00450,CAN01598,ca_introduction,2026-04-02,2400.0,2250.0,-0.0625,0.0625,True,3.0,3,0.0,2.0338228015179016,6,0.1,,accepted,recommended
APP001634,JOB00439,CAN00175,self_entry,2026-04-02,2200.0,1500.0,-0.3181818181818182,0.3181818181818182,True,2.0,2,0.0,2.0338228015179016,8,0.2,pre_recommendation,,withdrawn
APP001635,JOB00514,CAN01075,self_entry,2026-04-02,1250.0,3000.0,1.4,0.0,False,,5,,2.0338228015179016,3,0.04,,,screened_out
APP001636,JOB00496,CAN01913,self_entry,2026-04-02,1900.0,2000.0,0.05263157894736842,0.0,False,,3,,2.0338228015179016,6,0.07,,rejected,rejected
APP001637,JOB00505,CAN01457,ca_introduction,2026-04-03,1300.0,1350.0,0.038461538461538464,0.0,True,1.0,1,0.0,2.0338228015179016,6,0.07,,accepted,recommended
APP001638,JOB00347,CAN01523,ca_introduction,2026-04-03,1450.0,1550.0,0.06896551724137931,0.0,True,1.0,2,-1.0,2.0338228015179016,6,0.07,,accepted,recommended
APP001639,JOB00132,CAN01637,ca_introduction,2026-04-03,2500.0,2050.0,-0.18,0.18,True,4.0,3,1.0,2.0338228015179016,7,0.2,,accepted,recommended
APP001640,JOB00328,CAN00364,ca_introduction,2026-04-03,1350.0,1350.0,0.0,0.0,True,1.0,1,0.0,2.0338228015179016,7,0.1,,accepted,recommended
APP001641,JOB00366,CAN00056,self_entry,2026-04-03,2150.0,2300.0,0.06976744186046512,0.0,True,3.0,3,0.0,2.0338228015179016,8,0.1,,accepted,recommended
APP001642,JOB00476,CAN00251,self_entry,2026-04-03,2050.0,3250.0,0.5853658536585366,0.0,True,5.0,5,0.0,2.0338228015179016,6,0.07,,rejected,rejected
APP001643,JOB00479,CAN00286,ca_introduction,2026-04-04,3550.0,3000.0,-0.15492957746478872,0.15492957746478872,True,5.0,3,2.0,2.0338228015179016,4,0.14,,accepted,recommended
APP001644,JOB00600,CAN00248,self_entry,2026-04-04,1350.0,1300.0,-0.037037037037037035,0.037037037037037035,False,,2,,2.0338228015179016,6,0.07,,accepted,recommended
APP001645,JOB00610,CAN00643,self_entry,2026-04-04,1450.0,1450.0,0.0,0.0,True,1.0,2,-1.0,2.0338228015179016,7,0.1,,accepted,recommended
APP001646,JOB00526,CAN01163,self_entry,2026-04-04,3150.0,2150.0,-0.31746031746031744,0.31746031746031744,False,,4,,2.0338228015179016,5,0.17,,,screened_out
APP001647,JOB00725,CAN00458,ca_introduction,2026-04-05,1500.0,1450.0,-0.03333333333333333,0.03333333333333333,True,1.0,1,0.0,2.0338228015179016,4,0.04,,rejected,rejected
APP001648,JOB00110,CAN01581,ca_introduction,2026-04-05,2500.0,1950.0,-0.22,0.22,True,3.0,2,1.0,2.0338228015179016,6,0.17,,accepted,recommended
APP001649,JOB00550,CAN00195,self_entry,2026-04-05,1300.0,1750.0,0.34615384615384615,0.0,True,1.0,3,-2.0,2.0338228015179016,3,0.04,,,screened_out
APP001650,JOB00462,CAN00268,self_entry,2026-04-05,1450.0,1550.0,0.06896551724137931,0.0,False,,2,,2.0338228015179016,7,0.1,,,screened_out
APP001651,JOB00570,CAN00282,self_entry,2026-04-05,1350.0,1350.0,0.0,0.0,False,,2,,2.0338228015179016,3,0.04,,accepted,recommended
APP001652,JOB00607,CAN00481,self_entry,2026-04-05,1200.0,1300.0,0.08333333333333333,0.0,True,1.0,1,0.0,2.0338228015179016,4,0.04,,accepted,recommended
APP001653,JOB00657,CAN00072,ca_introduction,2026-04-06,2250.0,2250.0,0.0,0.0,True,3.0,3,0.0,2.0338228015179016,8,0.1,,accepted,recommended
APP001654,JOB00610,CAN00744,ca_introduction,2026-04-06,1400.0,1450.0,0.03571428571428571,0.0,True,1.0,2,-1.0,2.0338228015179016,6,0.07,,,screened_out
APP001655,JOB00136,CAN00393,ca_introduction,2026-04-06,2450.0,2100.0,-0.14285714285714285,0.14285714285714285,True,4.0,4,0.0,2.0338228015179016,5,0.13,pre_recommendation,,withdrawn
APP001656,JOB00023,CAN00965,ca_introduction,2026-04-06,3450.0,2900.0,-0.15942028985507245,0.15942028985507245,True,4.0,4,0.0,2.0338228015179016,4,0.14,,,screened_out
APP001657,JOB00056,CAN01472,ca_introduction,2026-04-06,3600.0,2900.0,-0.19444444444444445,0.19444444444444445,True,4.0,4,0.0,2.0338228015179016,4,0.14,,rejected,rejected
APP001658,JOB00532,CAN01206,self_entry,2026-04-06,2500.0,2250.0,-0.1,0.1,True,4.0,3,1.0,2.0338228015179016,5,0.13,pre_recommendation,,withdrawn
APP001659,JOB00734,CAN01690,self_entry,2026-04-06,2300.0,2250.0,-0.021739130434782608,0.021739130434782608,True,4.0,4,0.0,2.0338228015179016,6,0.07,,accepted,recommended
APP001660,JOB00577,CAN00393,ca_introduction,2026-04-07,2450.0,2250.0,-0.08163265306122448,0.08163265306122448,True,4.0,3,1.0,2.0338228015179016,6,0.1,,accepted,recommended
APP001661,JOB00584,CAN00974,self_entry,2026-04-07,2000.0,2250.0,0.125,0.0,True,3.0,4,-1.0,2.0338228015179016,7,0.1,pre_recommendation,,withdrawn
APP001662,JOB00685,CAN01287,self_entry,2026-04-07,2050.0,1200.0,-0.4146341463414634,0.4146341463414634,False,,1,,2.0338228015179016,7,0.2,pre_recommendation,,withdrawn
APP001663,JOB00400,CAN01928,self_entry,2026-04-07,1250.0,1600.0,0.28,0.0,True,1.0,3,-2.0,2.0338228015179016,4,0.04,,accepted,recommended
APP001664,JOB00725,CAN00761,ca_introduction,2026-04-08,1200.0,1450.0,0.20833333333333334,0.0,True,1.0,1,0.0,2.0338228015179016,2,0.02,,accepted,recommended
APP001665,JOB00495,CAN00282,self_entry,2026-04-08,1350.0,2150.0,0.5925925925925926,0.0,True,3.0,3,0.0,2.0338228015179016,8,0.1,pre_recommendation,,withdrawn
APP001666,JOB00783,CAN00415,self_entry,2026-04-08,2300.0,3200.0,0.391304347826087,0.0,False,,4,,2.0338228015179016,2,0.02,,,screened_out
APP001667,JOB00725,CAN01107,self_entry,2026-04-08,1300.0,1450.0,0.11538461538461539,0.0,True,2.0,1,1.0,2.0338228015179016,3,0.04,,accepted,recommended
APP001668,JOB00526,CAN01122,self_entry,2026-04-08,1600.0,2150.0,0.34375,0.0,False,,4,,2.0338228015179016,7,0.1,pre_recommendation,,withdrawn
APP001669,JOB00685,CAN01405,self_entry,2026-04-08,1650.0,1200.0,-0.2727272727272727,0.2727272727272727,False,,1,,2.0338228015179016,6,0.17,,rejected,rejected
APP001670,JOB00003,CAN00761,ca_introduction,2026-04-09,1200.0,1250.0,0.041666666666666664,0.0,True,1.0,1,0.0,2.0338228015179016,3,0.04,,accepted,recommended
APP001671,JOB00594,CAN01143,ca_introduction,2026-04-09,2350.0,2150.0,-0.0851063829787234,0.0851063829787234,True,3.0,3,0.0,2.0338228015179016,7,0.13,,accepted,recommended
APP001672,JOB00753,CAN01468,ca_introduction,2026-04-09,3000.0,2950.0,-0.016666666666666666,0.016666666666666666,True,4.0,5,-1.0,2.0338228015179016,7,0.1,,rejected,rejected
APP001673,JOB00371,CAN00890,ca_introduction,2026-04-09,1300.0,1550.0,0.19230769230769232,0.0,True,1.0,2,-1.0,2.0338228015179016,4,0.04,pre_recommendation,,withdrawn
APP001674,JOB00799,CAN00890,ca_introduction,2026-04-09,1300.0,1300.0,0.0,0.0,True,1.0,1,0.0,2.0338228015179016,5,0.07,,accepted,recommended
APP001675,JOB00652,CAN00020,self_entry,2026-04-09,2400.0,2150.0,-0.10416666666666667,0.10416666666666667,True,3.0,3,0.0,2.0338228015179016,7,0.16,,accepted,recommended
APP001676,JOB00439,CAN00837,self_entry,2026-04-09,1500.0,1500.0,0.0,0.0,True,2.0,2,0.0,2.0338228015179016,5,0.07,,accepted,recommended
APP001677,JOB00371,CAN01129,self_entry,2026-04-09,1550.0,1550.0,0.0,0.0,True,2.0,2,0.0,2.0338228015179016,6,0.07,pre_recommendation,,withdrawn
APP001678,JOB00693,CAN00648,ca_introduction,2026-04-10,1700.0,1550.0,-0.08823529411764706,0.08823529411764706,True,2.0,2,0.0,2.0338228015179016,2,0.05,,accepted,recommended
APP001679,JOB00206,CAN00716,ca_introduction,2026-04-10,1250.0,1350.0,0.08,0.0,True,1.0,1,0.0,2.0338228015179016,6,0.07,,accepted,recommended
APP001680,JOB00159,CAN00890,ca_introduction,2026-04-10,1300.0,1250.0,-0.038461538461538464,0.038461538461538464,True,1.0,1,0.0,2.0338228015179016,5,0.07,,accepted,recommended
APP001681,JOB00710,CAN01077,self_entry,2026-04-10,1950.0,3150.0,0.6153846153846154,0.0,True,5.0,5,0.0,2.0338228015179016,6,0.07,,rejected,rejected
APP001682,JOB00396,CAN01122,self_entry,2026-04-10,1600.0,2200.0,0.375,0.0,False,,3,,2.0338228015179016,5,0.07,,rejected,rejected
APP001683,JOB00463,CAN01688,self_entry,2026-04-10,2500.0,3150.0,0.26,0.0,False,,5,,2.0338228015179016,5,0.07,,,screened_out
APP001684,JOB00552,CAN01790,ca_introduction,2026-04-11,2150.0,2050.0,-0.046511627906976744,0.046511627906976744,True,2.0,3,-1.0,2.0338228015179016,6,0.07,,,screened_out
APP001685,JOB00226,CAN01790,ca_introduction,2026-04-11,2150.0,2050.0,-0.046511627906976744,0.046511627906976744,False,,2,,2.0338228015179016,6,0.07,,,screened_out
APP001686,JOB00384,CAN00396,self_entry,2026-04-11,3400.0,3150.0,-0.07352941176470588,0.07352941176470588,True,3.0,4,-1.0,2.0338228015179016,7,0.13,,rejected,rejected
APP001687,JOB00743,CAN00506,self_entry,2026-04-11,2450.0,1550.0,-0.3673469387755102,0.3673469387755102,False,,2,,2.0338228015179016,5,0.17,pre_recommendation,,withdrawn
APP001688,JOB00743,CAN00749,self_entry,2026-04-11,1400.0,1550.0,0.10714285714285714,0.0,True,1.0,2,-1.0,2.0338228015179016,8,0.1,,accepted,recommended
APP001689,JOB00710,CAN01606,self_entry,2026-04-11,3250.0,3150.0,-0.03076923076923077,0.03076923076923077,True,4.0,5,-1.0,2.0338228015179016,8,0.1,,accepted,recommended
APP001690,JOB00605,CAN01614,self_entry,2026-04-11,2450.0,2200.0,-0.10204081632653061,0.10204081632653061,False,,4,,2.0338228015179016,7,0.16,,,screened_out
APP001691,JOB00570,CAN01654,self_entry,2026-04-11,1400.0,1350.0,-0.03571428571428571,0.03571428571428571,True,2.0,2,0.0,2.0338228015179016,6,0.07,,accepted,recommended
APP001692,JOB00563,CAN01727,self_entry,2026-04-11,1300.0,1650.0,0.2692307692307692,0.0,True,1.0,3,-2.0,2.0338228015179016,5,0.07,,accepted,recommended
APP001693,JOB00360,CAN01837,self_entry,2026-04-11,2150.0,2150.0,0.0,0.0,True,3.0,2,1.0,2.0338228015179016,7,0.1,,accepted,recommended
APP001694,JOB00731,CAN01931,self_entry,2026-04-11,2100.0,2900.0,0.38095238095238093,0.0,False,,4,,2.0338228015179016,5,0.07,pre_recommendation,,withdrawn
APP001695,JOB00462,CAN01945,self_entry,2026-04-11,1650.0,1550.0,-0.06060606060606061,0.06060606060606061,True,2.0,2,0.0,2.0338228015179016,5,0.1,,accepted,recommended
APP001696,JOB00527,CAN00654,ca_introduction,2026-04-12,2300.0,2250.0,-0.021739130434782608,0.021739130434782608,True,3.0,3,0.0,2.0338228015179016,6,0.07,,accepted,recommended
APP001697,JOB00396,CAN00654,ca_introduction,2026-04-12,2300.0,2200.0,-0.043478260869565216,0.043478260869565216,True,3.0,3,0.0,2.0338228015179016,6,0.07,,accepted,recommended
APP001698,JOB00606,CAN01122,ca_introduction,2026-04-12,1600.0,1550.0,-0.03125,0.03125,True,2.0,2,0.0,2.0338228015179016,5,0.07,,accepted,recommended
APP001699,JOB00368,CAN01713,ca_introduction,2026-04-12,1350.0,1350.0,0.0,0.0,False,,2,,2.0338228015179016,5,0.07,,rejected,rejected
APP001700,JOB00499,CAN01849,ca_introduction,2026-04-12,1400.0,1250.0,-0.10714285714285714,0.10714285714285714,True,1.0,1,0.0,2.0338228015179016,5,0.13,,accepted,recommended
APP001701,JOB00181,CAN01919,ca_introduction,2026-04-12,2650.0,2150.0,-0.18867924528301888,0.18867924528301888,True,3.0,3,0.0,2.0338228015179016,1,0.12000000000000001,,accepted,recommended
APP001702,JOB00436,CAN00396,self_entry,2026-04-12,3400.0,1500.0,-0.5588235294117647,0.5588235294117647,False,,2,,2.0338228015179016,7,0.2,,,screened_out
APP001703,JOB00744,CAN00800,self_entry,2026-04-12,1300.0,1400.0,0.07692307692307693,0.0,True,1.0,2,-1.0,2.0338228015179016,5,0.07,,rejected,rejected
APP001704,JOB00633,CAN00802,self_entry,2026-04-12,1200.0,1300.0,0.08333333333333333,0.0,True,1.0,2,-1.0,2.0338228015179016,5,0.07,pre_recommendation,,withdrawn
APP001705,JOB00652,CAN01115,self_entry,2026-04-12,2150.0,2150.0,0.0,0.0,True,3.0,3,0.0,2.0338228015179016,6,0.07,,accepted,recommended
APP001706,JOB00758,CAN01152,self_entry,2026-04-12,1200.0,2800.0,1.3333333333333333,0.0,False,,4,,2.0338228015179016,8,0.1,,,screened_out
APP001707,JOB00045,CAN01234,ca_introduction,2026-04-13,1700.0,1400.0,-0.17647058823529413,0.17647058823529413,True,2.0,2,0.0,2.0338228015179016,7,0.2,,accepted,recommended
APP001708,JOB00475,CAN00409,self_entry,2026-04-13,1500.0,2000.0,0.3333333333333333,0.0,True,4.0,2,2.0,2.0338228015179016,6,0.07,,rejected,rejected
APP001709,JOB00458,CAN01640,self_entry,2026-04-13,2200.0,2450.0,0.11363636363636363,0.0,True,3.0,5,-2.0,2.0338228015179016,6,0.07,,,screened_out
APP001710,JOB00657,CAN00141,ca_introduction,2026-04-14,2100.0,2250.0,0.07142857142857142,0.0,True,2.0,3,-1.0,2.0338228015179016,6,0.07,,rejected,rejected
APP001711,JOB00652,CAN00141,ca_introduction,2026-04-14,2100.0,2150.0,0.023809523809523808,0.0,True,2.0,3,-1.0,2.0338228015179016,8,0.1,,accepted,recommended
APP001712,JOB00779,CAN01458,ca_introduction,2026-04-14,1850.0,1550.0,-0.16216216216216217,0.16216216216216217,True,2.0,2,0.0,2.0338228015179016,6,0.17,,accepted,recommended
APP001713,JOB00743,CAN00347,self_entry,2026-04-14,1400.0,1550.0,0.10714285714285714,0.0,False,,2,,2.0338228015179016,5,0.07,,,screened_out
APP001714,JOB00734,CAN00348,self_entry,2026-04-14,1800.0,2250.0,0.25,0.0,True,3.0,4,-1.0,2.0338228015179016,5,0.07,,rejected,rejected
APP001715,JOB00709,CAN00365,self_entry,2026-04-14,1200.0,1200.0,0.0,0.0,True,1.0,1,0.0,2.0338228015179016,3,0.04,,accepted,recommended
APP001716,JOB00495,CAN00404,self_entry,2026-04-14,2450.0,2150.0,-0.12244897959183673,0.12244897959183673,False,,3,,2.0338228015179016,8,0.16,,,screened_out
APP001717,JOB00718,CAN01140,self_entry,2026-04-14,1850.0,2250.0,0.21621621621621623,0.0,True,2.0,3,-1.0,2.0338228015179016,6,0.07,,accepted,recommended
APP001718,JOB00462,CAN01942,self_entry,2026-04-14,1600.0,1550.0,-0.03125,0.03125,True,2.0,2,0.0,2.0338228015179016,7,0.1,,accepted,recommended
APP001719,JOB00217,CAN00327,ca_introduction,2026-04-15,3300.0,2700.0,-0.18181818181818182,0.18181818181818182,True,4.0,4,0.0,2.0338228015179016,7,0.2,,accepted,recommended
APP001720,JOB00129,CAN00327,ca_introduction,2026-04-15,3300.0,2850.0,-0.13636363636363635,0.13636363636363635,True,4.0,4,0.0,2.0338228015179016,6,0.13,,accepted,recommended
APP001721,JOB00607,CAN00375,ca_introduction,2026-04-15,1300.0,1300.0,0.0,0.0,True,1.0,1,0.0,2.0338228015179016,4,0.04,,accepted,recommended
APP001722,JOB00597,CAN00767,ca_introduction,2026-04-15,1350.0,1350.0,0.0,0.0,True,1.0,1,0.0,2.0338228015179016,8,0.1,,rejected,rejected
APP001723,JOB00731,CAN00911,self_entry,2026-04-15,2000.0,2900.0,0.45,0.0,False,,4,,2.0338228015179016,6,0.07,,,screened_out
APP001724,JOB00625,CAN01021,self_entry,2026-04-15,1550.0,2750.0,0.7741935483870968,0.0,False,,3,,2.0338228015179016,6,0.07,,,screened_out
APP001725,JOB00401,CAN00375,ca_introduction,2026-04-16,1300.0,1450.0,0.11538461538461539,0.0,True,1.0,1,0.0,2.0338228015179016,7,0.1,,accepted,recommended
APP001726,JOB00744,CAN00749,ca_introduction,2026-04-16,1400.0,1400.0,0.0,0.0,True,1.0,2,-1.0,2.0338228015179016,5,0.07,,rejected,rejected
APP001727,JOB00371,CAN00268,self_entry,2026-04-16,1450.0,1550.0,0.06896551724137931,0.0,False,,2,,2.0338228015179016,5,0.07,,rejected,rejected
APP001728,JOB00753,CAN00513,self_entry,2026-04-16,1500.0,2950.0,0.9666666666666667,0.0,False,,5,,2.0338228015179016,4,0.04,,,screened_out
APP001729,JOB00603,CAN01295,self_entry,2026-04-16,1350.0,1350.0,0.0,0.0,True,1.0,1,0.0,2.0338228015179016,7,0.1,,accepted,recommended
APP001730,JOB00127,CAN00245,ca_introduction,2026-04-17,2250.0,2200.0,-0.022222222222222223,0.022222222222222223,True,2.0,3,-1.0,2.0338228015179016,5,0.07,,,screened_out
APP001731,JOB00110,CAN00779,ca_introduction,2026-04-17,2400.0,1950.0,-0.1875,0.1875,True,2.0,2,0.0,2.0338228015179016,6,0.17,,accepted,recommended
APP001732,JOB00635,CAN00742,self_entry,2026-04-17,1550.0,1700.0,0.0967741935483871,0.0,True,2.0,3,-1.0,2.0338228015179016,8,0.1,,,screened_out
APP001733,JOB00753,CAN00809,self_entry,2026-04-17,2950.0,2950.0,0.0,0.0,False,,5,,2.0338228015179016,5,0.07,pre_recommendation,,withdrawn
APP001734,JOB00462,CAN00953,self_entry,2026-04-17,1750.0,1550.0,-0.11428571428571428,0.11428571428571428,True,3.0,2,1.0,2.0338228015179016,6,0.13,,accepted,recommended
APP001735,JOB00594,CAN00961,self_entry,2026-04-17,3400.0,2150.0,-0.36764705882352944,0.36764705882352944,False,,3,,2.0338228015179016,8,0.2,pre_recommendation,,withdrawn
APP001736,JOB00475,CAN01111,self_entry,2026-04-17,2250.0,2000.0,-0.1111111111111111,0.1111111111111111,False,,2,,2.0338228015179016,7,0.16,,,screened_out
APP001737,JOB00594,CAN01191,self_entry,2026-04-17,2450.0,2150.0,-0.12244897959183673,0.12244897959183673,True,3.0,3,0.0,2.0338228015179016,7,0.16,,accepted,recommended
APP001738,JOB00360,CAN00255,ca_introduction,2026-04-18,2150.0,2150.0,0.0,0.0,False,,2,,2.0338228015179016,8,0.1,,,screened_out
APP001739,JOB00385,CAN00347,ca_introduction,2026-04-18,1400.0,1350.0,-0.03571428571428571,0.03571428571428571,True,1.0,1,0.0,2.0338228015179016,6,0.07,,accepted,recommended
APP001740,JOB00337,CAN00837,ca_introduction,2026-04-18,1500.0,1600.0,0.06666666666666667,0.0,False,,2,,2.0338228015179016,7,0.1,,rejected,rejected
APP001741,JOB00521,CAN00932,ca_introduction,2026-04-18,2350.0,2150.0,-0.0851063829787234,0.0851063829787234,True,4.0,4,0.0,2.0338228015179016,7,0.13,,accepted,recommended
APP001742,JOB00450,CAN00193,ca_introduction,2026-04-18,2500.0,2250.0,-0.1,0.1,True,3.0,3,0.0,2.0338228015179016,3,0.1,,accepted,recommended
APP001743,JOB00505,CAN01161,ca_introduction,2026-04-18,1400.0,1350.0,-0.03571428571428571,0.03571428571428571,False,,1,,2.0338228015179016,5,0.07,,rejected,rejected
APP001744,JOB00766,CAN01465,self_entry,2026-04-18,3100.0,2100.0,-0.3225806451612903,0.3225806451612903,False,,3,,2.0338228015179016,1,0.12000000000000001,,,screened_out
APP001745,JOB00414,CAN00158,ca_introduction,2026-04-19,2650.0,2250.0,-0.1509433962264151,0.1509433962264151,True,3.0,3,0.0,2.0338228015179016,7,0.2,,accepted,recommended
APP001746,JOB00475,CAN01543,self_entry,2026-04-19,1250.0,2000.0,0.6,0.0,False,,2,,2.0338228015179016,6,0.07,,,screened_out
APP001747,JOB00635,CAN01818,self_entry,2026-04-19,1750.0,1700.0,-0.02857142857142857,0.02857142857142857,True,2.0,3,-1.0,2.0338228015179016,3,0.04,,accepted,recommended
APP001748,JOB00360,CAN00158,ca_introduction,2026-04-20,2650.0,2150.0,-0.18867924528301888,0.18867924528301888,True,3.0,2,1.0,2.0338228015179016,4,0.14,,accepted,recommended
APP001749,JOB00462,CAN01240,ca_introduction,2026-04-20,1550.0,1550.0,0.0,0.0,True,1.0,2,-1.0,2.0338228015179016,7,0.1,,accepted,recommended
APP001750,JOB00296,CAN00744,ca_introduction,2026-04-20,1400.0,1400.0,0.0,0.0,True,1.0,1,0.0,2.0338228015179016,5,0.07,,rejected,rejected
APP001751,JOB00782,CAN00673,self_entry,2026-04-20,2300.0,2450.0,0.06521739130434782,0.0,False,,4,,2.0338228015179016,7,0.1,,,screened_out
APP001752,JOB00420,CAN01612,self_entry,2026-04-20,1350.0,3150.0,1.3333333333333333,0.0,False,,5,,2.0338228015179016,4,0.04,,,screened_out
APP001753,JOB00129,CAN01577,ca_introduction,2026-04-21,3450.0,2850.0,-0.17391304347826086,0.17391304347826086,True,5.0,4,1.0,2.0338228015179016,5,0.17,,rejected,rejected
APP001754,JOB00625,CAN00288,self_entry,2026-04-21,2150.0,2750.0,0.27906976744186046,0.0,True,4.0,3,1.0,2.0338228015179016,8,0.1,,accepted,recommended
APP001755,JOB00360,CAN01392,self_entry,2026-04-21,1900.0,2150.0,0.13157894736842105,0.0,False,,2,,2.0338228015179016,3,0.04,,,screened_out
APP001756,JOB00607,CAN01295,ca_introduction,2026-04-22,1350.0,1300.0,-0.037037037037037035,0.037037037037037035,True,1.0,1,0.0,2.0338228015179016,6,0.07,,accepted,recommended
APP001757,JOB00371,CAN00643,ca_introduction,2026-04-22,1450.0,1550.0,0.06896551724137931,0.0,True,1.0,2,-1.0,2.0338228015179016,6,0.07,,accepted,recommended
APP001758,JOB00085,CAN01815,ca_introduction,2026-04-22,1450.0,1500.0,0.034482758620689655,0.0,False,,2,,2.0338228015179016,5,0.07,,accepted,recommended
APP001759,JOB00337,CAN01815,ca_introduction,2026-04-22,1450.0,1600.0,0.10344827586206896,0.0,False,,2,,2.0338228015179016,6,0.07,,,screened_out
APP001760,JOB00364,CAN00963,self_entry,2026-04-22,1200.0,1400.0,0.16666666666666666,0.0,True,2.0,2,0.0,2.0338228015179016,6,0.07,,accepted,recommended
APP001761,JOB00657,CAN01790,ca_introduction,2026-04-23,2150.0,2250.0,0.046511627906976744,0.0,True,2.0,3,-1.0,2.0338228015179016,5,0.07,,accepted,recommended
APP001762,JOB00238,CAN01816,ca_introduction,2026-04-23,1900.0,3150.0,0.6578947368421053,0.0,True,5.0,3,2.0,2.0338228015179016,4,0.04,,accepted,recommended
APP001763,JOB00476,CAN00286,ca_introduction,2026-04-23,3550.0,3250.0,-0.08450704225352113,0.08450704225352113,True,5.0,5,0.0,2.0338228015179016,6,0.1,pre_recommendation,,withdrawn
APP001764,JOB00495,CAN00460,self_entry,2026-04-23,2250.0,2150.0,-0.044444444444444446,0.044444444444444446,False,,3,,2.0338228015179016,8,0.1,,,screened_out
APP001765,JOB00532,CAN01081,self_entry,2026-04-23,2100.0,2250.0,0.07142857142857142,0.0,True,3.0,3,0.0,2.0338228015179016,7,0.1,,rejected,rejected
APP001766,JOB00709,CAN01609,self_entry,2026-04-23,1450.0,1200.0,-0.1724137931034483,0.1724137931034483,True,1.0,1,0.0,2.0338228015179016,6,0.17,,accepted,recommended
APP001767,JOB00633,CAN01645,self_entry,2026-04-23,1350.0,1300.0,-0.037037037037037035,0.037037037037037035,True,2.0,2,0.0,2.0338228015179016,6,0.07,,accepted,recommended
APP001768,JOB00603,CAN01773,self_entry,2026-04-23,2250.0,1350.0,-0.4,0.4,False,,1,,2.0338228015179016,6,0.17,,,screened_out
APP001769,JOB00795,CAN01773,ca_introduction,2026-04-24,2250.0,2450.0,0.08888888888888889,0.0,True,4.0,4,0.0,2.0338228015179016,6,0.07,,,screened_out
APP001770,JOB00070,CAN00982,ca_introduction,2026-04-24,1450.0,1450.0,0.0,0.0,True,1.0,2,-1.0,2.0338228015179016,6,0.07,,rejected,rejected
APP001771,JOB00762,CAN01537,self_entry,2026-04-24,2050.0,3000.0,0.4634146341463415,0.0,True,4.0,5,-1.0,2.0338228015179016,8,0.1,,rejected,rejected
APP001772,JOB00701,CAN00849,ca_introduction,2026-04-25,1800.0,1700.0,-0.05555555555555555,0.05555555555555555,True,3.0,3,0.0,2.0338228015179016,5,0.1,,,screened_out
APP001773,JOB00799,CAN01393,ca_introduction,2026-04-25,1700.0,1300.0,-0.23529411764705882,0.23529411764705882,True,1.0,1,0.0,2.0338228015179016,4,0.14,,accepted,recommended
APP001774,JOB00297,CAN01458,ca_introduction,2026-04-25,1850.0,1500.0,-0.1891891891891892,0.1891891891891892,True,2.0,2,0.0,2.0338228015179016,6,0.17,,accepted,recommended
APP001775,JOB00063,CAN01458,ca_introduction,2026-04-25,1850.0,1600.0,-0.13513513513513514,0.13513513513513514,True,2.0,2,0.0,2.0338228015179016,6,0.13,pre_recommendation,,withdrawn
APP001776,JOB00073,CAN01666,ca_introduction,2026-04-25,2250.0,2150.0,-0.044444444444444446,0.044444444444444446,True,3.0,3,0.0,2.0338228015179016,6,0.07,,rejected,rejected
APP001777,JOB00734,CAN00564,self_entry,2026-04-25,2300.0,2250.0,-0.021739130434782608,0.021739130434782608,False,,4,,2.0338228015179016,3,0.04,,accepted,recommended
APP001778,JOB00385,CAN01683,ca_introduction,2026-04-26,1350.0,1350.0,0.0,0.0,True,1.0,1,0.0,2.0338228015179016,7,0.1,,accepted,recommended
APP001779,JOB00713,CAN00284,self_entry,2026-04-26,2250.0,2350.0,0.044444444444444446,0.0,True,3.0,3,0.0,2.0338228015179016,8,0.1,,accepted,recommended
APP001780,JOB00360,CAN00292,self_entry,2026-04-26,1200.0,2150.0,0.7916666666666666,0.0,False,,2,,2.0338228015179016,6,0.07,,,screened_out
APP001781,JOB00656,CAN01580,self_entry,2026-04-26,1300.0,1200.0,-0.07692307692307693,0.07692307692307693,True,1.0,1,0.0,2.0338228015179016,3,0.07,,accepted,recommended
APP001782,JOB00744,CAN00714,ca_introduction,2026-04-27,1400.0,1400.0,0.0,0.0,False,,2,,2.0338228015179016,5,0.07,,accepted,recommended
APP001783,JOB00364,CAN00714,ca_introduction,2026-04-27,1400.0,1400.0,0.0,0.0,False,,2,,2.0338228015179016,6,0.07,,rejected,rejected
APP001784,JOB00085,CAN00714,ca_introduction,2026-04-27,1400.0,1500.0,0.07142857142857142,0.0,False,,2,,2.0338228015179016,3,0.04,,,screened_out
APP001785,JOB00725,CAN00723,ca_introduction,2026-04-27,1250.0,1450.0,0.16,0.0,False,,1,,2.0338228015179016,6,0.07,,,screened_out
APP001786,JOB00445,CAN00723,ca_introduction,2026-04-27,1250.0,1300.0,0.04,0.0,False,,1,,2.0338228015179016,7,0.1,,,screened_out
APP001787,JOB00181,CAN00468,ca_introduction,2026-04-27,2500.0,2150.0,-0.14,0.14,True,3.0,3,0.0,2.0338228015179016,5,0.13,,rejected,rejected
APP001788,JOB00713,CAN00652,ca_introduction,2026-04-27,2200.0,2350.0,0.06818181818181818,0.0,True,2.0,3,-1.0,2.0338228015179016,5,0.07,,accepted,recommended
APP001789,JOB00727,CAN01497,ca_introduction,2026-04-27,3650.0,3200.0,-0.1232876712328767,0.1232876712328767,True,4.0,4,0.0,2.0338228015179016,2,0.08,,accepted,recommended
APP001790,JOB00056,CAN01537,ca_introduction,2026-04-27,2050.0,2900.0,0.4146341463414634,0.0,True,4.0,4,0.0,2.0338228015179016,4,0.04,,accepted,recommended
APP001791,JOB00693,CAN00089,self_entry,2026-04-27,1350.0,1550.0,0.14814814814814814,0.0,False,,2,,2.0338228015179016,6,0.07,,,screened_out
APP001792,JOB00656,CAN00581,self_entry,2026-04-27,1300.0,1200.0,-0.07692307692307693,0.07692307692307693,True,1.0,1,0.0,2.0338228015179016,7,0.13,,accepted,recommended
APP001793,JOB00607,CAN00686,self_entry,2026-04-27,1200.0,1300.0,0.08333333333333333,0.0,False,,1,,2.0338228015179016,5,0.07,,rejected,rejected
APP001794,JOB00767,CAN00368,ca_introduction,2026-04-28,2150.0,2250.0,0.046511627906976744,0.0,True,2.0,3,-1.0,2.0338228015179016,7,0.1,,rejected,rejected
APP001795,JOB00033,CAN01933,ca_introduction,2026-04-28,2600.0,2350.0,-0.09615384615384616,0.09615384615384616,True,4.0,3,1.0,2.0338228015179016,7,0.13,pre_recommendation,,withdrawn
APP001796,JOB00619,CAN00006,ca_introduction,2026-04-28,1700.0,1650.0,-0.029411764705882353,0.029411764705882353,True,2.0,2,0.0,2.0338228015179016,6,0.07,,rejected,rejected
APP001797,JOB00401,CAN00694,ca_introduction,2026-04-28,1400.0,1450.0,0.03571428571428571,0.0,True,1.0,1,0.0,2.0338228015179016,7,0.1,,accepted,recommended
APP001798,JOB00505,CAN01065,ca_introduction,2026-04-28,1300.0,1350.0,0.038461538461538464,0.0,True,1.0,1,0.0,2.0338228015179016,7,0.1,,accepted,recommended
APP001799,JOB00750,CAN01644,self_entry,2026-04-28,2050.0,2100.0,0.024390243902439025,0.0,True,3.0,3,0.0,2.0338228015179016,7,0.1,,accepted,recommended
APP001800,JOB00688,CAN00245,ca_introduction,2026-04-29,2250.0,2350.0,0.044444444444444446,0.0,True,2.0,3,-1.0,2.0338228015179016,7,0.1,,accepted,recommended
APP001801,JOB00414,CAN01081,ca_introduction,2026-04-29,2100.0,2250.0,0.07142857142857142,0.0,True,3.0,3,0.0,2.0338228015179016,8,0.1,,accepted,recommended
APP001802,JOB00411,CAN01450,ca_introduction,2026-04-29,1350.0,1400.0,0.037037037037037035,0.0,True,1.0,2,-1.0,2.0338228015179016,5,0.07,,accepted,recommended
APP001803,JOB00725,CAN01486,ca_introduction,2026-04-29,1250.0,1450.0,0.16,0.0,True,1.0,1,0.0,2.0338228015179016,6,0.07,,accepted,recommended
APP001804,JOB00458,CAN00821,self_entry,2026-04-29,2150.0,2450.0,0.13953488372093023,0.0,False,,5,,2.0338228015179016,4,0.04,,,screened_out
APP001805,JOB00607,CAN00266,ca_introduction,2026-04-30,1600.0,1300.0,-0.1875,0.1875,True,2.0,1,1.0,2.0338228015179016,6,0.17,pre_recommendation,,withdrawn
APP001806,JOB00448,CAN00298,ca_introduction,2026-04-30,3800.0,3100.0,-0.18421052631578946,0.18421052631578946,True,5.0,4,1.0,2.0338228015179016,8,0.2,pre_recommendation,,withdrawn
APP001807,JOB00676,CAN00435,self_entry,2026-04-30,2250.0,2050.0,-0.08888888888888889,0.08888888888888889,True,3.0,3,0.0,2.0338228015179016,4,0.07,,accepted,recommended
APP001808,JOB00357,CAN01235,self_entry,2026-04-30,1250.0,2250.0,0.8,0.0,False,,4,,2.0338228015179016,4,0.04,,,screened_out
APP001809,JOB00689,CAN01352,self_entry,2026-04-30,1350.0,1250.0,-0.07407407407407407,0.07407407407407407,True,1.0,1,0.0,2.0338228015179016,5,0.1,,accepted,recommended
APP001810,JOB00371,CAN01642,ca_introduction,2026-05-01,1350.0,1550.0,0.14814814814814814,0.0,True,2.0,2,0.0,2.163751856129352,6,0.07,,accepted,recommended
APP001811,JOB00603,CAN00605,self_entry,2026-05-01,1300.0,1350.0,0.038461538461538464,0.0,False,,1,,2.163751856129352,6,0.07,,rejected,rejected
APP001812,JOB00689,CAN00618,self_entry,2026-05-01,1200.0,1250.0,0.041666666666666664,0.0,True,1.0,1,0.0,2.163751856129352,7,0.1,,accepted,recommended
APP001813,JOB00789,CAN01342,self_entry,2026-05-01,2250.0,1500.0,-0.3333333333333333,0.3333333333333333,False,,2,,2.163751856129352,4,0.14,,,screened_out
APP001814,JOB00491,CAN00721,ca_introduction,2026-05-02,2500.0,2300.0,-0.08,0.08,True,4.0,5,-1.0,2.163751856129352,5,0.1,,rejected,rejected
APP001815,JOB00789,CAN01476,self_entry,2026-05-02,1350.0,1500.0,0.1111111111111111,0.0,False,,2,,2.163751856129352,5,0.07,pre_recommendation,,withdrawn
APP001816,JOB00187,CAN00932,ca_introduction,2026-05-03,2350.0,2200.0,-0.06382978723404255,0.06382978723404255,True,4.0,4,0.0,2.163751856129352,5,0.1,,accepted,recommended
APP001817,JOB00435,CAN00932,ca_introduction,2026-05-03,2350.0,1950.0,-0.1702127659574468,0.1702127659574468,True,4.0,4,0.0,2.163751856129352,7,0.2,,rejected,rejected
APP001818,JOB00341,CAN00383,ca_introduction,2026-05-03,2100.0,2050.0,-0.023809523809523808,0.023809523809523808,True,2.0,3,-1.0,2.163751856129352,6,0.07,,,screened_out
APP001819,JOB00709,CAN00505,self_entry,2026-05-03,1250.0,1200.0,-0.04,0.04,False,,1,,2.163751856129352,4,0.04,,,screened_out
APP001820,JOB00657,CAN00651,self_entry,2026-05-03,2150.0,2250.0,0.046511627906976744,0.0,True,3.0,3,0.0,2.163751856129352,3,0.04,,accepted,recommended
APP001821,JOB00783,CAN00233,ca_introduction,2026-05-04,2850.0,3200.0,0.12280701754385964,0.0,True,4.0,4,0.0,2.163751856129352,5,0.07,,accepted,recommended
APP001822,JOB00611,CAN00347,ca_introduction,2026-05-04,1400.0,1500.0,0.07142857142857142,0.0,True,1.0,2,-1.0,2.163751856129352,4,0.04,,accepted,recommended
APP001823,JOB00055,CAN01577,ca_introduction,2026-05-04,3450.0,2850.0,-0.17391304347826086,0.17391304347826086,True,5.0,5,0.0,2.163751856129352,5,0.17,,,screened_out
APP001824,JOB00638,CAN00679,self_entry,2026-05-04,2800.0,1650.0,-0.4107142857142857,0.4107142857142857,True,2.0,3,-1.0,2.163751856129352,8,0.2,,accepted,recommended
APP001825,JOB00642,CAN01141,self_entry,2026-05-04,2850.0,3250.0,0.14035087719298245,0.0,False,,5,,2.163751856129352,6,0.07,,,screened_out
APP001826,JOB00671,CAN01389,self_entry,2026-05-04,2050.0,3100.0,0.5121951219512195,0.0,False,,4,,2.163751856129352,5,0.07,,,screened_out
APP001827,JOB00689,CAN01655,self_entry,2026-05-04,1300.0,1250.0,-0.038461538461538464,0.038461538461538464,True,1.0,1,0.0,2.163751856129352,5,0.07,,accepted,recommended
APP001828,JOB00234,CAN00998,ca_introduction,2026-05-05,1950.0,3100.0,0.5897435897435898,0.0,True,4.0,4,0.0,2.163751856129352,5,0.07,,rejected,rejected
APP001829,JOB00402,CAN01577,ca_introduction,2026-05-05,3450.0,3000.0,-0.13043478260869565,0.13043478260869565,True,5.0,4,1.0,2.163751856129352,7,0.16,,,screened_out
APP001830,JOB00635,CAN00174,ca_introduction,2026-05-05,1800.0,1700.0,-0.05555555555555555,0.05555555555555555,True,3.0,3,0.0,2.163751856129352,5,0.1,,accepted,recommended
APP001831,JOB00637,CAN01667,self_entry,2026-05-05,2950.0,3000.0,0.01694915254237288,0.0,False,,5,,2.163751856129352,7,0.1,,,screened_out
APP001832,JOB00491,CAN00368,ca_introduction,2026-05-06,2150.0,2300.0,0.06976744186046512,0.0,True,2.0,5,-3.0,2.163751856129352,7,0.1,,accepted,recommended
APP001833,JOB00638,CAN01569,ca_introduction,2026-05-06,2050.0,1650.0,-0.1951219512195122,0.1951219512195122,True,3.0,3,0.0,2.163751856129352,6,0.17,,rejected,rejected
APP001834,JOB00366,CAN01666,ca_introduction,2026-05-06,2250.0,2300.0,0.022222222222222223,0.0,True,3.0,3,0.0,2.163751856129352,7,0.1,,rejected,rejected
APP001835,JOB00362,CAN00095,self_entry,2026-05-06,2600.0,2500.0,-0.038461538461538464,0.038461538461538464,True,3.0,4,-1.0,2.163751856129352,7,0.1,,accepted,recommended
APP001836,JOB00685,CAN00580,self_entry,2026-05-06,1350.0,1200.0,-0.1111111111111111,0.1111111111111111,True,2.0,1,1.0,2.163751856129352,6,0.13,,accepted,recommended
APP001837,JOB00357,CAN01526,self_entry,2026-05-06,2150.0,2250.0,0.046511627906976744,0.0,False,,4,,2.163751856129352,8,0.1,,,screened_out
APP001838,JOB00521,CAN00368,ca_introduction,2026-05-07,2150.0,2150.0,0.0,0.0,True,2.0,4,-2.0,2.163751856129352,6,0.07,,rejected,rejected
APP001839,JOB00360,CAN01569,ca_introduction,2026-05-07,2050.0,2150.0,0.04878048780487805,0.0,False,,2,,2.163751856129352,3,0.04,,rejected,rejected
APP001840,JOB00725,CAN01813,ca_introduction,2026-05-07,1350.0,1450.0,0.07407407407407407,0.0,False,,1,,2.163751856129352,4,0.04,,,screened_out
APP001841,JOB00411,CAN01813,ca_introduction,2026-05-07,1350.0,1400.0,0.037037037037037035,0.0,False,,2,,2.163751856129352,5,0.07,,accepted,recommended
APP001842,JOB00401,CAN00867,self_entry,2026-05-07,1550.0,1450.0,-0.06451612903225806,0.06451612903225806,False,,1,,2.163751856129352,8,0.13,,,screened_out
APP001843,JOB00436,CAN00731,ca_introduction,2026-05-08,1550.0,1500.0,-0.03225806451612903,0.03225806451612903,True,2.0,2,0.0,2.163751856129352,3,0.04,,accepted,recommended
APP001844,JOB00462,CAN00731,ca_introduction,2026-05-08,1550.0,1550.0,0.0,0.0,True,2.0,2,0.0,2.163751856129352,6,0.07,,,screened_out
APP001845,JOB00398,CAN01034,ca_introduction,2026-05-08,1400.0,1500.0,0.07142857142857142,0.0,True,2.0,2,0.0,2.163751856129352,5,0.07,,rejected,rejected
APP001846,JOB00689,CAN01393,ca_introduction,2026-05-08,1700.0,1250.0,-0.2647058823529412,0.2647058823529412,True,1.0,1,0.0,2.163751856129352,6,0.17,,accepted,recommended
APP001847,JOB00607,CAN01393,ca_introduction,2026-05-08,1700.0,1300.0,-0.23529411764705882,0.23529411764705882,True,1.0,1,0.0,2.163751856129352,6,0.17,,accepted,recommended
APP001848,JOB00601,CAN01793,ca_introduction,2026-05-08,2250.0,2150.0,-0.044444444444444446,0.044444444444444446,True,3.0,3,0.0,2.163751856129352,5,0.07,,accepted,recommended
APP001849,JOB00727,CAN01891,ca_introduction,2026-05-08,3500.0,3200.0,-0.08571428571428572,0.08571428571428572,True,4.0,4,0.0,2.163751856129352,5,0.1,,accepted,recommended
APP001850,JOB00384,CAN01891,ca_introduction,2026-05-08,3500.0,3150.0,-0.1,0.1,True,4.0,4,0.0,2.163751856129352,4,0.1,,accepted,recommended
APP001851,JOB00589,CAN01654,self_entry,2026-05-08,1400.0,1350.0,-0.03571428571428571,0.03571428571428571,True,2.0,2,0.0,2.163751856129352,6,0.07,pre_recommendation,,withdrawn
APP001852,JOB00789,CAN01933,self_entry,2026-05-08,2600.0,1500.0,-0.4230769230769231,0.4230769230769231,False,,2,,2.163751856129352,4,0.14,,,screened_out
APP001853,JOB00391,CAN01034,ca_introduction,2026-05-09,1400.0,1400.0,0.0,0.0,True,2.0,2,0.0,2.163751856129352,7,0.1,,accepted,recommended
APP001854,JOB00206,CAN01034,ca_introduction,2026-05-09,1400.0,1350.0,-0.03571428571428571,0.03571428571428571,True,2.0,1,1.0,2.163751856129352,4,0.04,pre_recommendation,,withdrawn
APP001855,JOB00085,CAN01393,ca_introduction,2026-05-09,1700.0,1500.0,-0.11764705882352941,0.11764705882352941,True,1.0,2,-1.0,2.163751856129352,5,0.13,,accepted,recommended
APP001856,JOB00003,CAN01841,ca_introduction,2026-05-09,1200.0,1250.0,0.041666666666666664,0.0,True,1.0,1,0.0,2.163751856129352,7,0.1,,accepted,recommended
APP001857,JOB00681,CAN01392,self_entry,2026-05-09,1900.0,1950.0,0.02631578947368421,0.0,False,,2,,2.163751856129352,6,0.07,,accepted,recommended
APP001858,JOB00470,CAN00245,ca_introduction,2026-05-10,2250.0,2300.0,0.022222222222222223,0.0,True,2.0,3,-1.0,2.163751856129352,5,0.07,,accepted,recommended
APP001859,JOB00672,CAN00245,ca_introduction,2026-05-10,2250.0,2250.0,0.0,0.0,True,2.0,3,-1.0,2.163751856129352,6,0.07,,accepted,recommended
APP001860,JOB00741,CAN01669,ca_introduction,2026-05-10,3300.0,2650.0,-0.19696969696969696,0.19696969696969696,True,4.0,3,1.0,2.163751856129352,6,0.17,,accepted,recommended
APP001861,JOB00765,CAN00207,ca_introduction,2026-05-10,2350.0,2200.0,-0.06382978723404255,0.06382978723404255,True,3.0,3,0.0,2.163751856129352,8,0.13,,rejected,rejected
APP001862,JOB00401,CAN00495,self_entry,2026-05-10,1400.0,1450.0,0.03571428571428571,0.0,False,,1,,2.163751856129352,6,0.07,,,screened_out
APP001863,JOB00607,CAN00694,self_entry,2026-05-10,1400.0,1300.0,-0.07142857142857142,0.07142857142857142,True,1.0,1,0.0,2.163751856129352,8,0.13,,accepted,recommended
APP001864,JOB00548,CAN01457,self_entry,2026-05-10,1300.0,1400.0,0.07692307692307693,0.0,False,,2,,2.163751856129352,7,0.1,,rejected,rejected
APP001865,JOB00789,CAN01458,self_entry,2026-05-10,1850.0,1500.0,-0.1891891891891892,0.1891891891891892,True,2.0,2,0.0,2.163751856129352,7,0.2,,accepted,recommended
APP001866,JOB00495,CAN00207,ca_introduction,2026-05-11,2350.0,2150.0,-0.0851063829787234,0.0851063829787234,True,3.0,3,0.0,2.163751856129352,5,0.1,pre_recommendation,,withdrawn
APP001867,JOB00688,CAN00941,ca_introduction,2026-05-11,2600.0,2350.0,-0.09615384615384616,0.09615384615384616,True,3.0,3,0.0,2.163751856129352,6,0.1,pre_recommendation,,withdrawn
APP001868,JOB00603,CAN00481,self_entry,2026-05-11,1200.0,1350.0,0.125,0.0,True,1.0,1,0.0,2.163751856129352,8,0.1,,rejected,rejected
APP001869,JOB00439,CAN01240,self_entry,2026-05-11,1550.0,1500.0,-0.03225806451612903,0.03225806451612903,True,1.0,2,-1.0,2.163751856129352,7,0.1,,,screened_out
APP001870,JOB00633,CAN01822,ca_introduction,2026-05-12,1350.0,1300.0,-0.037037037037037035,0.037037037037037035,True,1.0,2,-1.0,2.163751856129352,6,0.07,,rejected,rejected
APP001871,JOB00402,CAN01938,ca_introduction,2026-05-12,3200.0,3000.0,-0.0625,0.0625,True,4.0,4,0.0,2.163751856129352,6,0.1,,,screened_out
APP001872,JOB00681,CAN01040,self_entry,2026-05-12,2300.0,1950.0,-0.15217391304347827,0.15217391304347827,True,4.0,2,2.0,2.163751856129352,5,0.17,,rejected,rejected
APP001873,JOB00587,CAN01157,self_entry,2026-05-12,2950.0,2850.0,-0.03389830508474576,0.03389830508474576,True,4.0,4,0.0,2.163751856129352,7,0.1,,accepted,recommended
APP001874,JOB00495,CAN00359,ca_introduction,2026-05-13,2300.0,2150.0,-0.06521739130434782,0.06521739130434782,True,3.0,3,0.0,2.163751856129352,5,0.1,,accepted,recommended
APP001875,JOB00450,CAN00359,ca_introduction,2026-05-13,2300.0,2250.0,-0.021739130434782608,0.021739130434782608,True,3.0,3,0.0,2.163751856129352,6,0.07,,accepted,recommended
APP001876,JOB00403,CAN00595,ca_introduction,2026-05-13,1600.0,1250.0,-0.21875,0.21875,True,1.0,1,0.0,2.163751856129352,5,0.17,,accepted,recommended
APP001877,JOB00017,CAN01537,ca_introduction,2026-05-13,2050.0,2900.0,0.4146341463414634,0.0,True,4.0,4,0.0,2.163751856129352,5,0.07,,accepted,recommended
APP001878,JOB00023,CAN01537,ca_introduction,2026-05-13,2050.0,2900.0,0.4146341463414634,0.0,True,4.0,4,0.0,2.163751856129352,6,0.07,,accepted,recommended
APP001879,JOB00234,CAN00524,ca_introduction,2026-05-14,3600.0,3100.0,-0.1388888888888889,0.1388888888888889,True,4.0,4,0.0,2.163751856129352,5,0.13,,accepted,recommended
APP001880,JOB00610,CAN00595,ca_introduction,2026-05-14,1600.0,1450.0,-0.09375,0.09375,True,1.0,2,-1.0,2.163751856129352,6,0.1,,rejected,rejected
APP001881,JOB00391,CAN00694,ca_introduction,2026-05-14,1400.0,1400.0,0.0,0.0,True,1.0,2,-1.0,2.163751856129352,8,0.1,,accepted,recommended
APP001882,JOB00023,CAN01570,ca_introduction,2026-05-14,3450.0,2900.0,-0.15942028985507245,0.15942028985507245,True,4.0,4,0.0,2.163751856129352,8,0.2,,accepted,recommended
APP001883,JOB00462,CAN00128,ca_introduction,2026-05-15,1450.0,1550.0,0.06896551724137931,0.0,True,1.0,2,-1.0,2.163751856129352,5,0.07,,accepted,recommended
APP001884,JOB00694,CAN01322,ca_introduction,2026-05-15,2700.0,2450.0,-0.09259259259259259,0.09259259259259259,True,4.0,4,0.0,2.163751856129352,3,0.07,,accepted,recommended
APP001885,JOB00681,CAN00673,self_entry,2026-05-15,2300.0,1950.0,-0.15217391304347827,0.15217391304347827,False,,2,,2.163751856129352,3,0.14,,rejected,rejected
APP001886,JOB00475,CAN01220,ca_introduction,2026-05-16,1850.0,2000.0,0.08108108108108109,0.0,False,,2,,2.163751856129352,4,0.04,,rejected,rejected
APP001887,JOB00796,CAN01757,ca_introduction,2026-05-16,3300.0,3100.0,-0.06060606060606061,0.06060606060606061,True,4.0,4,0.0,2.163751856129352,6,0.1,,accepted,recommended
APP001888,JOB00398,CAN00819,self_entry,2026-05-16,1400.0,1500.0,0.07142857142857142,0.0,True,1.0,2,-1.0,2.163751856129352,7,0.1,,accepted,recommended
APP001889,JOB00402,CAN01074,self_entry,2026-05-16,2800.0,3000.0,0.07142857142857142,0.0,True,4.0,4,0.0,2.163751856129352,3,0.04,,accepted,recommended
APP001890,JOB00462,CAN01103,self_entry,2026-05-16,2600.0,1550.0,-0.40384615384615385,0.40384615384615385,False,,2,,2.163751856129352,7,0.2,,accepted,recommended
APP001891,JOB00661,CAN01440,self_entry,2026-05-16,2200.0,2950.0,0.3409090909090909,0.0,False,,4,,2.163751856129352,6,0.07,,,screened_out
APP001892,JOB00699,CAN01476,self_entry,2026-05-16,1350.0,2850.0,1.1111111111111112,0.0,False,,4,,2.163751856129352,8,0.1,,,screened_out
APP001893,JOB00505,CAN00723,ca_introduction,2026-05-17,1250.0,1350.0,0.08,0.0,False,,1,,2.163751856129352,6,0.07,,,screened_out
APP001894,JOB00127,CAN01933,ca_introduction,2026-05-17,2600.0,2200.0,-0.15384615384615385,0.15384615384615385,True,4.0,3,1.0,2.163751856129352,7,0.2,,accepted,recommended
APP001895,JOB00753,CAN01141,self_entry,2026-05-17,2850.0,2950.0,0.03508771929824561,0.0,True,4.0,5,-1.0,2.163751856129352,7,0.1,,,screened_out
APP001896,JOB00571,CAN01841,self_entry,2026-05-17,1200.0,1200.0,0.0,0.0,True,1.0,1,0.0,2.163751856129352,7,0.1,,accepted,recommended
APP001897,JOB00732,CAN00001,ca_introduction,2026-05-18,1750.0,1600.0,-0.08571428571428572,0.08571428571428572,True,2.0,2,0.0,2.163751856129352,6,0.1,,accepted,recommended
APP001898,JOB00525,CAN00060,self_entry,2026-05-18,1350.0,1500.0,0.1111111111111111,0.0,False,,2,,2.163751856129352,6,0.07,,,screened_out
APP001899,JOB00681,CAN00631,self_entry,2026-05-18,2050.0,1950.0,-0.04878048780487805,0.04878048780487805,False,,2,,2.163751856129352,7,0.1,,,screened_out
APP001900,JOB00462,CAN00001,ca_introduction,2026-05-19,1750.0,1550.0,-0.11428571428571428,0.11428571428571428,True,2.0,2,0.0,2.163751856129352,4,0.1,,accepted,recommended
APP001901,JOB00657,CAN01793,ca_introduction,2026-05-19,2250.0,2250.0,0.0,0.0,True,3.0,3,0.0,2.163751856129352,3,0.04,,accepted,recommended
APP001902,JOB00709,CAN01841,ca_introduction,2026-05-19,1200.0,1200.0,0.0,0.0,True,1.0,1,0.0,2.163751856129352,6,0.07,,,screened_out
APP001903,JOB00486,CAN00489,self_entry,2026-05-19,2100.0,1350.0,-0.35714285714285715,0.35714285714285715,False,,1,,2.163751856129352,7,0.2,,,screened_out
APP001904,JOB00709,CAN00810,self_entry,2026-05-19,1200.0,1200.0,0.0,0.0,True,1.0,1,0.0,2.163751856129352,6,0.07,pre_recommendation,,withdrawn
APP001905,JOB00401,CAN00818,self_entry,2026-05-19,1400.0,1450.0,0.03571428571428571,0.0,False,,1,,2.163751856129352,6,0.07,pre_recommendation,,withdrawn
APP001906,JOB00597,CAN00094,ca_introduction,2026-05-20,1500.0,1350.0,-0.1,0.1,False,,1,,2.163751856129352,7,0.16,,rejected,rejected
APP001907,JOB00601,CAN00721,ca_introduction,2026-05-20,2500.0,2150.0,-0.14,0.14,True,4.0,3,1.0,2.163751856129352,6,0.13,,accepted,recommended
APP001908,JOB00725,CAN01841,ca_introduction,2026-05-20,1200.0,1450.0,0.20833333333333334,0.0,True,1.0,1,0.0,2.163751856129352,6,0.07,,rejected,rejected
APP001909,JOB00366,CAN00512,ca_introduction,2026-05-20,2250.0,2300.0,0.022222222222222223,0.0,True,3.0,3,0.0,2.163751856129352,7,0.1,,accepted,recommended
APP001910,JOB00798,CAN01765,ca_introduction,2026-05-20,1650.0,1750.0,0.06060606060606061,0.0,True,2.0,3,-1.0,2.163751856129352,5,0.07,,,screened_out
APP001911,JOB00440,CAN00249,self_entry,2026-05-20,2950.0,2050.0,-0.3050847457627119,0.3050847457627119,False,,4,,2.163751856129352,7,0.2,pre_recommendation,,withdrawn
APP001912,JOB00637,CAN01942,self_entry,2026-05-20,1600.0,3000.0,0.875,0.0,False,,5,,2.163751856129352,8,0.1,,,screened_out
APP001913,JOB00513,CAN00266,ca_introduction,2026-05-21,1600.0,1550.0,-0.03125,0.03125,True,2.0,2,0.0,2.163751856129352,6,0.07,,rejected,rejected
APP001914,JOB00577,CAN00068,ca_introduction,2026-05-21,2250.0,2250.0,0.0,0.0,True,3.0,3,0.0,2.163751856129352,6,0.07,,accepted,recommended
APP001915,JOB00127,CAN01042,ca_introduction,2026-05-21,2000.0,2200.0,0.1,0.0,True,2.0,3,-1.0,2.163751856129352,7,0.1,,accepted,recommended
APP001916,JOB00601,CAN01030,ca_introduction,2026-05-22,1900.0,2150.0,0.13157894736842105,0.0,True,2.0,3,-1.0,2.163751856129352,6,0.07,,,screened_out
APP001917,JOB00798,CAN01760,ca_introduction,2026-05-22,1750.0,1750.0,0.0,0.0,True,2.0,3,-1.0,2.163751856129352,6,0.07,,accepted,recommended
APP001918,JOB00741,CAN01938,ca_introduction,2026-05-22,3200.0,2650.0,-0.171875,0.171875,True,4.0,3,1.0,2.163751856129352,7,0.2,pre_recommendation,,withdrawn
APP001919,JOB00651,CAN00301,ca_introduction,2026-05-22,3150.0,2750.0,-0.12698412698412698,0.12698412698412698,True,4.0,4,0.0,2.163751856129352,7,0.16,,accepted,recommended
APP001920,JOB00402,CAN00301,ca_introduction,2026-05-22,3150.0,3000.0,-0.047619047619047616,0.047619047619047616,True,4.0,4,0.0,2.163751856129352,5,0.07,,accepted,recommended
APP001921,JOB00167,CAN00327,ca_introduction,2026-05-22,3300.0,2650.0,-0.19696969696969696,0.19696969696969696,True,4.0,4,0.0,2.163751856129352,6,0.17,,,screened_out
APP001922,JOB00798,CAN00577,ca_introduction,2026-05-22,1700.0,1750.0,0.029411764705882353,0.0,True,2.0,3,-1.0,2.163751856129352,6,0.07,,accepted,recommended
APP001923,JOB00463,CAN00286,self_entry,2026-05-22,3550.0,3150.0,-0.11267605633802817,0.11267605633802817,True,5.0,5,0.0,2.163751856129352,7,0.16,,accepted,recommended
APP001924,JOB00647,CAN00451,self_entry,2026-05-22,1300.0,1250.0,-0.038461538461538464,0.038461538461538464,True,1.0,1,0.0,2.163751856129352,7,0.1,,accepted,recommended
APP001925,JOB00789,CAN00959,self_entry,2026-05-22,1400.0,1500.0,0.07142857142857142,0.0,False,,2,,2.163751856129352,5,0.07,,,screened_out
APP001926,JOB00739,CAN01743,self_entry,2026-05-22,2700.0,2700.0,0.0,0.0,False,,4,,2.163751856129352,5,0.07,,,screened_out
APP001927,JOB00470,CAN01821,self_entry,2026-05-22,1550.0,2300.0,0.4838709677419355,0.0,False,,3,,2.163751856129352,5,0.07,,rejected,rejected
APP001928,JOB00789,CAN01827,self_entry,2026-05-22,1700.0,1500.0,-0.11764705882352941,0.11764705882352941,True,3.0,2,1.0,2.163751856129352,4,0.1,,accepted,recommended
APP001929,JOB00587,CAN00301,ca_introduction,2026-05-23,3150.0,2850.0,-0.09523809523809523,0.09523809523809523,True,4.0,4,0.0,2.163751856129352,5,0.1,,rejected,rejected
APP001930,JOB00404,CAN00099,ca_introduction,2026-05-23,2550.0,2200.0,-0.13725490196078433,0.13725490196078433,True,3.0,3,0.0,2.163751856129352,4,0.1,,accepted,recommended
APP001931,JOB00296,CAN00819,ca_introduction,2026-05-23,1400.0,1400.0,0.0,0.0,True,1.0,1,0.0,2.163751856129352,7,0.1,,accepted,recommended
APP001932,JOB00709,CAN00169,self_entry,2026-05-23,1650.0,1200.0,-0.2727272727272727,0.2727272727272727,False,,1,,2.163751856129352,7,0.2,pre_recommendation,,withdrawn
APP001933,JOB00492,CAN01042,self_entry,2026-05-23,2000.0,2250.0,0.125,0.0,True,2.0,3,-1.0,2.163751856129352,7,0.1,,accepted,recommended
APP001934,JOB00430,CAN01322,self_entry,2026-05-23,2700.0,2350.0,-0.12962962962962962,0.12962962962962962,True,4.0,3,1.0,2.163751856129352,6,0.13,,accepted,recommended
APP001935,JOB00497,CAN00099,ca_introduction,2026-05-24,2550.0,2350.0,-0.0784313725490196,0.0784313725490196,True,3.0,3,0.0,2.163751856129352,6,0.1,pre_recommendation,,withdrawn
APP001936,JOB00785,CAN00309,ca_introduction,2026-05-24,2200.0,2100.0,-0.045454545454545456,0.045454545454545456,True,3.0,3,0.0,2.163751856129352,5,0.07,,accepted,recommended
APP001937,JOB00391,CAN00819,ca_introduction,2026-05-24,1400.0,1400.0,0.0,0.0,True,1.0,2,-1.0,2.163751856129352,7,0.1,,accepted,recommended
APP001938,JOB00475,CAN00379,ca_introduction,2026-05-24,2100.0,2000.0,-0.047619047619047616,0.047619047619047616,True,2.0,2,0.0,2.163751856129352,5,0.07,pre_recommendation,,withdrawn
APP001939,JOB00073,CAN00379,ca_introduction,2026-05-24,2100.0,2150.0,0.023809523809523808,0.0,True,2.0,3,-1.0,2.163751856129352,8,0.1,,rejected,rejected
APP001940,JOB00404,CAN00379,ca_introduction,2026-05-24,2100.0,2200.0,0.047619047619047616,0.0,True,2.0,3,-1.0,2.163751856129352,7,0.1,pre_recommendation,,withdrawn
APP001941,JOB00647,CAN00473,self_entry,2026-05-24,1200.0,1250.0,0.041666666666666664,0.0,True,1.0,1,0.0,2.163751856129352,4,0.04,,accepted,recommended
APP001942,JOB00647,CAN00504,self_entry,2026-05-24,1200.0,1250.0,0.041666666666666664,0.0,True,1.0,1,0.0,2.163751856129352,7,0.1,,accepted,recommended
APP001943,JOB00501,CAN00569,self_entry,2026-05-24,3700.0,1600.0,-0.5675675675675675,0.5675675675675675,False,,3,,2.163751856129352,7,0.2,pre_recommendation,,withdrawn
APP001944,JOB00513,CAN00088,ca_introduction,2026-05-25,1650.0,1550.0,-0.06060606060606061,0.06060606060606061,True,2.0,2,0.0,2.163751856129352,4,0.07,,accepted,recommended
APP001945,JOB00381,CAN00169,ca_introduction,2026-05-25,1650.0,1650.0,0.0,0.0,True,3.0,3,0.0,2.163751856129352,6,0.07,,accepted,recommended
APP001946,JOB00371,CAN00883,ca_introduction,2026-05-25,1200.0,1550.0,0.2916666666666667,0.0,True,1.0,2,-1.0,2.163751856129352,4,0.04,,accepted,recommended
APP001947,JOB00611,CAN01704,ca_introduction,2026-05-25,1700.0,1500.0,-0.11764705882352941,0.11764705882352941,True,2.0,2,0.0,2.163751856129352,7,0.16,pre_recommendation,,withdrawn
APP001948,JOB00501,CAN00625,self_entry,2026-05-25,3550.0,1600.0,-0.5492957746478874,0.5492957746478874,False,,3,,2.163751856129352,5,0.17,,,screened_out
APP001949,JOB00212,CAN00174,ca_introduction,2026-05-26,1800.0,1450.0,-0.19444444444444445,0.19444444444444445,True,3.0,2,1.0,2.163751856129352,6,0.17,,accepted,recommended
APP001950,JOB00616,CAN01704,ca_introduction,2026-05-26,1700.0,1550.0,-0.08823529411764706,0.08823529411764706,True,2.0,2,0.0,2.163751856129352,3,0.07,,accepted,recommended
APP001951,JOB00512,CAN00480,ca_introduction,2026-05-26,2350.0,2150.0,-0.0851063829787234,0.0851063829787234,True,3.0,4,-1.0,2.163751856129352,8,0.13,,rejected,rejected
APP001952,JOB00448,CAN00524,ca_introduction,2026-05-26,3600.0,3100.0,-0.1388888888888889,0.1388888888888889,True,4.0,4,0.0,2.163751856129352,7,0.16,,accepted,recommended
APP001953,JOB00129,CAN00847,ca_introduction,2026-05-26,3250.0,2850.0,-0.12307692307692308,0.12307692307692308,True,4.0,4,0.0,2.163751856129352,7,0.16,pre_recommendation,,withdrawn
APP001954,JOB00175,CAN00454,ca_introduction,2026-05-27,3350.0,3200.0,-0.04477611940298507,0.04477611940298507,True,3.0,4,-1.0,2.163751856129352,3,0.04,,accepted,recommended
APP001955,JOB00771,CAN00524,ca_introduction,2026-05-27,3600.0,3300.0,-0.08333333333333333,0.08333333333333333,True,4.0,4,0.0,2.163751856129352,6,0.1,,accepted,recommended
APP001956,JOB00550,CAN00832,ca_introduction,2026-05-27,1750.0,1750.0,0.0,0.0,True,3.0,3,0.0,2.163751856129352,4,0.04,,,screened_out
APP001957,JOB00364,CAN00945,ca_introduction,2026-05-27,1200.0,1400.0,0.16666666666666666,0.0,True,1.0,2,-1.0,2.163751856129352,6,0.07,,rejected,rejected
APP001958,JOB00073,CAN00971,ca_introduction,2026-05-27,2500.0,2150.0,-0.14,0.14,True,3.0,3,0.0,2.163751856129352,5,0.13,,accepted,recommended
APP001959,JOB00401,CAN01015,ca_introduction,2026-05-27,1450.0,1450.0,0.0,0.0,True,2.0,1,1.0,2.163751856129352,8,0.1,,accepted,recommended
APP001960,JOB00321,CAN01641,ca_introduction,2026-05-27,2250.0,2900.0,0.28888888888888886,0.0,True,3.0,3,0.0,2.163751856129352,5,0.07,,accepted,recommended
APP001961,JOB00616,CAN01753,ca_introduction,2026-05-27,1400.0,1550.0,0.10714285714285714,0.0,True,1.0,2,-1.0,2.163751856129352,7,0.1,,,screened_out
APP001962,JOB00741,CAN00717,ca_introduction,2026-05-27,3200.0,2650.0,-0.171875,0.171875,True,4.0,3,1.0,2.163751856129352,6,0.17,,accepted,recommended
APP001963,JOB00798,CAN00006,self_entry,2026-05-27,1700.0,1750.0,0.029411764705882353,0.0,True,2.0,3,-1.0,2.163751856129352,7,0.1,,accepted,recommended
APP001964,JOB00404,CAN00382,self_entry,2026-05-27,3400.0,2200.0,-0.35294117647058826,0.35294117647058826,False,,3,,2.163751856129352,5,0.17,,,screened_out
APP001965,JOB00357,CAN00701,self_entry,2026-05-27,1650.0,2250.0,0.36363636363636365,0.0,False,,4,,2.163751856129352,7,0.1,,,screened_out
APP001966,JOB00472,CAN00967,self_entry,2026-05-27,3300.0,1300.0,-0.6060606060606061,0.6060606060606061,False,,1,,2.163751856129352,4,0.14,pre_recommendation,,withdrawn
APP001967,JOB00615,CAN01061,self_entry,2026-05-27,1850.0,3100.0,0.6756756756756757,0.0,False,,5,,2.163751856129352,7,0.1,,accepted,recommended
APP001968,JOB00612,CAN01918,self_entry,2026-05-27,1200.0,1200.0,0.0,0.0,True,1.0,1,0.0,2.163751856129352,7,0.1,,rejected,rejected
APP001969,JOB00732,CAN00497,ca_introduction,2026-05-28,1750.0,1600.0,-0.08571428571428572,0.08571428571428572,True,2.0,2,0.0,2.163751856129352,8,0.13,,accepted,recommended
APP001970,JOB00611,CAN01710,ca_introduction,2026-05-28,1450.0,1500.0,0.034482758620689655,0.0,True,1.0,2,-1.0,2.163751856129352,6,0.07,,accepted,recommended
APP001971,JOB00616,CAN01710,ca_introduction,2026-05-28,1450.0,1550.0,0.06896551724137931,0.0,True,1.0,2,-1.0,2.163751856129352,5,0.07,pre_recommendation,,withdrawn
APP001972,JOB00505,CAN00797,ca_introduction,2026-05-28,1400.0,1350.0,-0.03571428571428571,0.03571428571428571,False,,1,,2.163751856129352,7,0.1,,,screened_out
APP001973,JOB00663,CAN01127,ca_introduction,2026-05-28,3100.0,2950.0,-0.04838709677419355,0.04838709677419355,True,3.0,5,-2.0,2.163751856129352,8,0.1,,rejected,rejected
APP001974,JOB00526,CAN01041,ca_introduction,2026-05-29,2200.0,2150.0,-0.022727272727272728,0.022727272727272728,True,3.0,4,-1.0,2.163751856129352,3,0.04,,rejected,rejected
APP001975,JOB00152,CAN01520,ca_introduction,2026-05-29,2200.0,2200.0,0.0,0.0,True,2.0,3,-1.0,2.163751856129352,5,0.07,pre_recommendation,,withdrawn
APP001976,JOB00620,CAN01441,ca_introduction,2026-05-29,3450.0,2750.0,-0.2028985507246377,0.2028985507246377,True,5.0,4,1.0,2.163751856129352,3,0.14,,accepted,recommended
APP001977,JOB00492,CAN00174,self_entry,2026-05-29,1800.0,2250.0,0.25,0.0,False,,3,,2.163751856129352,8,0.1,,rejected,rejected
APP001978,JOB00399,CAN01757,ca_introduction,2026-05-30,3300.0,3150.0,-0.045454545454545456,0.045454545454545456,True,4.0,5,-1.0,2.163751856129352,7,0.1,,,screened_out
APP001979,JOB00762,CAN00349,self_entry,2026-05-30,3100.0,3000.0,-0.03225806451612903,0.03225806451612903,True,4.0,5,-1.0,2.163751856129352,5,0.07,,rejected,rejected
APP001980,JOB00616,CAN01000,self_entry,2026-05-30,1300.0,1550.0,0.19230769230769232,0.0,True,1.0,2,-1.0,2.163751856129352,6,0.07,,rejected,rejected
APP001981,JOB00795,CAN01016,self_entry,2026-05-30,2050.0,2450.0,0.1951219512195122,0.0,True,3.0,4,-1.0,2.163751856129352,6,0.07,,accepted,recommended
APP001982,JOB00394,CAN01815,self_entry,2026-05-30,1450.0,2100.0,0.4482758620689655,0.0,False,,3,,2.163751856129352,4,0.04,,,screened_out
APP001983,JOB00414,CAN01322,ca_introduction,2026-05-31,2700.0,2250.0,-0.16666666666666666,0.16666666666666666,True,4.0,3,1.0,2.163751856129352,6,0.17,,accepted,recommended
APP001984,JOB00180,CAN01757,ca_introduction,2026-05-31,3300.0,3000.0,-0.09090909090909091,0.09090909090909091,True,4.0,4,0.0,2.163751856129352,5,0.1,,accepted,recommended
APP001985,JOB00003,CAN01811,ca_introduction,2026-05-31,1200.0,1250.0,0.041666666666666664,0.0,True,1.0,1,0.0,2.163751856129352,6,0.07,,accepted,recommended
APP001986,JOB00472,CAN00496,self_entry,2026-05-31,1400.0,1300.0,-0.07142857142857142,0.07142857142857142,False,,1,,2.163751856129352,8,0.13,,,screened_out
APP001987,JOB00486,CAN00837,self_entry,2026-05-31,1500.0,1350.0,-0.1,0.1,False,,1,,2.163751856129352,6,0.13,,,screened_out
APP001988,JOB00401,CAN00595,ca_introduction,2026-06-01,1600.0,1450.0,-0.09375,0.09375,True,1.0,1,0.0,2.307540009899357,7,0.13,,rejected,rejected
APP001989,JOB00652,CAN01311,ca_introduction,2026-06-01,2300.0,2150.0,-0.06521739130434782,0.06521739130434782,True,3.0,3,0.0,2.307540009899357,7,0.13,,accepted,recommended
APP001990,JOB00358,CAN00577,ca_introduction,2026-06-01,1700.0,1350.0,-0.20588235294117646,0.20588235294117646,True,2.0,1,1.0,2.307540009899357,5,0.17,,accepted,recommended
APP001991,JOB00693,CAN00577,ca_introduction,2026-06-01,1700.0,1550.0,-0.08823529411764706,0.08823529411764706,True,2.0,2,0.0,2.307540009899357,8,0.13,,accepted,recommended
APP001992,JOB00357,CAN01316,ca_introduction,2026-06-01,2500.0,2250.0,-0.1,0.1,True,3.0,4,-1.0,2.307540009899357,7,0.16,pre_recommendation,,withdrawn
APP001993,JOB00798,CAN00086,self_entry,2026-06-01,1450.0,1750.0,0.20689655172413793,0.0,True,2.0,3,-1.0,2.307540009899357,8,0.1,,accepted,recommended
APP001994,JOB00457,CAN00668,self_entry,2026-06-01,1650.0,3200.0,0.9393939393939394,0.0,False,,3,,2.307540009899357,4,0.04,,rejected,rejected
APP001995,JOB00688,CAN00994,self_entry,2026-06-01,1950.0,2350.0,0.20512820512820512,0.0,True,3.0,3,0.0,2.307540009899357,7,0.1,,rejected,rejected
APP001996,JOB00181,CAN01647,ca_introduction,2026-06-02,2150.0,2150.0,0.0,0.0,True,2.0,3,-1.0,2.307540009899357,7,0.1,,,screened_out
APP001997,JOB00366,CAN00099,ca_introduction,2026-06-02,2550.0,2300.0,-0.09803921568627451,0.09803921568627451,True,3.0,3,0.0,2.307540009899357,8,0.13,,accepted,recommended
APP001998,JOB00423,CAN00694,self_entry,2026-06-02,1400.0,2800.0,1.0,0.0,False,,5,,2.307540009899357,7,0.1,,,screened_out
APP001999,JOB00466,CAN00951,self_entry,2026-06-02,2400.0,1500.0,-0.375,0.375,False,,2,,2.307540009899357,6,0.17,,accepted,recommended
APP002000,JOB00778,CAN01325,self_entry,2026-06-02,2400.0,1600.0,-0.3333333333333333,0.3333333333333333,False,,2,,2.307540009899357,5,0.17,,,screened_out
APP002001,JOB00676,CAN00099,ca_introduction,2026-06-03,2550.0,2050.0,-0.19607843137254902,0.19607843137254902,True,3.0,3,0.0,2.307540009899357,5,0.17,,accepted,recommended
APP002002,JOB00579,CAN00114,self_entry,2026-06-03,1350.0,1550.0,0.14814814814814814,0.0,False,,3,,2.307540009899357,4,0.04,,,screened_out
APP002003,JOB00602,CAN01076,self_entry,2026-06-03,1350.0,1350.0,0.0,0.0,False,,3,,2.307540009899357,7,0.1,,,screened_out
APP002004,JOB00733,CAN01122,self_entry,2026-06-03,1600.0,3100.0,0.9375,0.0,False,,5,,2.307540009899357,6,0.07,pre_recommendation,,withdrawn
APP002005,JOB00767,CAN01641,ca_introduction,2026-06-04,2250.0,2250.0,0.0,0.0,True,3.0,3,0.0,2.307540009899357,5,0.07,,accepted,recommended
APP002006,JOB00672,CAN00153,self_entry,2026-06-04,2750.0,2250.0,-0.18181818181818182,0.18181818181818182,True,4.0,3,1.0,2.307540009899357,8,0.2,pre_recommendation,,withdrawn
APP002007,JOB00394,CAN00321,self_entry,2026-06-04,2150.0,2100.0,-0.023255813953488372,0.023255813953488372,True,4.0,3,1.0,2.307540009899357,6,0.07,,accepted,recommended
APP002008,JOB00689,CAN00883,ca_introduction,2026-06-05,1200.0,1250.0,0.041666666666666664,0.0,True,1.0,1,0.0,2.307540009899357,5,0.07,,accepted,recommended
APP002009,JOB00672,CAN01061,ca_introduction,2026-06-05,1850.0,2250.0,0.21621621621621623,0.0,True,3.0,3,0.0,2.307540009899357,7,0.1,,,screened_out
APP002010,JOB00466,CAN01591,self_entry,2026-06-05,1750.0,1500.0,-0.14285714285714285,0.14285714285714285,False,,2,,2.307540009899357,5,0.13,,,screened_out
APP002011,JOB00598,CAN01647,self_entry,2026-06-05,2150.0,2250.0,0.046511627906976744,0.0,True,3.0,3,0.0,2.307540009899357,8,0.1,,accepted,recommended
APP002012,JOB00488,CAN01731,self_entry,2026-06-05,1500.0,1300.0,-0.13333333333333333,0.13333333333333333,True,2.0,1,1.0,2.307540009899357,6,0.13,,accepted,recommended
APP002013,JOB00351,CAN00150,ca_introduction,2026-06-06,2400.0,2100.0,-0.125,0.125,True,3.0,3,0.0,2.307540009899357,8,0.16,pre_recommendation,,withdrawn
APP002014,JOB00095,CAN00150,ca_introduction,2026-06-07,2400.0,2100.0,-0.125,0.125,True,3.0,3,0.0,2.307540009899357,6,0.13,pre_recommendation,,withdrawn
APP002015,JOB00752,CAN01055,ca_introduction,2026-06-07,1400.0,1350.0,-0.03571428571428571,0.03571428571428571,True,1.0,1,0.0,2.307540009899357,2,0.02,,accepted,recommended
APP002016,JOB00472,CAN01358,ca_introduction,2026-06-07,1250.0,1300.0,0.04,0.0,True,1.0,1,0.0,2.307540009899357,8,0.1,,rejected,rejected
APP002017,JOB00657,CAN00690,ca_introduction,2026-06-07,2450.0,2250.0,-0.08163265306122448,0.08163265306122448,True,4.0,3,1.0,2.307540009899357,5,0.1,,accepted,recommended
APP002018,JOB00766,CAN01030,ca_introduction,2026-06-08,1900.0,2100.0,0.10526315789473684,0.0,True,2.0,3,-1.0,2.307540009899357,6,0.07,pre_recommendation,,withdrawn
APP002019,JOB00127,CAN00994,ca_introduction,2026-06-08,1950.0,2200.0,0.1282051282051282,0.0,True,3.0,3,0.0,2.307540009899357,4,0.04,,accepted,recommended
APP002020,JOB00426,CAN01514,ca_introduction,2026-06-08,1350.0,1350.0,0.0,0.0,True,2.0,2,0.0,2.307540009899357,4,0.04,,accepted,recommended
APP002021,JOB00686,CAN00647,self_entry,2026-06-08,1400.0,2100.0,0.5,0.0,False,,5,,2.307540009899357,8,0.1,,,screened_out
APP002022,JOB00701,CAN00001,ca_introduction,2026-06-09,1750.0,1700.0,-0.02857142857142857,0.02857142857142857,True,2.0,3,-1.0,2.307540009899357,6,0.07,pre_recommendation,,withdrawn
APP002023,JOB00796,CAN00722,ca_introduction,2026-06-09,3100.0,3100.0,0.0,0.0,True,3.0,4,-1.0,2.307540009899357,7,0.1,,rejected,rejected
APP002024,JOB00773,CAN00722,ca_introduction,2026-06-09,3100.0,3100.0,0.0,0.0,True,3.0,4,-1.0,2.307540009899357,7,0.1,,accepted,recommended
APP002025,JOB00620,CAN00327,self_entry,2026-06-09,3300.0,2750.0,-0.16666666666666666,0.16666666666666666,True,4.0,4,0.0,2.307540009899357,8,0.2,pre_recommendation,,withdrawn
APP002026,JOB00579,CAN00566,self_entry,2026-06-09,1650.0,1550.0,-0.06060606060606061,0.06060606060606061,True,3.0,3,0.0,2.307540009899357,5,0.1,,accepted,recommended
APP002027,JOB00576,CAN01311,self_entry,2026-06-09,2300.0,1900.0,-0.17391304347826086,0.17391304347826086,True,3.0,3,0.0,2.307540009899357,8,0.2,,rejected,rejected
APP002028,JOB00525,CAN01396,self_entry,2026-06-09,1350.0,1500.0,0.1111111111111111,0.0,False,,2,,2.307540009899357,8,0.1,,,screened_out
APP002029,JOB00657,CAN00646,ca_introduction,2026-06-10,2550.0,2250.0,-0.11764705882352941,0.11764705882352941,True,3.0,3,0.0,2.307540009899357,8,0.16,,accepted,recommended
APP002030,JOB00401,CAN00094,ca_introduction,2026-06-11,1500.0,1450.0,-0.03333333333333333,0.03333333333333333,True,1.0,1,0.0,2.307540009899357,5,0.07,,accepted,recommended
APP002031,JOB00462,CAN00102,ca_introduction,2026-06-11,1700.0,1550.0,-0.08823529411764706,0.08823529411764706,True,2.0,2,0.0,2.307540009899357,7,0.13,,rejected,rejected
APP002032,JOB00023,CAN00371,ca_introduction,2026-06-11,3450.0,2900.0,-0.15942028985507245,0.15942028985507245,True,4.0,4,0.0,2.307540009899357,7,0.2,,accepted,recommended
APP002033,JOB00085,CAN00668,ca_introduction,2026-06-11,1650.0,1500.0,-0.09090909090909091,0.09090909090909091,True,2.0,2,0.0,2.307540009899357,6,0.1,,accepted,recommended
APP002034,JOB00002,CAN00796,ca_introduction,2026-06-11,1950.0,1500.0,-0.23076923076923078,0.23076923076923078,True,3.0,2,1.0,2.307540009899357,6,0.17,,rejected,rejected
APP002035,JOB00736,CAN01491,ca_introduction,2026-06-11,1350.0,1350.0,0.0,0.0,True,1.0,1,0.0,2.307540009899357,7,0.1,,accepted,recommended
APP002036,JOB00486,CAN00254,ca_introduction,2026-06-11,1350.0,1350.0,0.0,0.0,True,1.0,1,0.0,2.307540009899357,7,0.1,,accepted,recommended
APP002037,JOB00576,CAN00045,self_entry,2026-06-11,2250.0,1900.0,-0.15555555555555556,0.15555555555555556,True,4.0,3,1.0,2.307540009899357,5,0.17,,accepted,recommended
APP002038,JOB00402,CAN01351,self_entry,2026-06-11,3000.0,3000.0,0.0,0.0,True,4.0,4,0.0,2.307540009899357,7,0.1,,accepted,recommended
APP002039,JOB00765,CAN01613,ca_introduction,2026-06-12,2200.0,2200.0,0.0,0.0,True,3.0,3,0.0,2.307540009899357,5,0.07,,accepted,recommended
APP002040,JOB00577,CAN01613,ca_introduction,2026-06-12,2200.0,2250.0,0.022727272727272728,0.0,True,3.0,3,0.0,2.307540009899357,6,0.07,,accepted,recommended
APP002041,JOB00766,CAN01041,ca_introduction,2026-06-12,2200.0,2100.0,-0.045454545454545456,0.045454545454545456,True,3.0,3,0.0,2.307540009899357,5,0.07,,accepted,recommended
APP002042,JOB00653,CAN00932,self_entry,2026-06-12,2350.0,2200.0,-0.06382978723404255,0.06382978723404255,True,4.0,4,0.0,2.307540009899357,7,0.13,pre_recommendation,,withdrawn
APP002043,JOB00389,CAN01597,self_entry,2026-06-12,2300.0,2950.0,0.2826086956521739,0.0,True,4.0,5,-1.0,2.307540009899357,6,0.07,,rejected,rejected
APP002044,JOB00513,CAN00395,ca_introduction,2026-06-13,1300.0,1550.0,0.19230769230769232,0.0,True,1.0,2,-1.0,2.307540009899357,6,0.07,,accepted,recommended
APP002045,JOB00515,CAN00044,ca_introduction,2026-06-13,3900.0,3300.0,-0.15384615384615385,0.15384615384615385,True,5.0,5,0.0,2.307540009899357,8,0.2,,accepted,recommended
APP002046,JOB00745,CAN01398,ca_introduction,2026-06-13,3200.0,3100.0,-0.03125,0.03125,True,4.0,4,0.0,2.307540009899357,5,0.07,,accepted,recommended
APP002047,JOB00027,CAN01934,ca_introduction,2026-06-13,1400.0,1300.0,-0.07142857142857142,0.07142857142857142,True,1.0,1,0.0,2.307540009899357,5,0.1,,accepted,recommended
APP002048,JOB00642,CAN00886,self_entry,2026-06-13,3750.0,3250.0,-0.13333333333333333,0.13333333333333333,True,4.0,5,-1.0,2.307540009899357,7,0.16,pre_recommendation,,withdrawn
APP002049,JOB00566,CAN01126,self_entry,2026-06-13,1550.0,1350.0,-0.12903225806451613,0.12903225806451613,True,1.0,1,0.0,2.307540009899357,6,0.13,,accepted,recommended
APP002050,JOB00732,CAN01681,self_entry,2026-06-13,1650.0,1600.0,-0.030303030303030304,0.030303030303030304,True,3.0,2,1.0,2.307540009899357,8,0.1,,,screened_out
APP002051,JOB00234,CAN00044,ca_introduction,2026-06-14,3900.0,3100.0,-0.20512820512820512,0.20512820512820512,True,5.0,4,1.0,2.307540009899357,7,0.2,,rejected,rejected
APP002052,JOB00746,CAN00068,ca_introduction,2026-06-14,2250.0,2300.0,0.022222222222222223,0.0,True,3.0,4,-1.0,2.307540009899357,6,0.07,pre_recommendation,,withdrawn
APP002053,JOB00482,CAN00301,ca_introduction,2026-06-14,3150.0,2750.0,-0.12698412698412698,0.12698412698412698,True,4.0,4,0.0,2.307540009899357,7,0.16,pre_recommendation,,withdrawn
APP002054,JOB00699,CAN00301,ca_introduction,2026-06-14,3150.0,2850.0,-0.09523809523809523,0.09523809523809523,True,4.0,4,0.0,2.307540009899357,8,0.13,,accepted,recommended
APP002055,JOB00794,CAN01150,ca_introduction,2026-06-14,1350.0,1450.0,0.07407407407407407,0.0,True,1.0,2,-1.0,2.307540009899357,7,0.1,,accepted,recommended
APP002056,JOB00645,CAN01398,ca_introduction,2026-06-14,3200.0,3050.0,-0.046875,0.046875,True,4.0,4,0.0,2.307540009899357,6,0.07,,,screened_out
APP002057,JOB00774,CAN01710,ca_introduction,2026-06-14,1450.0,1350.0,-0.06896551724137931,0.06896551724137931,True,1.0,1,0.0,2.307540009899357,5,0.1,,rejected,rejected
APP002058,JOB00620,CAN01160,ca_introduction,2026-06-14,3200.0,2750.0,-0.140625,0.140625,True,4.0,4,0.0,2.307540009899357,7,0.16,pre_recommendation,,withdrawn
APP002059,JOB00627,CAN00093,self_entry,2026-06-14,2400.0,2100.0,-0.125,0.125,False,,3,,2.307540009899357,8,0.16,,,screened_out
APP002060,JOB00472,CAN01426,self_entry,2026-06-14,2000.0,1300.0,-0.35,0.35,False,,1,,2.307540009899357,6,0.17,pre_recommendation,,withdrawn
APP002061,JOB00376,CAN01734,ca_introduction,2026-06-15,2650.0,2600.0,-0.018867924528301886,0.018867924528301886,True,4.0,4,0.0,2.307540009899357,5,0.07,,rejected,rejected
APP002062,JOB00736,CAN00883,ca_introduction,2026-06-15,1200.0,1350.0,0.125,0.0,True,1.0,1,0.0,2.307540009899357,4,0.04,pre_recommendation,,withdrawn
APP002063,JOB00152,CAN00990,ca_introduction,2026-06-15,2700.0,2200.0,-0.18518518518518517,0.18518518518518517,True,3.0,3,0.0,2.307540009899357,6,0.17,,accepted,recommended
APP002064,JOB00485,CAN00482,self_entry,2026-06-15,1550.0,2200.0,0.41935483870967744,0.0,False,,4,,2.307540009899357,8,0.1,,,screened_out
APP002065,JOB00423,CAN00882,self_entry,2026-06-15,2350.0,2800.0,0.19148936170212766,0.0,True,4.0,5,-1.0,2.307540009899357,6,0.07,,accepted,recommended
APP002066,JOB00455,CAN01001,self_entry,2026-06-15,3050.0,3200.0,0.04918032786885246,0.0,False,,5,,2.307540009899357,5,0.07,,,screened_out
APP002067,JOB00645,CAN01160,self_entry,2026-06-15,3200.0,3050.0,-0.046875,0.046875,False,,4,,2.307540009899357,6,0.07,pre_recommendation,,withdrawn
APP002068,JOB00513,CAN01793,self_entry,2026-06-15,2250.0,1550.0,-0.3111111111111111,0.3111111111111111,False,,2,,2.307540009899357,6,0.17,pre_recommendation,,withdrawn
APP002069,JOB00756,CAN01849,self_entry,2026-06-15,1400.0,1350.0,-0.03571428571428571,0.03571428571428571,True,1.0,2,-1.0,2.307540009899357,7,0.1,,accepted,recommended
APP002070,JOB00787,CAN00690,ca_introduction,2026-06-16,2450.0,2200.0,-0.10204081632653061,0.10204081632653061,True,4.0,4,0.0,2.307540009899357,8,0.16,,accepted,recommended
APP002071,JOB00187,CAN00690,ca_introduction,2026-06-16,2450.0,2200.0,-0.10204081632653061,0.10204081632653061,True,4.0,4,0.0,2.307540009899357,7,0.16,,accepted,recommended
APP002072,JOB00488,CAN00883,ca_introduction,2026-06-16,1200.0,1300.0,0.08333333333333333,0.0,True,1.0,1,0.0,2.307540009899357,7,0.1,,accepted,recommended
APP002073,JOB00736,CAN01112,ca_introduction,2026-06-16,1550.0,1350.0,-0.12903225806451613,0.12903225806451613,True,1.0,1,0.0,2.307540009899357,6,0.13,pre_recommendation,,withdrawn
APP002074,JOB00472,CAN00312,ca_introduction,2026-06-16,1250.0,1300.0,0.04,0.0,True,1.0,1,0.0,2.307540009899357,8,0.1,,accepted,recommended
APP002075,JOB00095,CAN00379,ca_introduction,2026-06-16,2100.0,2100.0,0.0,0.0,True,2.0,3,-1.0,2.307540009899357,4,0.04,,accepted,recommended
APP002076,JOB00046,CAN00945,ca_introduction,2026-06-16,1200.0,1300.0,0.08333333333333333,0.0,True,1.0,1,0.0,2.307540009899357,6,0.07,pre_recommendation,,withdrawn
APP002077,JOB00689,CAN00945,ca_introduction,2026-06-16,1200.0,1250.0,0.041666666666666664,0.0,True,1.0,1,0.0,2.307540009899357,7,0.1,,accepted,recommended
APP002078,JOB00738,CAN00832,self_entry,2026-06-16,1750.0,1700.0,-0.02857142857142857,0.02857142857142857,True,3.0,3,0.0,2.307540009899357,8,0.1,,accepted,recommended
APP002079,JOB00686,CAN01457,self_entry,2026-06-16,1300.0,2100.0,0.6153846153846154,0.0,False,,5,,2.307540009899357,6,0.07,,,screened_out
APP002080,JOB00455,CAN01604,self_entry,2026-06-16,1500.0,3200.0,1.1333333333333333,0.0,False,,5,,2.307540009899357,7,0.1,,,screened_out
APP002081,JOB00472,CAN01841,self_entry,2026-06-16,1200.0,1300.0,0.08333333333333333,0.0,True,1.0,1,0.0,2.307540009899357,7,0.1,,accepted,recommended
APP002082,JOB00612,CAN00740,ca_introduction,2026-06-17,1250.0,1200.0,-0.04,0.04,True,1.0,1,0.0,2.307540009899357,5,0.07,,accepted,recommended
APP002083,JOB00401,CAN00945,ca_introduction,2026-06-17,1200.0,1450.0,0.20833333333333334,0.0,True,1.0,1,0.0,2.307540009899357,6,0.07,,accepted,recommended
APP002084,JOB00732,CAN00032,self_entry,2026-06-17,1350.0,1600.0,0.18518518518518517,0.0,False,,2,,2.307540009899357,7,0.1,pre_recommendation,,withdrawn
APP002085,JOB00402,CAN00100,self_entry,2026-06-17,3300.0,3000.0,-0.09090909090909091,0.09090909090909091,True,4.0,4,0.0,2.307540009899357,7,0.13,,accepted,recommended
APP002086,JOB00776,CAN00100,self_entry,2026-06-17,3300.0,2700.0,-0.18181818181818182,0.18181818181818182,True,4.0,4,0.0,2.307540009899357,5,0.17,,rejected,rejected
APP002087,JOB00457,CAN00474,self_entry,2026-06-17,3700.0,3200.0,-0.13513513513513514,0.13513513513513514,True,5.0,3,2.0,2.307540009899357,5,0.13,,accepted,recommended
APP002088,JOB00362,CAN01870,self_entry,2026-06-17,1850.0,2500.0,0.35135135135135137,0.0,True,3.0,4,-1.0,2.307540009899357,7,0.1,,,screened_out
APP002089,JOB00623,CAN01887,self_entry,2026-06-17,2150.0,1950.0,-0.09302325581395349,0.09302325581395349,True,3.0,3,0.0,2.307540009899357,5,0.1,,rejected,rejected
APP002090,JOB00382,CAN01890,self_entry,2026-06-17,1200.0,1200.0,0.0,0.0,False,,1,,2.307540009899357,8,0.1,,accepted,recommended
APP002091,JOB00525,CAN00689,ca_introduction,2026-06-18,1500.0,1500.0,0.0,0.0,True,2.0,2,0.0,2.307540009899357,6,0.07,,accepted,recommended
APP002092,JOB00506,CAN01932,ca_introduction,2026-06-18,2300.0,2300.0,0.0,0.0,True,3.0,3,0.0,2.307540009899357,6,0.07,,accepted,recommended
APP002093,JOB00155,CAN00722,ca_introduction,2026-06-18,3100.0,3000.0,-0.03225806451612903,0.03225806451612903,True,3.0,4,-1.0,2.307540009899357,7,0.1,,,screened_out
APP002094,JOB00445,CAN00908,ca_introduction,2026-06-18,1300.0,1300.0,0.0,0.0,True,1.0,1,0.0,2.307540009899357,6,0.07,,accepted,recommended
APP002095,JOB00634,CAN00917,ca_introduction,2026-06-18,2150.0,2200.0,0.023255813953488372,0.0,True,4.0,3,1.0,2.307540009899357,7,0.1,,rejected,rejected
APP002096,JOB00794,CAN01015,ca_introduction,2026-06-18,1450.0,1450.0,0.0,0.0,True,2.0,2,0.0,2.307540009899357,5,0.07,pre_recommendation,,withdrawn
APP002097,JOB00371,CAN01015,ca_introduction,2026-06-18,1450.0,1550.0,0.06896551724137931,0.0,True,2.0,2,0.0,2.307540009899357,6,0.07,,accepted,recommended
APP002098,JOB00686,CAN00085,self_entry,2026-06-18,1200.0,2100.0,0.75,0.0,False,,5,,2.307540009899357,8,0.1,,,screened_out
APP002099,JOB00673,CAN01231,self_entry,2026-06-18,2650.0,2300.0,-0.1320754716981132,0.1320754716981132,True,4.0,4,0.0,2.307540009899357,7,0.16,pre_recommendation,,withdrawn
APP002100,JOB00756,CAN01707,self_entry,2026-06-18,1400.0,1350.0,-0.03571428571428571,0.03571428571428571,False,,2,,2.307540009899357,7,0.1,,,screened_out
APP002101,JOB00616,CAN01784,self_entry,2026-06-18,1200.0,1550.0,0.2916666666666667,0.0,True,1.0,2,-1.0,2.307540009899357,7,0.1,,accepted,recommended
APP002102,JOB00612,CAN01897,self_entry,2026-06-18,1350.0,1200.0,-0.1111111111111111,0.1111111111111111,False,,1,,2.307540009899357,8,0.16,,accepted,recommended
APP002103,JOB00589,CAN01897,self_entry,2026-06-18,1350.0,1350.0,0.0,0.0,True,1.0,2,-1.0,2.307540009899357,5,0.07,,rejected,rejected
APP002104,JOB00005,CAN00917,ca_introduction,2026-06-19,2150.0,2250.0,0.046511627906976744,0.0,True,4.0,4,0.0,2.307540009899357,6,0.07,,accepted,recommended
APP002105,JOB00524,CAN01647,ca_introduction,2026-06-19,2150.0,2200.0,0.023255813953488372,0.0,True,2.0,3,-1.0,2.307540009899357,2,0.02,,accepted,recommended
APP002106,JOB00127,CAN00574,ca_introduction,2026-06-19,2000.0,2200.0,0.1,0.0,True,4.0,3,1.0,2.307540009899357,6,0.07,pre_recommendation,,withdrawn
APP002107,JOB00790,CAN00771,ca_introduction,2026-06-19,1250.0,1250.0,0.0,0.0,True,1.0,1,0.0,2.307540009899357,5,0.07,,rejected,rejected
APP002108,JOB00653,CAN00309,self_entry,2026-06-19,2200.0,2200.0,0.0,0.0,True,3.0,4,-1.0,2.307540009899357,8,0.1,,accepted,recommended
APP002109,JOB00735,CAN00636,self_entry,2026-06-19,2200.0,2300.0,0.045454545454545456,0.0,False,,5,,2.307540009899357,8,0.1,,,screened_out
APP002110,JOB00547,CAN00659,self_entry,2026-06-19,1400.0,2100.0,0.5,0.0,False,,3,,2.307540009899357,5,0.07,,,screened_out
APP002111,JOB00598,CAN00942,self_entry,2026-06-19,1550.0,2250.0,0.45161290322580644,0.0,True,3.0,3,0.0,2.307540009899357,6,0.07,,accepted,recommended
APP002112,JOB00187,CAN01133,ca_introduction,2026-06-20,2700.0,2200.0,-0.18518518518518517,0.18518518518518517,True,4.0,4,0.0,2.307540009899357,6,0.17,,,screened_out
APP002113,JOB00704,CAN00577,ca_introduction,2026-06-20,1700.0,1800.0,0.058823529411764705,0.0,True,2.0,2,0.0,2.307540009899357,7,0.1,,accepted,recommended
APP002114,JOB00513,CAN00117,self_entry,2026-06-20,1300.0,1550.0,0.19230769230769232,0.0,True,1.0,2,-1.0,2.307540009899357,6,0.07,,rejected,rejected
APP002115,JOB00774,CAN01467,self_entry,2026-06-20,1600.0,1350.0,-0.15625,0.15625,False,,1,,2.307540009899357,6,0.17,pre_recommendation,,withdrawn
APP002116,JOB00647,CAN01481,self_entry,2026-06-20,1200.0,1250.0,0.041666666666666664,0.0,True,1.0,1,0.0,2.307540009899357,8,0.1,,accepted,recommended
APP002117,JOB00651,CAN00096,ca_introduction,2026-06-21,3050.0,2750.0,-0.09836065573770492,0.09836065573770492,True,3.0,4,-1.0,2.307540009899357,6,0.1,pre_recommendation,,withdrawn
APP002118,JOB00085,CAN00669,ca_introduction,2026-06-21,1400.0,1500.0,0.07142857142857142,0.0,True,1.0,2,-1.0,2.307540009899357,2,0.02,,,screened_out
APP002119,JOB00568,CAN00994,ca_introduction,2026-06-21,1950.0,2300.0,0.1794871794871795,0.0,True,3.0,3,0.0,2.307540009899357,7,0.1,,accepted,recommended
APP002120,JOB00477,CAN00796,ca_introduction,2026-06-21,1950.0,1600.0,-0.1794871794871795,0.1794871794871795,True,3.0,3,0.0,2.307540009899357,4,0.14,,accepted,recommended
APP002121,JOB00256,CAN01927,ca_introduction,2026-06-21,1850.0,1450.0,-0.21621621621621623,0.21621621621621623,True,2.0,2,0.0,2.307540009899357,8,0.2,,accepted,recommended
APP002122,JOB00457,CAN00285,self_entry,2026-06-21,3350.0,3200.0,-0.04477611940298507,0.04477611940298507,True,4.0,3,1.0,2.307540009899357,7,0.1,,accepted,recommended
APP002123,JOB00483,CAN00339,self_entry,2026-06-21,1500.0,2450.0,0.6333333333333333,0.0,False,,4,,2.307540009899357,7,0.1,,,screened_out
APP002124,JOB00733,CAN00883,self_entry,2026-06-21,1200.0,3100.0,1.5833333333333333,0.0,False,,5,,2.307540009899357,8,0.1,,,screened_out
APP002125,JOB00524,CAN00974,self_entry,2026-06-21,2000.0,2200.0,0.1,0.0,True,4.0,3,1.0,2.307540009899357,6,0.07,,accepted,recommended
APP002126,JOB00455,CAN01616,self_entry,2026-06-21,2700.0,3200.0,0.18518518518518517,0.0,False,,5,,2.307540009899357,8,0.1,,accepted,recommended
APP002127,JOB00259,CAN00084,ca_introduction,2026-06-22,1450.0,1200.0,-0.1724137931034483,0.1724137931034483,True,1.0,1,0.0,2.307540009899357,5,0.17,,accepted,recommended
APP002128,JOB00027,CAN01587,ca_introduction,2026-06-22,1200.0,1300.0,0.08333333333333333,0.0,True,1.0,1,0.0,2.307540009899357,7,0.1,,accepted,recommended
APP002129,JOB00601,CAN01641,ca_introduction,2026-06-22,2250.0,2150.0,-0.044444444444444446,0.044444444444444446,True,3.0,3,0.0,2.307540009899357,1,0.02,,accepted,recommended
APP002130,JOB00365,CAN00166,self_entry,2026-06-22,3500.0,2300.0,-0.34285714285714286,0.34285714285714286,True,3.0,4,-1.0,2.307540009899357,7,0.2,,rejected,rejected
APP002131,JOB00382,CAN01235,self_entry,2026-06-22,1250.0,1200.0,-0.04,0.04,True,1.0,1,0.0,2.307540009899357,7,0.1,,,screened_out
APP002132,JOB00506,CAN01436,self_entry,2026-06-22,2650.0,2300.0,-0.1320754716981132,0.1320754716981132,False,,3,,2.307540009899357,5,0.13,,,screened_out
APP002133,JOB00697,CAN01537,self_entry,2026-06-22,2050.0,3250.0,0.5853658536585366,0.0,False,,4,,2.307540009899357,5,0.07,,,screened_out
APP002134,JOB00217,CAN00100,ca_introduction,2026-06-23,3300.0,2700.0,-0.18181818181818182,0.18181818181818182,True,4.0,4,0.0,2.307540009899357,5,0.17,,accepted,recommended
APP002135,JOB00445,CAN00667,ca_introduction,2026-06-23,1300.0,1300.0,0.0,0.0,True,1.0,1,0.0,2.307540009899357,7,0.1,,accepted,recommended
APP002136,JOB00747,CAN01641,ca_introduction,2026-06-23,2250.0,3000.0,0.3333333333333333,0.0,True,3.0,4,-1.0,2.307540009899357,8,0.1,,rejected,rejected
APP002137,JOB00752,CAN01013,ca_introduction,2026-06-23,1550.0,1350.0,-0.12903225806451613,0.12903225806451613,True,1.0,1,0.0,2.307540009899357,7,0.16,,accepted,recommended
APP002138,JOB00778,CAN01884,self_entry,2026-06-23,1700.0,1600.0,-0.058823529411764705,0.058823529411764705,True,2.0,2,0.0,2.307540009899357,7,0.13,,accepted,recommended
APP002139,JOB00616,CAN00482,ca_introduction,2026-06-24,1550.0,1550.0,0.0,0.0,True,1.0,2,-1.0,2.307540009899357,5,0.07,,accepted,recommended
APP002140,JOB00661,CAN01398,ca_introduction,2026-06-24,3200.0,2950.0,-0.078125,0.078125,True,4.0,4,0.0,2.307540009899357,6,0.1,,rejected,rejected
APP002141,JOB00747,CAN00218,self_entry,2026-06-24,3550.0,3000.0,-0.15492957746478872,0.15492957746478872,True,5.0,4,1.0,2.307540009899357,6,0.17,,accepted,recommended
APP002142,JOB00774,CAN01680,self_entry,2026-06-24,1550.0,1350.0,-0.12903225806451613,0.12903225806451613,False,,1,,2.307540009899357,5,0.13,,,screened_out
APP002143,JOB00508,CAN01775,self_entry,2026-06-24,2350.0,2400.0,0.02127659574468085,0.0,True,3.0,4,-1.0,2.307540009899357,6,0.07,,accepted,recommended
APP002144,JOB00488,CAN01865,self_entry,2026-06-24,1550.0,1300.0,-0.16129032258064516,0.16129032258064516,True,1.0,1,0.0,2.307540009899357,8,0.2,,rejected,rejected
APP002145,JOB00547,CAN00992,ca_introduction,2026-06-25,2100.0,2100.0,0.0,0.0,True,3.0,3,0.0,2.307540009899357,7,0.1,,accepted,recommended
APP002146,JOB00401,CAN00276,ca_introduction,2026-06-25,1400.0,1450.0,0.03571428571428571,0.0,True,1.0,1,0.0,2.307540009899357,6,0.07,pre_recommendation,,withdrawn
APP002147,JOB00647,CAN00980,self_entry,2026-06-25,1500.0,1250.0,-0.16666666666666666,0.16666666666666666,False,,1,,2.307540009899357,2,0.12000000000000001,,rejected,rejected
APP002148,JOB00704,CAN01594,self_entry,2026-06-25,1750.0,1800.0,0.02857142857142857,0.0,True,2.0,2,0.0,2.307540009899357,5,0.07,,accepted,recommended
APP002149,JOB00578,CAN01801,self_entry,2026-06-25,1500.0,1600.0,0.06666666666666667,0.0,False,,2,,2.307540009899357,8,0.1,,,screened_out
APP002150,JOB00495,CAN01613,ca_introduction,2026-06-26,2200.0,2150.0,-0.022727272727272728,0.022727272727272728,True,3.0,3,0.0,2.307540009899357,6,0.07,,accepted,recommended
APP002151,JOB00612,CAN01719,self_entry,2026-06-26,1400.0,1200.0,-0.14285714285714285,0.14285714285714285,True,1.0,1,0.0,2.307540009899357,4,0.1,,accepted,recommended
APP002152,JOB00774,CAN01123,ca_introduction,2026-06-27,1400.0,1350.0,-0.03571428571428571,0.03571428571428571,True,1.0,1,0.0,2.307540009899357,5,0.07,,accepted,recommended
APP002153,JOB00401,CAN01123,ca_introduction,2026-06-27,1400.0,1450.0,0.03571428571428571,0.0,True,1.0,1,0.0,2.307540009899357,6,0.07,,accepted,recommended
APP002154,JOB00647,CAN01550,ca_introduction,2026-06-27,1200.0,1250.0,0.041666666666666664,0.0,True,1.0,1,0.0,2.307540009899357,4,0.04,,accepted,recommended
APP002155,JOB00259,CAN01550,ca_introduction,2026-06-27,1200.0,1200.0,0.0,0.0,True,1.0,1,0.0,2.307540009899357,6,0.07,,accepted,recommended
APP002156,JOB00704,CAN01836,ca_introduction,2026-06-27,1650.0,1800.0,0.09090909090909091,0.0,True,2.0,2,0.0,2.307540009899357,7,0.1,,accepted,recommended
APP002157,JOB00557,CAN01647,self_entry,2026-06-27,2150.0,2250.0,0.046511627906976744,0.0,False,,3,,2.307540009899357,7,0.1,,,screened_out
APP002158,JOB00486,CAN01499,ca_introduction,2026-06-28,1700.0,1350.0,-0.20588235294117646,0.20588235294117646,True,2.0,1,1.0,2.307540009899357,6,0.17,,accepted,recommended
APP002159,JOB00625,CAN01160,ca_introduction,2026-06-28,3200.0,2750.0,-0.140625,0.140625,True,4.0,3,1.0,2.307540009899357,5,0.13,,accepted,recommended
APP002160,JOB00409,CAN01160,ca_introduction,2026-06-28,3200.0,2900.0,-0.09375,0.09375,True,4.0,4,0.0,2.307540009899357,6,0.1,,accepted,recommended
APP002161,JOB00694,CAN01734,ca_introduction,2026-06-28,2650.0,2450.0,-0.07547169811320754,0.07547169811320754,True,4.0,4,0.0,2.307540009899357,6,0.1,,accepted,recommended
APP002162,JOB00673,CAN00016,self_entry,2026-06-28,2150.0,2300.0,0.06976744186046512,0.0,True,3.0,4,-1.0,2.307540009899357,7,0.1,,accepted,recommended
APP002163,JOB00525,CAN00505,self_entry,2026-06-28,1250.0,1500.0,0.2,0.0,True,2.0,2,0.0,2.307540009899357,7,0.1,pre_recommendation,,withdrawn
APP002164,JOB00598,CAN00800,self_entry,2026-06-28,1300.0,2250.0,0.7307692307692307,0.0,False,,3,,2.307540009899357,7,0.1,,,screened_out
APP002165,JOB00410,CAN00062,ca_introduction,2026-06-29,1400.0,1500.0,0.07142857142857142,0.0,True,1.0,2,-1.0,2.307540009899357,8,0.1,,accepted,recommended
APP002166,JOB00616,CAN00999,ca_introduction,2026-06-29,1500.0,1550.0,0.03333333333333333,0.0,True,2.0,2,0.0,2.307540009899357,5,0.07,,rejected,rejected
APP002167,JOB00401,CAN01257,ca_introduction,2026-06-29,1550.0,1450.0,-0.06451612903225806,0.06451612903225806,True,1.0,1,0.0,2.307540009899357,7,0.13,,accepted,recommended
APP002168,JOB00376,CAN01834,ca_introduction,2026-06-29,2550.0,2600.0,0.0196078431372549,0.0,True,3.0,4,-1.0,2.307540009899357,7,0.1,,,screened_out
APP002169,JOB00369,CAN00242,ca_introduction,2026-06-29,1200.0,1250.0,0.041666666666666664,0.0,True,1.0,1,0.0,2.307540009899357,6,0.07,,accepted,recommended
APP002170,JOB00472,CAN00242,ca_introduction,2026-06-29,1200.0,1300.0,0.08333333333333333,0.0,True,1.0,1,0.0,2.307540009899357,6,0.07,,accepted,recommended
APP002171,JOB00736,CAN01820,ca_introduction,2026-06-29,1300.0,1350.0,0.038461538461538464,0.0,True,1.0,1,0.0,2.307540009899357,5,0.07,,accepted,recommended
APP002172,JOB00488,CAN00055,self_entry,2026-06-29,1350.0,1300.0,-0.037037037037037035,0.037037037037037035,True,2.0,1,1.0,2.307540009899357,4,0.04,,accepted,recommended
APP002173,JOB00738,CAN00844,self_entry,2026-06-29,1500.0,1700.0,0.13333333333333333,0.0,True,2.0,3,-1.0,2.307540009899357,8,0.1,pre_recommendation,,withdrawn
APP002174,JOB00745,CAN01621,self_entry,2026-06-29,3400.0,3100.0,-0.08823529411764706,0.08823529411764706,True,5.0,4,1.0,2.307540009899357,7,0.13,pre_recommendation,,withdrawn
APP002175,JOB00375,CAN01841,self_entry,2026-06-29,1200.0,2200.0,0.8333333333333334,0.0,False,,4,,2.307540009899357,7,0.1,pre_recommendation,,withdrawn
APP002176,JOB00790,CAN01863,self_entry,2026-06-29,1350.0,1250.0,-0.07407407407407407,0.07407407407407407,True,1.0,1,0.0,2.307540009899357,8,0.13,,accepted,recommended
APP002177,JOB00727,CAN00044,ca_introduction,2026-06-30,3900.0,3200.0,-0.1794871794871795,0.1794871794871795,True,5.0,4,1.0,2.307540009899357,8,0.2,pre_recommendation,,withdrawn
APP002178,JOB00505,CAN00908,ca_introduction,2026-06-30,1300.0,1350.0,0.038461538461538464,0.0,True,1.0,1,0.0,2.307540009899357,6,0.07,,accepted,recommended
APP002179,JOB00401,CAN01671,ca_introduction,2026-06-30,1300.0,1450.0,0.11538461538461539,0.0,True,1.0,1,0.0,2.307540009899357,6,0.07,,,screened_out
APP002180,JOB00774,CAN01671,ca_introduction,2026-06-30,1300.0,1350.0,0.038461538461538464,0.0,True,1.0,1,0.0,2.307540009899357,7,0.1,,accepted,recommended
APP002181,JOB00465,CAN00205,self_entry,2026-06-30,2200.0,1550.0,-0.29545454545454547,0.29545454545454547,False,,2,,2.307540009899357,7,0.2,pre_recommendation,,withdrawn
APP002182,JOB00440,CAN00243,self_entry,2026-06-30,2200.0,2050.0,-0.06818181818181818,0.06818181818181818,True,2.0,4,-2.0,2.307540009899357,6,0.1,,,screened_out
APP002183,JOB00664,CAN00245,self_entry,2026-06-30,2250.0,2250.0,0.0,0.0,False,,4,,2.307540009899357,6,0.07,,,screened_out
APP002184,JOB00369,CAN01516,self_entry,2026-06-30,2000.0,1250.0,-0.375,0.375,True,1.0,1,0.0,2.307540009899357,6,0.17,,accepted,recommended
APP002185,JOB00598,CAN00917,ca_introduction,2026-07-01,2150.0,2250.0,0.046511627906976744,0.0,True,4.0,3,1.0,2.4530605510641807,5,0.07,,accepted,recommended
APP002186,JOB00360,CAN00917,ca_introduction,2026-07-01,2150.0,2150.0,0.0,0.0,True,4.0,2,2.0,2.4530605510641807,6,0.07,pre_recommendation,,withdrawn
APP002187,JOB00557,CAN00157,self_entry,2026-07-01,1550.0,2250.0,0.45161290322580644,0.0,False,,3,,2.4530605510641807,7,0.1,pre_recommendation,,withdrawn
APP002188,JOB00704,CAN01220,self_entry,2026-07-01,1850.0,1800.0,-0.02702702702702703,0.02702702702702703,False,,2,,2.4530605510641807,7,0.1,,,screened_out
APP002189,JOB00085,CAN00339,ca_introduction,2026-07-02,1500.0,1500.0,0.0,0.0,True,2.0,2,0.0,2.4530605510641807,6,0.07,,rejected,rejected
APP002190,JOB00398,CAN00339,ca_introduction,2026-07-02,1500.0,1500.0,0.0,0.0,True,2.0,2,0.0,2.4530605510641807,6,0.07,,rejected,rejected
APP002191,JOB00073,CAN01010,ca_introduction,2026-07-02,1950.0,2150.0,0.10256410256410256,0.0,True,2.0,3,-1.0,2.4530605510641807,6,0.07,,accepted,recommended
APP002192,JOB00578,CAN00276,self_entry,2026-07-02,1400.0,1600.0,0.14285714285714285,0.0,False,,2,,2.4530605510641807,6,0.07,pre_recommendation,,withdrawn
APP002193,JOB00457,CAN00663,self_entry,2026-07-02,2400.0,3200.0,0.3333333333333333,0.0,False,,3,,2.4530605510641807,6,0.07,,,screened_out
APP002194,JOB00664,CAN00907,self_entry,2026-07-02,2100.0,2250.0,0.07142857142857142,0.0,True,3.0,4,-1.0,2.4530605510641807,6,0.07,,accepted,recommended
APP002195,JOB00379,CAN01821,self_entry,2026-07-02,1550.0,3250.0,1.096774193548387,0.0,False,,5,,2.4530605510641807,7,0.1,,,screened_out
APP002196,JOB00578,CAN01822,self_entry,2026-07-02,1350.0,1600.0,0.18518518518518517,0.0,False,,2,,2.4530605510641807,5,0.07,,accepted,recommended
APP002197,JOB00577,CAN00058,ca_introduction,2026-07-03,2300.0,2250.0,-0.021739130434782608,0.021739130434782608,True,3.0,3,0.0,2.4530605510641807,7,0.1,,accepted,recommended
APP002198,JOB00524,CAN01010,ca_introduction,2026-07-03,1950.0,2200.0,0.1282051282051282,0.0,True,2.0,3,-1.0,2.4530605510641807,5,0.07,,accepted,recommended
APP002199,JOB00371,CAN00954,ca_introduction,2026-07-03,1550.0,1550.0,0.0,0.0,True,2.0,2,0.0,2.4530605510641807,5,0.07,,rejected,rejected
APP002200,JOB00623,CAN01557,ca_introduction,2026-07-03,2250.0,1950.0,-0.13333333333333333,0.13333333333333333,True,3.0,3,0.0,2.4530605510641807,7,0.16,,,screened_out
APP002201,JOB00732,CAN00203,self_entry,2026-07-03,1600.0,1600.0,0.0,0.0,True,3.0,2,1.0,2.4530605510641807,7,0.1,,accepted,recommended
APP002202,JOB00778,CAN00511,self_entry,2026-07-03,1750.0,1600.0,-0.08571428571428572,0.08571428571428572,True,2.0,2,0.0,2.4530605510641807,5,0.1,,,screened_out
APP002203,JOB00787,CAN00710,self_entry,2026-07-03,2200.0,2200.0,0.0,0.0,True,3.0,4,-1.0,2.4530605510641807,7,0.1,,rejected,rejected
APP002204,JOB00794,CAN01174,self_entry,2026-07-03,1300.0,1450.0,0.11538461538461539,0.0,True,1.0,2,-1.0,2.4530605510641807,6,0.07,,accepted,recommended
APP002205,JOB00549,CAN01220,self_entry,2026-07-03,1850.0,3200.0,0.7297297297297297,0.0,False,,5,,2.4530605510641807,6,0.07,,,screened_out
APP002206,JOB00794,CAN01290,self_entry,2026-07-03,1500.0,1450.0,-0.03333333333333333,0.03333333333333333,True,2.0,2,0.0,2.4530605510641807,6,0.07,,accepted,recommended
APP002207,JOB00578,CAN01611,self_entry,2026-07-03,1550.0,1600.0,0.03225806451612903,0.0,True,2.0,2,0.0,2.4530605510641807,5,0.07,,accepted,recommended
APP002208,JOB00485,CAN01630,self_entry,2026-07-03,2300.0,2200.0,-0.043478260869565216,0.043478260869565216,True,3.0,4,-1.0,2.4530605510641807,5,0.07,,rejected,rejected
APP002209,JOB00536,CAN01766,self_entry,2026-07-03,2050.0,2950.0,0.43902439024390244,0.0,True,4.0,4,0.0,2.4530605510641807,5,0.07,,accepted,recommended
APP002210,JOB00360,CAN00528,ca_introduction,2026-07-04,2500.0,2150.0,-0.14,0.14,True,3.0,2,1.0,2.4530605510641807,5,0.13,,accepted,recommended
APP002211,JOB00410,CAN00851,ca_introduction,2026-07-04,1300.0,1500.0,0.15384615384615385,0.0,True,1.0,2,-1.0,2.4530605510641807,7,0.1,,,screened_out
APP002212,JOB00085,CAN00954,ca_introduction,2026-07-04,1550.0,1500.0,-0.03225806451612903,0.03225806451612903,True,2.0,2,0.0,2.4530605510641807,6,0.07,,accepted,recommended
APP002213,JOB00462,CAN01126,ca_introduction,2026-07-04,1550.0,1550.0,0.0,0.0,True,1.0,2,-1.0,2.4530605510641807,7,0.1,,accepted,recommended
APP002214,JOB00567,CAN01126,ca_introduction,2026-07-04,1550.0,1550.0,0.0,0.0,True,1.0,2,-1.0,2.4530605510641807,5,0.07,,,screened_out
APP002215,JOB00485,CAN01133,ca_introduction,2026-07-04,2700.0,2200.0,-0.18518518518518517,0.18518518518518517,True,4.0,4,0.0,2.4530605510641807,5,0.17,,rejected,rejected
APP002216,JOB00282,CAN01133,ca_introduction,2026-07-04,2700.0,2050.0,-0.24074074074074073,0.24074074074074073,True,4.0,3,1.0,2.4530605510641807,5,0.17,,accepted,recommended
APP002217,JOB00647,CAN00707,ca_introduction,2026-07-04,1200.0,1250.0,0.041666666666666664,0.0,True,1.0,1,0.0,2.4530605510641807,6,0.07,,accepted,recommended
APP002218,JOB00101,CAN01515,ca_introduction,2026-07-04,2300.0,2300.0,0.0,0.0,True,3.0,4,-1.0,2.4530605510641807,6,0.07,,accepted,recommended
APP002219,JOB00485,CAN00820,self_entry,2026-07-04,1500.0,2200.0,0.4666666666666667,0.0,False,,4,,2.4530605510641807,6,0.07,,,screened_out
APP002220,JOB00488,CAN01811,self_entry,2026-07-04,1200.0,1300.0,0.08333333333333333,0.0,True,1.0,1,0.0,2.4530605510641807,6,0.07,,accepted,recommended
APP002221,JOB00534,CAN01515,ca_introduction,2026-07-05,2300.0,2200.0,-0.043478260869565216,0.043478260869565216,True,3.0,3,0.0,2.4530605510641807,7,0.1,,accepted,recommended
APP002222,JOB00688,CAN01819,ca_introduction,2026-07-05,2250.0,2350.0,0.044444444444444446,0.0,True,2.0,3,-1.0,2.4530605510641807,7,0.1,,,screened_out
APP002223,JOB00791,CAN01863,ca_introduction,2026-07-05,1350.0,1400.0,0.037037037037037035,0.0,True,1.0,1,0.0,2.4530605510641807,6,0.07,,accepted,recommended
APP002224,JOB00536,CAN00456,self_entry,2026-07-05,1850.0,2950.0,0.5945945945945946,0.0,False,,4,,2.4530605510641807,8,0.1,,,screened_out
APP002225,JOB00543,CAN01135,self_entry,2026-07-05,1300.0,1200.0,-0.07692307692307693,0.07692307692307693,True,1.0,1,0.0,2.4530605510641807,7,0.13,,accepted,recommended
APP002226,JOB00680,CAN01249,self_entry,2026-07-05,1650.0,2250.0,0.36363636363636365,0.0,False,,3,,2.4530605510641807,7,0.1,,,screened_out
APP002227,JOB00704,CAN01255,self_entry,2026-07-05,2050.0,1800.0,-0.12195121951219512,0.12195121951219512,False,,2,,2.4530605510641807,6,0.13,,rejected,rejected
APP002228,JOB00593,CAN01257,self_entry,2026-07-05,1550.0,1300.0,-0.16129032258064516,0.16129032258064516,True,1.0,1,0.0,2.4530605510641807,7,0.2,,accepted,recommended
APP002229,JOB00046,CAN01150,ca_introduction,2026-07-06,1350.0,1300.0,-0.037037037037037035,0.037037037037037035,True,1.0,1,0.0,2.4530605510641807,6,0.07,,accepted,recommended
APP002230,JOB00771,CAN00467,ca_introduction,2026-07-06,3500.0,3300.0,-0.05714285714285714,0.05714285714285714,True,4.0,4,0.0,2.4530605510641807,6,0.1,,accepted,recommended
APP002231,JOB00175,CAN00467,ca_introduction,2026-07-06,3500.0,3200.0,-0.08571428571428572,0.08571428571428572,True,4.0,4,0.0,2.4530605510641807,6,0.1,pre_recommendation,,withdrawn
APP002232,JOB00766,CAN00903,ca_introduction,2026-07-06,2500.0,2100.0,-0.16,0.16,True,4.0,3,1.0,2.4530605510641807,6,0.17,,,screened_out
APP002233,JOB00375,CAN00183,self_entry,2026-07-06,3000.0,2200.0,-0.26666666666666666,0.26666666666666666,True,4.0,4,0.0,2.4530605510641807,7,0.2,,accepted,recommended
APP002234,JOB00593,CAN00610,self_entry,2026-07-06,1250.0,1300.0,0.04,0.0,True,1.0,1,0.0,2.4530605510641807,6,0.07,,accepted,recommended
APP002235,JOB00673,CAN01207,self_entry,2026-07-06,2050.0,2300.0,0.12195121951219512,0.0,False,,4,,2.4530605510641807,6,0.07,,,screened_out
APP002236,JOB00604,CAN01893,self_entry,2026-07-06,3000.0,2250.0,-0.25,0.25,True,4.0,4,0.0,2.4530605510641807,5,0.17,,accepted,recommended
APP002237,JOB00409,CAN01672,ca_introduction,2026-07-07,3550.0,2900.0,-0.18309859154929578,0.18309859154929578,True,5.0,4,1.0,2.4530605510641807,4,0.14,,accepted,recommended
APP002238,JOB00567,CAN00838,self_entry,2026-07-07,3100.0,1550.0,-0.5,0.5,False,,2,,2.4530605510641807,5,0.17,,rejected,rejected
APP002239,JOB00568,CAN00954,self_entry,2026-07-07,1550.0,2300.0,0.4838709677419355,0.0,True,2.0,3,-1.0,2.4530605510641807,3,0.04,,,screened_out
APP002240,JOB00747,CAN01142,self_entry,2026-07-07,2350.0,3000.0,0.2765957446808511,0.0,False,,4,,2.4530605510641807,4,0.04,pre_recommendation,,withdrawn
APP002241,JOB00745,CAN01186,self_entry,2026-07-07,1550.0,3100.0,1.0,0.0,False,,4,,2.4530605510641807,7,0.1,,,screened_out
APP002242,JOB00347,CAN00980,ca_introduction,2026-07-08,1500.0,1550.0,0.03333333333333333,0.0,True,2.0,2,0.0,2.4530605510641807,8,0.1,,accepted,recommended
APP002243,JOB00601,CAN00243,ca_introduction,2026-07-08,2200.0,2150.0,-0.022727272727272728,0.022727272727272728,True,2.0,3,-1.0,2.4530605510641807,6,0.07,,,screened_out
APP002244,JOB00782,CAN01579,ca_introduction,2026-07-08,2600.0,2450.0,-0.057692307692307696,0.057692307692307696,True,4.0,4,0.0,2.4530605510641807,6,0.1,,accepted,recommended
APP002245,JOB00386,CAN01604,ca_introduction,2026-07-08,1500.0,1200.0,-0.2,0.2,False,,1,,2.4530605510641807,7,0.2,,rejected,rejected
APP002246,JOB00568,CAN00183,self_entry,2026-07-08,3000.0,2300.0,-0.23333333333333334,0.23333333333333334,False,,3,,2.4530605510641807,6,0.17,,,screened_out
APP002247,JOB00754,CAN00276,self_entry,2026-07-08,1400.0,1400.0,0.0,0.0,False,,1,,2.4530605510641807,3,0.04,,,screened_out
APP002248,JOB00583,CAN00620,self_entry,2026-07-08,2100.0,3100.0,0.47619047619047616,0.0,True,4.0,4,0.0,2.4530605510641807,7,0.1,,accepted,recommended
APP002249,JOB00457,CAN00966,self_entry,2026-07-08,1550.0,3200.0,1.064516129032258,0.0,False,,3,,2.4530605510641807,5,0.07,,rejected,rejected
APP002250,JOB00568,CAN01111,self_entry,2026-07-08,2250.0,2300.0,0.022222222222222223,0.0,False,,3,,2.4530605510641807,6,0.07,,,screened_out
APP002251,JOB00778,CAN01288,self_entry,2026-07-08,1950.0,1600.0,-0.1794871794871795,0.1794871794871795,True,3.0,2,1.0,2.4530605510641807,6,0.17,,accepted,recommended
APP002252,JOB00415,CAN01331,self_entry,2026-07-08,1550.0,2300.0,0.4838709677419355,0.0,False,,3,,2.4530605510641807,6,0.07,,,screened_out
APP002253,JOB00792,CAN01730,self_entry,2026-07-08,2250.0,2250.0,0.0,0.0,False,,3,,2.4530605510641807,7,0.1,,,screened_out
APP002254,JOB00508,CAN01579,ca_introduction,2026-07-09,2600.0,2400.0,-0.07692307692307693,0.07692307692307693,True,4.0,4,0.0,2.4530605510641807,5,0.1,,accepted,recommended
APP002255,JOB00345,CAN01733,ca_introduction,2026-07-09,1300.0,1300.0,0.0,0.0,True,1.0,1,0.0,2.4530605510641807,7,0.1,,accepted,recommended
APP002256,JOB00046,CAN00482,ca_introduction,2026-07-09,1550.0,1300.0,-0.16129032258064516,0.16129032258064516,True,1.0,1,0.0,2.4530605510641807,7,0.2,,accepted,recommended
APP002257,JOB00542,CAN00001,self_entry,2026-07-09,1750.0,1750.0,0.0,0.0,True,2.0,3,-1.0,2.4530605510641807,6,0.07,,rejected,rejected
APP002258,JOB00704,CAN00001,self_entry,2026-07-09,1750.0,1800.0,0.02857142857142857,0.0,True,2.0,2,0.0,2.4530605510641807,7,0.1,,accepted,recommended
APP002259,JOB00578,CAN00075,self_entry,2026-07-09,3000.0,1600.0,-0.4666666666666667,0.4666666666666667,False,,2,,2.4530605510641807,7,0.2,,rejected,rejected
APP002260,JOB00598,CAN01255,self_entry,2026-07-09,2050.0,2250.0,0.0975609756097561,0.0,True,3.0,3,0.0,2.4530605510641807,5,0.07,,accepted,recommended
APP002261,JOB00680,CAN01648,self_entry,2026-07-09,2400.0,2250.0,-0.0625,0.0625,True,2.0,3,-1.0,2.4530605510641807,7,0.13,,accepted,recommended
APP002262,JOB00535,CAN00229,ca_introduction,2026-07-10,3650.0,3300.0,-0.0958904109589041,0.0958904109589041,True,4.0,5,-1.0,2.4530605510641807,5,0.1,,,screened_out
APP002263,JOB00129,CAN00773,ca_introduction,2026-07-10,3050.0,2850.0,-0.06557377049180328,0.06557377049180328,True,4.0,4,0.0,2.4530605510641807,8,0.13,,accepted,recommended
APP002264,JOB00404,CAN01379,ca_introduction,2026-07-10,2550.0,2200.0,-0.13725490196078433,0.13725490196078433,True,4.0,3,1.0,2.4530605510641807,5,0.13,,,screened_out
APP002265,JOB00460,CAN00162,self_entry,2026-07-10,2400.0,2400.0,0.0,0.0,True,4.0,5,-1.0,2.4530605510641807,7,0.1,,accepted,recommended
APP002266,JOB00433,CAN00574,ca_introduction,2026-07-11,2000.0,2150.0,0.075,0.0,True,4.0,3,1.0,2.4530605510641807,7,0.1,,rejected,rejected
APP002267,JOB00486,CAN01671,ca_introduction,2026-07-11,1300.0,1350.0,0.038461538461538464,0.0,True,1.0,1,0.0,2.4530605510641807,8,0.1,,accepted,recommended
APP002268,JOB00404,CAN01853,ca_introduction,2026-07-11,2300.0,2200.0,-0.043478260869565216,0.043478260869565216,True,3.0,3,0.0,2.4530605510641807,6,0.07,,accepted,recommended
APP002269,JOB00457,CAN01077,self_entry,2026-07-11,1850.0,3200.0,0.7297297297297297,0.0,True,3.0,3,0.0,2.4530605510641807,7,0.1,pre_recommendation,,withdrawn
APP002270,JOB00611,CAN01249,ca_introduction,2026-07-12,1650.0,1500.0,-0.09090909090909091,0.09090909090909091,True,2.0,2,0.0,2.4530605510641807,7,0.13,,accepted,recommended
APP002271,JOB00652,CAN01703,ca_introduction,2026-07-12,2300.0,2150.0,-0.06521739130434782,0.06521739130434782,True,3.0,3,0.0,2.4530605510641807,6,0.1,pre_recommendation,,withdrawn
APP002272,JOB00736,CAN00192,self_entry,2026-07-12,3600.0,1350.0,-0.625,0.625,False,,1,,2.4530605510641807,6,0.17,,,screened_out
APP002273,JOB00356,CAN00312,self_entry,2026-07-12,1250.0,1950.0,0.56,0.0,False,,4,,2.4530605510641807,7,0.1,pre_recommendation,,withdrawn
APP002274,JOB00369,CAN01825,self_entry,2026-07-12,1350.0,1250.0,-0.07407407407407407,0.07407407407407407,True,1.0,1,0.0,2.4530605510641807,7,0.13,,accepted,recommended
APP002275,JOB00679,CAN01703,ca_introduction,2026-07-13,2300.0,2300.0,0.0,0.0,True,3.0,4,-1.0,2.4530605510641807,6,0.07,,,screened_out
APP002276,JOB00567,CAN00342,self_entry,2026-07-13,3000.0,1550.0,-0.48333333333333334,0.48333333333333334,False,,2,,2.4530605510641807,6,0.17,,,screened_out
APP002277,JOB00697,CAN01380,self_entry,2026-07-13,3550.0,3250.0,-0.08450704225352113,0.08450704225352113,False,,4,,2.4530605510641807,7,0.13,,,screened_out
APP002278,JOB00746,CAN01818,self_entry,2026-07-13,1750.0,2300.0,0.3142857142857143,0.0,False,,4,,2.4530605510641807,7,0.1,,,screened_out
APP002279,JOB00792,CAN01176,ca_introduction,2026-07-14,2300.0,2250.0,-0.021739130434782608,0.021739130434782608,True,3.0,3,0.0,2.4530605510641807,7,0.1,,accepted,recommended
APP002280,JOB00725,CAN01762,ca_introduction,2026-07-14,1450.0,1450.0,0.0,0.0,True,1.0,1,0.0,2.4530605510641807,5,0.07,pre_recommendation,,withdrawn
APP002281,JOB00695,CAN00212,ca_introduction,2026-07-14,3600.0,3050.0,-0.1527777777777778,0.1527777777777778,True,3.0,3,0.0,2.4530605510641807,6,0.17,,accepted,recommended
APP002282,JOB00175,CAN00212,ca_introduction,2026-07-14,3600.0,3200.0,-0.1111111111111111,0.1111111111111111,True,3.0,4,-1.0,2.4530605510641807,7,0.16,,accepted,recommended
APP002283,JOB00664,CAN00290,self_entry,2026-07-14,2000.0,2250.0,0.125,0.0,False,,4,,2.4530605510641807,8,0.1,,,screened_out
APP002284,JOB00506,CAN00549,self_entry,2026-07-14,1900.0,2300.0,0.21052631578947367,0.0,False,,3,,2.4530605510641807,8,0.1,,,screened_out
APP002285,JOB00598,CAN01923,self_entry,2026-07-14,2550.0,2250.0,-0.11764705882352941,0.11764705882352941,True,3.0,3,0.0,2.4530605510641807,8,0.16,,accepted,recommended
APP002286,JOB00488,CAN01330,ca_introduction,2026-07-15,1200.0,1300.0,0.08333333333333333,0.0,True,1.0,1,0.0,2.4530605510641807,7,0.1,,accepted,recommended
APP002287,JOB00486,CAN01330,ca_introduction,2026-07-15,1200.0,1350.0,0.125,0.0,True,1.0,1,0.0,2.4530605510641807,5,0.07,,accepted,recommended
APP002288,JOB00086,CAN01550,ca_introduction,2026-07-15,1200.0,1200.0,0.0,0.0,True,1.0,1,0.0,2.4530605510641807,6,0.07,,accepted,recommended
APP002289,JOB00333,CAN01550,ca_introduction,2026-07-15,1200.0,1200.0,0.0,0.0,True,1.0,1,0.0,2.4530605510641807,5,0.07,,accepted,recommended
APP002290,JOB00664,CAN00992,ca_introduction,2026-07-15,2100.0,2250.0,0.07142857142857142,0.0,True,3.0,4,-1.0,2.4530605510641807,6,0.07,,accepted,recommended
APP002291,JOB00085,CAN01883,ca_introduction,2026-07-15,1450.0,1500.0,0.034482758620689655,0.0,True,1.0,2,-1.0,2.4530605510641807,3,0.04,,accepted,recommended
APP002292,JOB00490,CAN00691,self_entry,2026-07-15,2400.0,2300.0,-0.041666666666666664,0.041666666666666664,False,,3,,2.4530605510641807,7,0.1,,,screened_out
APP002293,JOB00775,CAN00707,self_entry,2026-07-15,1200.0,1450.0,0.20833333333333334,0.0,False,,2,,2.4530605510641807,5,0.07,,rejected,rejected
APP002294,JOB00375,CAN00907,self_entry,2026-07-15,2100.0,2200.0,0.047619047619047616,0.0,True,3.0,4,-1.0,2.4530605510641807,6,0.07,pre_recommendation,,withdrawn
APP002295,JOB00085,CAN00464,ca_introduction,2026-07-16,1400.0,1500.0,0.07142857142857142,0.0,False,,2,,2.4530605510641807,6,0.07,,,screened_out
APP002296,JOB00796,CAN00919,ca_introduction,2026-07-16,3400.0,3100.0,-0.08823529411764706,0.08823529411764706,True,5.0,4,1.0,2.4530605510641807,6,0.1,,accepted,recommended
APP002297,JOB00792,CAN01010,ca_introduction,2026-07-16,1950.0,2250.0,0.15384615384615385,0.0,True,2.0,3,-1.0,2.4530605510641807,6,0.07,,accepted,recommended
APP002298,JOB00775,CAN00954,ca_introduction,2026-07-16,1550.0,1450.0,-0.06451612903225806,0.06451612903225806,True,2.0,2,0.0,2.4530605510641807,7,0.13,,rejected,rejected
APP002299,JOB00547,CAN01255,ca_introduction,2026-07-16,2050.0,2100.0,0.024390243902439025,0.0,True,2.0,3,-1.0,2.4530605510641807,5,0.07,,rejected,rejected
APP002300,JOB00566,CAN00261,self_entry,2026-07-16,2250.0,1350.0,-0.4,0.4,False,,1,,2.4530605510641807,7,0.2,,,screened_out
APP002301,JOB00704,CAN00467,self_entry,2026-07-16,3500.0,1800.0,-0.4857142857142857,0.4857142857142857,False,,2,,2.4530605510641807,8,0.2,,accepted,recommended
APP002302,JOB00505,CAN01339,ca_introduction,2026-07-17,1500.0,1350.0,-0.1,0.1,True,1.0,1,0.0,2.4530605510641807,6,0.13,,accepted,recommended
APP002303,JOB00568,CAN00622,self_entry,2026-07-17,1250.0,2300.0,0.84,0.0,False,,3,,2.4530605510641807,5,0.07,,,screened_out
APP002304,JOB00768,CAN01172,self_entry,2026-07-17,3200.0,2300.0,-0.28125,0.28125,False,,4,,2.4530605510641807,5,0.17,,,screened_out
APP002305,JOB00408,CAN01939,self_entry,2026-07-17,1450.0,1200.0,-0.1724137931034483,0.1724137931034483,True,2.0,1,1.0,2.4530605510641807,6,0.17,,rejected,rejected
APP002306,JOB00532,CAN00440,ca_introduction,2026-07-18,2600.0,2250.0,-0.1346153846153846,0.1346153846153846,True,3.0,3,0.0,2.4530605510641807,7,0.16,,accepted,recommended
APP002307,JOB00415,CAN01320,ca_introduction,2026-07-18,2300.0,2300.0,0.0,0.0,True,3.0,3,0.0,2.4530605510641807,5,0.07,,accepted,recommended
APP002308,JOB00490,CAN01634,ca_introduction,2026-07-18,2500.0,2300.0,-0.08,0.08,True,3.0,3,0.0,2.4530605510641807,7,0.13,,accepted,recommended
APP002309,JOB00361,CAN00355,ca_introduction,2026-07-18,2300.0,2250.0,-0.021739130434782608,0.021739130434782608,True,3.0,4,-1.0,2.4530605510641807,8,0.1,,,screened_out
APP002310,JOB00256,CAN01009,ca_introduction,2026-07-18,1850.0,1450.0,-0.21621621621621623,0.21621621621621623,True,2.0,2,0.0,2.4530605510641807,7,0.2,,,screened_out
APP002311,JOB00401,CAN01820,ca_introduction,2026-07-18,1300.0,1450.0,0.11538461538461539,0.0,True,1.0,1,0.0,2.4530605510641807,5,0.07,,rejected,rejected
APP002312,JOB00736,CAN00056,self_entry,2026-07-18,2150.0,1350.0,-0.37209302325581395,0.37209302325581395,False,,1,,2.4530605510641807,7,0.2,,accepted,recommended
APP002313,JOB00545,CAN00660,self_entry,2026-07-18,3950.0,3200.0,-0.189873417721519,0.189873417721519,True,5.0,5,0.0,2.4530605510641807,6,0.17,,accepted,recommended
APP002314,JOB00369,CAN01349,self_entry,2026-07-18,1200.0,1250.0,0.041666666666666664,0.0,True,1.0,1,0.0,2.4530605510641807,8,0.1,,accepted,recommended
APP002315,JOB00046,CAN01820,ca_introduction,2026-07-19,1300.0,1300.0,0.0,0.0,True,1.0,1,0.0,2.4530605510641807,8,0.1,,accepted,recommended
APP002316,JOB00791,CAN01948,ca_introduction,2026-07-19,1350.0,1400.0,0.037037037037037035,0.0,True,2.0,1,1.0,2.4530605510641807,6,0.07,pre_recommendation,,withdrawn
APP002317,JOB00410,CAN01948,ca_introduction,2026-07-19,1350.0,1500.0,0.1111111111111111,0.0,True,2.0,2,0.0,2.4530605510641807,5,0.07,,accepted,recommended
APP002318,JOB00433,CAN00072,self_entry,2026-07-19,2250.0,2150.0,-0.044444444444444446,0.044444444444444446,False,,3,,2.4530605510641807,5,0.07,,,screened_out
APP002319,JOB00736,CAN01244,self_entry,2026-07-19,2500.0,1350.0,-0.46,0.46,False,,1,,2.4530605510641807,6,0.17,,,screened_out
APP002320,JOB00397,CAN01402,self_entry,2026-07-19,1300.0,3000.0,1.3076923076923077,0.0,False,,5,,2.4530605510641807,6,0.07,,,screened_out
APP002321,JOB00647,CAN00905,ca_introduction,2026-07-20,1550.0,1250.0,-0.1935483870967742,0.1935483870967742,True,2.0,1,1.0,2.4530605510641807,6,0.17,,accepted,recommended
APP002322,JOB00633,CAN00908,ca_introduction,2026-07-20,1300.0,1300.0,0.0,0.0,True,1.0,2,-1.0,2.4530605510641807,3,0.04,pre_recommendation,,withdrawn
APP002323,JOB00752,CAN00491,ca_introduction,2026-07-20,1450.0,1350.0,-0.06896551724137931,0.06896551724137931,True,1.0,1,0.0,2.4530605510641807,6,0.1,,accepted,recommended
APP002324,JOB00786,CAN01394,ca_introduction,2026-07-20,3250.0,2750.0,-0.15384615384615385,0.15384615384615385,True,4.0,5,-1.0,2.4530605510641807,7,0.2,pre_recommendation,,withdrawn
APP002325,JOB00369,CAN00277,self_entry,2026-07-20,1250.0,1250.0,0.0,0.0,True,1.0,1,0.0,2.4530605510641807,7,0.1,,accepted,recommended
APP002326,JOB00465,CAN00707,self_entry,2026-07-20,1200.0,1550.0,0.2916666666666667,0.0,False,,2,,2.4530605510641807,7,0.1,,rejected,rejected
APP002327,JOB00746,CAN01207,self_entry,2026-07-20,2050.0,2300.0,0.12195121951219512,0.0,True,4.0,4,0.0,2.4530605510641807,5,0.07,,accepted,recommended
APP002328,JOB00736,CAN01671,self_entry,2026-07-20,1300.0,1350.0,0.038461538461538464,0.0,True,1.0,1,0.0,2.4530605510641807,6,0.07,,accepted,recommended
APP002329,JOB00333,CAN00242,ca_introduction,2026-07-21,1200.0,1200.0,0.0,0.0,True,1.0,1,0.0,2.4530605510641807,6,0.07,,accepted,recommended
APP002330,JOB00401,CAN00491,ca_introduction,2026-07-21,1450.0,1450.0,0.0,0.0,True,1.0,1,0.0,2.4530605510641807,6,0.07,,accepted,recommended
APP002331,JOB00402,CAN01394,ca_introduction,2026-07-21,3250.0,3000.0,-0.07692307692307693,0.07692307692307693,True,4.0,4,0.0,2.4530605510641807,5,0.1,,accepted,recommended
APP002332,JOB00786,CAN01852,ca_introduction,2026-07-21,3300.0,2750.0,-0.16666666666666666,0.16666666666666666,True,4.0,5,-1.0,2.4530605510641807,7,0.2,,accepted,recommended
APP002333,JOB00679,CAN00903,ca_introduction,2026-07-21,2500.0,2300.0,-0.08,0.08,True,4.0,4,0.0,2.4530605510641807,6,0.1,,accepted,recommended
APP002334,JOB00513,CAN01499,ca_introduction,2026-07-21,1700.0,1550.0,-0.08823529411764706,0.08823529411764706,True,2.0,2,0.0,2.4530605510641807,6,0.1,,accepted,recommended
APP002335,JOB00796,CAN01875,ca_introduction,2026-07-21,3350.0,3100.0,-0.07462686567164178,0.07462686567164178,True,4.0,4,0.0,2.4530605510641807,6,0.1,,accepted,recommended
APP002336,JOB00482,CAN00061,self_entry,2026-07-21,1400.0,2750.0,0.9642857142857143,0.0,False,,4,,2.4530605510641807,7,0.1,,,screened_out
APP002337,JOB00792,CAN00712,self_entry,2026-07-21,2400.0,2250.0,-0.0625,0.0625,False,,3,,2.4530605510641807,6,0.1,,,screened_out
APP002338,JOB00787,CAN00810,self_entry,2026-07-21,1200.0,2200.0,0.8333333333333334,0.0,False,,4,,2.4530605510641807,6,0.07,,,screened_out
APP002339,JOB00746,CAN01100,self_entry,2026-07-21,3150.0,2300.0,-0.2698412698412698,0.2698412698412698,True,4.0,4,0.0,2.4530605510641807,7,0.2,pre_recommendation,,withdrawn
APP002340,JOB00433,CAN01149,self_entry,2026-07-21,2300.0,2150.0,-0.06521739130434782,0.06521739130434782,False,,3,,2.4530605510641807,5,0.1,,,screened_out
APP002341,JOB00520,CAN01472,self_entry,2026-07-21,3600.0,2050.0,-0.4305555555555556,0.4305555555555556,False,,4,,2.4530605510641807,7,0.2,,,screened_out
APP002342,JOB00433,CAN01587,self_entry,2026-07-21,1200.0,2150.0,0.7916666666666666,0.0,False,,3,,2.4530605510641807,6,0.07,,,screened_out
APP002343,JOB00542,CAN01887,self_entry,2026-07-21,2150.0,1750.0,-0.18604651162790697,0.18604651162790697,False,,3,,2.4530605510641807,6,0.17,,,screened_out
APP002344,JOB00462,CAN01186,ca_introduction,2026-07-22,1550.0,1550.0,0.0,0.0,True,2.0,2,0.0,2.4530605510641807,4,0.04,,accepted,recommended
APP002345,JOB00645,CAN01875,ca_introduction,2026-07-22,3350.0,3050.0,-0.08955223880597014,0.08955223880597014,True,4.0,4,0.0,2.4530605510641807,6,0.1,,accepted,recommended
APP002346,JOB00347,CAN00624,ca_introduction,2026-07-22,1900.0,1550.0,-0.18421052631578946,0.18421052631578946,True,3.0,2,1.0,2.4530605510641807,6,0.17,,accepted,recommended
APP002347,JOB00604,CAN00691,ca_introduction,2026-07-22,2400.0,2250.0,-0.0625,0.0625,True,3.0,4,-1.0,2.4530605510641807,7,0.13,,accepted,recommended
APP002348,JOB00695,CAN00021,self_entry,2026-07-22,2250.0,3050.0,0.35555555555555557,0.0,True,4.0,3,1.0,2.4530605510641807,6,0.07,,accepted,recommended
APP002349,JOB00692,CAN00983,self_entry,2026-07-22,3400.0,1700.0,-0.5,0.5,False,,4,,2.4530605510641807,6,0.17,,,screened_out
APP002350,JOB00721,CAN01377,self_entry,2026-07-22,1300.0,2000.0,0.5384615384615384,0.0,False,,3,,2.4530605510641807,7,0.1,,,screened_out
APP002351,JOB00467,CAN00240,ca_introduction,2026-07-23,2300.0,2300.0,0.0,0.0,True,3.0,4,-1.0,2.4530605510641807,6,0.07,,rejected,rejected
APP002352,JOB00524,CAN00855,ca_introduction,2026-07-23,2400.0,2200.0,-0.08333333333333333,0.08333333333333333,True,3.0,3,0.0,2.4530605510641807,6,0.1,pre_recommendation,,withdrawn
APP002353,JOB00566,CAN00062,self_entry,2026-07-23,1400.0,1350.0,-0.03571428571428571,0.03571428571428571,False,,1,,2.4530605510641807,6,0.07,,rejected,rejected
APP002354,JOB00575,CAN01000,self_entry,2026-07-23,1300.0,1350.0,0.038461538461538464,0.0,True,1.0,1,0.0,2.4530605510641807,6,0.07,pre_recommendation,,withdrawn
APP002355,JOB00768,CAN01604,self_entry,2026-07-23,1500.0,2300.0,0.5333333333333333,0.0,True,3.0,4,-1.0,2.4530605510641807,6,0.07,,rejected,rejected
APP002356,JOB00046,CAN01671,ca_introduction,2026-07-24,1300.0,1300.0,0.0,0.0,True,1.0,1,0.0,2.4530605510641807,7,0.1,,accepted,recommended
APP002357,JOB00488,CAN01671,ca_introduction,2026-07-24,1300.0,1300.0,0.0,0.0,True,1.0,1,0.0,2.4530605510641807,6,0.07,,accepted,recommended
APP002358,JOB00547,CAN00243,ca_introduction,2026-07-24,2200.0,2100.0,-0.045454545454545456,0.045454545454545456,True,2.0,3,-1.0,2.4530605510641807,6,0.07,,rejected,rejected
APP002359,JOB00553,CAN00851,ca_introduction,2026-07-24,1300.0,1350.0,0.038461538461538464,0.0,True,1.0,2,-1.0,2.4530605510641807,7,0.1,,rejected,rejected
APP002360,JOB00775,CAN00085,self_entry,2026-07-24,1200.0,1450.0,0.20833333333333334,0.0,True,2.0,2,0.0,2.4530605510641807,6,0.07,,accepted,recommended
APP002361,JOB00617,CAN00129,self_entry,2026-07-24,2250.0,2850.0,0.26666666666666666,0.0,False,,4,,2.4530605510641807,7,0.1,,,screened_out
APP002362,JOB00775,CAN00159,self_entry,2026-07-24,1400.0,1450.0,0.03571428571428571,0.0,True,1.0,2,-1.0,2.4530605510641807,8,0.1,,rejected,rejected
APP002363,JOB00692,CAN00326,self_entry,2026-07-24,1600.0,1700.0,0.0625,0.0,True,2.0,4,-2.0,2.4530605510641807,6,0.07,,rejected,rejected
APP002364,JOB00770,CAN00919,self_entry,2026-07-24,3400.0,3050.0,-0.10294117647058823,0.10294117647058823,True,5.0,3,2.0,2.4530605510641807,7,0.16,,accepted,recommended
APP002365,JOB00505,CAN00851,ca_introduction,2026-07-25,1300.0,1350.0,0.038461538461538464,0.0,True,1.0,1,0.0,2.4530605510641807,5,0.07,,accepted,recommended
APP002366,JOB00734,CAN01427,ca_introduction,2026-07-25,2400.0,2250.0,-0.0625,0.0625,True,4.0,4,0.0,2.4530605510641807,5,0.1,,rejected,rejected
APP002367,JOB00688,CAN01579,ca_introduction,2026-07-25,2600.0,2350.0,-0.09615384615384616,0.09615384615384616,True,4.0,3,1.0,2.4530605510641807,7,0.13,,accepted,recommended
APP002368,JOB00470,CAN01579,ca_introduction,2026-07-25,2600.0,2300.0,-0.11538461538461539,0.11538461538461539,True,4.0,3,1.0,2.4530605510641807,6,0.13,,accepted,recommended
APP002369,JOB00728,CAN00475,ca_introduction,2026-07-25,1600.0,1550.0,-0.03125,0.03125,True,1.0,1,0.0,2.4530605510641807,7,0.1,,accepted,recommended
APP002370,JOB00791,CAN00103,self_entry,2026-07-25,1350.0,1400.0,0.037037037037037035,0.0,True,1.0,1,0.0,2.4530605510641807,6,0.07,,accepted,recommended
APP002371,JOB00433,CAN00145,self_entry,2026-07-25,2200.0,2150.0,-0.022727272727272728,0.022727272727272728,True,3.0,3,0.0,2.4530605510641807,5,0.07,pre_recommendation,,withdrawn
APP002372,JOB00369,CAN00486,self_entry,2026-07-25,1300.0,1250.0,-0.038461538461538464,0.038461538461538464,True,2.0,1,1.0,2.4530605510641807,5,0.07,,accepted,recommended
APP002373,JOB00446,CAN01026,self_entry,2026-07-25,3150.0,2950.0,-0.06349206349206349,0.06349206349206349,True,4.0,4,0.0,2.4530605510641807,7,0.13,,accepted,recommended
APP002374,JOB00737,CAN01455,self_entry,2026-07-25,1350.0,1300.0,-0.037037037037037035,0.037037037037037035,False,,2,,2.4530605510641807,6,0.07,,rejected,rejected
APP002375,JOB00664,CAN00785,self_entry,2026-07-26,2350.0,2250.0,-0.0425531914893617,0.0425531914893617,True,3.0,4,-1.0,2.4530605510641807,7,0.1,,accepted,recommended
APP002376,JOB00775,CAN00800,self_entry,2026-07-26,1300.0,1450.0,0.11538461538461539,0.0,True,1.0,2,-1.0,2.4530605510641807,7,0.1,,rejected,rejected
APP002377,JOB00410,CAN00907,self_entry,2026-07-26,2100.0,1500.0,-0.2857142857142857,0.2857142857142857,False,,2,,2.4530605510641807,5,0.17,,accepted,recommended
APP002378,JOB00545,CAN01083,self_entry,2026-07-26,2250.0,3200.0,0.4222222222222222,0.0,True,4.0,5,-1.0,2.4530605510641807,7,0.1,,accepted,recommended
APP002379,JOB00506,CAN01244,self_entry,2026-07-26,2500.0,2300.0,-0.08,0.08,False,,3,,2.4530605510641807,7,0.13,,rejected,rejected
APP002380,JOB00470,CAN01634,ca_introduction,2026-07-27,2500.0,2300.0,-0.08,0.08,True,3.0,3,0.0,2.4530605510641807,7,0.13,,accepted,recommended
APP002381,JOB00578,CAN01006,self_entry,2026-07-27,1350.0,1600.0,0.18518518518518517,0.0,True,2.0,2,0.0,2.4530605510641807,8,0.1,,,screened_out
APP002382,JOB00446,CAN01190,self_entry,2026-07-27,3350.0,2950.0,-0.11940298507462686,0.11940298507462686,True,4.0,4,0.0,2.4530605510641807,5,0.13,,accepted,recommended
APP002383,JOB00575,CAN01604,self_entry,2026-07-27,1500.0,1350.0,-0.1,0.1,True,1.0,1,0.0,2.4530605510641807,7,0.16,,rejected,rejected
APP002384,JOB00729,CAN01771,self_entry,2026-07-27,2250.0,2100.0,-0.06666666666666667,0.06666666666666667,True,4.0,5,-1.0,2.4530605510641807,8,0.13,pre_recommendation,,withdrawn
APP002385,JOB00588,CAN01946,self_entry,2026-07-27,1250.0,1400.0,0.12,0.0,True,1.0,1,0.0,2.4530605510641807,5,0.07,pre_recommendation,,withdrawn
APP002386,JOB00063,CAN00592,ca_introduction,2026-07-28,1650.0,1600.0,-0.030303030303030304,0.030303030303030304,False,,2,,2.4530605510641807,7,0.1,,,screened_out
APP002387,JOB00752,CAN01330,ca_introduction,2026-07-28,1200.0,1350.0,0.125,0.0,True,1.0,1,0.0,2.4530605510641807,6,0.07,,accepted,recommended
APP002388,JOB00575,CAN01368,ca_introduction,2026-07-28,1250.0,1350.0,0.08,0.0,True,1.0,1,0.0,2.4530605510641807,4,0.04,,accepted,recommended
APP002389,JOB00063,CAN00279,ca_introduction,2026-07-28,1600.0,1600.0,0.0,0.0,True,2.0,2,0.0,2.4530605510641807,6,0.07,,rejected,rejected
APP002390,JOB00711,CAN00429,ca_introduction,2026-07-28,1450.0,1200.0,-0.1724137931034483,0.1724137931034483,True,1.0,1,0.0,2.4530605510641807,6,0.17,pre_recommendation,,withdrawn
APP002391,JOB00792,CAN00051,self_entry,2026-07-28,2200.0,2250.0,0.022727272727272728,0.0,True,3.0,3,0.0,2.4530605510641807,8,0.1,,accepted,recommended
APP002392,JOB00490,CAN00440,self_entry,2026-07-28,2600.0,2300.0,-0.11538461538461539,0.11538461538461539,True,3.0,3,0.0,2.4530605510641807,6,0.13,,accepted,recommended
APP002393,JOB00508,CAN01284,self_entry,2026-07-28,2600.0,2400.0,-0.07692307692307693,0.07692307692307693,True,4.0,4,0.0,2.4530605510641807,7,0.13,,accepted,recommended
APP002394,JOB00593,CAN01950,self_entry,2026-07-28,1500.0,1300.0,-0.13333333333333333,0.13333333333333333,True,2.0,1,1.0,2.4530605510641807,7,0.16,pre_recommendation,,withdrawn
APP002395,JOB00505,CAN00429,ca_introduction,2026-07-29,1450.0,1350.0,-0.06896551724137931,0.06896551724137931,True,1.0,1,0.0,2.4530605510641807,7,0.13,,accepted,recommended
APP002396,JOB00472,CAN01377,ca_introduction,2026-07-29,1300.0,1300.0,0.0,0.0,False,,1,,2.4530605510641807,6,0.07,,,screened_out
APP002397,JOB00085,CAN00486,ca_introduction,2026-07-29,1300.0,1500.0,0.15384615384615385,0.0,False,,2,,2.4530605510641807,7,0.1,,rejected,rejected
APP002398,JOB00384,CAN01128,ca_introduction,2026-07-29,3550.0,3150.0,-0.11267605633802817,0.11267605633802817,True,4.0,4,0.0,2.4530605510641807,6,0.13,,accepted,recommended
APP002399,JOB00673,CAN01379,ca_introduction,2026-07-29,2550.0,2300.0,-0.09803921568627451,0.09803921568627451,True,4.0,4,0.0,2.4530605510641807,5,0.1,,accepted,recommended
APP002400,JOB00063,CAN01555,ca_introduction,2026-07-29,1600.0,1600.0,0.0,0.0,True,2.0,2,0.0,2.4530605510641807,7,0.1,,accepted,recommended
APP002401,JOB00524,CAN00404,self_entry,2026-07-29,2350.0,2200.0,-0.06382978723404255,0.06382978723404255,True,4.0,3,1.0,2.4530605510641807,4,0.07,,accepted,recommended
APP002402,JOB00536,CAN00691,self_entry,2026-07-29,2400.0,2950.0,0.22916666666666666,0.0,False,,4,,2.4530605510641807,6,0.07,,,screened_out
APP002403,JOB00687,CAN01090,self_entry,2026-07-29,2150.0,1250.0,-0.4186046511627907,0.4186046511627907,False,,2,,2.4530605510641807,7,0.2,,rejected,rejected
APP002404,JOB00397,CAN01814,self_entry,2026-07-29,3050.0,3000.0,-0.01639344262295082,0.01639344262295082,True,4.0,5,-1.0,2.4530605510641807,8,0.1,,,screened_out
APP002405,JOB00670,CAN01379,ca_introduction,2026-07-30,2550.0,2300.0,-0.09803921568627451,0.09803921568627451,True,4.0,3,1.0,2.4530605510641807,8,0.13,,accepted,recommended
APP002406,JOB00086,CAN01604,ca_introduction,2026-07-30,1500.0,1200.0,-0.2,0.2,False,,1,,2.4530605510641807,5,0.17,,,screened_out
APP002407,JOB00096,CAN01944,ca_introduction,2026-07-30,2350.0,2250.0,-0.0425531914893617,0.0425531914893617,True,3.0,3,0.0,2.4530605510641807,6,0.07,,accepted,recommended
APP002408,JOB00575,CAN01055,self_entry,2026-07-30,1400.0,1350.0,-0.03571428571428571,0.03571428571428571,True,1.0,1,0.0,2.4530605510641807,8,0.1,,accepted,recommended
APP002409,JOB00480,CAN01407,self_entry,2026-07-30,1800.0,3150.0,0.75,0.0,False,,4,,2.4530605510641807,7,0.1,pre_recommendation,,withdrawn
APP002410,JOB00516,CAN01570,self_entry,2026-07-30,3450.0,3150.0,-0.08695652173913043,0.08695652173913043,True,4.0,4,0.0,2.4530605510641807,7,0.13,pre_recommendation,,withdrawn
APP002411,JOB00441,CAN01810,self_entry,2026-07-30,1200.0,1450.0,0.20833333333333334,0.0,True,1.0,1,0.0,2.4530605510641807,7,0.1,pre_recommendation,,withdrawn
APP002412,JOB00376,CAN00483,ca_introduction,2026-07-31,2500.0,2600.0,0.04,0.0,True,3.0,4,-1.0,2.4530605510641807,7,0.1,,accepted,recommended
APP002413,JOB00490,CAN00483,ca_introduction,2026-08-01,2500.0,2300.0,-0.08,0.08,True,3.0,3,0.0,2.567398119122257,8,0.13,,accepted,recommended
APP002414,JOB00036,CAN00815,ca_introduction,2026-08-01,1900.0,1950.0,0.02631578947368421,0.0,True,2.0,3,-1.0,2.567398119122257,5,0.07,,rejected,rejected
APP002415,JOB00321,CAN01716,ca_introduction,2026-08-01,3300.0,2900.0,-0.12121212121212122,0.12121212121212122,True,3.0,3,0.0,2.567398119122257,7,0.16,,accepted,recommended
APP002416,JOB00684,CAN00081,ca_introduction,2026-08-01,2300.0,2400.0,0.043478260869565216,0.0,True,4.0,4,0.0,2.567398119122257,7,0.1,,accepted,recommended
APP002417,JOB00138,CAN00372,ca_introduction,2026-08-01,2000.0,2750.0,0.375,0.0,True,4.0,4,0.0,2.567398119122257,7,0.1,,accepted,recommended
APP002418,JOB00482,CAN00448,ca_introduction,2026-08-01,2950.0,2750.0,-0.06779661016949153,0.06779661016949153,True,3.0,4,-1.0,2.567398119122257,7,0.13,,rejected,rejected
APP002419,JOB00259,CAN01349,ca_introduction,2026-08-01,1200.0,1200.0,0.0,0.0,True,1.0,1,0.0,2.567398119122257,6,0.07,,rejected,rejected
APP002420,JOB00754,CAN00408,self_entry,2026-08-01,2400.0,1400.0,-0.4166666666666667,0.4166666666666667,False,,1,,2.567398119122257,7,0.2,,,screened_out
APP002421,JOB00664,CAN00612,self_entry,2026-08-01,1750.0,2250.0,0.2857142857142857,0.0,False,,4,,2.567398119122257,7,0.1,,,screened_out
APP002422,JOB00790,CAN00831,self_entry,2026-08-01,1250.0,1250.0,0.0,0.0,True,1.0,1,0.0,2.567398119122257,8,0.1,,rejected,rejected
APP002423,JOB00684,CAN01793,self_entry,2026-08-01,2250.0,2400.0,0.06666666666666667,0.0,True,3.0,4,-1.0,2.567398119122257,4,0.04,,accepted,recommended
APP002424,JOB00575,CAN00612,ca_introduction,2026-08-02,1750.0,1350.0,-0.22857142857142856,0.22857142857142856,True,1.0,1,0.0,2.567398119122257,7,0.2,,,screened_out
APP002425,JOB00421,CAN00155,ca_introduction,2026-08-02,2300.0,2100.0,-0.08695652173913043,0.08695652173913043,True,3.0,3,0.0,2.567398119122257,7,0.13,,accepted,recommended
APP002426,JOB00457,CAN00467,ca_introduction,2026-08-02,3500.0,3200.0,-0.08571428571428572,0.08571428571428572,True,4.0,3,1.0,2.567398119122257,6,0.1,,accepted,recommended
APP002427,JOB00547,CAN00778,ca_introduction,2026-08-02,1900.0,2100.0,0.10526315789473684,0.0,True,2.0,3,-1.0,2.567398119122257,7,0.1,pre_recommendation,,withdrawn
APP002428,JOB00379,CAN00989,ca_introduction,2026-08-02,3600.0,3250.0,-0.09722222222222222,0.09722222222222222,True,5.0,5,0.0,2.567398119122257,6,0.1,,rejected,rejected
APP002429,JOB00559,CAN00173,self_entry,2026-08-02,2850.0,2400.0,-0.15789473684210525,0.15789473684210525,True,3.0,4,-1.0,2.567398119122257,7,0.2,,rejected,rejected
APP002430,JOB00356,CAN00675,self_entry,2026-08-02,1350.0,1950.0,0.4444444444444444,0.0,False,,4,,2.567398119122257,6,0.07,,,screened_out
APP002431,JOB00490,CAN00715,self_entry,2026-08-02,2350.0,2300.0,-0.02127659574468085,0.02127659574468085,True,3.0,3,0.0,2.567398119122257,7,0.1,,rejected,rejected
APP002432,JOB00410,CAN00741,self_entry,2026-08-02,1500.0,1500.0,0.0,0.0,True,2.0,2,0.0,2.567398119122257,5,0.07,,rejected,rejected
APP002433,JOB00760,CAN00797,self_entry,2026-08-02,1400.0,1450.0,0.03571428571428571,0.0,False,,3,,2.567398119122257,5,0.07,pre_recommendation,,withdrawn
APP002434,JOB00503,CAN01430,self_entry,2026-08-02,2350.0,2150.0,-0.0851063829787234,0.0851063829787234,True,3.0,3,0.0,2.567398119122257,5,0.1,,accepted,recommended
APP002435,JOB00578,CAN01716,self_entry,2026-08-02,3300.0,1600.0,-0.5151515151515151,0.5151515151515151,False,,2,,2.567398119122257,6,0.17,,,screened_out
APP002436,JOB00476,CAN00989,ca_introduction,2026-08-03,3600.0,3250.0,-0.09722222222222222,0.09722222222222222,True,5.0,5,0.0,2.567398119122257,5,0.1,,accepted,recommended
APP002437,JOB00513,CAN01249,ca_introduction,2026-08-03,1650.0,1550.0,-0.06060606060606061,0.06060606060606061,True,2.0,2,0.0,2.567398119122257,6,0.1,,rejected,rejected
APP002438,JOB00063,CAN01474,ca_introduction,2026-08-03,1550.0,1600.0,0.03225806451612903,0.0,True,2.0,2,0.0,2.567398119122257,6,0.07,,accepted,recommended
APP002439,JOB00187,CAN00555,ca_introduction,2026-08-03,2400.0,2200.0,-0.08333333333333333,0.08333333333333333,True,4.0,4,0.0,2.567398119122257,8,0.13,,,screened_out
APP002440,JOB00704,CAN00835,ca_introduction,2026-08-03,1750.0,1800.0,0.02857142857142857,0.0,True,2.0,2,0.0,2.567398119122257,5,0.07,,accepted,recommended
APP002441,JOB00779,CAN00835,ca_introduction,2026-08-03,1750.0,1550.0,-0.11428571428571428,0.11428571428571428,True,2.0,2,0.0,2.567398119122257,7,0.16,,accepted,recommended
APP002442,JOB00453,CAN01853,ca_introduction,2026-08-03,2300.0,2100.0,-0.08695652173913043,0.08695652173913043,True,3.0,3,0.0,2.567398119122257,7,0.13,,accepted,recommended
APP002443,JOB00687,CAN00126,self_entry,2026-08-03,1200.0,1250.0,0.041666666666666664,0.0,True,1.0,2,-1.0,2.567398119122257,6,0.07,,accepted,recommended
APP002444,JOB00721,CAN00705,self_entry,2026-08-03,2600.0,2000.0,-0.23076923076923078,0.23076923076923078,False,,3,,2.567398119122257,8,0.2,,,screened_out
APP002445,JOB00441,CAN01040,self_entry,2026-08-03,2300.0,1450.0,-0.3695652173913043,0.3695652173913043,False,,1,,2.567398119122257,7,0.2,,,screened_out
APP002446,JOB00386,CAN01266,self_entry,2026-08-03,1350.0,1200.0,-0.1111111111111111,0.1111111111111111,True,1.0,1,0.0,2.567398119122257,7,0.16,,accepted,recommended
APP002447,JOB00557,CAN01850,self_entry,2026-08-03,2100.0,2250.0,0.07142857142857142,0.0,True,3.0,3,0.0,2.567398119122257,6,0.07,,accepted,recommended
APP002448,JOB00679,CAN00555,ca_introduction,2026-08-04,2400.0,2300.0,-0.041666666666666664,0.041666666666666664,True,4.0,4,0.0,2.567398119122257,7,0.1,,accepted,recommended
APP002449,JOB00547,CAN00555,ca_introduction,2026-08-04,2400.0,2100.0,-0.125,0.125,True,4.0,3,1.0,2.567398119122257,6,0.13,,accepted,recommended
APP002450,JOB00756,CAN01006,ca_introduction,2026-08-04,1350.0,1350.0,0.0,0.0,False,,2,,2.567398119122257,5,0.07,,,screened_out
APP002451,JOB00704,CAN00552,ca_introduction,2026-08-04,1700.0,1800.0,0.058823529411764705,0.0,True,2.0,2,0.0,2.567398119122257,6,0.07,pre_recommendation,,withdrawn
APP002452,JOB00754,CAN00552,ca_introduction,2026-08-04,1700.0,1400.0,-0.17647058823529413,0.17647058823529413,True,2.0,1,1.0,2.567398119122257,6,0.17,,rejected,rejected
APP002453,JOB00697,CAN00152,self_entry,2026-08-04,1500.0,3250.0,1.1666666666666667,0.0,False,,4,,2.567398119122257,6,0.07,,,screened_out
APP002454,JOB00784,CAN01216,self_entry,2026-08-04,3050.0,2150.0,-0.29508196721311475,0.29508196721311475,True,2.0,4,-2.0,2.567398119122257,8,0.2,pre_recommendation,,withdrawn
APP002455,JOB00453,CAN01681,self_entry,2026-08-04,1650.0,2100.0,0.2727272727272727,0.0,False,,3,,2.567398119122257,7,0.1,,,screened_out
APP002456,JOB00553,CAN01696,self_entry,2026-08-04,1300.0,1350.0,0.038461538461538464,0.0,True,1.0,2,-1.0,2.567398119122257,6,0.07,,accepted,recommended
APP002457,JOB00445,CAN00160,ca_introduction,2026-08-05,1250.0,1300.0,0.04,0.0,False,,1,,2.567398119122257,6,0.07,,rejected,rejected
APP002458,JOB00776,CAN00037,ca_introduction,2026-08-05,3250.0,2700.0,-0.16923076923076924,0.16923076923076924,True,4.0,4,0.0,2.567398119122257,8,0.2,,rejected,rejected
APP002459,JOB00771,CAN00212,ca_introduction,2026-08-05,3600.0,3300.0,-0.08333333333333333,0.08333333333333333,True,3.0,4,-1.0,2.567398119122257,6,0.1,pre_recommendation,,withdrawn
APP002460,JOB00457,CAN00212,ca_introduction,2026-08-05,3600.0,3200.0,-0.1111111111111111,0.1111111111111111,True,3.0,3,0.0,2.567398119122257,6,0.13,,accepted,recommended
APP002461,JOB00616,CAN01134,ca_introduction,2026-08-05,1600.0,1550.0,-0.03125,0.03125,True,1.0,2,-1.0,2.567398119122257,5,0.07,,,screened_out
APP002462,JOB00729,CAN01645,self_entry,2026-08-05,1350.0,2100.0,0.5555555555555556,0.0,False,,5,,2.567398119122257,7,0.1,,,screened_out
APP002463,JOB00375,CAN01771,self_entry,2026-08-05,2250.0,2200.0,-0.022222222222222223,0.022222222222222223,True,4.0,4,0.0,2.567398119122257,5,0.07,,accepted,recommended
APP002464,JOB00085,CAN00491,ca_introduction,2026-08-06,1450.0,1500.0,0.034482758620689655,0.0,True,1.0,2,-1.0,2.567398119122257,5,0.07,,rejected,rejected
APP002465,JOB00791,CAN00220,self_entry,2026-08-06,1500.0,1400.0,-0.06666666666666667,0.06666666666666667,False,,1,,2.567398119122257,7,0.13,,accepted,recommended
APP002466,JOB00777,CAN00922,self_entry,2026-08-06,1650.0,2100.0,0.2727272727272727,0.0,False,,3,,2.567398119122257,8,0.1,pre_recommendation,,withdrawn
APP002467,JOB00664,CAN00243,ca_introduction,2026-08-07,2200.0,2250.0,0.022727272727272728,0.0,True,2.0,4,-2.0,2.567398119122257,5,0.07,,accepted,recommended
APP002468,JOB00684,CAN00903,ca_introduction,2026-08-07,2500.0,2400.0,-0.04,0.04,True,4.0,4,0.0,2.567398119122257,3,0.04,,accepted,recommended
APP002469,JOB00036,CAN00903,ca_introduction,2026-08-07,2500.0,1950.0,-0.22,0.22,True,4.0,3,1.0,2.567398119122257,8,0.2,pre_recommendation,,withdrawn
APP002470,JOB00522,CAN00999,self_entry,2026-08-07,1500.0,2450.0,0.6333333333333333,0.0,False,,4,,2.567398119122257,8,0.1,,,screened_out
APP002471,JOB00588,CAN01079,self_entry,2026-08-07,1300.0,1400.0,0.07692307692307693,0.0,True,2.0,1,1.0,2.567398119122257,7,0.1,,accepted,recommended
APP002472,JOB00411,CAN00429,ca_introduction,2026-08-08,1450.0,1400.0,-0.034482758620689655,0.034482758620689655,True,1.0,2,-1.0,2.567398119122257,6,0.07,,rejected,rejected
APP002473,JOB00370,CAN00198,self_entry,2026-08-08,2700.0,3300.0,0.2222222222222222,0.0,False,,4,,2.567398119122257,6,0.07,,,screened_out
APP002474,JOB00356,CAN00323,self_entry,2026-08-08,2400.0,1950.0,-0.1875,0.1875,True,4.0,4,0.0,2.567398119122257,4,0.14,,accepted,recommended
APP002475,JOB00375,CAN01461,self_entry,2026-08-08,1950.0,2200.0,0.1282051282051282,0.0,True,2.0,4,-2.0,2.567398119122257,8,0.1,,rejected,rejected
APP002476,JOB00721,CAN01686,self_entry,2026-08-08,2200.0,2000.0,-0.09090909090909091,0.09090909090909091,True,2.0,3,-1.0,2.567398119122257,6,0.1,,,screened_out
APP002477,JOB00441,CAN01883,ca_introduction,2026-08-09,1450.0,1450.0,0.0,0.0,True,1.0,1,0.0,2.567398119122257,6,0.07,,accepted,recommended
APP002478,JOB00513,CAN01883,ca_introduction,2026-08-09,1450.0,1550.0,0.06896551724137931,0.0,True,1.0,2,-1.0,2.567398119122257,7,0.1,,accepted,recommended
APP002479,JOB00508,CAN00381,self_entry,2026-08-09,2300.0,2400.0,0.043478260869565216,0.0,False,,4,,2.567398119122257,4,0.04,,,screened_out
APP002480,JOB00395,CAN00544,self_entry,2026-08-09,1400.0,2050.0,0.4642857142857143,0.0,True,3.0,3,0.0,2.567398119122257,5,0.07,,accepted,recommended
APP002481,JOB00367,CAN01734,self_entry,2026-08-09,2650.0,1750.0,-0.33962264150943394,0.33962264150943394,True,2.0,3,-1.0,2.567398119122257,5,0.17,,accepted,recommended
APP002482,JOB00371,CAN00265,ca_introduction,2026-08-10,1550.0,1550.0,0.0,0.0,True,1.0,2,-1.0,2.567398119122257,4,0.04,,accepted,recommended
APP002483,JOB00721,CAN00467,self_entry,2026-08-10,3500.0,2000.0,-0.42857142857142855,0.42857142857142855,False,,3,,2.567398119122257,8,0.2,,rejected,rejected
APP002484,JOB00711,CAN01900,self_entry,2026-08-10,1250.0,1200.0,-0.04,0.04,True,1.0,1,0.0,2.567398119122257,8,0.1,pre_recommendation,,withdrawn
APP002485,JOB00591,CAN01944,self_entry,2026-08-10,2350.0,2150.0,-0.0851063829787234,0.0851063829787234,False,,3,,2.567398119122257,6,0.1,,,screened_out
APP002486,JOB00369,CAN01694,ca_introduction,2026-08-11,1250.0,1250.0,0.0,0.0,True,1.0,1,0.0,2.567398119122257,8,0.1,,accepted,recommended
APP002487,JOB00711,CAN00360,self_entry,2026-08-11,1200.0,1200.0,0.0,0.0,True,1.0,1,0.0,2.567398119122257,8,0.1,,accepted,recommended
APP002488,JOB00487,CAN00632,self_entry,2026-08-11,2550.0,2200.0,-0.13725490196078433,0.13725490196078433,True,4.0,4,0.0,2.567398119122257,6,0.13,,accepted,recommended
APP002489,JOB00441,CAN00830,self_entry,2026-08-11,1350.0,1450.0,0.07407407407407407,0.0,True,1.0,1,0.0,2.567398119122257,5,0.07,,accepted,recommended
APP002490,JOB00410,CAN01164,self_entry,2026-08-11,1250.0,1500.0,0.2,0.0,True,1.0,2,-1.0,2.567398119122257,6,0.07,pre_recommendation,,withdrawn
APP002491,JOB00791,CAN01694,self_entry,2026-08-11,1250.0,1400.0,0.12,0.0,True,1.0,1,0.0,2.567398119122257,7,0.1,,rejected,rejected
APP002492,JOB00361,CAN00155,ca_introduction,2026-08-12,2300.0,2250.0,-0.021739130434782608,0.021739130434782608,True,3.0,4,-1.0,2.567398119122257,6,0.07,,rejected,rejected
APP002493,JOB00415,CAN01412,ca_introduction,2026-08-12,2450.0,2300.0,-0.061224489795918366,0.061224489795918366,True,4.0,3,1.0,2.567398119122257,5,0.1,,accepted,recommended
APP002494,JOB00646,CAN00058,self_entry,2026-08-12,2300.0,3100.0,0.34782608695652173,0.0,True,4.0,5,-1.0,2.567398119122257,7,0.1,,,screened_out
APP002495,JOB00664,CAN00555,self_entry,2026-08-12,2400.0,2250.0,-0.0625,0.0625,True,4.0,4,0.0,2.567398119122257,6,0.1,,accepted,recommended
APP002496,JOB00557,CAN00155,ca_introduction,2026-08-13,2300.0,2250.0,-0.021739130434782608,0.021739130434782608,True,3.0,3,0.0,2.567398119122257,5,0.07,pre_recommendation,,withdrawn
APP002497,JOB00371,CAN00544,ca_introduction,2026-08-13,1400.0,1550.0,0.10714285714285714,0.0,False,,2,,2.567398119122257,6,0.07,,,screened_out
APP002498,JOB00518,CAN01368,ca_introduction,2026-08-13,1250.0,1300.0,0.04,0.0,True,1.0,2,-1.0,2.567398119122257,6,0.07,pre_recommendation,,withdrawn
APP002499,JOB00736,CAN01368,ca_introduction,2026-08-13,1250.0,1350.0,0.08,0.0,True,1.0,1,0.0,2.567398119122257,6,0.07,,,screened_out
APP002500,JOB00520,CAN00617,self_entry,2026-08-13,2150.0,2050.0,-0.046511627906976744,0.046511627906976744,True,3.0,4,-1.0,2.567398119122257,4,0.04,,,screened_out
APP002501,JOB00575,CAN01753,self_entry,2026-08-13,1400.0,1350.0,-0.03571428571428571,0.03571428571428571,True,1.0,1,0.0,2.567398119122257,8,0.1,,accepted,recommended
APP002502,JOB00175,CAN01050,ca_introduction,2026-08-14,3750.0,3200.0,-0.14666666666666667,0.14666666666666667,True,4.0,4,0.0,2.567398119122257,6,0.13,,accepted,recommended
APP002503,JOB00613,CAN01379,ca_introduction,2026-08-14,2550.0,2300.0,-0.09803921568627451,0.09803921568627451,True,4.0,4,0.0,2.567398119122257,5,0.1,,accepted,recommended
APP002504,JOB00457,CAN01451,ca_introduction,2026-08-14,3750.0,3200.0,-0.14666666666666667,0.14666666666666667,True,4.0,3,1.0,2.567398119122257,6,0.13,,rejected,rejected
APP002505,JOB00408,CAN00314,self_entry,2026-08-14,1350.0,1200.0,-0.1111111111111111,0.1111111111111111,True,1.0,1,0.0,2.567398119122257,5,0.13,,accepted,recommended
APP002506,JOB00556,CAN01207,self_entry,2026-08-14,2050.0,2250.0,0.0975609756097561,0.0,False,,3,,2.567398119122257,8,0.1,,,screened_out
APP002507,JOB00604,CAN01430,self_entry,2026-08-14,2350.0,2250.0,-0.0425531914893617,0.0425531914893617,True,3.0,4,-1.0,2.567398119122257,7,0.1,,rejected,rejected
APP002508,JOB00591,CAN01617,self_entry,2026-08-14,2150.0,2150.0,0.0,0.0,True,3.0,3,0.0,2.567398119122257,7,0.1,,accepted,recommended
APP002509,JOB00505,CAN00937,ca_introduction,2026-08-15,1300.0,1350.0,0.038461538461538464,0.0,True,1.0,1,0.0,2.567398119122257,6,0.07,,rejected,rejected
APP002510,JOB00138,CAN01542,ca_introduction,2026-08-15,3150.0,2750.0,-0.12698412698412698,0.12698412698412698,True,4.0,4,0.0,2.567398119122257,7,0.16,,accepted,recommended
APP002511,JOB00455,CAN00028,ca_introduction,2026-08-15,3400.0,3200.0,-0.058823529411764705,0.058823529411764705,True,3.0,5,-2.0,2.567398119122257,7,0.13,,accepted,recommended
APP002512,JOB00774,CAN00612,ca_introduction,2026-08-15,1750.0,1350.0,-0.22857142857142856,0.22857142857142856,True,1.0,1,0.0,2.567398119122257,7,0.2,,accepted,recommended
APP002513,JOB00237,CAN01284,ca_introduction,2026-08-15,2600.0,2400.0,-0.07692307692307693,0.07692307692307693,True,4.0,4,0.0,2.567398119122257,8,0.13,,,screened_out
APP002514,JOB00643,CAN00020,self_entry,2026-08-15,2400.0,2250.0,-0.0625,0.0625,True,3.0,4,-1.0,2.567398119122257,7,0.13,,accepted,recommended
APP002515,JOB00723,CAN00086,self_entry,2026-08-15,1450.0,1600.0,0.10344827586206896,0.0,True,2.0,3,-1.0,2.567398119122257,5,0.07,,,screened_out
APP002516,JOB00413,CAN00376,self_entry,2026-08-15,2250.0,2050.0,-0.08888888888888889,0.08888888888888889,True,3.0,3,0.0,2.567398119122257,6,0.1,,rejected,rejected
APP002517,JOB00721,CAN00819,self_entry,2026-08-15,1400.0,2000.0,0.42857142857142855,0.0,False,,3,,2.567398119122257,7,0.1,,,screened_out
APP002518,JOB00668,CAN01013,self_entry,2026-08-15,1550.0,1600.0,0.03225806451612903,0.0,False,,2,,2.567398119122257,7,0.1,,,screened_out
APP002519,JOB00784,CAN01222,self_entry,2026-08-15,2300.0,2150.0,-0.06521739130434782,0.06521739130434782,True,3.0,4,-1.0,2.567398119122257,5,0.1,,accepted,recommended
APP002520,JOB00507,CAN01784,self_entry,2026-08-15,1200.0,1200.0,0.0,0.0,True,1.0,1,0.0,2.567398119122257,6,0.07,pre_recommendation,,withdrawn
APP002521,JOB00413,CAN01461,ca_introduction,2026-08-16,1950.0,2050.0,0.05128205128205128,0.0,True,2.0,3,-1.0,2.567398119122257,6,0.07,,accepted,recommended
APP002522,JOB00155,CAN01038,ca_introduction,2026-08-16,3500.0,3000.0,-0.14285714285714285,0.14285714285714285,True,4.0,4,0.0,2.567398119122257,7,0.16,pre_recommendation,,withdrawn
APP002523,JOB00684,CAN00141,self_entry,2026-08-16,2100.0,2400.0,0.14285714285714285,0.0,True,2.0,4,-2.0,2.567398119122257,5,0.07,,accepted,recommended
APP002524,JOB00437,CAN00394,self_entry,2026-08-16,1550.0,1600.0,0.03225806451612903,0.0,False,,2,,2.567398119122257,7,0.1,,accepted,recommended
APP002525,JOB00622,CAN00694,self_entry,2026-08-16,1400.0,1450.0,0.03571428571428571,0.0,True,1.0,2,-1.0,2.567398119122257,5,0.07,pre_recommendation,,withdrawn
APP002526,JOB00217,CAN00372,ca_introduction,2026-08-17,2000.0,2700.0,0.35,0.0,True,4.0,4,0.0,2.567398119122257,3,0.04,,accepted,recommended
APP002527,JOB00737,CAN00905,ca_introduction,2026-08-17,1550.0,1300.0,-0.16129032258064516,0.16129032258064516,True,2.0,2,0.0,2.567398119122257,6,0.17,pre_recommendation,,withdrawn
APP002528,JOB00699,CAN01539,ca_introduction,2026-08-17,3300.0,2850.0,-0.13636363636363635,0.13636363636363635,True,4.0,4,0.0,2.567398119122257,6,0.13,pre_recommendation,,withdrawn
APP002529,JOB00395,CAN01036,self_entry,2026-08-17,2450.0,2050.0,-0.16326530612244897,0.16326530612244897,True,3.0,3,0.0,2.567398119122257,8,0.2,,accepted,recommended
APP002530,JOB00441,CAN01930,self_entry,2026-08-17,2200.0,1450.0,-0.3409090909090909,0.3409090909090909,False,,1,,2.567398119122257,7,0.2,pre_recommendation,,withdrawn
APP002531,JOB00556,CAN01932,self_entry,2026-08-17,2300.0,2250.0,-0.021739130434782608,0.021739130434782608,True,3.0,3,0.0,2.567398119122257,7,0.1,,rejected,rejected
APP002532,JOB00505,CAN00160,ca_introduction,2026-08-18,1250.0,1350.0,0.08,0.0,False,,1,,2.567398119122257,7,0.1,,,screened_out
APP002533,JOB00670,CAN00381,ca_introduction,2026-08-18,2300.0,2300.0,0.0,0.0,True,2.0,3,-1.0,2.567398119122257,7,0.1,,rejected,rejected
APP002534,JOB00672,CAN01244,ca_introduction,2026-08-18,2500.0,2250.0,-0.1,0.1,True,4.0,3,1.0,2.567398119122257,5,0.13,pre_recommendation,,withdrawn
APP002535,JOB00508,CAN01244,ca_introduction,2026-08-18,2500.0,2400.0,-0.04,0.04,True,4.0,4,0.0,2.567398119122257,7,0.1,pre_recommendation,,withdrawn
APP002536,JOB00515,CAN01346,ca_introduction,2026-08-18,2450.0,3300.0,0.3469387755102041,0.0,True,5.0,5,0.0,2.567398119122257,7,0.1,,accepted,recommended
APP002537,JOB00556,CAN01446,ca_introduction,2026-08-18,2250.0,2250.0,0.0,0.0,True,3.0,3,0.0,2.567398119122257,7,0.1,,accepted,recommended
APP002538,JOB00684,CAN00234,self_entry,2026-08-18,2300.0,2400.0,0.043478260869565216,0.0,True,2.0,4,-2.0,2.567398119122257,7,0.1,,rejected,rejected
APP002539,JOB00412,CAN01386,self_entry,2026-08-18,2000.0,1550.0,-0.225,0.225,True,3.0,3,0.0,2.567398119122257,7,0.2,pre_recommendation,,withdrawn
APP002540,JOB00352,CAN01406,self_entry,2026-08-18,2250.0,1450.0,-0.35555555555555557,0.35555555555555557,False,,2,,2.567398119122257,6,0.17,,,screened_out
APP002541,JOB00684,CAN00433,ca_introduction,2026-08-19,2300.0,2400.0,0.043478260869565216,0.0,True,3.0,4,-1.0,2.567398119122257,7,0.1,pre_recommendation,,withdrawn
APP002542,JOB00055,CAN01910,ca_introduction,2026-08-19,3300.0,2850.0,-0.13636363636363635,0.13636363636363635,True,4.0,5,-1.0,2.567398119122257,8,0.16,,rejected,rejected
APP002543,JOB00617,CAN00332,self_entry,2026-08-19,1500.0,2850.0,0.9,0.0,False,,4,,2.567398119122257,6,0.07,,,screened_out
APP002544,JOB00411,CAN00314,ca_introduction,2026-08-20,1350.0,1400.0,0.037037037037037035,0.0,True,1.0,2,-1.0,2.567398119122257,8,0.1,,accepted,recommended
APP002545,JOB00441,CAN00609,self_entry,2026-08-20,1200.0,1450.0,0.20833333333333334,0.0,True,1.0,1,0.0,2.567398119122257,6,0.07,,accepted,recommended
APP002546,JOB00487,CAN00993,self_entry,2026-08-20,1400.0,2200.0,0.5714285714285714,0.0,False,,4,,2.567398119122257,5,0.07,,,screened_out
APP002547,JOB00472,CAN00831,ca_introduction,2026-08-21,1250.0,1300.0,0.04,0.0,True,1.0,1,0.0,2.567398119122257,6,0.07,,accepted,recommended
APP002548,JOB00086,CAN00831,ca_introduction,2026-08-21,1250.0,1200.0,-0.04,0.04,True,1.0,1,0.0,2.567398119122257,6,0.07,,accepted,recommended
APP002549,JOB00296,CAN01031,ca_introduction,2026-08-21,1450.0,1400.0,-0.034482758620689655,0.034482758620689655,True,1.0,1,0.0,2.567398119122257,6,0.07,,accepted,recommended
APP002550,JOB00180,CAN01415,ca_introduction,2026-08-21,3300.0,3000.0,-0.09090909090909091,0.09090909090909091,True,3.0,4,-1.0,2.567398119122257,8,0.13,,rejected,rejected
APP002551,JOB00560,CAN00232,self_entry,2026-08-21,1400.0,1300.0,-0.07142857142857142,0.07142857142857142,True,2.0,2,0.0,2.567398119122257,7,0.13,,accepted,recommended
APP002552,JOB00413,CAN00433,self_entry,2026-08-21,2300.0,2050.0,-0.10869565217391304,0.10869565217391304,True,3.0,3,0.0,2.567398119122257,6,0.13,,accepted,recommended
APP002553,JOB00777,CAN00699,self_entry,2026-08-21,1250.0,2100.0,0.68,0.0,False,,3,,2.567398119122257,8,0.1,pre_recommendation,,withdrawn
APP002554,JOB00559,CAN00715,self_entry,2026-08-21,2350.0,2400.0,0.02127659574468085,0.0,True,3.0,4,-1.0,2.567398119122257,6,0.07,,accepted,recommended
APP002555,JOB00622,CAN01326,self_entry,2026-08-21,1200.0,1450.0,0.20833333333333334,0.0,False,,2,,2.567398119122257,8,0.1,pre_recommendation,,withdrawn
APP002556,JOB00538,CAN01691,self_entry,2026-08-21,2200.0,2300.0,0.045454545454545456,0.0,True,3.0,3,0.0,2.567398119122257,6,0.07,,accepted,recommended
APP002557,JOB00787,CAN00555,ca_introduction,2026-08-22,2400.0,2200.0,-0.08333333333333333,0.08333333333333333,True,4.0,4,0.0,2.567398119122257,7,0.13,,accepted,recommended
APP002558,JOB00455,CAN00770,ca_introduction,2026-08-22,2400.0,3200.0,0.3333333333333333,0.0,True,4.0,5,-1.0,2.567398119122257,6,0.07,,accepted,recommended
APP002559,JOB00175,CAN00770,ca_introduction,2026-08-22,2400.0,3200.0,0.3333333333333333,0.0,True,4.0,4,0.0,2.567398119122257,8,0.1,,accepted,recommended
APP002560,JOB00244,CAN01413,ca_introduction,2026-08-22,3400.0,3150.0,-0.07352941176470588,0.07352941176470588,True,4.0,4,0.0,2.567398119122257,4,0.07,,rejected,rejected
APP002561,JOB00426,CAN01489,ca_introduction,2026-08-22,1400.0,1350.0,-0.03571428571428571,0.03571428571428571,True,1.0,2,-1.0,2.567398119122257,5,0.07,,accepted,recommended
APP002562,JOB00624,CAN00351,self_entry,2026-08-22,3500.0,2000.0,-0.42857142857142855,0.42857142857142855,False,,3,,2.567398119122257,6,0.17,,,screened_out
APP002563,JOB00446,CAN00490,self_entry,2026-08-22,3200.0,2950.0,-0.078125,0.078125,True,4.0,4,0.0,2.567398119122257,8,0.13,,accepted,recommended
APP002564,JOB00522,CAN01126,self_entry,2026-08-22,1550.0,2450.0,0.5806451612903226,0.0,False,,4,,2.567398119122257,6,0.07,,,screened_out
APP002565,JOB00536,CAN01413,ca_introduction,2026-08-23,3400.0,2950.0,-0.1323529411764706,0.1323529411764706,True,4.0,4,0.0,2.567398119122257,6,0.13,,accepted,recommended
APP002566,JOB00432,CAN00562,ca_introduction,2026-08-23,2200.0,2100.0,-0.045454545454545456,0.045454545454545456,True,2.0,3,-1.0,2.567398119122257,7,0.1,,accepted,recommended
APP002567,JOB00601,CAN00562,ca_introduction,2026-08-23,2200.0,2150.0,-0.022727272727272728,0.022727272727272728,True,2.0,3,-1.0,2.567398119122257,6,0.07,,accepted,recommended
APP002568,JOB00784,CAN00187,self_entry,2026-08-23,1950.0,2150.0,0.10256410256410256,0.0,True,3.0,4,-1.0,2.567398119122257,6,0.07,,accepted,recommended
APP002569,JOB00668,CAN01738,self_entry,2026-08-23,1550.0,1600.0,0.03225806451612903,0.0,False,,2,,2.567398119122257,5,0.07,,rejected,rejected
APP002570,JOB00588,CAN01795,self_entry,2026-08-23,1400.0,1400.0,0.0,0.0,True,1.0,1,0.0,2.567398119122257,6,0.07,,accepted,recommended
APP002571,JOB00539,CAN01863,self_entry,2026-08-23,1200.0,1250.0,0.041666666666666664,0.0,True,1.0,1,0.0,2.567398119122257,7,0.1,,accepted,recommended
APP002572,JOB00480,CAN00215,ca_introduction,2026-08-24,2750.0,3150.0,0.14545454545454545,0.0,True,5.0,4,1.0,2.567398119122257,6,0.07,,accepted,recommended
APP002573,JOB00778,CAN00509,ca_introduction,2026-08-24,1650.0,1600.0,-0.030303030303030304,0.030303030303030304,True,2.0,2,0.0,2.567398119122257,5,0.07,,rejected,rejected
APP002574,JOB00794,CAN01860,ca_introduction,2026-08-24,1450.0,1450.0,0.0,0.0,False,,2,,2.567398119122257,5,0.07,,rejected,rejected
APP002575,JOB00721,CAN00555,self_entry,2026-08-24,2400.0,2000.0,-0.16666666666666666,0.16666666666666666,True,4.0,3,1.0,2.567398119122257,8,0.2,,accepted,recommended
APP002576,JOB00367,CAN00591,self_entry,2026-08-24,1550.0,1750.0,0.12903225806451613,0.0,True,2.0,3,-1.0,2.567398119122257,7,0.1,,accepted,recommended
APP002577,JOB00516,CAN01101,self_entry,2026-08-24,2250.0,3150.0,0.4,0.0,False,,4,,2.567398119122257,8,0.1,,,screened_out
APP002578,JOB00704,CAN00592,ca_introduction,2026-08-25,1650.0,1800.0,0.09090909090909091,0.0,False,,2,,2.567398119122257,6,0.07,,,screened_out
APP002579,JOB00365,CAN00644,ca_introduction,2026-08-25,2550.0,2300.0,-0.09803921568627451,0.09803921568627451,True,4.0,4,0.0,2.567398119122257,5,0.1,,accepted,recommended
APP002580,JOB00180,CAN01875,ca_introduction,2026-08-25,3350.0,3000.0,-0.1044776119402985,0.1044776119402985,True,4.0,4,0.0,2.567398119122257,7,0.16,pre_recommendation,,withdrawn
APP002581,JOB00679,CAN00081,self_entry,2026-08-25,2300.0,2300.0,0.0,0.0,True,4.0,4,0.0,2.567398119122257,6,0.07,,accepted,recommended
APP002582,JOB00432,CAN00277,self_entry,2026-08-25,1250.0,2100.0,0.68,0.0,False,,3,,2.567398119122257,6,0.07,,,screened_out
APP002583,JOB00431,CAN00395,self_entry,2026-08-25,1300.0,1800.0,0.38461538461538464,0.0,False,,4,,2.567398119122257,6,0.07,,accepted,recommended
APP002584,JOB00729,CAN00519,self_entry,2026-08-25,2200.0,2100.0,-0.045454545454545456,0.045454545454545456,True,3.0,5,-2.0,2.567398119122257,6,0.07,,rejected,rejected
APP002585,JOB00390,CAN01614,self_entry,2026-08-25,2450.0,2150.0,-0.12244897959183673,0.12244897959183673,False,,3,,2.567398119122257,7,0.16,pre_recommendation,,withdrawn
APP002586,JOB00480,CAN01795,self_entry,2026-08-25,1400.0,3150.0,1.25,0.0,False,,4,,2.567398119122257,7,0.1,,,screened_out
APP002587,JOB00321,CAN00362,ca_introduction,2026-08-26,2150.0,2900.0,0.3488372093023256,0.0,True,3.0,3,0.0,2.567398119122257,6,0.07,,accepted,recommended
APP002588,JOB00479,CAN00362,ca_introduction,2026-08-26,2150.0,3000.0,0.3953488372093023,0.0,True,3.0,3,0.0,2.567398119122257,5,0.07,,accepted,recommended
APP002589,JOB00581,CAN00560,ca_introduction,2026-08-26,1450.0,1450.0,0.0,0.0,True,1.0,1,0.0,2.567398119122257,6,0.07,pre_recommendation,,withdrawn
APP002590,JOB00516,CAN00781,ca_introduction,2026-08-26,3500.0,3150.0,-0.1,0.1,True,5.0,4,1.0,2.567398119122257,6,0.13,,rejected,rejected
APP002591,JOB00558,CAN00781,ca_introduction,2026-08-26,3500.0,2900.0,-0.17142857142857143,0.17142857142857143,True,5.0,4,1.0,2.567398119122257,5,0.17,,accepted,recommended
APP002592,JOB00682,CAN01762,ca_introduction,2026-08-26,1450.0,1350.0,-0.06896551724137931,0.06896551724137931,True,1.0,1,0.0,2.567398119122257,7,0.13,,,screened_out
APP002593,JOB00457,CAN01885,ca_introduction,2026-08-26,3300.0,3200.0,-0.030303030303030304,0.030303030303030304,True,3.0,3,0.0,2.567398119122257,6,0.07,,accepted,recommended
APP002594,JOB00771,CAN01885,ca_introduction,2026-08-26,3300.0,3300.0,0.0,0.0,True,3.0,4,-1.0,2.567398119122257,6,0.07,,accepted,recommended
APP002595,JOB00560,CAN00388,self_entry,2026-08-26,1200.0,1300.0,0.08333333333333333,0.0,True,1.0,2,-1.0,2.567398119122257,7,0.1,,accepted,recommended
APP002596,JOB00377,CAN01241,self_entry,2026-08-26,1600.0,1500.0,-0.0625,0.0625,True,2.0,3,-1.0,2.567398119122257,6,0.1,,,screened_out
APP002597,JOB00487,CAN01520,self_entry,2026-08-26,2200.0,2200.0,0.0,0.0,True,2.0,4,-2.0,2.567398119122257,6,0.07,,accepted,recommended
APP002598,JOB00537,CAN00168,ca_introduction,2026-08-27,2300.0,3000.0,0.30434782608695654,0.0,True,4.0,4,0.0,2.567398119122257,7,0.1,,accepted,recommended
APP002599,JOB00410,CAN00940,ca_introduction,2026-08-27,1600.0,1500.0,-0.0625,0.0625,True,2.0,2,0.0,2.567398119122257,7,0.13,,accepted,recommended
APP002600,JOB00441,CAN00407,ca_introduction,2026-08-27,1350.0,1450.0,0.07407407407407407,0.0,True,1.0,1,0.0,2.567398119122257,6,0.07,,accepted,recommended
APP002601,JOB00486,CAN00407,ca_introduction,2026-08-27,1350.0,1350.0,0.0,0.0,True,1.0,1,0.0,2.567398119122257,8,0.1,,accepted,recommended
APP002602,JOB00175,CAN01297,ca_introduction,2026-08-27,3650.0,3200.0,-0.1232876712328767,0.1232876712328767,True,5.0,4,1.0,2.567398119122257,7,0.16,,rejected,rejected
APP002603,JOB00711,CAN00159,self_entry,2026-08-27,1400.0,1200.0,-0.14285714285714285,0.14285714285714285,False,,1,,2.567398119122257,6,0.13,,,screened_out
APP002604,JOB00658,CAN00771,self_entry,2026-08-27,1250.0,1300.0,0.04,0.0,True,1.0,2,-1.0,2.567398119122257,7,0.1,,accepted,recommended
APP002605,JOB00667,CAN00776,self_entry,2026-08-27,2350.0,2150.0,-0.0851063829787234,0.0851063829787234,False,,2,,2.567398119122257,6,0.1,,,screened_out
APP002606,JOB00668,CAN01085,self_entry,2026-08-27,1200.0,1600.0,0.3333333333333333,0.0,True,2.0,2,0.0,2.567398119122257,5,0.07,,accepted,recommended
APP002607,JOB00631,CAN01829,ca_introduction,2026-08-28,3050.0,2900.0,-0.04918032786885246,0.04918032786885246,True,5.0,5,0.0,2.567398119122257,6,0.07,,rejected,rejected
APP002608,JOB00345,CAN00331,ca_introduction,2026-08-28,1300.0,1300.0,0.0,0.0,True,1.0,1,0.0,2.567398119122257,8,0.1,,accepted,recommended
APP002609,JOB00520,CAN00663,self_entry,2026-08-28,2400.0,2050.0,-0.14583333333333334,0.14583333333333334,False,,4,,2.567398119122257,7,0.16,,,screened_out
APP002610,JOB00682,CAN01339,self_entry,2026-08-28,1500.0,1350.0,-0.1,0.1,True,1.0,1,0.0,2.567398119122257,5,0.13,,accepted,recommended
APP002611,JOB00555,CAN01936,self_entry,2026-08-28,1650.0,1950.0,0.18181818181818182,0.0,False,,3,,2.567398119122257,6,0.07,,,screened_out
APP002612,JOB00791,CAN00331,ca_introduction,2026-08-29,1300.0,1400.0,0.07692307692307693,0.0,True,1.0,1,0.0,2.567398119122257,6,0.07,,accepted,recommended
APP002613,JOB00553,CAN01035,ca_introduction,2026-08-29,1550.0,1350.0,-0.12903225806451613,0.12903225806451613,True,2.0,2,0.0,2.567398119122257,6,0.13,,accepted,recommended
APP002614,JOB00616,CAN01832,ca_introduction,2026-08-29,1600.0,1550.0,-0.03125,0.03125,True,2.0,2,0.0,2.567398119122257,7,0.1,pre_recommendation,,withdrawn
APP002615,JOB00770,CAN00341,self_entry,2026-08-29,3250.0,3050.0,-0.06153846153846154,0.06153846153846154,True,4.0,3,1.0,2.567398119122257,6,0.1,pre_recommendation,,withdrawn
APP002616,JOB00352,CAN00475,self_entry,2026-08-29,1600.0,1450.0,-0.09375,0.09375,True,1.0,2,-1.0,2.567398119122257,6,0.1,,accepted,recommended
APP002617,JOB00520,CAN00673,self_entry,2026-08-29,2300.0,2050.0,-0.10869565217391304,0.10869565217391304,True,4.0,4,0.0,2.567398119122257,6,0.13,pre_recommendation,,withdrawn
APP002618,JOB00461,CAN00773,self_entry,2026-08-29,3250.0,2100.0,-0.35384615384615387,0.35384615384615387,True,3.0,3,0.0,2.567398119122257,7,0.2,,accepted,recommended
APP002619,JOB00760,CAN01195,self_entry,2026-08-29,1250.0,1450.0,0.16,0.0,True,1.0,3,-2.0,2.567398119122257,5,0.07,,accepted,recommended
APP002620,JOB00668,CAN01602,self_entry,2026-08-29,1650.0,1600.0,-0.030303030303030304,0.030303030303030304,False,,2,,2.567398119122257,6,0.07,,,screened_out
APP002621,JOB00382,CAN00457,ca_introduction,2026-08-30,1200.0,1200.0,0.0,0.0,True,1.0,1,0.0,2.567398119122257,7,0.1,,accepted,recommended
APP002622,JOB00085,CAN01738,ca_introduction,2026-08-30,1550.0,1500.0,-0.03225806451612903,0.03225806451612903,True,2.0,2,0.0,2.567398119122257,5,0.07,,accepted,recommended
APP002623,JOB00729,CAN00022,self_entry,2026-08-30,1550.0,2100.0,0.3548387096774194,0.0,False,,5,,2.567398119122257,8,0.1,pre_recommendation,,withdrawn
APP002624,JOB00565,CAN00056,self_entry,2026-08-30,2150.0,2250.0,0.046511627906976744,0.0,True,3.0,4,-1.0,2.567398119122257,8,0.1,,rejected,rejected
APP002625,JOB00554,CAN00220,self_entry,2026-08-30,1500.0,1500.0,0.0,0.0,True,1.0,1,0.0,2.567398119122257,5,0.07,pre_recommendation,,withdrawn
APP002626,JOB00730,CAN00812,self_entry,2026-08-30,2150.0,2750.0,0.27906976744186046,0.0,False,,4,,2.567398119122257,8,0.1,pre_recommendation,,withdrawn
APP002627,JOB00554,CAN01274,self_entry,2026-08-30,1200.0,1500.0,0.25,0.0,True,1.0,1,0.0,2.567398119122257,6,0.07,pre_recommendation,,withdrawn
APP002628,JOB00751,CAN01888,self_entry,2026-08-30,1600.0,1400.0,-0.125,0.125,False,,1,,2.567398119122257,6,0.13,,,screened_out
APP002629,JOB00333,CAN00461,ca_introduction,2026-08-31,1500.0,1200.0,-0.2,0.2,True,2.0,1,1.0,2.567398119122257,7,0.2,,accepted,recommended
APP002630,JOB00748,CAN00234,self_entry,2026-08-31,2300.0,3300.0,0.43478260869565216,0.0,False,,5,,2.567398119122257,6,0.07,,,screened_out
APP002631,JOB00558,CAN00876,self_entry,2026-08-31,3100.0,2900.0,-0.06451612903225806,0.06451612903225806,True,3.0,4,-1.0,2.567398119122257,6,0.1,,rejected,rejected
APP002632,JOB00708,CAN01519,self_entry,2026-08-31,1450.0,1600.0,0.10344827586206896,0.0,True,1.0,3,-2.0,2.567398119122257,6,0.07,,rejected,rejected
APP002633,JOB00410,CAN00461,ca_introduction,2026-09-01,1500.0,1500.0,0.0,0.0,True,2.0,2,0.0,2.6834680745751527,6,0.07,,,screened_out
APP002634,JOB00774,CAN01368,ca_introduction,2026-09-01,1250.0,1350.0,0.08,0.0,True,1.0,1,0.0,2.6834680745751527,6,0.07,,accepted,recommended
APP002635,JOB00465,CAN00318,ca_introduction,2026-09-01,1800.0,1550.0,-0.1388888888888889,0.1388888888888889,True,3.0,2,1.0,2.6834680745751527,5,0.13,,accepted,recommended
APP002636,JOB00459,CAN01215,ca_introduction,2026-09-01,3350.0,2750.0,-0.1791044776119403,0.1791044776119403,True,4.0,3,1.0,2.6834680745751527,7,0.2,,accepted,recommended
APP002637,JOB00421,CAN01831,ca_introduction,2026-09-01,2300.0,2100.0,-0.08695652173913043,0.08695652173913043,True,3.0,3,0.0,2.6834680745751527,5,0.1,,accepted,recommended
APP002638,JOB00520,CAN00262,self_entry,2026-09-01,2050.0,2050.0,0.0,0.0,False,,4,,2.6834680745751527,5,0.07,,,screened_out
APP002639,JOB00658,CAN00425,self_entry,2026-09-01,1200.0,1300.0,0.08333333333333333,0.0,False,,2,,2.6834680745751527,7,0.1,,,screened_out
APP002640,JOB00751,CAN00859,self_entry,2026-09-01,1300.0,1400.0,0.07692307692307693,0.0,False,,1,,2.6834680745751527,5,0.07,,rejected,rejected
APP002641,JOB00588,CAN01456,self_entry,2026-09-01,3050.0,1400.0,-0.5409836065573771,0.5409836065573771,False,,1,,2.6834680745751527,6,0.17,,,screened_out
APP002642,JOB00588,CAN01602,self_entry,2026-09-01,1650.0,1400.0,-0.15151515151515152,0.15151515151515152,True,2.0,1,1.0,2.6834680745751527,6,0.17,,accepted,recommended
APP002643,JOB00383,CAN01912,self_entry,2026-09-01,3600.0,1400.0,-0.6111111111111112,0.6111111111111112,False,,1,,2.6834680745751527,8,0.2,,,screened_out
APP002644,JOB00212,CAN00318,ca_introduction,2026-09-02,1800.0,1450.0,-0.19444444444444445,0.19444444444444445,True,3.0,2,1.0,2.6834680745751527,7,0.2,pre_recommendation,,withdrawn
APP002645,JOB00588,CAN01031,ca_introduction,2026-09-02,1450.0,1400.0,-0.034482758620689655,0.034482758620689655,True,1.0,1,0.0,2.6834680745751527,6,0.07,,accepted,recommended
APP002646,JOB00540,CAN01215,ca_introduction,2026-09-02,3350.0,3050.0,-0.08955223880597014,0.08955223880597014,True,4.0,5,-1.0,2.6834680745751527,6,0.1,,accepted,recommended
APP002647,JOB00547,CAN00519,ca_introduction,2026-09-02,2200.0,2100.0,-0.045454545454545456,0.045454545454545456,True,3.0,3,0.0,2.6834680745751527,6,0.07,,accepted,recommended
APP002648,JOB00383,CAN00279,self_entry,2026-09-02,1600.0,1400.0,-0.125,0.125,False,,1,,2.6834680745751527,8,0.16,,,screened_out
APP002649,JOB00687,CAN00889,self_entry,2026-09-02,3300.0,1250.0,-0.6212121212121212,0.6212121212121212,False,,2,,2.6834680745751527,6,0.17,,,screened_out
APP002650,JOB00687,CAN01368,self_entry,2026-09-02,1250.0,1250.0,0.0,0.0,True,1.0,2,-1.0,2.6834680745751527,6,0.07,,accepted,recommended
APP002651,JOB00547,CAN00187,ca_introduction,2026-09-03,1950.0,2100.0,0.07692307692307693,0.0,True,3.0,3,0.0,2.6834680745751527,7,0.1,,accepted,recommended
APP002652,JOB00646,CAN01516,self_entry,2026-09-03,2000.0,3100.0,0.55,0.0,False,,5,,2.6834680745751527,5,0.07,,,screened_out
APP002653,JOB00453,CAN01587,self_entry,2026-09-03,1200.0,2100.0,0.75,0.0,False,,3,,2.6834680745751527,6,0.07,,,screened_out
APP002654,JOB00708,CAN01748,self_entry,2026-09-03,3500.0,1600.0,-0.5428571428571428,0.5428571428571428,False,,3,,2.6834680745751527,6,0.17,,,screened_out
APP002655,JOB00719,CAN01872,self_entry,2026-09-03,2200.0,2150.0,-0.022727272727272728,0.022727272727272728,False,,3,,2.6834680745751527,5,0.07,,,screened_out
APP002656,JOB00432,CAN00187,ca_introduction,2026-09-04,1950.0,2100.0,0.07692307692307693,0.0,True,3.0,3,0.0,2.6834680745751527,5,0.07,,rejected,rejected
APP002657,JOB00598,CAN01162,ca_introduction,2026-09-04,2450.0,2250.0,-0.08163265306122448,0.08163265306122448,True,3.0,3,0.0,2.6834680745751527,5,0.1,pre_recommendation,,withdrawn
APP002658,JOB00770,CAN00215,ca_introduction,2026-09-04,2750.0,3050.0,0.10909090909090909,0.0,True,5.0,3,2.0,2.6834680745751527,5,0.07,,accepted,recommended
APP002659,JOB00217,CAN01539,ca_introduction,2026-09-04,3300.0,2700.0,-0.18181818181818182,0.18181818181818182,True,4.0,4,0.0,2.6834680745751527,8,0.2,,accepted,recommended
APP002660,JOB00649,CAN00861,self_entry,2026-09-04,2350.0,3250.0,0.3829787234042553,0.0,False,,5,,2.6834680745751527,8,0.1,,rejected,rejected
APP002661,JOB00419,CAN00927,self_entry,2026-09-04,2000.0,2350.0,0.175,0.0,True,3.0,5,-2.0,2.6834680745751527,6,0.07,,,screened_out
APP002662,JOB00670,CAN01278,self_entry,2026-09-04,1650.0,2300.0,0.3939393939393939,0.0,False,,3,,2.6834680745751527,8,0.1,,,screened_out
APP002663,JOB00588,CAN01696,self_entry,2026-09-04,1300.0,1400.0,0.07692307692307693,0.0,False,,1,,2.6834680745751527,7,0.1,,,screened_out
APP002664,JOB00510,CAN01700,self_entry,2026-09-04,1550.0,2150.0,0.3870967741935484,0.0,False,,4,,2.6834680745751527,6,0.07,,,screened_out
APP002665,JOB00469,CAN01511,ca_introduction,2026-09-05,2250.0,2450.0,0.08888888888888889,0.0,True,3.0,4,-1.0,2.6834680745751527,5,0.07,,accepted,recommended
APP002666,JOB00558,CAN00218,self_entry,2026-09-05,3550.0,2900.0,-0.18309859154929578,0.18309859154929578,True,5.0,4,1.0,2.6834680745751527,8,0.2,,accepted,recommended
APP002667,JOB00581,CAN00318,self_entry,2026-09-05,1800.0,1450.0,-0.19444444444444445,0.19444444444444445,False,,1,,2.6834680745751527,8,0.2,,rejected,rejected
APP002668,JOB00749,CAN00831,self_entry,2026-09-05,1250.0,1200.0,-0.04,0.04,True,1.0,1,0.0,2.6834680745751527,5,0.07,,accepted,recommended
APP002669,JOB00643,CAN01622,self_entry,2026-09-05,2100.0,2250.0,0.07142857142857142,0.0,False,,4,,2.6834680745751527,7,0.1,,,screened_out
APP002670,JOB00449,CAN01651,ca_introduction,2026-09-06,2400.0,2150.0,-0.10416666666666667,0.10416666666666667,True,4.0,4,0.0,2.6834680745751527,7,0.16,pre_recommendation,,withdrawn
APP002671,JOB00476,CAN00781,ca_introduction,2026-09-06,3500.0,3250.0,-0.07142857142857142,0.07142857142857142,True,5.0,5,0.0,2.6834680745751527,8,0.13,,accepted,recommended
APP002672,JOB00282,CAN01101,ca_introduction,2026-09-06,2250.0,2050.0,-0.08888888888888889,0.08888888888888889,True,3.0,3,0.0,2.6834680745751527,7,0.13,,accepted,recommended
APP002673,JOB00616,CAN01602,ca_introduction,2026-09-06,1650.0,1550.0,-0.06060606060606061,0.06060606060606061,True,2.0,2,0.0,2.6834680745751527,8,0.13,,accepted,recommended
APP002674,JOB00575,CAN01602,ca_introduction,2026-09-06,1650.0,1350.0,-0.18181818181818182,0.18181818181818182,True,2.0,1,1.0,2.6834680745751527,6,0.17,,accepted,recommended
APP002675,JOB00377,CAN00414,self_entry,2026-09-06,1400.0,1500.0,0.07142857142857142,0.0,False,,3,,2.6834680745751527,7,0.1,,,screened_out
APP002676,JOB00393,CAN00444,self_entry,2026-09-06,1600.0,1300.0,-0.1875,0.1875,False,,1,,2.6834680745751527,8,0.2,,,screened_out
APP002677,JOB00667,CAN00750,self_entry,2026-09-06,1850.0,2150.0,0.16216216216216217,0.0,True,2.0,2,0.0,2.6834680745751527,7,0.1,,accepted,recommended
APP002678,JOB00480,CAN01716,self_entry,2026-09-06,3300.0,3150.0,-0.045454545454545456,0.045454545454545456,True,3.0,4,-1.0,2.6834680745751527,6,0.07,,accepted,recommended
APP002679,JOB00359,CAN00955,ca_introduction,2026-09-07,2400.0,2300.0,-0.041666666666666664,0.041666666666666664,True,3.0,3,0.0,2.6834680745751527,6,0.07,,accepted,recommended
APP002680,JOB00679,CAN01101,ca_introduction,2026-09-07,2250.0,2300.0,0.022222222222222223,0.0,True,3.0,4,-1.0,2.6834680745751527,7,0.1,,rejected,rejected
APP002681,JOB00601,CAN01461,ca_introduction,2026-09-07,1950.0,2150.0,0.10256410256410256,0.0,True,2.0,3,-1.0,2.6834680745751527,7,0.1,,rejected,rejected
APP002682,JOB00723,CAN01139,self_entry,2026-09-07,1700.0,1600.0,-0.058823529411764705,0.058823529411764705,True,3.0,3,0.0,2.6834680745751527,5,0.1,,rejected,rejected
APP002683,JOB00581,CAN00407,self_entry,2026-09-08,1350.0,1450.0,0.07407407407407407,0.0,True,1.0,1,0.0,2.6834680745751527,8,0.1,,accepted,recommended
APP002684,JOB00452,CAN01359,self_entry,2026-09-08,2950.0,2400.0,-0.1864406779661017,0.1864406779661017,False,,4,,2.6834680745751527,8,0.2,,,screened_out
APP002685,JOB00377,CAN01602,self_entry,2026-09-08,1650.0,1500.0,-0.09090909090909091,0.09090909090909091,False,,3,,2.6834680745751527,7,0.13,,,screened_out
APP002686,JOB00388,CAN01622,self_entry,2026-09-08,2100.0,2200.0,0.047619047619047616,0.0,True,3.0,3,0.0,2.6834680745751527,7,0.1,pre_recommendation,,withdrawn
APP002687,JOB00655,CAN01795,self_entry,2026-09-08,1400.0,2350.0,0.6785714285714286,0.0,False,,4,,2.6834680745751527,6,0.07,,,screened_out
APP002688,JOB00494,CAN01897,self_entry,2026-09-08,1350.0,1200.0,-0.1111111111111111,0.1111111111111111,False,,1,,2.6834680745751527,7,0.16,,accepted,recommended
APP002689,JOB00554,CAN00560,ca_introduction,2026-09-09,1450.0,1500.0,0.034482758620689655,0.0,True,1.0,1,0.0,2.6834680745751527,5,0.07,,accepted,recommended
APP002690,JOB00462,CAN00509,ca_introduction,2026-09-09,1650.0,1550.0,-0.06060606060606061,0.06060606060606061,True,2.0,2,0.0,2.6834680745751527,5,0.1,,accepted,recommended
APP002691,JOB00575,CAN00807,ca_introduction,2026-09-09,1350.0,1350.0,0.0,0.0,True,1.0,1,0.0,2.6834680745751527,6,0.07,,accepted,recommended
APP002692,JOB00588,CAN00105,self_entry,2026-09-09,1400.0,1400.0,0.0,0.0,True,1.0,1,0.0,2.6834680745751527,6,0.07,,accepted,recommended
APP002693,JOB00393,CAN00582,self_entry,2026-09-09,1650.0,1300.0,-0.21212121212121213,0.21212121212121213,False,,1,,2.6834680745751527,7,0.2,pre_recommendation,,withdrawn
APP002694,JOB00655,CAN00597,self_entry,2026-09-09,2550.0,2350.0,-0.0784313725490196,0.0784313725490196,True,3.0,4,-1.0,2.6834680745751527,7,0.13,pre_recommendation,,withdrawn
APP002695,JOB00609,CAN00648,self_entry,2026-09-09,1700.0,1350.0,-0.20588235294117646,0.20588235294117646,True,2.0,1,1.0,2.6834680745751527,5,0.17,pre_recommendation,,withdrawn
APP002696,JOB00668,CAN00660,self_entry,2026-09-09,3950.0,1600.0,-0.5949367088607594,0.5949367088607594,False,,2,,2.6834680745751527,7,0.2,,accepted,recommended
APP002697,JOB00581,CAN00831,self_entry,2026-09-09,1250.0,1450.0,0.16,0.0,False,,1,,2.6834680745751527,7,0.1,,,screened_out
APP002698,JOB00554,CAN00887,self_entry,2026-09-09,1350.0,1500.0,0.1111111111111111,0.0,True,1.0,1,0.0,2.6834680745751527,6,0.07,,accepted,recommended
APP002699,JOB00655,CAN01614,self_entry,2026-09-09,2450.0,2350.0,-0.04081632653061224,0.04081632653061224,False,,4,,2.6834680745751527,7,0.1,,,screened_out
APP002700,JOB00187,CAN00562,ca_introduction,2026-09-10,2200.0,2200.0,0.0,0.0,True,2.0,4,-2.0,2.6834680745751527,7,0.1,,rejected,rejected
APP002701,JOB00180,CAN01038,ca_introduction,2026-09-10,3500.0,3000.0,-0.14285714285714285,0.14285714285714285,True,4.0,4,0.0,2.6834680745751527,7,0.16,,accepted,recommended
APP002702,JOB00388,CAN00445,self_entry,2026-09-10,3300.0,2200.0,-0.3333333333333333,0.3333333333333333,False,,3,,2.6834680745751527,7,0.2,,,screened_out
APP002703,JOB00562,CAN01355,self_entry,2026-09-10,2750.0,3000.0,0.09090909090909091,0.0,False,,5,,2.6834680745751527,7,0.1,,,screened_out
APP002704,JOB00536,CAN00876,ca_introduction,2026-09-11,3100.0,2950.0,-0.04838709677419355,0.04838709677419355,True,3.0,4,-1.0,2.6834680745751527,7,0.1,,rejected,rejected
APP002705,JOB00601,CAN01414,ca_introduction,2026-09-11,2100.0,2150.0,0.023809523809523808,0.0,True,2.0,3,-1.0,2.6834680745751527,8,0.1,,accepted,recommended
APP002706,JOB00027,CAN01901,ca_introduction,2026-09-11,1400.0,1300.0,-0.07142857142857142,0.07142857142857142,True,1.0,1,0.0,2.6834680745751527,6,0.1,,accepted,recommended
APP002707,JOB00666,CAN00062,self_entry,2026-09-11,1400.0,2150.0,0.5357142857142857,0.0,False,,4,,2.6834680745751527,8,0.1,,,screened_out
APP002708,JOB00432,CAN00756,self_entry,2026-09-11,3600.0,2100.0,-0.4166666666666667,0.4166666666666667,False,,3,,2.6834680745751527,5,0.17,,,screened_out
APP002709,JOB00714,CAN00876,self_entry,2026-09-11,3100.0,2950.0,-0.04838709677419355,0.04838709677419355,True,3.0,4,-1.0,2.6834680745751527,7,0.1,,accepted,recommended
APP002710,JOB00714,CAN01875,self_entry,2026-09-11,3350.0,2950.0,-0.11940298507462686,0.11940298507462686,True,4.0,4,0.0,2.6834680745751527,8,0.16,,accepted,recommended
APP002711,JOB00063,CAN01366,ca_introduction,2026-09-12,1650.0,1600.0,-0.030303030303030304,0.030303030303030304,True,2.0,2,0.0,2.6834680745751527,7,0.1,,rejected,rejected
APP002712,JOB00682,CAN00940,ca_introduction,2026-09-12,1600.0,1350.0,-0.15625,0.15625,True,2.0,1,1.0,2.6834680745751527,5,0.17,,accepted,recommended
APP002713,JOB00585,CAN01020,self_entry,2026-09-12,2150.0,3250.0,0.5116279069767442,0.0,True,5.0,4,1.0,2.6834680745751527,5,0.07,,,screened_out
APP002714,JOB00507,CAN01178,self_entry,2026-09-12,1350.0,1200.0,-0.1111111111111111,0.1111111111111111,False,,1,,2.6834680745751527,5,0.13,,accepted,recommended
APP002715,JOB00480,CAN00756,ca_introduction,2026-09-13,3600.0,3150.0,-0.125,0.125,True,4.0,4,0.0,2.6834680745751527,8,0.16,pre_recommendation,,withdrawn
APP002716,JOB00658,CAN00940,ca_introduction,2026-09-13,1600.0,1300.0,-0.1875,0.1875,True,2.0,2,0.0,2.6834680745751527,7,0.2,,accepted,recommended
APP002717,JOB00797,CAN00187,ca_introduction,2026-09-13,1950.0,2150.0,0.10256410256410256,0.0,True,3.0,3,0.0,2.6834680745751527,7,0.1,,accepted,recommended
APP002718,JOB00507,CAN00336,self_entry,2026-09-13,1400.0,1200.0,-0.14285714285714285,0.14285714285714285,True,1.0,1,0.0,2.6834680745751527,5,0.13,,accepted,recommended
APP002719,JOB00666,CAN00355,self_entry,2026-09-13,2300.0,2150.0,-0.06521739130434782,0.06521739130434782,False,,4,,2.6834680745751527,5,0.1,pre_recommendation,,withdrawn
APP002720,JOB00666,CAN00784,self_entry,2026-09-13,2300.0,2150.0,-0.06521739130434782,0.06521739130434782,True,3.0,4,-1.0,2.6834680745751527,6,0.1,,,screened_out
APP002721,JOB00494,CAN00831,self_entry,2026-09-13,1250.0,1200.0,-0.04,0.04,True,1.0,1,0.0,2.6834680745751527,5,0.07,,accepted,recommended
APP002722,JOB00494,CAN00883,self_entry,2026-09-13,1200.0,1200.0,0.0,0.0,False,,1,,2.6834680745751527,7,0.1,,,screened_out
APP002723,JOB00772,CAN01351,self_entry,2026-09-13,3000.0,2950.0,-0.016666666666666666,0.016666666666666666,True,4.0,5,-1.0,2.6834680745751527,6,0.07,,rejected,rejected
APP002724,JOB00415,CAN01622,ca_introduction,2026-09-14,2100.0,2300.0,0.09523809523809523,0.0,True,2.0,3,-1.0,2.6834680745751527,7,0.1,,rejected,rejected
APP002725,JOB00142,CAN00087,ca_introduction,2026-09-14,3750.0,3050.0,-0.18666666666666668,0.18666666666666668,True,4.0,4,0.0,2.6834680745751527,7,0.2,,accepted,recommended
APP002726,JOB00554,CAN00242,self_entry,2026-09-14,1400.0,1500.0,0.07142857142857142,0.0,False,,1,,2.6834680745751527,6,0.07,,accepted,recommended
APP002727,JOB00714,CAN00527,self_entry,2026-09-14,1500.0,2950.0,0.9666666666666667,0.0,False,,4,,2.6834680745751527,6,0.07,,,screened_out
APP002728,JOB00468,CAN01604,self_entry,2026-09-14,1500.0,1200.0,-0.2,0.2,False,,1,,2.6834680745751527,6,0.17,pre_recommendation,,withdrawn
APP002729,JOB00622,CAN01069,ca_introduction,2026-09-15,1400.0,1450.0,0.03571428571428571,0.0,True,1.0,2,-1.0,2.6834680745751527,6,0.07,,rejected,rejected
APP002730,JOB00529,CAN00808,self_entry,2026-09-15,1500.0,2200.0,0.4666666666666667,0.0,False,,2,,2.6834680745751527,6,0.07,,rejected,rejected
APP002731,JOB00590,CAN01265,self_entry,2026-09-15,1250.0,2100.0,0.68,0.0,False,,3,,2.6834680745751527,6,0.07,,,screened_out
APP002732,JOB00682,CAN01817,self_entry,2026-09-15,1350.0,1350.0,0.0,0.0,True,1.0,1,0.0,2.6834680745751527,6,0.07,,accepted,recommended
APP002733,JOB00580,CAN00450,ca_introduction,2026-09-16,3400.0,2900.0,-0.14705882352941177,0.14705882352941177,True,5.0,5,0.0,2.6834680745751527,7,0.16,,rejected,rejected
APP002734,JOB00390,CAN00220,self_entry,2026-09-16,1500.0,2150.0,0.43333333333333335,0.0,False,,3,,2.6834680745751527,7,0.1,,,screened_out
APP002735,JOB00650,CAN00512,self_entry,2026-09-16,2500.0,2200.0,-0.12,0.12,True,3.0,4,-1.0,2.6834680745751527,7,0.16,pre_recommendation,,withdrawn
APP002736,JOB00437,CAN00534,self_entry,2026-09-16,2200.0,1600.0,-0.2727272727272727,0.2727272727272727,False,,2,,2.6834680745751527,7,0.2,,rejected,rejected
APP002737,JOB00618,CAN00894,self_entry,2026-09-16,1600.0,1850.0,0.15625,0.0,False,,2,,2.6834680745751527,5,0.07,,rejected,rejected
APP002738,JOB00650,CAN00999,self_entry,2026-09-16,1600.0,2200.0,0.375,0.0,False,,4,,2.6834680745751527,7,0.1,,,screened_out
APP002739,JOB00609,CAN01025,self_entry,2026-09-16,1550.0,1350.0,-0.12903225806451613,0.12903225806451613,False,,1,,2.6834680745751527,8,0.16,pre_recommendation,,withdrawn
APP002740,JOB00730,CAN01215,self_entry,2026-09-16,3350.0,2750.0,-0.1791044776119403,0.1791044776119403,True,4.0,4,0.0,2.6834680745751527,8,0.2,,accepted,recommended
APP002741,JOB00529,CAN01342,self_entry,2026-09-16,2250.0,2200.0,-0.022222222222222223,0.022222222222222223,False,,2,,2.6834680745751527,5,0.07,,,screened_out
APP002742,JOB00800,CAN01351,self_entry,2026-09-16,3000.0,2800.0,-0.06666666666666667,0.06666666666666667,True,4.0,4,0.0,2.6834680745751527,5,0.1,,accepted,recommended
APP002743,JOB00353,CAN01533,self_entry,2026-09-16,2950.0,2850.0,-0.03389830508474576,0.03389830508474576,True,4.0,4,0.0,2.6834680745751527,8,0.1,pre_recommendation,,withdrawn
APP002744,JOB00581,CAN01590,self_entry,2026-09-16,1400.0,1450.0,0.03571428571428571,0.0,True,1.0,1,0.0,2.6834680745751527,8,0.1,,rejected,rejected
APP002745,JOB00471,CAN01819,self_entry,2026-09-16,2250.0,2400.0,0.06666666666666667,0.0,True,2.0,4,-2.0,2.6834680745751527,7,0.1,,rejected,rejected
APP002746,JOB00771,CAN01020,ca_introduction,2026-09-17,2150.0,3300.0,0.5348837209302325,0.0,True,5.0,4,1.0,2.6834680745751527,6,0.07,,accepted,recommended
APP002747,JOB00462,CAN01062,ca_introduction,2026-09-17,1900.0,1550.0,-0.18421052631578946,0.18421052631578946,True,2.0,2,0.0,2.6834680745751527,6,0.17,pre_recommendation,,withdrawn
APP002748,JOB00085,CAN00527,ca_introduction,2026-09-17,1500.0,1500.0,0.0,0.0,True,2.0,2,0.0,2.6834680745751527,6,0.07,,accepted,recommended
APP002749,JOB00589,CAN00527,ca_introduction,2026-09-17,1500.0,1350.0,-0.1,0.1,True,2.0,2,0.0,2.6834680745751527,7,0.16,,accepted,recommended
APP002750,JOB00699,CAN01151,ca_introduction,2026-09-17,3450.0,2850.0,-0.17391304347826086,0.17391304347826086,True,5.0,4,1.0,2.6834680745751527,6,0.17,,accepted,recommended
APP002751,JOB00478,CAN00065,self_entry,2026-09-17,2850.0,1900.0,-0.3333333333333333,0.3333333333333333,True,4.0,3,1.0,2.6834680745751527,5,0.17,,accepted,recommended
APP002752,JOB00461,CAN00208,self_entry,2026-09-17,1250.0,2100.0,0.68,0.0,False,,3,,2.6834680745751527,5,0.07,,,screened_out
APP002753,JOB00374,CAN00610,self_entry,2026-09-17,1250.0,1250.0,0.0,0.0,True,1.0,1,0.0,2.6834680745751527,6,0.07,,accepted,recommended
APP002754,JOB00628,CAN01503,self_entry,2026-09-17,2550.0,2200.0,-0.13725490196078433,0.13725490196078433,True,4.0,4,0.0,2.6834680745751527,7,0.16,,accepted,recommended
APP002755,JOB00719,CAN01513,self_entry,2026-09-17,2150.0,2150.0,0.0,0.0,True,2.0,3,-1.0,2.6834680745751527,6,0.07,,,screened_out
APP002756,JOB00429,CAN01151,ca_introduction,2026-09-18,3450.0,2800.0,-0.18840579710144928,0.18840579710144928,True,5.0,5,0.0,2.6834680745751527,5,0.17,,accepted,recommended
APP002757,JOB00791,CAN01817,ca_introduction,2026-09-18,1350.0,1400.0,0.037037037037037035,0.0,True,1.0,1,0.0,2.6834680745751527,7,0.1,pre_recommendation,,withdrawn
APP002758,JOB00432,CAN00038,self_entry,2026-09-18,1400.0,2100.0,0.5,0.0,False,,3,,2.6834680745751527,6,0.07,,rejected,rejected
APP002759,JOB00609,CAN00043,self_entry,2026-09-18,1600.0,1350.0,-0.15625,0.15625,True,1.0,1,0.0,2.6834680745751527,6,0.17,,accepted,recommended
APP002760,JOB00667,CAN00053,self_entry,2026-09-18,1450.0,2150.0,0.4827586206896552,0.0,False,,2,,2.6834680745751527,6,0.07,,rejected,rejected
APP002761,JOB00564,CAN00083,self_entry,2026-09-18,1800.0,3200.0,0.7777777777777778,0.0,False,,5,,2.6834680745751527,6,0.07,,rejected,rejected
APP002762,JOB00493,CAN00156,self_entry,2026-09-18,1750.0,2200.0,0.2571428571428571,0.0,False,,3,,2.6834680745751527,8,0.1,,,screened_out
APP002763,JOB00564,CAN00925,self_entry,2026-09-18,1200.0,3200.0,1.6666666666666667,0.0,False,,5,,2.6834680745751527,7,0.1,pre_recommendation,,withdrawn
APP002764,JOB00585,CAN01043,self_entry,2026-09-18,2350.0,3250.0,0.3829787234042553,0.0,False,,4,,2.6834680745751527,7,0.1,pre_recommendation,,withdrawn
APP002765,JOB00800,CAN01427,self_entry,2026-09-18,2700.0,2800.0,0.037037037037037035,0.0,False,,4,,2.6834680745751527,6,0.07,,,screened_out
APP002766,JOB00797,CAN01771,self_entry,2026-09-18,2250.0,2150.0,-0.044444444444444446,0.044444444444444446,True,4.0,3,1.0,2.6834680745751527,7,0.1,pre_recommendation,,withdrawn
APP002767,JOB00549,CAN00781,ca_introduction,2026-09-19,3500.0,3200.0,-0.08571428571428572,0.08571428571428572,True,5.0,5,0.0,2.6834680745751527,7,0.13,pre_recommendation,,withdrawn
APP002768,JOB00160,CAN01178,ca_introduction,2026-09-19,1350.0,1300.0,-0.037037037037037035,0.037037037037037035,True,1.0,2,-1.0,2.6834680745751527,7,0.1,,accepted,recommended
APP002769,JOB00388,CAN00043,self_entry,2026-09-19,1600.0,2200.0,0.375,0.0,False,,3,,2.6834680745751527,5,0.07,,,screened_out
APP002770,JOB00764,CAN00104,self_entry,2026-09-19,2400.0,2000.0,-0.16666666666666666,0.16666666666666666,False,,3,,2.6834680745751527,7,0.2,,,screened_out
APP002771,JOB00558,CAN00456,self_entry,2026-09-19,1850.0,2900.0,0.5675675675675675,0.0,False,,4,,2.6834680745751527,7,0.1,,,screened_out
APP002772,JOB00609,CAN00691,self_entry,2026-09-19,2400.0,1350.0,-0.4375,0.4375,False,,1,,2.6834680745751527,7,0.2,,,screened_out
APP002773,JOB00517,CAN00963,self_entry,2026-09-19,1400.0,1400.0,0.0,0.0,True,2.0,2,0.0,2.6834680745751527,7,0.1,,accepted,recommended
APP002774,JOB00749,CAN01276,self_entry,2026-09-19,3050.0,1200.0,-0.6065573770491803,0.6065573770491803,False,,1,,2.6834680745751527,2,0.12000000000000001,,rejected,rejected
APP002775,JOB00510,CAN01298,self_entry,2026-09-19,2650.0,2150.0,-0.18867924528301888,0.18867924528301888,False,,4,,2.6834680745751527,5,0.17,,,screened_out
APP002776,JOB00720,CAN01412,self_entry,2026-09-19,2450.0,2150.0,-0.12244897959183673,0.12244897959183673,False,,3,,2.6834680745751527,7,0.16,,rejected,rejected
APP002777,JOB00622,CAN01590,self_entry,2026-09-19,1400.0,1450.0,0.03571428571428571,0.0,True,1.0,2,-1.0,2.6834680745751527,7,0.1,,,screened_out
APP002778,JOB00471,CAN01730,self_entry,2026-09-19,2250.0,2400.0,0.06666666666666667,0.0,True,2.0,4,-2.0,2.6834680745751527,8,0.1,,rejected,rejected
APP002779,JOB00360,CAN01449,ca_introduction,2026-09-20,1900.0,2150.0,0.13157894736842105,0.0,False,,2,,2.6834680745751527,6,0.07,,,screened_out
APP002780,JOB00655,CAN00034,self_entry,2026-09-20,1750.0,2350.0,0.34285714285714286,0.0,False,,4,,2.6834680745751527,7,0.1,pre_recommendation,,withdrawn
APP002781,JOB00703,CAN00790,self_entry,2026-09-20,2450.0,2250.0,-0.08163265306122448,0.08163265306122448,False,,3,,2.6834680745751527,8,0.13,,,screened_out
APP002782,JOB00781,CAN01018,self_entry,2026-09-20,1650.0,3200.0,0.9393939393939394,0.0,False,,5,,2.6834680745751527,7,0.1,pre_recommendation,,withdrawn
APP002783,JOB00419,CAN01342,self_entry,2026-09-20,2250.0,2350.0,0.044444444444444446,0.0,False,,5,,2.6834680745751527,6,0.07,,rejected,rejected
APP002784,JOB00668,CAN01608,self_entry,2026-09-20,1650.0,1600.0,-0.030303030303030304,0.030303030303030304,False,,2,,2.6834680745751527,7,0.1,,,screened_out
APP002785,JOB00720,CAN01740,self_entry,2026-09-20,2300.0,2150.0,-0.06521739130434782,0.06521739130434782,True,3.0,3,0.0,2.6834680745751527,7,0.13,,accepted,recommended
APP002786,JOB00468,CAN01849,self_entry,2026-09-20,1400.0,1200.0,-0.14285714285714285,0.14285714285714285,True,1.0,1,0.0,2.6834680745751527,6,0.13,,accepted,recommended
APP002787,JOB00581,CAN00146,self_entry,2026-09-21,1500.0,1450.0,-0.03333333333333333,0.03333333333333333,True,1.0,1,0.0,2.6834680745751527,6,0.07,,accepted,recommended
APP002788,JOB00726,CAN00463,self_entry,2026-09-21,2350.0,2350.0,0.0,0.0,False,,3,,2.6834680745751527,7,0.1,,,screened_out
APP002789,JOB00459,CAN00687,self_entry,2026-09-21,3100.0,2750.0,-0.11290322580645161,0.11290322580645161,True,4.0,3,1.0,2.6834680745751527,6,0.13,,rejected,rejected
APP002790,JOB00643,CAN00725,self_entry,2026-09-21,2250.0,2250.0,0.0,0.0,True,3.0,4,-1.0,2.6834680745751527,4,0.04,,accepted,recommended
APP002791,JOB00719,CAN00968,self_entry,2026-09-21,2400.0,2150.0,-0.10416666666666667,0.10416666666666667,True,3.0,3,0.0,2.6834680745751527,3,0.1,pre_recommendation,,withdrawn
APP002792,JOB00764,CAN01165,self_entry,2026-09-21,1400.0,2000.0,0.42857142857142855,0.0,False,,3,,2.6834680745751527,6,0.07,,,screened_out
APP002793,JOB00609,CAN01362,self_entry,2026-09-21,1800.0,1350.0,-0.25,0.25,False,,1,,2.6834680745751527,7,0.2,,,screened_out
APP002794,JOB00469,CAN01492,self_entry,2026-09-21,1600.0,2450.0,0.53125,0.0,False,,4,,2.6834680745751527,5,0.07,pre_recommendation,,withdrawn
APP002795,JOB00487,CAN00314,self_entry,2026-09-22,1350.0,2200.0,0.6296296296296297,0.0,False,,4,,2.6834680745751527,7,0.1,,,screened_out
APP002796,JOB00650,CAN00533,self_entry,2026-09-22,2250.0,2200.0,-0.022222222222222223,0.022222222222222223,True,3.0,4,-1.0,2.6834680745751527,6,0.07,,rejected,rejected
APP002797,JOB00416,CAN00676,self_entry,2026-09-22,1650.0,1600.0,-0.030303030303030304,0.030303030303030304,True,2.0,2,0.0,2.6834680745751527,7,0.1,pre_recommendation,,withdrawn
APP002798,JOB00764,CAN01030,self_entry,2026-09-22,1900.0,2000.0,0.05263157894736842,0.0,True,2.0,3,-1.0,2.6834680745751527,8,0.1,,rejected,rejected
APP002799,JOB00708,CAN01475,self_entry,2026-09-22,1500.0,1600.0,0.06666666666666667,0.0,False,,3,,2.6834680745751527,6,0.07,,,screened_out
APP002800,JOB00511,CAN00407,ca_introduction,2026-09-23,1350.0,1400.0,0.037037037037037035,0.0,True,1.0,1,0.0,2.6834680745751527,7,0.1,,rejected,rejected
APP002801,JOB00472,CAN00586,ca_introduction,2026-09-23,1350.0,1300.0,-0.037037037037037035,0.037037037037037035,True,2.0,1,1.0,2.6834680745751527,6,0.07,,accepted,recommended
APP002802,JOB00800,CAN01360,ca_introduction,2026-09-23,3100.0,2800.0,-0.0967741935483871,0.0967741935483871,True,4.0,4,0.0,2.6834680745751527,7,0.13,,accepted,recommended
APP002803,JOB00138,CAN01360,ca_introduction,2026-09-23,3100.0,2750.0,-0.11290322580645161,0.11290322580645161,True,4.0,4,0.0,2.6834680745751527,6,0.13,,accepted,recommended
APP002804,JOB00662,CAN01360,ca_introduction,2026-09-23,3100.0,2950.0,-0.04838709677419355,0.04838709677419355,True,4.0,4,0.0,2.6834680745751527,8,0.1,pre_recommendation,,withdrawn
APP002805,JOB00668,CAN01848,ca_introduction,2026-09-23,1600.0,1600.0,0.0,0.0,True,1.0,2,-1.0,2.6834680745751527,6,0.07,,accepted,recommended
APP002806,JOB00620,CAN01215,ca_introduction,2026-09-23,3350.0,2750.0,-0.1791044776119403,0.1791044776119403,True,4.0,4,0.0,2.6834680745751527,7,0.2,pre_recommendation,,withdrawn
APP002807,JOB00702,CAN00006,self_entry,2026-09-23,1700.0,1550.0,-0.08823529411764706,0.08823529411764706,True,2.0,2,0.0,2.6834680745751527,5,0.1,,rejected,rejected
APP002808,JOB00468,CAN00217,self_entry,2026-09-23,2300.0,1200.0,-0.4782608695652174,0.4782608695652174,False,,1,,2.6834680745751527,6,0.17,pre_recommendation,,withdrawn
APP002809,JOB00452,CAN01332,self_entry,2026-09-23,1600.0,2400.0,0.5,0.0,False,,4,,2.6834680745751527,6,0.07,,,screened_out
APP002810,JOB00650,CAN01334,self_entry,2026-09-23,2500.0,2200.0,-0.12,0.12,True,4.0,4,0.0,2.6834680745751527,6,0.13,pre_recommendation,,withdrawn
APP002811,JOB00432,CAN01696,self_entry,2026-09-23,1300.0,2100.0,0.6153846153846154,0.0,False,,3,,2.6834680745751527,7,0.1,,,screened_out
APP002812,JOB00551,CAN01215,ca_introduction,2026-09-24,3350.0,2850.0,-0.14925373134328357,0.14925373134328357,True,4.0,4,0.0,2.6834680745751527,5,0.13,pre_recommendation,,withdrawn
APP002813,JOB00426,CAN00940,ca_introduction,2026-09-24,1600.0,1350.0,-0.15625,0.15625,True,2.0,2,0.0,2.6834680745751527,6,0.17,,accepted,recommended
APP002814,JOB00608,CAN01259,ca_introduction,2026-09-24,2300.0,2150.0,-0.06521739130434782,0.06521739130434782,True,3.0,3,0.0,2.6834680745751527,7,0.13,pre_recommendation,,withdrawn
APP002815,JOB00406,CAN00641,self_entry,2026-09-24,2500.0,2050.0,-0.18,0.18,True,4.0,3,1.0,2.6834680745751527,7,0.2,,,confirmed
APP002816,JOB00429,CAN00757,self_entry,2026-09-24,2400.0,2800.0,0.16666666666666666,0.0,False,,5,,2.6834680745751527,5,0.07,,,screened_out
APP002817,JOB00519,CAN00837,self_entry,2026-09-24,1500.0,1700.0,0.13333333333333333,0.0,True,2.0,3,-1.0,2.6834680745751527,8,0.1,,,confirmed
APP002818,JOB00478,CAN00899,self_entry,2026-09-24,2350.0,1900.0,-0.19148936170212766,0.19148936170212766,True,3.0,3,0.0,2.6834680745751527,7,0.2,pre_recommendation,,withdrawn
APP002819,JOB00659,CAN01165,self_entry,2026-09-24,1400.0,1200.0,-0.14285714285714285,0.14285714285714285,True,2.0,1,1.0,2.6834680745751527,5,0.13,,accepted,recommended
APP002820,JOB00751,CAN01525,self_entry,2026-09-24,1200.0,1400.0,0.16666666666666666,0.0,True,1.0,1,0.0,2.6834680745751527,7,0.1,,,confirmed
APP002821,JOB00494,CAN01696,self_entry,2026-09-24,1300.0,1200.0,-0.07692307692307693,0.07692307692307693,True,1.0,1,0.0,2.6834680745751527,6,0.1,,accepted,recommended
APP002822,JOB00096,CAN01162,ca_introduction,2026-09-25,2450.0,2250.0,-0.08163265306122448,0.08163265306122448,True,3.0,3,0.0,2.6834680745751527,5,0.1,,accepted,recommended
APP002823,JOB00352,CAN01886,ca_introduction,2026-09-25,2550.0,1450.0,-0.43137254901960786,0.43137254901960786,True,2.0,2,0.0,2.6834680745751527,6,0.17,,,confirmed
APP002824,JOB00513,CAN00146,ca_introduction,2026-09-25,1500.0,1550.0,0.03333333333333333,0.0,True,1.0,2,-1.0,2.6834680745751527,3,0.04,,accepted,recommended
APP002825,JOB00618,CAN00088,self_entry,2026-09-25,1650.0,1850.0,0.12121212121212122,0.0,False,,2,,2.6834680745751527,7,0.1,,,screened_out
APP002826,JOB00702,CAN00189,self_entry,2026-09-25,1300.0,1550.0,0.19230769230769232,0.0,False,,2,,2.6834680745751527,5,0.07,,,screened_out
APP002827,JOB00393,CAN00417,self_entry,2026-09-25,1350.0,1300.0,-0.037037037037037035,0.037037037037037035,True,1.0,1,0.0,2.6834680745751527,8,0.1,,,confirmed
APP002828,JOB00517,CAN00688,self_entry,2026-09-25,1350.0,1400.0,0.037037037037037035,0.0,False,,2,,2.6834680745751527,6,0.07,,,confirmed
APP002829,JOB00461,CAN00954,self_entry,2026-09-25,1550.0,2100.0,0.3548387096774194,0.0,True,2.0,3,-1.0,2.6834680745751527,6,0.07,,,confirmed
APP002830,JOB00494,CAN01508,self_entry,2026-09-25,3350.0,1200.0,-0.6417910447761194,0.6417910447761194,False,,1,,2.6834680745751527,6,0.17,,,screened_out
APP002831,JOB00407,CAN01546,self_entry,2026-09-25,1200.0,1550.0,0.2916666666666667,0.0,True,2.0,3,-1.0,2.6834680745751527,7,0.1,,,confirmed
APP002832,JOB00380,CAN01795,self_entry,2026-09-25,1400.0,2600.0,0.8571428571428571,0.0,False,,4,,2.6834680745751527,6,0.07,,,screened_out
APP002833,JOB00772,CAN01851,self_entry,2026-09-25,2250.0,2950.0,0.3111111111111111,0.0,True,4.0,5,-1.0,2.6834680745751527,5,0.07,,accepted,recommended
APP002834,JOB00702,CAN01886,self_entry,2026-09-25,2550.0,1550.0,-0.39215686274509803,0.39215686274509803,True,2.0,2,0.0,2.6834680745751527,7,0.2,,,confirmed
APP002835,JOB00513,CAN00543,ca_introduction,2026-09-26,1550.0,1550.0,0.0,0.0,True,2.0,2,0.0,2.6834680745751527,6,0.07,,,confirmed
APP002836,JOB00554,CAN00163,self_entry,2026-09-26,1550.0,1500.0,-0.03225806451612903,0.03225806451612903,False,,1,,2.6834680745751527,6,0.07,,,confirmed
APP002837,JOB00730,CAN00571,self_entry,2026-09-26,3400.0,2750.0,-0.19117647058823528,0.19117647058823528,True,5.0,4,1.0,2.6834680745751527,6,0.17,,,confirmed
APP002838,JOB00393,CAN00612,self_entry,2026-09-26,1750.0,1300.0,-0.2571428571428571,0.2571428571428571,True,1.0,1,0.0,2.6834680745751527,8,0.2,,,confirmed
APP002839,JOB00628,CAN00704,self_entry,2026-09-26,2100.0,2200.0,0.047619047619047616,0.0,False,,4,,2.6834680745751527,8,0.1,,,screened_out
APP002840,JOB00511,CAN00723,self_entry,2026-09-26,1300.0,1400.0,0.07692307692307693,0.0,True,1.0,1,0.0,2.6834680745751527,7,0.1,,,confirmed
APP002841,JOB00668,CAN00846,self_entry,2026-09-26,1250.0,1600.0,0.28,0.0,False,,2,,2.6834680745751527,6,0.07,,,confirmed
APP002842,JOB00658,CAN00913,self_entry,2026-09-26,1350.0,1300.0,-0.037037037037037035,0.037037037037037035,True,1.0,2,-1.0,2.6834680745751527,8,0.1,,,confirmed
APP002843,JOB00590,CAN01020,self_entry,2026-09-26,2150.0,2100.0,-0.023255813953488372,0.023255813953488372,False,,3,,2.6834680745751527,6,0.07,,,screened_out
APP002844,JOB00719,CAN01031,self_entry,2026-09-26,1450.0,2150.0,0.4827586206896552,0.0,False,,3,,2.6834680745751527,7,0.1,,,screened_out
APP002845,JOB00511,CAN01332,self_entry,2026-09-26,1600.0,1400.0,-0.125,0.125,True,1.0,1,0.0,2.6834680745751527,8,0.16,,,confirmed
APP002846,JOB00658,CAN01550,self_entry,2026-09-26,1350.0,1300.0,-0.037037037037037035,0.037037037037037035,True,1.0,2,-1.0,2.6834680745751527,6,0.07,,,confirmed
APP002847,JOB00529,CAN01624,self_entry,2026-09-26,2400.0,2200.0,-0.08333333333333333,0.08333333333333333,True,3.0,2,1.0,2.6834680745751527,7,0.13,,,confirmed
APP002848,JOB00353,CAN01875,self_entry,2026-09-26,3350.0,2850.0,-0.14925373134328357,0.14925373134328357,False,,4,,2.6834680745751527,8,0.16,,,screened_out
APP002849,JOB00456,CAN01519,ca_introduction,2026-09-27,1450.0,1700.0,0.1724137931034483,0.0,True,1.0,2,-1.0,2.6834680745751527,7,0.1,,,confirmed
APP002850,JOB00447,CAN00049,self_entry,2026-09-27,3650.0,3100.0,-0.1506849315068493,0.1506849315068493,True,3.0,4,-1.0,2.6834680745751527,5,0.17,,,confirmed
APP002851,JOB00702,CAN00215,self_entry,2026-09-27,2750.0,1550.0,-0.43636363636363634,0.43636363636363634,False,,2,,2.6834680745751527,6,0.17,,,screened_out
APP002852,JOB00641,CAN00645,self_entry,2026-09-27,1350.0,2400.0,0.7777777777777778,0.0,False,,3,,2.6834680745751527,6,0.07,,,screened_out
APP002853,JOB00447,CAN00815,self_entry,2026-09-27,1900.0,3100.0,0.631578947368421,0.0,False,,4,,2.6834680745751527,6,0.07,,,screened_out
APP002854,JOB00456,CAN01031,self_entry,2026-09-27,1450.0,1700.0,0.1724137931034483,0.0,False,,2,,2.6834680745751527,6,0.07,pre_recommendation,,withdrawn
APP002855,JOB00572,CAN01207,self_entry,2026-09-27,2050.0,2900.0,0.4146341463414634,0.0,True,4.0,5,-1.0,2.6834680745751527,7,0.1,,,confirmed
APP002856,JOB00636,CAN01366,self_entry,2026-09-27,1650.0,1550.0,-0.06060606060606061,0.06060606060606061,True,2.0,1,1.0,2.6834680745751527,7,0.13,,,confirmed
APP002857,JOB00788,CAN01402,self_entry,2026-09-27,1300.0,2900.0,1.2307692307692308,0.0,False,,4,,2.6834680745751527,5,0.07,,,screened_out
APP002858,JOB00580,CAN01441,self_entry,2026-09-27,3450.0,2900.0,-0.15942028985507245,0.15942028985507245,True,5.0,5,0.0,2.6834680745751527,8,0.2,,,confirmed
APP002859,JOB00650,CAN01624,self_entry,2026-09-27,2400.0,2200.0,-0.08333333333333333,0.08333333333333333,True,3.0,4,-1.0,2.6834680745751527,6,0.1,,,confirmed
APP002860,JOB00406,CAN01630,self_entry,2026-09-27,2300.0,2050.0,-0.10869565217391304,0.10869565217391304,True,3.0,3,0.0,2.6834680745751527,7,0.16,,,confirmed
APP002861,JOB00478,CAN01833,self_entry,2026-09-27,3000.0,1900.0,-0.36666666666666664,0.36666666666666664,False,,3,,2.6834680745751527,7,0.2,,,confirmed
APP002862,JOB00659,CAN01863,self_entry,2026-09-27,1200.0,1200.0,0.0,0.0,True,1.0,1,0.0,2.6834680745751527,6,0.07,,,confirmed
APP002863,JOB00519,CAN01896,self_entry,2026-09-27,1350.0,1700.0,0.25925925925925924,0.0,True,1.0,3,-2.0,2.6834680745751527,6,0.07,,,screened_out
APP002864,JOB00063,CAN01519,ca_introduction,2026-09-28,1450.0,1600.0,0.10344827586206896,0.0,True,1.0,2,-1.0,2.6834680745751527,5,0.07,,,confirmed
APP002865,JOB00383,CAN01165,ca_introduction,2026-09-28,1400.0,1400.0,0.0,0.0,True,1.0,1,0.0,2.6834680745751527,5,0.07,,,confirmed
APP002866,JOB00468,CAN00070,self_entry,2026-09-28,2850.0,1200.0,-0.5789473684210527,0.5789473684210527,False,,1,,2.6834680745751527,7,0.2,,,screened_out
APP002867,JOB00572,CAN00074,self_entry,2026-09-28,3200.0,2900.0,-0.09375,0.09375,True,4.0,5,-1.0,2.6834680745751527,7,0.13,,,confirmed
APP002868,JOB00529,CAN00146,self_entry,2026-09-28,1500.0,2200.0,0.4666666666666667,0.0,False,,2,,2.6834680745751527,8,0.1,,,confirmed
APP002869,JOB00636,CAN00521,self_entry,2026-09-28,1650.0,1550.0,-0.06060606060606061,0.06060606060606061,False,,1,,2.6834680745751527,7,0.13,,,screened_out
APP002870,JOB00416,CAN00543,self_entry,2026-09-28,1550.0,1600.0,0.03225806451612903,0.0,False,,2,,2.6834680745751527,6,0.07,,,confirmed
APP002871,JOB00478,CAN00853,self_entry,2026-09-28,1650.0,1900.0,0.15151515151515152,0.0,False,,3,,2.6834680745751527,6,0.07,pre_recommendation,,withdrawn
APP002872,JOB00564,CAN01804,self_entry,2026-09-28,1950.0,3200.0,0.6410256410256411,0.0,False,,5,,2.6834680745751527,5,0.07,,,screened_out
APP002873,JOB00749,CAN01901,self_entry,2026-09-28,1400.0,1200.0,-0.14285714285714285,0.14285714285714285,True,1.0,1,0.0,2.6834680745751527,5,0.13,,,confirmed
APP002874,JOB00554,CAN01590,ca_introduction,2026-09-29,1400.0,1500.0,0.07142857142857142,0.0,True,1.0,1,0.0,2.6834680745751527,6,0.07,pre_recommendation,,withdrawn
APP002875,JOB00736,CAN01602,ca_introduction,2026-09-29,1650.0,1350.0,-0.18181818181818182,0.18181818181818182,True,2.0,1,1.0,2.6834680745751527,4,0.14,,,confirmed
APP002876,JOB00524,CAN00533,ca_introduction,2026-09-29,2250.0,2200.0,-0.022222222222222223,0.022222222222222223,True,3.0,3,0.0,2.6834680745751527,5,0.07,pre_recommendation,,withdrawn
APP002877,JOB00415,CAN00840,ca_introduction,2026-09-29,2350.0,2300.0,-0.02127659574468085,0.02127659574468085,True,2.0,3,-1.0,2.6834680745751527,8,0.1,,,confirmed
APP002878,JOB00441,CAN00853,ca_introduction,2026-09-29,1650.0,1450.0,-0.12121212121212122,0.12121212121212122,True,2.0,1,1.0,2.6834680745751527,6,0.13,pre_recommendation,,withdrawn
APP002879,JOB00658,CAN00161,self_entry,2026-09-29,1450.0,1300.0,-0.10344827586206896,0.10344827586206896,False,,2,,2.6834680745751527,7,0.16,pre_recommendation,,withdrawn
APP002880,JOB00519,CAN00336,self_entry,2026-09-29,1400.0,1700.0,0.21428571428571427,0.0,False,,3,,2.6834680745751527,7,0.1,,,screened_out
APP002881,JOB00456,CAN00430,self_entry,2026-09-29,1700.0,1700.0,0.0,0.0,False,,2,,2.6834680745751527,7,0.1,,,screened_out
APP002882,JOB00417,CAN00568,self_entry,2026-09-29,1500.0,1700.0,0.13333333333333333,0.0,True,2.0,3,-1.0,2.6834680745751527,6,0.07,,,screened_out
APP002883,JOB00781,CAN00660,self_entry,2026-09-29,3950.0,3200.0,-0.189873417721519,0.189873417721519,True,5.0,5,0.0,2.6834680745751527,6,0.17,,,confirmed
APP002884,JOB00502,CAN00813,self_entry,2026-09-29,2450.0,2250.0,-0.08163265306122448,0.08163265306122448,True,2.0,3,-1.0,2.6834680745751527,8,0.13,,,screened_out
APP002885,JOB00650,CAN01176,self_entry,2026-09-29,2300.0,2200.0,-0.043478260869565216,0.043478260869565216,True,3.0,4,-1.0,2.6834680745751527,7,0.1,,,screened_out
APP002886,JOB00650,CAN01560,self_entry,2026-09-29,1200.0,2200.0,0.8333333333333334,0.0,True,3.0,4,-1.0,2.6834680745751527,6,0.07,,,confirmed
APP002887,JOB00707,CAN01737,self_entry,2026-09-29,2350.0,2350.0,0.0,0.0,True,3.0,3,0.0,2.6834680745751527,6,0.07,,,screened_out
APP002888,JOB00417,CAN01772,self_entry,2026-09-29,2200.0,1700.0,-0.22727272727272727,0.22727272727272727,False,,3,,2.6834680745751527,7,0.2,,,screened_out
APP002889,JOB00380,CAN01786,self_entry,2026-09-29,3300.0,2600.0,-0.21212121212121213,0.21212121212121213,False,,4,,2.6834680745751527,7,0.2,,,screened_out
APP002890,JOB00629,CAN01787,self_entry,2026-09-29,3300.0,3150.0,-0.045454545454545456,0.045454545454545456,True,4.0,5,-1.0,2.6834680745751527,8,0.1,pre_recommendation,,withdrawn
APP002891,JOB00478,CAN01851,self_entry,2026-09-29,2250.0,1900.0,-0.15555555555555556,0.15555555555555556,True,3.0,3,0.0,2.6834680745751527,7,0.2,pre_recommendation,,withdrawn
APP002892,JOB00624,CAN01461,ca_introduction,2026-09-30,1950.0,2000.0,0.02564102564102564,0.0,True,2.0,3,-1.0,2.6834680745751527,6,0.07,,,confirmed
APP002893,JOB00380,CAN00325,self_entry,2026-09-30,1500.0,2600.0,0.7333333333333333,0.0,False,,4,,2.6834680745751527,6,0.07,,,screened_out
APP002894,JOB00374,CAN00432,self_entry,2026-09-30,1200.0,1250.0,0.041666666666666664,0.0,False,,1,,2.6834680745751527,7,0.1,,,screened_out
APP002895,JOB00407,CAN00482,self_entry,2026-09-30,1550.0,1550.0,0.0,0.0,False,,3,,2.6834680745751527,6,0.07,,,screened_out
APP002896,JOB00641,CAN00521,self_entry,2026-09-30,1650.0,2400.0,0.45454545454545453,0.0,False,,3,,2.6834680745751527,5,0.07,,,confirmed
APP002897,JOB00417,CAN00807,self_entry,2026-09-30,1350.0,1700.0,0.25925925925925924,0.0,False,,3,,2.6834680745751527,8,0.1,,,screened_out
APP002898,JOB00667,CAN00826,self_entry,2026-09-30,2200.0,2150.0,-0.022727272727272728,0.022727272727272728,False,,2,,2.6834680745751527,6,0.07,,,screened_out
APP002899,JOB00554,CAN00899,self_entry,2026-09-30,2350.0,1500.0,-0.3617021276595745,0.3617021276595745,False,,1,,2.6834680745751527,7,0.2,,,confirmed
APP002900,JOB00580,CAN01097,self_entry,2026-09-30,1700.0,2900.0,0.7058823529411765,0.0,False,,5,,2.6834680745751527,5,0.07,,,confirmed
APP002901,JOB00447,CAN01267,self_entry,2026-09-30,1300.0,3100.0,1.3846153846153846,0.0,False,,4,,2.6834680745751527,8,0.1,,,screened_out
APP002902,JOB00707,CAN01381,self_entry,2026-09-30,2200.0,2350.0,0.06818181818181818,0.0,True,3.0,3,0.0,2.6834680745751527,6,0.07,,,confirmed
APP002903,JOB00641,CAN01554,self_entry,2026-09-30,2000.0,2400.0,0.2,0.0,False,,3,,2.6834680745751527,6,0.07,,,screened_out
APP002904,JOB00502,CAN01770,self_entry,2026-09-30,2600.0,2250.0,-0.1346153846153846,0.1346153846153846,True,3.0,3,0.0,2.6834680745751527,5,0.13,,,confirmed
APP002905,JOB00425,CAN01770,self_entry,2026-09-30,2600.0,3000.0,0.15384615384615385,0.0,False,,4,,2.6834680745751527,7,0.1,,,screened_out
