introduction_id,activity_id,candidate_id,job_id,activity_date,ca_workload_ratio,capacity_probability,match_score,candidate_skill_level,required_skill_level,skill_gap,desired_hourly_wage,offered_hourly_wage,wage_gap_ratio,occupation_exact_match,same_occupation_group,location_exact_match,same_area_group,work_style_match,candidate_response
INT000001,ACT000075,CAN00030,JOB00042,2025-04-03,0.4246823956442831,0.9,1.9999999999999998,,2,,1200.0,1600.0,0.3333333333333333,False,False,False,True,True,considering
INT000002,ACT000075,CAN00030,JOB00162,2025-04-03,0.4246823956442831,0.9,1.2,,2,,1200.0,1600.0,0.3333333333333333,False,False,False,False,True,apply
INT000003,ACT000331,CAN00130,JOB00122,2025-04-03,0.4246823956442831,0.9,8.2,2.0,4,-2.0,2200.0,2200.0,0.0,True,True,True,True,False,apply
INT000004,ACT001043,CAN00412,JOB00042,2025-04-04,0.4246823956442831,0.9,9.5,2.0,2,0.0,1700.0,1600.0,-0.058823529411764705,True,True,True,True,False,apply
INT000005,ACT001969,CAN00788,JOB00186,2025-04-04,0.4246823956442831,0.9,3.8,3.0,3,0.0,3100.0,2000.0,-0.3548387096774194,False,True,False,True,True,apply
INT000006,ACT003647,CAN01448,JOB00264,2025-04-04,0.4246823956442831,0.9,2.7,,1,,1450.0,1200.0,-0.1724137931034483,False,True,True,True,False,decline
INT000007,ACT000277,CAN00107,JOB00075,2025-04-05,0.4246823956442831,0.9,8.6,3.0,4,-1.0,2350.0,2350.0,0.0,True,True,False,True,False,apply
INT000008,ACT002865,CAN01137,JOB00162,2025-04-05,0.4246823956442831,0.9,9.5,3.0,2,1.0,1700.0,1600.0,-0.058823529411764705,True,True,True,True,True,considering
INT000009,ACT004047,CAN01605,JOB00261,2025-04-05,0.4246823956442831,0.9,9.8,3.0,3,0.0,2200.0,2200.0,0.0,True,True,False,True,False,considering
INT000010,ACT002657,CAN01059,JOB00342,2025-04-06,0.4246823956442831,0.9,4.7,3.0,3,0.0,2200.0,2150.0,-0.022727272727272728,False,True,False,False,True,decline
INT000011,ACT000494,CAN00200,JOB00042,2025-04-07,0.4246823956442831,0.9,9.8,2.0,2,0.0,1450.0,1600.0,0.10344827586206896,True,True,False,True,True,apply
INT000012,ACT000494,CAN00200,JOB00264,2025-04-07,0.4246823956442831,0.9,1.2,,1,,1450.0,1200.0,-0.1724137931034483,False,False,True,True,False,decline
INT000013,ACT000535,CAN00217,JOB00261,2025-04-07,0.4246823956442831,0.9,9.0,3.0,3,0.0,2250.0,2200.0,-0.022222222222222223,True,True,False,True,True,considering
INT000014,ACT003572,CAN01419,JOB00264,2025-04-07,0.4246823956442831,0.9,11.0,1.0,1,0.0,1200.0,1200.0,0.0,True,True,True,True,False,apply
INT000015,ACT000591,CAN00239,JOB00322,2025-04-08,0.4246823956442831,0.9,6.3,4.0,5,-1.0,3300.0,3000.0,-0.09090909090909091,True,True,False,False,False,apply
INT000016,ACT001512,CAN00599,JOB00322,2025-04-08,0.4246823956442831,0.9,7.0,4.0,5,-1.0,3100.0,3000.0,-0.03225806451612903,True,True,False,False,True,apply
INT000017,ACT002051,CAN00823,JOB00342,2025-04-08,0.4246823956442831,0.9,9.0,3.0,3,0.0,2250.0,2150.0,-0.044444444444444446,True,True,False,True,False,considering
INT000018,ACT003042,CAN01205,JOB00075,2025-04-08,0.4246823956442831,0.9,8.6,3.0,4,-1.0,2100.0,2350.0,0.11904761904761904,True,True,False,True,True,apply
INT000019,ACT001744,CAN00697,JOB00322,2025-04-09,0.4246823956442831,0.9,7.0,4.0,5,-1.0,3050.0,3000.0,-0.01639344262295082,True,True,False,False,True,apply
INT000020,ACT004848,CAN01928,JOB00301,2025-04-09,0.4246823956442831,0.9,2.7,,1,,1250.0,1200.0,-0.04,False,True,False,True,True,considering
INT000021,ACT000872,CAN00349,JOB00236,2025-04-10,0.4246823956442831,0.9,7.0,5.0,4,1.0,3100.0,2700.0,-0.12903225806451613,True,True,False,False,False,decline
INT000022,ACT000872,CAN00349,JOB00322,2025-04-10,0.4246823956442831,0.9,3.5,4.0,5,-1.0,3100.0,3000.0,-0.03225806451612903,False,True,False,False,True,decline
INT000023,ACT002973,CAN01179,JOB00162,2025-04-10,0.4246823956442831,0.9,1.2,,2,,1300.0,1600.0,0.23076923076923078,False,False,False,False,False,considering
INT000024,ACT002973,CAN01179,JOB00316,2025-04-10,0.4246823956442831,0.9,8.6,1.0,2,-1.0,1300.0,1400.0,0.07692307692307693,True,True,False,True,False,apply
INT000025,ACT003301,CAN01312,JOB00261,2025-04-10,0.4246823956442831,0.9,9.0,3.0,3,0.0,2300.0,2200.0,-0.043478260869565216,True,True,False,True,True,considering
INT000026,ACT001719,CAN00685,JOB00252,2025-04-11,0.4246823956442831,0.9,4.3,1.0,1,0.0,1450.0,1200.0,-0.1724137931034483,False,True,False,True,True,considering
INT000027,ACT001719,CAN00685,JOB00316,2025-04-11,0.4246823956442831,0.9,4.3,1.0,2,-1.0,1450.0,1400.0,-0.034482758620689655,False,True,False,True,False,considering
INT000028,ACT002114,CAN00848,JOB00109,2025-04-11,0.4246823956442831,0.9,9.5,4.0,3,1.0,2250.0,2050.0,-0.08888888888888889,True,True,True,True,False,apply
INT000029,ACT002163,CAN00866,JOB00137,2025-04-11,0.4246823956442831,0.9,8.3,4.0,4,0.0,3350.0,3100.0,-0.07462686567164178,True,True,False,True,False,apply
INT000030,ACT004679,CAN01859,JOB00322,2025-04-11,0.4246823956442831,0.9,4.7,3.0,5,-2.0,2100.0,3000.0,0.42857142857142855,False,True,True,True,True,apply
INT000031,ACT001281,CAN00501,JOB00042,2025-04-12,0.4246823956442831,0.9,1.9999999999999998,,2,,1550.0,1600.0,0.03225806451612903,False,False,False,True,True,decline
INT000032,ACT004894,CAN01945,JOB00348,2025-04-12,0.4246823956442831,0.9,7.8,2.0,2,0.0,1650.0,1400.0,-0.15151515151515152,True,True,False,True,True,decline
INT000033,ACT002866,CAN01137,JOB00042,2025-04-13,0.4246823956442831,0.9,7.5,3.0,2,1.0,1700.0,1600.0,-0.058823529411764705,True,True,False,False,True,apply
INT000034,ACT002866,CAN01137,JOB00348,2025-04-13,0.4246823956442831,0.9,7.0,3.0,2,1.0,1700.0,1400.0,-0.17647058823529413,True,True,False,False,False,apply
INT000035,ACT003406,CAN01354,JOB00301,2025-04-13,0.4246823956442831,0.9,1.4999999999999998,,1,,1350.0,1200.0,-0.1111111111111111,False,True,False,True,False,considering
INT000036,ACT004144,CAN01643,JOB00236,2025-04-13,0.4246823956442831,0.9,7.5,4.0,4,0.0,2900.0,2700.0,-0.06896551724137931,True,True,False,False,True,considering
INT000037,ACT000769,CAN00310,JOB00298,2025-04-14,0.4246823956442831,0.9,1.5,1.0,1,0.0,2450.0,1250.0,-0.4897959183673469,False,False,False,False,False,decline
INT000038,ACT001147,CAN00452,JOB00042,2025-04-14,0.4246823956442831,0.9,1.9999999999999998,,2,,1350.0,1600.0,0.18518518518518517,False,False,False,True,False,considering
INT000039,ACT001636,CAN00653,JOB00042,2025-04-14,0.4246823956442831,0.9,9.0,2.0,2,0.0,1600.0,1600.0,0.0,True,True,False,False,False,decline
INT000040,ACT002890,CAN01147,JOB00209,2025-04-14,0.4246823956442831,0.9,9.0,4.0,5,-1.0,3150.0,3000.0,-0.047619047619047616,True,True,True,True,False,apply
INT000041,ACT004337,CAN01724,JOB00186,2025-04-14,0.4246823956442831,0.9,9.0,3.0,3,0.0,2100.0,2000.0,-0.047619047619047616,True,True,False,True,False,apply
INT000042,ACT001970,CAN00788,JOB00236,2025-04-15,0.4246823956442831,0.9,7.0,4.0,4,0.0,3100.0,2700.0,-0.12903225806451613,True,True,False,False,False,apply
INT000043,ACT003722,CAN01477,JOB00264,2025-04-15,0.4246823956442831,0.9,11.0,1.0,1,0.0,1200.0,1200.0,0.0,True,True,True,True,True,apply
INT000044,ACT003743,CAN01485,JOB00252,2025-04-15,0.4246823956442831,0.9,3.5,1.0,1,0.0,1450.0,1200.0,-0.1724137931034483,False,True,False,False,False,considering
INT000045,ACT001909,CAN00764,JOB00186,2025-04-16,0.4246823956442831,0.9,8.3,4.0,3,1.0,2200.0,2000.0,-0.09090909090909091,True,True,False,True,False,considering
INT000046,ACT000186,CAN00071,JOB00200,2025-04-17,0.4246823956442831,0.9,1.5,1.0,1,0.0,1850.0,1200.0,-0.35135135135135137,False,False,False,False,False,considering
INT000047,ACT000729,CAN00291,JOB00264,2025-04-17,0.4246823956442831,0.9,2.7,,1,,1350.0,1200.0,-0.1111111111111111,False,True,True,True,False,decline
INT000048,ACT003286,CAN01305,JOB00309,2025-04-17,0.4246823956442831,0.9,9.8,1.0,1,0.0,1200.0,1200.0,0.0,True,True,False,True,True,apply
INT000049,ACT003881,CAN01544,JOB00138,2025-04-17,0.4246823956442831,0.9,7.0,4.0,4,0.0,3100.0,2750.0,-0.11290322580645161,True,True,False,False,False,apply
INT000050,ACT000076,CAN00030,JOB00309,2025-04-18,0.4246823956442831,0.9,7.0,,1,,1200.0,1200.0,0.0,True,True,False,True,False,considering
INT000051,ACT001271,CAN00498,JOB00087,2025-04-18,0.4246823956442831,0.9,7.5,4.0,4,0.0,2800.0,2650.0,-0.05357142857142857,True,True,False,False,False,apply
INT000052,ACT001271,CAN00498,JOB00264,2025-04-18,0.4246823956442831,0.9,1.5,1.0,1,0.0,2800.0,1200.0,-0.5714285714285714,False,False,False,False,False,decline
INT000053,ACT001474,CAN00583,JOB00316,2025-04-18,0.4246823956442831,0.9,7.0,,2,,1300.0,1400.0,0.07692307692307693,True,True,False,True,False,apply
INT000054,ACT003014,CAN01194,JOB00264,2025-04-18,0.4246823956442831,0.9,2.3,1.0,1,0.0,1850.0,1200.0,-0.35135135135135137,False,False,False,True,False,apply
INT000055,ACT000041,CAN00017,JOB00261,2025-04-19,0.4246823956442831,0.9,3.8,3.0,3,0.0,2800.0,2200.0,-0.21428571428571427,False,True,False,True,False,apply
INT000056,ACT000041,CAN00017,JOB00276,2025-04-19,0.4246823956442831,0.9,5.0,3.0,3,0.0,2800.0,2200.0,-0.21428571428571427,False,True,True,True,False,considering
INT000057,ACT000288,CAN00113,JOB00200,2025-04-19,0.4246823956442831,0.9,7.5,2.0,1,1.0,1200.0,1200.0,0.0,False,True,True,True,False,apply
INT000058,ACT000885,CAN00354,JOB00137,2025-04-19,0.4246823956442831,0.9,9.0,5.0,4,1.0,3450.0,3100.0,-0.10144927536231885,True,True,True,True,False,apply
INT000059,ACT000885,CAN00354,JOB00186,2025-04-19,0.4246823956442831,0.9,5.0,4.0,3,1.0,3450.0,2000.0,-0.42028985507246375,False,True,True,True,False,apply
INT000060,ACT002658,CAN01059,JOB00075,2025-04-19,0.4246823956442831,0.9,4.3,3.0,4,-1.0,2200.0,2350.0,0.06818181818181818,False,True,False,False,False,considering
INT000061,ACT003666,CAN01454,JOB00252,2025-04-19,0.4246823956442831,0.9,11.0,1.0,1,0.0,1200.0,1200.0,0.0,True,True,True,True,False,apply
INT000062,ACT004537,CAN01804,JOB00311,2025-04-19,0.4246823956442831,0.9,4.0,2.0,2,0.0,1950.0,1650.0,-0.15384615384615385,False,False,True,True,False,considering
INT000063,ACT004537,CAN01804,JOB00348,2025-04-19,0.4246823956442831,0.9,2.3,2.0,2,0.0,1950.0,1400.0,-0.28205128205128205,False,False,False,True,False,considering
INT000064,ACT004537,CAN01804,JOB00162,2025-04-19,0.4246823956442831,0.9,2.0,2.0,2,0.0,1950.0,1600.0,-0.1794871794871795,False,False,False,False,True,considering
INT000065,ACT001551,CAN00615,JOB00203,2025-04-20,0.4246823956442831,0.9,7.0,1.0,1,0.0,1400.0,1200.0,-0.14285714285714285,True,True,False,False,True,apply
INT000066,ACT001551,CAN00615,JOB00252,2025-04-20,0.4246823956442831,0.9,7.0,1.0,1,0.0,1400.0,1200.0,-0.14285714285714285,True,True,False,False,False,apply
INT000067,ACT001551,CAN00615,JOB00309,2025-04-20,0.4246823956442831,0.9,7.0,1.0,1,0.0,1400.0,1200.0,-0.14285714285714285,True,True,False,False,True,apply
INT000068,ACT001780,CAN00713,JOB00301,2025-04-20,0.4246823956442831,0.9,9.0,1.0,1,0.0,1250.0,1200.0,-0.04,True,True,False,True,False,apply
INT000069,ACT001780,CAN00713,JOB00264,2025-04-20,0.4246823956442831,0.9,10.2,1.0,1,0.0,1250.0,1200.0,-0.04,True,True,True,True,True,apply
INT000070,ACT001825,CAN00729,JOB00276,2025-04-20,0.4246823956442831,0.9,8.2,3.0,3,0.0,2300.0,2200.0,-0.043478260869565216,True,True,False,False,False,considering
INT000071,ACT001825,CAN00729,JOB00122,2025-04-20,0.4246823956442831,0.9,7.0,3.0,4,-1.0,2300.0,2200.0,-0.043478260869565216,True,True,False,False,False,apply
INT000072,ACT002052,CAN00823,JOB00319,2025-04-20,0.4246823956442831,0.9,8.3,3.0,3,0.0,2250.0,2050.0,-0.08888888888888889,True,True,False,True,True,apply
INT000073,ACT002052,CAN00823,JOB00276,2025-04-20,0.4246823956442831,0.9,10.2,3.0,3,0.0,2250.0,2200.0,-0.022222222222222223,True,True,True,True,True,apply
INT000074,ACT002974,CAN01179,JOB00264,2025-04-21,0.4246823956442831,0.9,9.5,1.0,1,0.0,1300.0,1200.0,-0.07692307692307693,True,True,True,True,True,decline
INT000075,ACT003043,CAN01205,JOB00342,2025-04-21,0.4246823956442831,0.9,9.8,3.0,3,0.0,2100.0,2150.0,0.023809523809523808,True,True,False,True,False,considering
INT000076,ACT003043,CAN01205,JOB00319,2025-04-21,0.4246823956442831,0.9,9.0,3.0,3,0.0,2100.0,2050.0,-0.023809523809523808,True,True,False,True,True,considering
INT000077,ACT000147,CAN00056,JOB00075,2025-04-22,0.4246823956442831,0.9,8.6,3.0,4,-1.0,2150.0,2350.0,0.09302325581395349,True,True,False,True,True,apply
INT000078,ACT000873,CAN00349,JOB00111,2025-04-22,0.4246823956442831,0.9,6.7,4.0,4,0.0,3100.0,2950.0,-0.04838709677419355,False,True,True,True,True,considering
INT000079,ACT002164,CAN00866,JOB00169,2025-04-22,0.4246823956442831,0.9,9.0,4.0,4,0.0,3350.0,3000.0,-0.1044776119402985,True,True,True,True,False,considering
INT000080,ACT002339,CAN00935,JOB00266,2025-04-22,0.4246823956442831,0.9,6.3,3.0,4,-1.0,3250.0,2950.0,-0.09230769230769231,True,True,False,False,True,decline
INT000081,ACT002339,CAN00935,JOB00111,2025-04-22,0.4246823956442831,0.9,6.3,3.0,4,-1.0,3250.0,2950.0,-0.09230769230769231,True,True,False,False,True,considering
INT000082,ACT003648,CAN01448,JOB00042,2025-04-22,0.4246823956442831,0.9,1.9999999999999998,,2,,1450.0,1600.0,0.10344827586206896,False,False,False,True,True,considering
INT000083,ACT003648,CAN01448,JOB00311,2025-04-22,0.4246823956442831,0.9,3.2,,2,,1450.0,1650.0,0.13793103448275862,False,False,True,True,False,apply
INT000084,ACT001604,CAN00639,JOB00301,2025-04-23,0.4246823956442831,0.9,3.5,,1,,1200.0,1200.0,0.0,False,True,False,True,False,decline
INT000085,ACT001604,CAN00639,JOB00298,2025-04-23,0.4246823956442831,0.9,9.0,1.0,1,0.0,1200.0,1250.0,0.041666666666666664,True,True,False,False,True,considering
INT000086,ACT001604,CAN00639,JOB00293,2025-04-23,0.4246823956442831,0.9,4.7,,1,,1200.0,1200.0,0.0,False,True,True,True,False,apply
INT000087,ACT003059,CAN01212,JOB00293,2025-04-23,0.4246823956442831,0.9,3.0,1.0,1,0.0,1550.0,1200.0,-0.22580645161290322,False,True,False,False,False,considering
INT000088,ACT003059,CAN01212,JOB00264,2025-04-23,0.4246823956442831,0.9,3.0,1.0,1,0.0,1550.0,1200.0,-0.22580645161290322,False,True,False,False,False,apply
INT000089,ACT003302,CAN01312,JOB00186,2025-04-23,0.4246823956442831,0.9,4.3,4.0,3,1.0,2300.0,2000.0,-0.13043478260869565,False,True,False,True,False,apply
INT000090,ACT003573,CAN01419,JOB00203,2025-04-23,0.4246823956442831,0.9,9.8,1.0,1,0.0,1200.0,1200.0,0.0,True,True,False,True,False,apply
INT000091,ACT001513,CAN00599,JOB00266,2025-04-24,0.4246823956442831,0.9,10.2,4.0,4,0.0,3100.0,2950.0,-0.04838709677419355,True,True,True,True,True,considering
INT000092,ACT003098,CAN01227,JOB00162,2025-04-24,0.4246823956442831,0.9,9.5,2.0,2,0.0,1700.0,1600.0,-0.058823529411764705,True,True,True,True,True,apply
INT000093,ACT003748,CAN01488,JOB00252,2025-04-24,0.4246823956442831,0.9,3.5,,1,,1200.0,1200.0,0.0,False,True,False,True,True,decline
INT000094,ACT004316,CAN01714,JOB00042,2025-04-24,0.4246823956442831,0.9,9.8,1.0,2,-1.0,1500.0,1600.0,0.06666666666666667,True,True,True,True,False,apply
INT000095,ACT004316,CAN01714,JOB00243,2025-04-24,0.4246823956442831,0.9,8.6,1.0,2,-1.0,1500.0,1600.0,0.06666666666666667,True,True,False,True,True,apply
INT000096,ACT004316,CAN01714,JOB00283,2025-04-24,0.4246823956442831,0.9,9.8,1.0,2,-1.0,1500.0,1500.0,0.0,True,True,True,True,False,apply
INT000097,ACT004728,CAN01877,JOB00252,2025-04-24,0.4246823956442831,0.9,9.0,1.0,1,0.0,1250.0,1200.0,-0.04,True,True,False,True,False,apply
INT000098,ACT004728,CAN01877,JOB00316,2025-04-24,0.4246823956442831,0.9,9.8,1.0,2,-1.0,1250.0,1400.0,0.12,True,True,True,True,False,apply
INT000099,ACT001236,CAN00485,JOB00283,2025-04-25,0.4246823956442831,0.9,3.5999999999999996,1.0,2,-1.0,1300.0,1500.0,0.15384615384615385,False,False,False,True,False,considering
INT000100,ACT001236,CAN00485,JOB00311,2025-04-25,0.4246823956442831,0.9,4.8,1.0,2,-1.0,1300.0,1650.0,0.2692307692307692,False,False,True,True,True,apply
INT000101,ACT000165,CAN00063,JOB00111,2025-04-26,0.4246823956442831,0.9,9.8,3.0,4,-1.0,2950.0,2950.0,0.0,True,True,True,True,False,apply
INT000102,ACT000165,CAN00063,JOB00266,2025-04-26,0.4246823956442831,0.9,9.8,3.0,4,-1.0,2950.0,2950.0,0.0,True,True,True,True,False,considering
INT000103,ACT003422,CAN01359,JOB00158,2025-04-26,0.4246823956442831,0.9,8.3,4.0,3,1.0,2950.0,2750.0,-0.06779661016949153,True,True,False,True,True,apply
INT000104,ACT003619,CAN01438,JOB00069,2025-04-26,0.4246823956442831,0.9,7.5,4.0,3,1.0,2200.0,2550.0,0.1590909090909091,False,True,True,True,True,apply
INT000105,ACT003619,CAN01438,JOB00138,2025-04-26,0.4246823956442831,0.9,5.5,4.0,4,0.0,2200.0,2750.0,0.25,False,True,False,False,False,considering
INT000106,ACT004338,CAN01724,JOB00038,2025-04-26,0.4246823956442831,0.9,10.2,3.0,3,0.0,2100.0,2000.0,-0.047619047619047616,True,True,True,True,False,considering
INT000107,ACT004849,CAN01928,JOB00298,2025-04-26,0.4246823956442831,0.9,9.0,1.0,1,0.0,1250.0,1250.0,0.0,True,True,False,False,False,considering
INT000108,ACT004849,CAN01928,JOB00293,2025-04-26,0.4246823956442831,0.9,3.9000000000000004,,1,,1250.0,1200.0,-0.04,False,True,True,True,True,decline
INT000109,ACT000495,CAN00200,JOB00311,2025-04-27,0.4246823956442831,0.9,11.0,2.0,2,0.0,1450.0,1650.0,0.13793103448275862,True,True,True,True,False,apply
INT000110,ACT001816,CAN00726,JOB00200,2025-04-27,0.4246823956442831,0.9,9.0,1.0,1,0.0,1350.0,1200.0,-0.1111111111111111,True,True,True,True,False,decline
INT000111,ACT002754,CAN01095,JOB00254,2025-04-27,0.4246823956442831,0.9,9.8,2.0,3,-1.0,2200.0,2300.0,0.045454545454545456,True,True,True,True,True,apply
INT000112,ACT002754,CAN01095,JOB00007,2025-04-27,0.4246823956442831,0.9,7.8,2.0,3,-1.0,2200.0,2250.0,0.022727272727272728,True,True,False,False,True,apply
INT000113,ACT000135,CAN00052,JOB00109,2025-04-28,0.4246823956442831,0.9,7.8,4.0,3,1.0,2400.0,2050.0,-0.14583333333333334,True,True,False,True,False,apply
INT000114,ACT001272,CAN00498,JOB00138,2025-04-28,0.4246823956442831,0.9,8.2,4.0,4,0.0,2800.0,2750.0,-0.017857142857142856,True,True,False,False,False,considering
INT000115,ACT001781,CAN00713,JOB00293,2025-04-28,0.4246823956442831,0.9,10.2,1.0,1,0.0,1250.0,1200.0,-0.04,True,True,True,True,False,apply
INT000116,ACT003108,CAN01232,JOB00261,2025-04-28,0.4246823956442831,0.9,8.2,3.0,3,0.0,2300.0,2200.0,-0.043478260869565216,True,True,False,False,True,apply
INT000117,ACT003214,CAN01273,JOB00186,2025-04-28,0.4246823956442831,0.9,9.0,3.0,3,0.0,2250.0,2000.0,-0.1111111111111111,True,True,True,True,True,decline
INT000118,ACT003214,CAN01273,JOB00038,2025-04-28,0.4246823956442831,0.9,7.8,3.0,3,0.0,2250.0,2000.0,-0.1111111111111111,True,True,False,True,True,apply
INT000119,ACT004538,CAN01804,JOB00243,2025-04-28,0.4246823956442831,0.9,4.0,2.0,2,0.0,1950.0,1600.0,-0.1794871794871795,False,False,True,True,False,decline
INT000120,ACT004538,CAN01804,JOB00042,2025-04-28,0.4246823956442831,0.9,2.8,2.0,2,0.0,1950.0,1600.0,-0.1794871794871795,False,False,False,True,True,apply
INT000121,ACT000617,CAN00249,JOB00311,2025-04-29,0.4246823956442831,0.9,2.3,2.0,2,0.0,2850.0,1650.0,-0.42105263157894735,False,False,False,True,True,considering
INT000122,ACT000617,CAN00249,JOB00348,2025-04-29,0.4246823956442831,0.9,3.5,2.0,2,0.0,2850.0,1400.0,-0.5087719298245614,False,False,True,True,True,decline
INT000123,ACT001826,CAN00729,JOB00319,2025-04-29,0.4246823956442831,0.9,7.0,3.0,3,0.0,2300.0,2050.0,-0.10869565217391304,True,True,False,False,False,apply
INT000124,ACT001826,CAN00729,JOB00075,2025-04-29,0.4246823956442831,0.9,7.8,3.0,4,-1.0,2300.0,2350.0,0.021739130434782608,True,True,False,False,False,decline
INT000125,ACT002274,CAN00909,JOB00298,2025-04-29,0.4246823956442831,0.9,7.0,1.0,1,0.0,1550.0,1250.0,-0.1935483870967742,True,True,False,False,False,considering
INT000126,ACT002945,CAN01168,JOB00042,2025-04-29,0.4246823956442831,0.9,9.8,2.0,2,0.0,1450.0,1600.0,0.10344827586206896,True,True,False,True,True,apply
INT000127,ACT000117,CAN00045,JOB00038,2025-04-30,0.4246823956442831,0.9,7.8,4.0,3,1.0,2350.0,2000.0,-0.14893617021276595,True,True,False,True,True,apply
INT000128,ACT000632,CAN00256,JOB00264,2025-04-30,0.4246823956442831,0.9,3.9000000000000004,,1,,1250.0,1200.0,-0.04,False,True,True,True,True,apply
INT000129,ACT000632,CAN00256,JOB00311,2025-04-30,0.4246823956442831,0.9,3.2,,2,,1250.0,1650.0,0.32,False,False,True,True,True,considering
INT000130,ACT001520,CAN00602,JOB00038,2025-04-30,0.4246823956442831,0.9,9.0,4.0,3,1.0,2300.0,2000.0,-0.13043478260869565,True,True,True,True,False,apply
INT000131,ACT001713,CAN00682,JOB00252,2025-04-30,0.4246823956442831,0.9,9.8,1.0,1,0.0,1200.0,1200.0,0.0,True,True,False,True,False,considering
INT000132,ACT001713,CAN00682,JOB00293,2025-04-30,0.4246823956442831,0.9,9.8,1.0,1,0.0,1200.0,1200.0,0.0,True,True,False,True,False,considering
INT000133,ACT002814,CAN01119,JOB00309,2025-04-30,0.4246823956442831,0.9,7.8,2.0,1,1.0,1350.0,1200.0,-0.1111111111111111,True,True,False,True,False,apply
INT000134,ACT003882,CAN01544,JOB00158,2025-04-30,0.4246823956442831,0.9,9.0,4.0,3,1.0,3100.0,2750.0,-0.11290322580645161,True,True,True,True,True,apply
INT000135,ACT004308,CAN01711,JOB00293,2025-04-30,0.4246823956442831,0.9,6.0,2.0,1,1.0,1300.0,1200.0,-0.07692307692307693,False,True,True,True,True,decline
INT000136,ACT002158,CAN00864,JOB00252,2025-05-01,0.5771324863883848,0.9,9.0,1.0,1,0.0,1200.0,1200.0,0.0,True,True,False,False,True,apply
INT000137,ACT002659,CAN01059,JOB00254,2025-05-01,0.5771324863883848,0.9,9.0,3.0,3,0.0,2200.0,2300.0,0.045454545454545456,True,True,False,False,True,considering
INT000138,ACT002659,CAN01059,JOB00276,2025-05-01,0.5771324863883848,0.9,5.5,3.0,3,0.0,2200.0,2200.0,0.0,False,True,False,False,False,decline
INT000139,ACT003070,CAN01216,JOB00254,2025-05-01,0.5771324863883848,0.9,5.0,4.0,3,1.0,3050.0,2300.0,-0.2459016393442623,False,True,True,True,False,apply
INT000140,ACT003070,CAN01216,JOB00127,2025-05-01,0.5771324863883848,0.9,5.0,4.0,3,1.0,3050.0,2200.0,-0.2786885245901639,False,True,True,True,False,considering
INT000141,ACT003070,CAN01216,JOB00186,2025-05-01,0.5771324863883848,0.9,2.5999999999999996,2.0,3,-1.0,3050.0,2000.0,-0.3442622950819672,False,True,False,True,False,apply
INT000142,ACT003119,CAN01235,JOB00309,2025-05-01,0.5771324863883848,0.9,9.0,1.0,1,0.0,1250.0,1200.0,-0.04,True,True,False,True,False,considering
INT000143,ACT003119,CAN01235,JOB00200,2025-05-01,0.5771324863883848,0.9,6.7,1.0,1,0.0,1250.0,1200.0,-0.04,False,True,True,True,False,apply
INT000144,ACT003407,CAN01354,JOB00298,2025-05-01,0.5771324863883848,0.9,7.5,2.0,1,1.0,1350.0,1250.0,-0.07407407407407407,True,True,False,False,True,considering
INT000145,ACT003407,CAN01354,JOB00293,2025-05-01,0.5771324863883848,0.9,2.7,,1,,1350.0,1200.0,-0.1111111111111111,False,True,True,True,False,decline
INT000146,ACT003574,CAN01419,JOB00293,2025-05-01,0.5771324863883848,0.9,11.0,1.0,1,0.0,1200.0,1200.0,0.0,True,True,True,True,True,considering
INT000147,ACT003574,CAN01419,JOB00301,2025-05-01,0.5771324863883848,0.9,9.8,1.0,1,0.0,1200.0,1200.0,0.0,True,True,False,True,True,decline
INT000148,ACT003723,CAN01477,JOB00293,2025-05-01,0.5771324863883848,0.9,11.0,1.0,1,0.0,1200.0,1200.0,0.0,True,True,True,True,False,considering
INT000149,ACT003723,CAN01477,JOB00301,2025-05-01,0.5771324863883848,0.9,9.8,1.0,1,0.0,1200.0,1200.0,0.0,True,True,False,True,False,apply
INT000150,ACT004317,CAN01714,JOB00348,2025-05-01,0.5771324863883848,0.9,7.1,1.0,2,-1.0,1500.0,1400.0,-0.06666666666666667,True,True,False,True,True,considering
INT000151,ACT001282,CAN00501,JOB00293,2025-05-02,0.5771324863883848,0.9,2.2,,1,,1550.0,1200.0,-0.22580645161290322,False,True,True,True,True,apply
INT000152,ACT002687,CAN01071,JOB00276,2025-05-02,0.5771324863883848,0.9,11.0,3.0,3,0.0,2200.0,2200.0,0.0,True,True,True,True,False,apply
INT000153,ACT002687,CAN01071,JOB00342,2025-05-02,0.5771324863883848,0.9,9.0,3.0,3,0.0,2200.0,2150.0,-0.022727272727272728,True,True,False,True,True,decline
INT000154,ACT004772,CAN01894,JOB00283,2025-05-02,0.5771324863883848,0.9,7.0,2.0,2,0.0,1700.0,1500.0,-0.11764705882352941,True,True,False,False,False,apply
INT000155,ACT001082,CAN00427,JOB00111,2025-05-03,0.5771324863883848,0.9,10.2,4.0,4,0.0,3000.0,2950.0,-0.016666666666666666,True,True,True,True,True,apply
INT000156,ACT001082,CAN00427,JOB00209,2025-05-03,0.5771324863883848,0.9,7.8,4.0,5,-1.0,3000.0,3000.0,0.0,True,True,False,False,False,apply
INT000157,ACT001552,CAN00615,JOB00301,2025-05-03,0.5771324863883848,0.9,7.0,1.0,1,0.0,1400.0,1200.0,-0.14285714285714285,True,True,False,False,False,apply
INT000158,ACT001552,CAN00615,JOB00216,2025-05-03,0.5771324863883848,0.9,3.2,,2,,1400.0,1500.0,0.07142857142857142,False,False,True,True,True,decline
INT000159,ACT001637,CAN00653,JOB00283,2025-05-03,0.5771324863883848,0.9,7.5,2.0,2,0.0,1600.0,1500.0,-0.0625,True,True,False,False,False,apply
INT000160,ACT001940,CAN00777,JOB00124,2025-05-03,0.5771324863883848,0.9,6.3,5.0,3,2.0,2350.0,2950.0,0.2553191489361702,False,True,False,True,False,apply
INT000161,ACT001940,CAN00777,JOB00007,2025-05-03,0.5771324863883848,0.9,8.2,3.0,3,0.0,2350.0,2250.0,-0.0425531914893617,True,True,False,False,False,apply
INT000162,ACT002776,CAN01105,JOB00200,2025-05-03,0.5771324863883848,0.9,9.0,1.0,1,0.0,1250.0,1200.0,-0.04,True,True,False,True,False,apply
INT000163,ACT002776,CAN01105,JOB00316,2025-05-03,0.5771324863883848,0.9,3.5,,2,,1250.0,1400.0,0.12,False,True,False,True,False,decline
INT000164,ACT003060,CAN01212,JOB00298,2025-05-03,0.5771324863883848,0.9,7.0,1.0,1,0.0,1550.0,1250.0,-0.1935483870967742,True,True,False,False,False,considering
INT000165,ACT004032,CAN01599,JOB00111,2025-05-03,0.5771324863883848,0.9,9.5,4.0,4,0.0,3200.0,2950.0,-0.078125,True,True,True,True,True,apply
INT000166,ACT004160,CAN01649,JOB00254,2025-05-03,0.5771324863883848,0.9,9.8,3.0,3,0.0,2250.0,2300.0,0.022222222222222223,True,True,False,True,True,apply
INT000167,ACT004160,CAN01649,JOB00127,2025-05-03,0.5771324863883848,0.9,9.0,3.0,3,0.0,2250.0,2200.0,-0.022222222222222223,True,True,False,True,True,considering
INT000168,ACT000392,CAN00159,JOB00316,2025-05-04,0.5771324863883848,0.9,3.5,,2,,1400.0,1400.0,0.0,False,True,False,True,False,considering
INT000169,ACT000392,CAN00159,JOB00301,2025-05-04,0.5771324863883848,0.9,2.7,,1,,1400.0,1200.0,-0.14285714285714285,False,True,True,True,True,decline
INT000170,ACT000886,CAN00354,JOB00082,2025-05-04,0.5771324863883848,0.9,7.5,5.0,4,1.0,3450.0,3200.0,-0.07246376811594203,True,True,False,False,False,considering
INT000171,ACT000886,CAN00354,JOB00169,2025-05-04,0.5771324863883848,0.9,7.8,5.0,4,1.0,3450.0,3000.0,-0.13043478260869565,True,True,False,True,False,considering
INT000172,ACT001324,CAN00518,JOB00069,2025-05-04,0.5771324863883848,0.9,6.3,5.0,3,2.0,2150.0,2550.0,0.18604651162790697,False,True,False,True,True,decline
INT000173,ACT001324,CAN00518,JOB00087,2025-05-04,0.5771324863883848,0.9,6.3,5.0,4,1.0,2150.0,2650.0,0.23255813953488372,False,True,False,True,False,decline
INT000174,ACT002406,CAN00961,JOB00082,2025-05-04,0.5771324863883848,0.9,7.0,5.0,4,1.0,3600.0,3200.0,-0.1111111111111111,True,True,False,False,True,apply
INT000175,ACT003099,CAN01227,JOB00311,2025-05-04,0.5771324863883848,0.9,8.2,2.0,2,0.0,1700.0,1650.0,-0.029411764705882353,True,True,False,False,False,apply
INT000176,ACT003267,CAN01296,JOB00057,2025-05-04,0.5771324863883848,0.9,9.0,3.0,4,-1.0,3050.0,3000.0,-0.01639344262295082,True,True,True,True,True,considering
INT000177,ACT003267,CAN01296,JOB00041,2025-05-04,0.5771324863883848,0.9,8.3,3.0,4,-1.0,3050.0,2850.0,-0.06557377049180328,True,True,True,True,True,apply
INT000178,ACT000073,CAN00029,JOB00316,2025-05-05,0.5771324863883848,0.9,8.6,1.0,2,-1.0,1200.0,1400.0,0.16666666666666666,True,True,False,True,True,apply
INT000179,ACT001377,CAN00541,JOB00252,2025-05-05,0.5771324863883848,0.9,3.5,1.0,1,0.0,1500.0,1200.0,-0.2,False,True,False,False,False,considering
INT000180,ACT003749,CAN01488,JOB00203,2025-05-06,0.5771324863883848,0.9,3.5,,1,,1200.0,1200.0,0.0,False,True,False,True,False,considering
INT000181,ACT003749,CAN01488,JOB00316,2025-05-06,0.5771324863883848,0.9,4.7,,2,,1200.0,1400.0,0.16666666666666666,False,True,True,True,False,decline
INT000182,ACT004640,CAN01845,JOB00127,2025-05-06,0.5771324863883848,0.9,5.5,3.0,3,0.0,2150.0,2200.0,0.023255813953488372,False,True,False,False,True,considering
INT000183,ACT004640,CAN01845,JOB00109,2025-05-06,0.5771324863883848,0.9,7.0,2.0,3,-1.0,2150.0,2050.0,-0.046511627906976744,True,True,False,False,False,apply
INT000184,ACT004640,CAN01845,JOB00261,2025-05-06,0.5771324863883848,0.9,7.8,2.0,3,-1.0,2150.0,2200.0,0.023255813953488372,True,True,False,False,False,apply
INT000185,ACT004867,CAN01935,JOB00311,2025-05-06,0.5771324863883848,0.9,8.3,3.0,2,1.0,1800.0,1650.0,-0.08333333333333333,True,True,False,True,False,apply
INT000186,ACT000273,CAN00106,JOB00309,2025-05-07,0.5771324863883848,0.9,7.0,,1,,1200.0,1200.0,0.0,True,True,False,True,True,apply
INT000187,ACT001957,CAN00783,JOB00098,2025-05-07,0.5771324863883848,0.9,9.0,1.0,1,0.0,1200.0,1200.0,0.0,True,True,False,False,True,apply
INT000188,ACT002352,CAN00939,JOB00243,2025-05-07,0.5771324863883848,0.9,11.0,2.0,2,0.0,1600.0,1600.0,0.0,True,True,True,True,False,apply
INT000189,ACT002352,CAN00939,JOB00072,2025-05-07,0.5771324863883848,0.9,10.2,2.0,2,0.0,1600.0,1550.0,-0.03125,True,True,True,True,True,considering
INT000190,ACT000101,CAN00039,JOB00316,2025-05-08,0.5771324863883848,0.9,4.7,,2,,1300.0,1400.0,0.07692307692307693,False,True,True,True,False,apply
INT000191,ACT000340,CAN00135,JOB00283,2025-05-09,0.5771324863883848,0.9,7.8,3.0,2,1.0,1700.0,1500.0,-0.11764705882352941,True,True,False,True,True,decline
INT000192,ACT002755,CAN01095,JOB00127,2025-05-09,0.5771324863883848,0.9,9.8,2.0,3,-1.0,2200.0,2200.0,0.0,True,True,True,True,True,apply
INT000193,ACT002755,CAN01095,JOB00237,2025-05-09,0.5771324863883848,0.9,8.2,2.0,4,-2.0,2200.0,2400.0,0.09090909090909091,True,True,True,True,True,apply
INT000194,ACT004636,CAN01843,JOB00068,2025-05-09,0.5771324863883848,0.9,9.0,1.0,1,0.0,1200.0,1350.0,0.125,True,True,False,False,False,apply
INT000195,ACT000042,CAN00017,JOB00108,2025-05-10,0.5771324863883848,0.9,3.8,3.0,3,0.0,2800.0,2200.0,-0.21428571428571427,False,True,False,True,False,apply
INT000196,ACT000042,CAN00017,JOB00122,2025-05-10,0.5771324863883848,0.9,3.8,3.0,4,-1.0,2800.0,2200.0,-0.21428571428571427,False,True,True,True,False,considering
INT000197,ACT000136,CAN00052,JOB00261,2025-05-10,0.5771324863883848,0.9,8.3,4.0,3,1.0,2400.0,2200.0,-0.08333333333333333,True,True,False,True,False,apply
INT000198,ACT000136,CAN00052,JOB00108,2025-05-10,0.5771324863883848,0.9,8.3,4.0,3,1.0,2400.0,2200.0,-0.08333333333333333,True,True,False,True,False,apply
INT000199,ACT000633,CAN00256,JOB00252,2025-05-10,0.5771324863883848,0.9,3.9000000000000004,,1,,1250.0,1200.0,-0.04,False,True,True,True,False,decline
INT000200,ACT003275,CAN01299,JOB00038,2025-05-10,0.5771324863883848,0.9,9.0,3.0,3,0.0,2000.0,2000.0,0.0,True,True,False,False,False,considering
INT000201,ACT003016,CAN01195,JOB00259,2025-05-11,0.5771324863883848,0.9,9.0,1.0,1,0.0,1250.0,1200.0,-0.04,True,True,False,True,False,apply
INT000202,ACT001605,CAN00639,JOB00098,2025-05-12,0.5771324863883848,0.9,4.7,,1,,1200.0,1200.0,0.0,False,True,True,True,False,apply
INT000203,ACT001605,CAN00639,JOB00252,2025-05-12,0.5771324863883848,0.9,4.7,,1,,1200.0,1200.0,0.0,False,True,True,True,False,considering
INT000204,ACT003094,CAN01226,JOB00316,2025-05-12,0.5771324863883848,0.9,5.5,2.0,2,0.0,1400.0,1400.0,0.0,False,True,False,False,False,apply
INT000205,ACT002267,CAN00906,JOB00200,2025-05-13,0.5771324863883848,0.9,10.2,1.0,1,0.0,1250.0,1200.0,-0.04,True,True,True,True,False,apply
INT000206,ACT002843,CAN01129,JOB00311,2025-05-13,0.5771324863883848,0.9,3.2,,2,,1550.0,1650.0,0.06451612903225806,False,False,True,True,False,decline
INT000207,ACT003109,CAN01232,JOB00106,2025-05-13,0.5771324863883848,0.9,7.0,3.0,3,0.0,2300.0,2050.0,-0.10869565217391304,True,True,False,False,False,considering
INT000208,ACT003109,CAN01232,JOB00097,2025-05-13,0.5771324863883848,0.9,7.0,3.0,4,-1.0,2300.0,2200.0,-0.043478260869565216,True,True,False,False,True,considering
INT000209,ACT003281,CAN01303,JOB00269,2025-05-13,0.5771324863883848,0.9,9.0,1.0,1,0.0,1250.0,1450.0,0.16,True,True,False,False,True,apply
INT000210,ACT003281,CAN01303,JOB00259,2025-05-13,0.5771324863883848,0.9,8.2,1.0,1,0.0,1250.0,1200.0,-0.04,True,True,False,False,False,considering
INT000211,ACT004258,CAN01691,JOB00108,2025-05-13,0.5771324863883848,0.9,9.0,3.0,3,0.0,2150.0,2200.0,0.023255813953488372,True,True,False,False,False,apply
INT000212,ACT001237,CAN00485,JOB00042,2025-05-14,0.5771324863883848,0.9,3.5999999999999996,1.0,2,-1.0,1300.0,1600.0,0.23076923076923078,False,False,False,True,False,decline
INT000213,ACT001325,CAN00518,JOB00177,2025-05-14,0.5771324863883848,0.9,7.5,5.0,4,1.0,2150.0,2750.0,0.27906976744186046,False,True,True,True,False,apply
INT000214,ACT001817,CAN00726,JOB00298,2025-05-14,0.5771324863883848,0.9,7.5,1.0,1,0.0,1350.0,1250.0,-0.07407407407407407,True,True,False,False,True,apply
INT000215,ACT001817,CAN00726,JOB00316,2025-05-14,0.5771324863883848,0.9,6.3,2.0,2,0.0,1350.0,1400.0,0.037037037037037035,False,True,False,True,False,apply
INT000216,ACT002218,CAN00887,JOB00269,2025-05-14,0.5771324863883848,0.9,3.5,,1,,1350.0,1450.0,0.07407407407407407,False,True,False,True,False,apply
INT000217,ACT002218,CAN00887,JOB00283,2025-05-14,0.5771324863883848,0.9,1.9999999999999998,,2,,1350.0,1500.0,0.1111111111111111,False,False,False,True,False,considering
INT000218,ACT002353,CAN00939,JOB00311,2025-05-14,0.5771324863883848,0.9,11.0,2.0,2,0.0,1600.0,1650.0,0.03125,True,True,True,True,False,apply
INT000219,ACT002446,CAN00978,JOB00010,2025-05-14,0.5771324863883848,0.9,9.5,3.0,3,0.0,2450.0,2250.0,-0.08163265306122448,True,True,True,True,False,apply
INT000220,ACT002446,CAN00978,JOB00254,2025-05-14,0.5771324863883848,0.9,8.3,3.0,3,0.0,2450.0,2300.0,-0.061224489795918366,True,True,False,True,True,apply
INT000221,ACT000102,CAN00039,JOB00283,2025-05-15,0.5771324863883848,0.9,3.2,,2,,1300.0,1500.0,0.15384615384615385,False,False,True,True,True,apply
INT000222,ACT000166,CAN00063,JOB00122,2025-05-15,0.5771324863883848,0.9,5.0,4.0,4,0.0,2950.0,2200.0,-0.2542372881355932,False,True,True,True,False,considering
INT000223,ACT000593,CAN00239,JOB00057,2025-05-15,0.5771324863883848,0.9,7.5,4.0,4,0.0,3300.0,3000.0,-0.09090909090909091,True,True,False,False,False,apply
INT000224,ACT000618,CAN00249,JOB00105,2025-05-15,0.5771324863883848,0.9,2.3,2.0,2,0.0,2850.0,1550.0,-0.45614035087719296,False,False,False,True,True,considering
INT000225,ACT000857,CAN00344,JOB00105,2025-05-15,0.5771324863883848,0.9,9.8,3.0,2,1.0,1550.0,1550.0,0.0,True,True,False,True,True,apply
INT000226,ACT000857,CAN00344,JOB00283,2025-05-15,0.5771324863883848,0.9,9.0,3.0,2,1.0,1550.0,1500.0,-0.03225806451612903,True,True,False,True,False,decline
INT000227,ACT001017,CAN00403,JOB00276,2025-05-15,0.5771324863883848,0.9,7.8,2.0,3,-1.0,1850.0,2200.0,0.1891891891891892,True,True,False,False,False,considering
INT000228,ACT001493,CAN00591,JOB00311,2025-05-15,0.5771324863883848,0.9,9.0,2.0,2,0.0,1600.0,1650.0,0.03125,True,True,False,False,False,apply
INT000229,ACT001493,CAN00591,JOB00042,2025-05-15,0.5771324863883848,0.9,9.0,2.0,2,0.0,1600.0,1600.0,0.0,True,True,False,False,True,apply
INT000230,ACT001493,CAN00591,JOB00163,2025-05-15,0.5771324863883848,0.9,10.2,2.0,2,0.0,1600.0,1550.0,-0.03125,True,True,True,True,True,decline
INT000231,ACT002407,CAN00961,JOB00137,2025-05-15,0.5771324863883848,0.9,7.8,5.0,4,1.0,3600.0,3100.0,-0.1388888888888889,True,True,False,True,False,apply
INT000232,ACT002407,CAN00961,JOB00169,2025-05-15,0.5771324863883848,0.9,9.0,5.0,4,1.0,3600.0,3000.0,-0.16666666666666666,True,True,True,True,False,apply
INT000233,ACT002593,CAN01032,JOB00108,2025-05-15,0.5771324863883848,0.9,9.0,3.0,3,0.0,2250.0,2200.0,-0.022222222222222223,True,True,False,True,False,apply
INT000234,ACT002593,CAN01032,JOB00261,2025-05-15,0.5771324863883848,0.9,9.0,3.0,3,0.0,2250.0,2200.0,-0.022222222222222223,True,True,False,True,False,apply
INT000235,ACT002593,CAN01032,JOB00109,2025-05-15,0.5771324863883848,0.9,8.3,3.0,3,0.0,2250.0,2050.0,-0.08888888888888889,True,True,False,True,False,considering
INT000236,ACT003268,CAN01296,JOB00077,2025-05-15,0.5771324863883848,0.9,7.0,3.0,4,-1.0,3050.0,2900.0,-0.04918032786885246,True,True,False,False,True,apply
INT000237,ACT003427,CAN01361,JOB00010,2025-05-15,0.5771324863883848,0.9,5.5,3.0,3,0.0,2100.0,2250.0,0.07142857142857142,False,True,False,False,False,decline
INT000238,ACT003427,CAN01361,JOB00342,2025-05-15,0.5771324863883848,0.9,5.5,3.0,3,0.0,2100.0,2150.0,0.023809523809523808,False,True,False,False,True,considering
INT000239,ACT004015,CAN01593,JOB00072,2025-05-15,0.5771324863883848,0.9,9.5,3.0,2,1.0,1650.0,1550.0,-0.06060606060606061,True,True,True,True,True,apply
INT000240,ACT003423,CAN01359,JOB00270,2025-05-16,0.5771324863883848,0.9,7.8,4.0,4,0.0,2950.0,2650.0,-0.1016949152542373,True,True,False,True,True,apply
INT000241,ACT000137,CAN00052,JOB00097,2025-05-17,0.5771324863883848,0.9,8.3,4.0,4,0.0,2400.0,2200.0,-0.08333333333333333,True,True,False,True,False,apply
INT000242,ACT000137,CAN00052,JOB00106,2025-05-17,0.5771324863883848,0.9,7.8,4.0,3,1.0,2400.0,2050.0,-0.14583333333333334,True,True,False,True,True,considering
INT000243,ACT002688,CAN01071,JOB00327,2025-05-17,0.5771324863883848,0.9,9.0,3.0,3,0.0,2200.0,2100.0,-0.045454545454545456,True,True,False,True,True,apply
INT000244,ACT002832,CAN01125,JOB00269,2025-05-17,0.5771324863883848,0.9,7.5,1.0,1,0.0,1400.0,1450.0,0.03571428571428571,False,True,True,True,True,apply
INT000245,ACT002946,CAN01168,JOB00105,2025-05-17,0.5771324863883848,0.9,9.8,2.0,2,0.0,1450.0,1550.0,0.06896551724137931,True,True,False,True,False,apply
INT000246,ACT003276,CAN01299,JOB00186,2025-05-17,0.5771324863883848,0.9,9.0,3.0,3,0.0,2000.0,2000.0,0.0,True,True,False,False,False,decline
INT000247,ACT003839,CAN01525,JOB00298,2025-05-17,0.5771324863883848,0.9,9.0,1.0,1,0.0,1200.0,1250.0,0.041666666666666664,True,True,False,False,False,decline
INT000248,ACT004390,CAN01745,JOB00216,2025-05-17,0.5771324863883848,0.9,9.0,2.0,2,0.0,1500.0,1500.0,0.0,True,True,False,False,False,apply
INT000249,ACT004390,CAN01745,JOB00042,2025-05-17,0.5771324863883848,0.9,9.8,2.0,2,0.0,1500.0,1600.0,0.06666666666666667,True,True,False,True,True,apply
INT000250,ACT000634,CAN00256,JOB00269,2025-05-18,0.5771324863883848,0.9,4.7,,1,,1250.0,1450.0,0.16,False,True,True,True,False,decline
INT000251,ACT000124,CAN00048,JOB00199,2025-05-19,0.5771324863883848,0.9,6.3,4.0,4,0.0,2300.0,2350.0,0.021739130434782608,False,True,False,True,True,considering
INT000252,ACT000124,CAN00048,JOB00109,2025-05-19,0.5771324863883848,0.9,7.8,3.0,3,0.0,2300.0,2050.0,-0.10869565217391304,True,True,False,True,False,apply
INT000253,ACT001521,CAN00602,JOB00146,2025-05-19,0.5771324863883848,0.9,7.8,4.0,3,1.0,2300.0,1900.0,-0.17391304347826086,True,True,False,True,False,considering
INT000254,ACT001521,CAN00602,JOB00186,2025-05-19,0.5771324863883848,0.9,7.8,4.0,3,1.0,2300.0,2000.0,-0.13043478260869565,True,True,False,True,False,considering
INT000255,ACT003818,CAN01517,JOB00261,2025-05-19,0.5771324863883848,0.9,8.6,2.0,3,-1.0,2100.0,2200.0,0.047619047619047616,True,True,False,True,False,apply
INT000256,ACT004760,CAN01889,JOB00158,2025-05-19,0.5771324863883848,0.9,8.3,5.0,3,2.0,3050.0,2750.0,-0.09836065573770492,True,True,False,True,False,apply
INT000257,ACT000639,CAN00258,JOB00327,2025-05-20,0.5771324863883848,0.9,7.8,2.0,3,-1.0,2150.0,2100.0,-0.023255813953488372,True,True,False,True,True,apply
INT000258,ACT001083,CAN00427,JOB00077,2025-05-20,0.5771324863883848,0.9,9.0,4.0,4,0.0,3000.0,2900.0,-0.03333333333333333,True,True,False,True,True,considering
INT000259,ACT001083,CAN00427,JOB00057,2025-05-20,0.5771324863883848,0.9,9.0,4.0,4,0.0,3000.0,3000.0,0.0,True,True,False,False,True,decline
INT000260,ACT001378,CAN00541,JOB00269,2025-05-20,0.5771324863883848,0.9,4.7,1.0,1,0.0,1500.0,1450.0,-0.03333333333333333,False,True,False,False,False,apply
INT000261,ACT001378,CAN00541,JOB00098,2025-05-20,0.5771324863883848,0.9,3.5,1.0,1,0.0,1500.0,1200.0,-0.2,False,True,False,False,False,decline
INT000262,ACT002815,CAN01119,JOB00098,2025-05-20,0.5771324863883848,0.9,9.0,2.0,1,1.0,1350.0,1200.0,-0.1111111111111111,True,True,True,True,True,apply
INT000263,ACT002815,CAN01119,JOB00316,2025-05-20,0.5771324863883848,0.9,9.8,2.0,2,0.0,1350.0,1400.0,0.037037037037037035,True,True,False,True,False,apply
INT000264,ACT002815,CAN01119,JOB00269,2025-05-20,0.5771324863883848,0.9,11.0,2.0,1,1.0,1350.0,1450.0,0.07407407407407407,True,True,True,True,True,apply
INT000265,ACT004835,CAN01922,JOB00007,2025-05-20,0.5771324863883848,0.9,11.0,3.0,3,0.0,2250.0,2250.0,0.0,True,True,True,True,True,apply
INT000266,ACT000118,CAN00045,JOB00146,2025-05-21,0.5771324863883848,0.9,9.0,4.0,3,1.0,2350.0,1900.0,-0.19148936170212766,True,True,True,True,True,apply
INT000267,ACT000118,CAN00045,JOB00115,2025-05-21,0.5771324863883848,0.9,7.0,4.0,3,1.0,2350.0,1950.0,-0.1702127659574468,True,True,False,False,False,considering
INT000268,ACT000274,CAN00106,JOB00293,2025-05-21,0.5771324863883848,0.9,7.0,,1,,1200.0,1200.0,0.0,True,True,False,True,False,apply
INT000269,ACT001941,CAN00777,JOB00254,2025-05-21,0.5771324863883848,0.9,10.2,3.0,3,0.0,2350.0,2300.0,-0.02127659574468085,True,True,True,True,False,considering
INT000270,ACT002447,CAN00978,JOB00158,2025-05-21,0.5771324863883848,0.9,6.3,4.0,3,1.0,2450.0,2750.0,0.12244897959183673,False,True,False,True,False,decline
INT000271,ACT000574,CAN00231,JOB00252,2025-05-22,0.5771324863883848,0.9,11.0,1.0,1,0.0,1200.0,1200.0,0.0,True,True,True,True,False,apply
INT000272,ACT001183,CAN00465,JOB00270,2025-05-22,0.5771324863883848,0.9,6.3,4.0,4,0.0,1950.0,2650.0,0.358974358974359,False,True,False,True,True,considering
INT000273,ACT001597,CAN00635,JOB00276,2025-05-22,0.5771324863883848,0.9,9.0,3.0,3,0.0,2500.0,2200.0,-0.12,True,True,True,True,True,apply
INT000274,ACT002597,CAN01033,JOB00230,2025-05-22,0.5771324863883848,0.9,7.0,3.0,3,0.0,2300.0,2000.0,-0.13043478260869565,True,True,False,False,False,considering
INT000275,ACT002597,CAN01033,JOB00342,2025-05-22,0.5771324863883848,0.9,7.5,3.0,3,0.0,2300.0,2150.0,-0.06521739130434782,True,True,False,False,True,considering
INT000276,ACT002777,CAN01105,JOB00273,2025-05-22,0.5771324863883848,0.9,3.5,,1,,1250.0,1250.0,0.0,False,True,False,True,False,decline
INT000277,ACT002777,CAN01105,JOB00298,2025-05-22,0.5771324863883848,0.9,9.0,1.0,1,0.0,1250.0,1250.0,0.0,True,True,False,False,True,considering
INT000278,ACT003071,CAN01216,JOB00237,2025-05-22,0.5771324863883848,0.9,5.0,4.0,4,0.0,3050.0,2400.0,-0.21311475409836064,False,True,True,True,False,considering
INT000279,ACT003071,CAN01216,JOB00199,2025-05-22,0.5771324863883848,0.9,5.0,4.0,4,0.0,3050.0,2350.0,-0.22950819672131148,False,True,True,True,False,apply
INT000280,ACT000393,CAN00159,JOB00200,2025-05-23,0.5771324863883848,0.9,7.8,1.0,1,0.0,1400.0,1200.0,-0.14285714285714285,True,True,False,True,True,apply
INT000281,ACT000393,CAN00159,JOB00298,2025-05-23,0.5771324863883848,0.9,7.0,1.0,1,0.0,1400.0,1250.0,-0.10714285714285714,True,True,False,False,False,apply
INT000282,ACT001007,CAN00399,JOB00042,2025-05-23,0.5771324863883848,0.9,7.0,3.0,2,1.0,1850.0,1600.0,-0.13513513513513514,True,True,False,False,True,apply
INT000283,ACT002594,CAN01032,JOB00106,2025-05-23,0.5771324863883848,0.9,8.3,3.0,3,0.0,2250.0,2050.0,-0.08888888888888889,True,True,False,True,True,apply
INT000284,ACT000741,CAN00296,JOB00106,2025-05-24,0.5771324863883848,0.9,7.5,3.0,3,0.0,2200.0,2050.0,-0.06818181818181818,True,True,False,False,True,considering
INT000285,ACT000741,CAN00296,JOB00097,2025-05-24,0.5771324863883848,0.9,7.8,3.0,4,-1.0,2200.0,2200.0,0.0,True,True,False,False,False,apply
INT000286,ACT000858,CAN00344,JOB00311,2025-05-24,0.5771324863883848,0.9,9.8,3.0,2,1.0,1550.0,1650.0,0.06451612903225806,True,True,False,True,True,considering
INT000287,ACT000858,CAN00344,JOB00243,2025-05-24,0.5771324863883848,0.9,9.8,3.0,2,1.0,1550.0,1600.0,0.03225806451612903,True,True,False,True,True,apply
INT000288,ACT002198,CAN00879,JOB00203,2025-05-24,0.5771324863883848,0.9,9.8,1.0,1,0.0,1200.0,1200.0,0.0,True,True,False,True,True,decline
INT000289,ACT002198,CAN00879,JOB00264,2025-05-24,0.5771324863883848,0.9,11.0,1.0,1,0.0,1200.0,1200.0,0.0,True,True,True,True,True,considering
INT000290,ACT003596,CAN01428,JOB00007,2025-05-24,0.5771324863883848,0.9,11.0,3.0,3,0.0,2200.0,2250.0,0.022727272727272728,True,True,True,True,False,decline
INT000291,ACT003596,CAN01428,JOB00127,2025-05-24,0.5771324863883848,0.9,9.0,3.0,3,0.0,2200.0,2200.0,0.0,True,True,False,False,False,considering
INT000292,ACT003596,CAN01428,JOB00010,2025-05-24,0.5771324863883848,0.9,9.0,3.0,3,0.0,2200.0,2250.0,0.022727272727272728,True,True,False,False,True,decline
INT000293,ACT000315,CAN00124,JOB00142,2025-05-25,0.5771324863883848,0.9,9.0,4.0,4,0.0,3500.0,3050.0,-0.12857142857142856,True,True,True,True,False,decline
INT000294,ACT000315,CAN00124,JOB00082,2025-05-25,0.5771324863883848,0.9,7.5,4.0,4,0.0,3500.0,3200.0,-0.08571428571428572,True,True,False,False,True,apply
INT000295,ACT000315,CAN00124,JOB00169,2025-05-25,0.5771324863883848,0.9,7.0,4.0,4,0.0,3500.0,3000.0,-0.14285714285714285,True,True,False,False,False,considering
INT000296,ACT001873,CAN00750,JOB00230,2025-05-25,0.5771324863883848,0.9,5.5,2.0,3,-1.0,2100.0,2000.0,-0.047619047619047616,False,True,True,True,True,decline
INT000297,ACT002528,CAN01008,JOB00106,2025-05-25,0.5771324863883848,0.9,7.0,4.0,3,1.0,2400.0,2050.0,-0.14583333333333334,True,True,False,False,True,decline
INT000298,ACT002528,CAN01008,JOB00097,2025-05-25,0.5771324863883848,0.9,7.5,4.0,4,0.0,2400.0,2200.0,-0.08333333333333333,True,True,False,False,False,apply
INT000299,ACT002612,CAN01040,JOB00342,2025-05-25,0.5771324863883848,0.9,6.0,4.0,3,1.0,2300.0,2150.0,-0.06521739130434782,False,True,True,True,False,apply
INT000300,ACT003095,CAN01226,JOB00068,2025-05-25,0.5771324863883848,0.9,8.2,2.0,1,1.0,1400.0,1350.0,-0.03571428571428571,True,True,False,False,False,considering
INT000301,ACT000895,CAN00357,JOB00111,2025-05-26,0.5771324863883848,0.9,7.5,4.0,4,0.0,2000.0,2950.0,0.475,False,True,True,True,False,apply
INT000302,ACT002673,CAN01066,JOB00142,2025-05-26,0.5771324863883848,0.9,7.5,4.0,4,0.0,3350.0,3050.0,-0.08955223880597014,True,True,False,False,False,considering
INT000303,ACT003110,CAN01232,JOB00038,2025-05-26,0.5771324863883848,0.9,3.5,3.0,3,0.0,2300.0,2000.0,-0.13043478260869565,False,True,False,False,False,decline
INT000304,ACT004637,CAN01843,JOB00038,2025-05-26,0.5771324863883848,0.9,4.0,3.0,3,0.0,1200.0,2000.0,0.6666666666666666,False,False,False,False,False,apply
INT000305,ACT004259,CAN01691,JOB00261,2025-05-27,0.5771324863883848,0.9,9.0,3.0,3,0.0,2150.0,2200.0,0.023255813953488372,True,True,False,False,False,apply
INT000306,ACT004259,CAN01691,JOB00106,2025-05-27,0.5771324863883848,0.9,8.2,3.0,3,0.0,2150.0,2050.0,-0.046511627906976744,True,True,False,False,True,decline
INT000307,ACT004259,CAN01691,JOB00109,2025-05-27,0.5771324863883848,0.9,8.2,3.0,3,0.0,2150.0,2050.0,-0.046511627906976744,True,True,False,False,False,considering
INT000308,ACT001368,CAN00537,JOB00177,2025-05-28,0.5771324863883848,0.9,9.0,4.0,4,0.0,3100.0,2750.0,-0.11290322580645161,True,True,True,True,False,apply
INT000309,ACT001368,CAN00537,JOB00304,2025-05-28,0.5771324863883848,0.9,9.0,4.0,3,1.0,3100.0,2600.0,-0.16129032258064516,True,True,True,True,False,considering
INT000310,ACT002318,CAN00929,JOB00327,2025-05-28,0.5771324863883848,0.9,8.2,3.0,3,0.0,2150.0,2100.0,-0.023255813953488372,True,True,False,False,False,apply
INT000311,ACT002381,CAN00950,JOB00146,2025-05-28,0.5771324863883848,0.9,9.0,3.0,3,0.0,2200.0,1900.0,-0.13636363636363635,True,True,True,True,False,decline
INT000312,ACT002963,CAN01175,JOB00200,2025-05-28,0.5771324863883848,0.9,9.5,1.0,1,0.0,1300.0,1200.0,-0.07692307692307693,True,True,True,True,True,considering
INT000313,ACT002963,CAN01175,JOB00068,2025-05-28,0.5771324863883848,0.9,9.0,1.0,1,0.0,1300.0,1350.0,0.038461538461538464,True,True,False,False,False,considering
INT000314,ACT001522,CAN00602,JOB00281,2025-05-29,0.5771324863883848,0.9,7.8,4.0,3,1.0,2300.0,1900.0,-0.17391304347826086,True,True,False,True,True,apply
INT000315,ACT002778,CAN01105,JOB00269,2025-05-29,0.5771324863883848,0.9,3.5,,1,,1250.0,1450.0,0.16,False,True,False,True,False,apply
INT000316,ACT003010,CAN01193,JOB00316,2025-05-29,0.5771324863883848,0.9,4.7,,2,,1350.0,1400.0,0.037037037037037035,False,True,True,True,False,apply
INT000317,ACT004510,CAN01792,JOB00269,2025-05-29,0.5771324863883848,0.9,7.5,1.0,1,0.0,1350.0,1450.0,0.07407407407407407,False,True,True,True,True,apply
INT000318,ACT001018,CAN00403,JOB00230,2025-05-30,0.5771324863883848,0.9,7.8,2.0,3,-1.0,1850.0,2000.0,0.08108108108108109,True,True,False,False,False,considering
INT000319,ACT002219,CAN00887,JOB00068,2025-05-30,0.5771324863883848,0.9,9.0,1.0,1,0.0,1350.0,1350.0,0.0,True,True,False,False,False,apply
INT000320,ACT003798,CAN01506,JOB00266,2025-05-30,0.5771324863883848,0.9,9.0,4.0,4,0.0,3100.0,2950.0,-0.04838709677419355,True,True,False,True,False,apply
INT000321,ACT004256,CAN01690,JOB00327,2025-05-30,0.5771324863883848,0.9,9.5,4.0,3,1.0,2300.0,2100.0,-0.08695652173913043,True,True,True,True,True,considering
INT000322,ACT004256,CAN01690,JOB00276,2025-05-30,0.5771324863883848,0.9,9.0,4.0,3,1.0,2300.0,2200.0,-0.043478260869565216,True,True,False,True,False,apply
INT000323,ACT004295,CAN01706,JOB00127,2025-05-30,0.5771324863883848,0.9,9.8,2.0,3,-1.0,2000.0,2200.0,0.1,True,True,True,True,False,apply
INT000324,ACT004833,CAN01921,JOB00035,2025-05-30,0.5771324863883848,0.9,7.5,4.0,4,0.0,3400.0,3150.0,-0.07352941176470588,True,True,False,False,True,apply
INT000325,ACT004833,CAN01921,JOB00300,2025-05-30,0.5771324863883848,0.9,6.3,4.0,5,-1.0,3400.0,3100.0,-0.08823529411764706,True,True,False,False,False,apply
INT000326,ACT000355,CAN00143,JOB00309,2025-05-31,0.5771324863883848,0.9,9.0,2.0,1,1.0,1500.0,1200.0,-0.2,True,True,True,True,True,apply
INT000327,ACT000355,CAN00143,JOB00273,2025-05-31,0.5771324863883848,0.9,9.0,2.0,1,1.0,1500.0,1250.0,-0.16666666666666666,True,True,True,True,False,apply
INT000328,ACT003017,CAN01195,JOB00252,2025-05-31,0.5771324863883848,0.9,10.2,1.0,1,0.0,1250.0,1200.0,-0.04,True,True,True,True,True,considering
INT000329,ACT003277,CAN01299,JOB00115,2025-05-31,0.5771324863883848,0.9,8.2,3.0,3,0.0,2000.0,1950.0,-0.025,True,True,False,False,False,considering
INT000330,ACT003428,CAN01361,JOB00038,2025-05-31,0.5771324863883848,0.9,8.2,3.0,3,0.0,2100.0,2000.0,-0.047619047619047616,True,True,False,False,True,considering
INT000331,ACT002573,CAN01024,JOB00122,2025-06-01,0.7277676950998185,0.9,9.0,4.0,4,0.0,2100.0,2200.0,0.047619047619047616,True,True,False,False,True,apply
INT000332,ACT002126,CAN00852,JOB00309,2025-06-02,0.7277676950998185,0.9,9.8,1.0,1,0.0,1200.0,1200.0,0.0,True,True,False,True,False,apply
INT000333,ACT002805,CAN01115,JOB00281,2025-06-02,0.7277676950998185,0.9,9.0,3.0,3,0.0,2150.0,1900.0,-0.11627906976744186,True,True,True,True,False,apply
INT000334,ACT003945,CAN01568,JOB00072,2025-06-02,0.7277676950998185,0.9,2.3,2.0,2,0.0,2700.0,1550.0,-0.42592592592592593,False,False,False,True,False,decline
INT000335,ACT004034,CAN01600,JOB00316,2025-06-02,0.7277676950998185,0.9,3.5,,2,,1300.0,1400.0,0.07692307692307693,False,True,False,True,False,decline
INT000336,ACT004785,CAN01899,JOB00306,2025-06-02,0.7277676950998185,0.9,8.2,4.0,4,0.0,2950.0,2900.0,-0.01694915254237288,True,True,False,False,True,considering
INT000337,ACT000533,CAN00216,JOB00266,2025-06-03,0.7277676950998185,0.9,5.1,3.0,4,-1.0,2250.0,2950.0,0.3111111111111111,False,True,False,True,False,apply
INT000338,ACT000575,CAN00231,JOB00098,2025-06-03,0.7277676950998185,0.9,11.0,1.0,1,0.0,1200.0,1200.0,0.0,True,True,True,True,False,apply
INT000339,ACT002712,CAN01079,JOB00298,2025-06-04,0.7277676950998185,0.9,8.2,2.0,1,1.0,1300.0,1250.0,-0.038461538461538464,True,True,False,False,False,apply
INT000340,ACT003497,CAN01387,JOB00199,2025-06-04,0.7277676950998185,0.9,8.6,3.0,4,-1.0,2350.0,2350.0,0.0,True,True,False,True,False,apply
INT000341,ACT003597,CAN01428,JOB00195,2025-06-04,0.7277676950998185,0.9,7.8,3.0,4,-1.0,2200.0,2300.0,0.045454545454545456,True,True,False,False,False,considering
INT000342,ACT003597,CAN01428,JOB00139,2025-06-04,0.7277676950998185,0.9,8.2,3.0,2,1.0,2200.0,2150.0,-0.022727272727272728,True,True,False,False,False,decline
INT000343,ACT004738,CAN01881,JOB00311,2025-06-04,0.7277676950998185,0.9,11.0,2.0,2,0.0,1550.0,1650.0,0.06451612903225806,True,True,True,True,True,apply
INT000344,ACT004741,CAN01882,JOB00257,2025-06-04,0.7277676950998185,0.9,9.0,1.0,1,0.0,1300.0,1350.0,0.038461538461538464,True,True,False,False,False,apply
INT000345,ACT004741,CAN01882,JOB00293,2025-06-04,0.7277676950998185,0.9,9.5,1.0,1,0.0,1300.0,1200.0,-0.07692307692307693,True,True,True,True,False,considering
INT000346,ACT001554,CAN00616,JOB00293,2025-06-05,0.7277676950998185,0.9,9.0,1.0,1,0.0,1200.0,1200.0,0.0,True,True,False,False,True,apply
INT000347,ACT001647,CAN00657,JOB00270,2025-06-05,0.7277676950998185,0.9,6.3,4.0,4,0.0,1850.0,2650.0,0.43243243243243246,False,True,False,True,True,considering
INT000348,ACT004016,CAN01593,JOB00243,2025-06-05,0.7277676950998185,0.9,10.2,3.0,2,1.0,1650.0,1600.0,-0.030303030303030304,True,True,True,True,False,considering
INT000349,ACT004469,CAN01774,JOB00195,2025-06-05,0.7277676950998185,0.9,7.8,4.0,4,0.0,2700.0,2300.0,-0.14814814814814814,True,True,False,True,True,considering
INT000350,ACT004469,CAN01774,JOB00139,2025-06-05,0.7277676950998185,0.9,7.3,4.0,2,2.0,2700.0,2150.0,-0.2037037037037037,True,True,False,True,True,decline
INT000351,ACT002964,CAN01175,JOB00269,2025-06-06,0.7277676950998185,0.9,7.5,1.0,1,0.0,1300.0,1450.0,0.11538461538461539,False,True,True,True,True,apply
INT000352,ACT002964,CAN01175,JOB00257,2025-06-06,0.7277676950998185,0.9,5.5,1.0,1,0.0,1300.0,1350.0,0.038461538461538464,False,True,False,False,True,considering
INT000353,ACT003799,CAN01506,JOB00077,2025-06-06,0.7277676950998185,0.9,9.5,4.0,4,0.0,3100.0,2900.0,-0.06451612903225806,True,True,True,True,False,decline
INT000354,ACT003840,CAN01525,JOB00269,2025-06-06,0.7277676950998185,0.9,7.5,1.0,1,0.0,1200.0,1450.0,0.20833333333333334,False,True,True,True,True,apply
INT000355,ACT003840,CAN01525,JOB00098,2025-06-06,0.7277676950998185,0.9,7.5,1.0,1,0.0,1200.0,1200.0,0.0,False,True,True,True,True,considering
INT000356,ACT004282,CAN01701,JOB00186,2025-06-06,0.7277676950998185,0.9,8.6,2.0,3,-1.0,1900.0,2000.0,0.05263157894736842,True,True,False,True,False,apply
INT000357,ACT004282,CAN01701,JOB00105,2025-06-06,0.7277676950998185,0.9,1.2,,2,,1900.0,1550.0,-0.18421052631578946,False,False,True,True,True,decline
INT000358,ACT004282,CAN01701,JOB00146,2025-06-06,0.7277676950998185,0.9,8.6,2.0,3,-1.0,1900.0,1900.0,0.0,True,True,False,True,False,considering
INT000359,ACT000119,CAN00045,JOB00186,2025-06-07,0.7277676950998185,0.9,7.8,4.0,3,1.0,2350.0,2000.0,-0.14893617021276595,True,True,False,True,True,decline
INT000360,ACT000560,CAN00227,JOB00160,2025-06-07,0.7277676950998185,0.9,6.3,1.0,2,-1.0,1250.0,1300.0,0.04,False,True,True,True,False,decline
INT000361,ACT000560,CAN00227,JOB00257,2025-06-07,0.7277676950998185,0.9,7.5,1.0,1,0.0,1250.0,1350.0,0.08,False,True,True,True,True,apply
INT000362,ACT000742,CAN00296,JOB00010,2025-06-07,0.7277676950998185,0.9,5.5,3.0,3,0.0,2200.0,2250.0,0.022727272727272728,False,True,False,False,False,considering
INT000363,ACT001023,CAN00405,JOB00243,2025-06-07,0.7277676950998185,0.9,11.0,2.0,2,0.0,1500.0,1600.0,0.06666666666666667,True,True,True,True,True,apply
INT000364,ACT001023,CAN00405,JOB00112,2025-06-07,0.7277676950998185,0.9,11.0,2.0,2,0.0,1500.0,1500.0,0.0,True,True,True,True,False,apply
INT000365,ACT001535,CAN00608,JOB00269,2025-06-07,0.7277676950998185,0.9,4.7,,1,,1200.0,1450.0,0.20833333333333334,False,True,True,True,True,considering
INT000366,ACT002319,CAN00929,JOB00230,2025-06-07,0.7277676950998185,0.9,7.5,3.0,3,0.0,2150.0,2000.0,-0.06976744186046512,True,True,False,False,False,decline
INT000367,ACT003435,CAN01364,JOB00127,2025-06-07,0.7277676950998185,0.9,7.8,2.0,3,-1.0,2050.0,2200.0,0.07317073170731707,True,True,False,False,True,decline
INT000368,ACT003435,CAN01364,JOB00254,2025-06-07,0.7277676950998185,0.9,7.8,2.0,3,-1.0,2050.0,2300.0,0.12195121951219512,True,True,False,False,True,apply
INT000369,ACT003640,CAN01445,JOB00072,2025-06-07,0.7277676950998185,0.9,8.3,3.0,2,1.0,1700.0,1550.0,-0.08823529411764706,True,True,False,True,True,apply
INT000370,ACT003640,CAN01445,JOB00311,2025-06-07,0.7277676950998185,0.9,9.0,3.0,2,1.0,1700.0,1650.0,-0.029411764705882353,True,True,False,True,False,apply
INT000371,ACT001568,CAN00621,JOB00097,2025-06-08,0.7277676950998185,0.9,8.2,2.0,4,-2.0,2150.0,2200.0,0.023255813953488372,True,True,True,True,False,considering
INT000372,ACT004692,CAN01864,JOB00111,2025-06-08,0.7277676950998185,0.9,6.3,4.0,4,0.0,2000.0,2950.0,0.475,False,True,False,True,True,apply
INT000373,ACT004692,CAN01864,JOB00038,2025-06-08,0.7277676950998185,0.9,6.3,2.0,3,-1.0,2000.0,2000.0,0.0,False,True,True,True,True,considering
INT000374,ACT000009,CAN00004,JOB00276,2025-06-09,0.7277676950998185,0.9,6.3,4.0,3,1.0,1750.0,2200.0,0.2571428571428571,False,True,False,True,False,apply
INT000375,ACT000640,CAN00258,JOB00075,2025-06-09,0.7277676950998185,0.9,7.0,2.0,4,-2.0,2150.0,2350.0,0.09302325581395349,True,True,False,True,False,apply
INT000376,ACT001549,CAN00614,JOB00068,2025-06-09,0.7277676950998185,0.9,9.0,1.0,1,0.0,1300.0,1350.0,0.038461538461538464,True,True,False,False,True,apply
INT000377,ACT002520,CAN01005,JOB00195,2025-06-09,0.7277676950998185,0.9,10.2,4.0,4,0.0,2400.0,2300.0,-0.041666666666666664,True,True,True,True,False,considering
INT000378,ACT002674,CAN01066,JOB00169,2025-06-09,0.7277676950998185,0.9,9.0,4.0,4,0.0,3350.0,3000.0,-0.1044776119402985,True,True,True,True,False,considering
INT000379,ACT002674,CAN01066,JOB00035,2025-06-09,0.7277676950998185,0.9,9.5,4.0,4,0.0,3350.0,3150.0,-0.05970149253731343,True,True,True,True,False,apply
INT000380,ACT003382,CAN01343,JOB00038,2025-06-09,0.7277676950998185,0.9,9.8,3.0,3,0.0,2000.0,2000.0,0.0,True,True,False,True,True,apply
INT000381,ACT004296,CAN01706,JOB00320,2025-06-09,0.7277676950998185,0.9,9.8,2.0,3,-1.0,2000.0,2250.0,0.125,True,True,True,True,False,apply
INT000382,ACT001210,CAN00476,JOB00203,2025-06-10,0.7277676950998185,0.9,6.3,1.0,1,0.0,1200.0,1200.0,0.0,False,True,False,True,False,decline
INT000383,ACT002230,CAN00891,JOB00269,2025-06-10,0.7277676950998185,0.9,9.8,1.0,1,0.0,1300.0,1450.0,0.11538461538461539,True,True,False,True,False,considering
INT000384,ACT002230,CAN00891,JOB00316,2025-06-10,0.7277676950998185,0.9,8.6,1.0,2,-1.0,1300.0,1400.0,0.07692307692307693,True,True,False,True,False,apply
INT000385,ACT002230,CAN00891,JOB00203,2025-06-10,0.7277676950998185,0.9,9.5,1.0,1,0.0,1300.0,1200.0,-0.07692307692307693,True,True,True,True,True,considering
INT000386,ACT004156,CAN01648,JOB00199,2025-06-10,0.7277676950998185,0.9,7.3999999999999995,2.0,4,-2.0,2400.0,2350.0,-0.020833333333333332,True,True,True,True,False,apply
INT000387,ACT004156,CAN01648,JOB00254,2025-06-10,0.7277676950998185,0.9,9.0,2.0,3,-1.0,2400.0,2300.0,-0.041666666666666664,True,True,True,True,False,apply
INT000388,ACT000415,CAN00167,JOB00252,2025-06-11,0.7277676950998185,0.9,6.0,2.0,1,1.0,1300.0,1200.0,-0.07692307692307693,False,True,True,True,False,decline
INT000389,ACT000415,CAN00167,JOB00018,2025-06-11,0.7277676950998185,0.9,7.0,,1,,1300.0,1450.0,0.11538461538461539,True,True,False,True,False,apply
INT000390,ACT000415,CAN00167,JOB00200,2025-06-11,0.7277676950998185,0.9,6.7,,1,,1300.0,1200.0,-0.07692307692307693,True,True,True,True,False,apply
INT000391,ACT002374,CAN00947,JOB00276,2025-06-11,0.7277676950998185,0.9,11.0,3.0,3,0.0,2100.0,2200.0,0.047619047619047616,True,True,True,True,False,decline
INT000392,ACT002595,CAN01032,JOB00097,2025-06-11,0.7277676950998185,0.9,7.8,3.0,4,-1.0,2250.0,2200.0,-0.022222222222222223,True,True,False,True,False,considering
INT000393,ACT002632,CAN01047,JOB00315,2025-06-11,0.7277676950998185,0.9,6.3,4.0,4,0.0,2550.0,2700.0,0.058823529411764705,False,True,False,True,False,apply
INT000394,ACT003534,CAN01401,JOB00186,2025-06-11,0.7277676950998185,0.9,3.8,3.0,3,0.0,2850.0,2000.0,-0.2982456140350877,False,True,False,True,True,apply
INT000395,ACT004249,CAN01687,JOB00137,2025-06-11,0.7277676950998185,0.9,7.5,4.0,4,0.0,1850.0,3100.0,0.6756756756756757,False,True,True,True,True,apply
INT000396,ACT004367,CAN01736,JOB00316,2025-06-11,0.7277676950998185,0.9,6.2,,2,,1350.0,1400.0,0.037037037037037035,True,True,False,False,False,considering
INT000397,ACT004367,CAN01736,JOB00086,2025-06-11,0.7277676950998185,0.9,4.2,,1,,1350.0,1200.0,-0.1111111111111111,True,True,False,False,True,considering
INT000398,ACT004742,CAN01882,JOB00264,2025-06-11,0.7277676950998185,0.9,9.5,1.0,1,0.0,1300.0,1200.0,-0.07692307692307693,True,True,True,True,True,considering
INT000399,ACT000896,CAN00357,JOB00017,2025-06-12,0.7277676950998185,0.9,7.5,4.0,4,0.0,2000.0,2900.0,0.45,False,True,True,True,True,apply
INT000400,ACT000896,CAN00357,JOB00077,2025-06-12,0.7277676950998185,0.9,6.3,4.0,4,0.0,2000.0,2900.0,0.45,False,True,False,True,False,apply
INT000401,ACT004786,CAN01899,JOB00087,2025-06-12,0.7277676950998185,0.9,7.0,4.0,4,0.0,2950.0,2650.0,-0.1016949152542373,True,True,False,False,True,apply
INT000402,ACT004511,CAN01792,JOB00264,2025-06-13,0.7277676950998185,0.9,5.5,1.0,1,0.0,1350.0,1200.0,-0.1111111111111111,False,True,True,True,False,decline
INT000403,ACT002320,CAN00929,JOB00139,2025-06-14,0.7277676950998185,0.9,2.7,,2,,2150.0,2150.0,0.0,False,True,False,False,False,considering
INT000404,ACT002486,CAN00991,JOB00230,2025-06-14,0.7277676950998185,0.9,7.0,4.0,3,1.0,2400.0,2000.0,-0.16666666666666666,True,True,False,False,False,apply
INT000405,ACT002691,CAN01072,JOB00075,2025-06-14,0.7277676950998185,0.9,6.2,2.0,4,-2.0,2200.0,2350.0,0.06818181818181818,True,True,False,False,False,decline
INT000406,ACT003864,CAN01536,JOB00261,2025-06-14,0.7277676950998185,0.9,7.8,2.0,3,-1.0,2250.0,2200.0,-0.022222222222222223,True,True,False,True,False,apply
INT000407,ACT000402,CAN00162,JOB00038,2025-06-15,0.7277676950998185,0.9,4.3,4.0,3,1.0,2400.0,2000.0,-0.16666666666666666,False,True,False,True,True,considering
INT000408,ACT001369,CAN00537,JOB00240,2025-06-15,0.7277676950998185,0.9,7.8,4.0,4,0.0,3100.0,2650.0,-0.14516129032258066,True,True,False,True,False,decline
INT000409,ACT002529,CAN01008,JOB00108,2025-06-15,0.7277676950998185,0.9,7.5,4.0,3,1.0,2400.0,2200.0,-0.08333333333333333,True,True,False,False,False,decline
INT000410,ACT003096,CAN01226,JOB00298,2025-06-15,0.7277676950998185,0.9,7.0,2.0,1,1.0,1400.0,1250.0,-0.10714285714285714,True,True,False,False,False,considering
INT000411,ACT001555,CAN00616,JOB00257,2025-06-16,0.7277676950998185,0.9,9.0,1.0,1,0.0,1200.0,1350.0,0.125,True,True,False,False,True,apply
INT000412,ACT001648,CAN00657,JOB00315,2025-06-16,0.7277676950998185,0.9,7.5,4.0,4,0.0,1850.0,2700.0,0.4594594594594595,False,True,True,True,True,considering
INT000413,ACT003598,CAN01428,JOB00005,2025-06-16,0.7277676950998185,0.9,7.8,3.0,4,-1.0,2200.0,2250.0,0.022727272727272728,True,True,False,False,True,apply
INT000414,ACT003598,CAN01428,JOB00237,2025-06-16,0.7277676950998185,0.9,7.8,3.0,4,-1.0,2200.0,2400.0,0.09090909090909091,True,True,False,False,False,apply
INT000415,ACT004356,CAN01731,JOB00068,2025-06-16,0.7277676950998185,0.9,7.5,2.0,1,1.0,1500.0,1350.0,-0.1,True,True,False,False,False,apply
INT000416,ACT004356,CAN01731,JOB00178,2025-06-16,0.7277676950998185,0.9,7.0,2.0,1,1.0,1500.0,1300.0,-0.13333333333333333,True,True,False,False,True,apply
INT000417,ACT004642,CAN01845,JOB00106,2025-06-16,0.7277676950998185,0.9,7.0,2.0,3,-1.0,2150.0,2050.0,-0.046511627906976744,True,True,False,False,True,apply
INT000418,ACT004642,CAN01845,JOB00139,2025-06-16,0.7277676950998185,0.9,5.5,3.0,2,1.0,2150.0,2150.0,0.0,False,True,False,False,True,decline
INT000419,ACT001569,CAN00621,JOB00120,2025-06-17,0.7277676950998185,0.9,8.3,2.0,2,0.0,2150.0,1950.0,-0.09302325581395349,True,True,False,True,False,apply
INT000420,ACT001569,CAN00621,JOB00261,2025-06-17,0.7277676950998185,0.9,8.6,2.0,3,-1.0,2150.0,2200.0,0.023255813953488372,True,True,False,True,False,apply
INT000421,ACT001569,CAN00621,JOB00106,2025-06-17,0.7277676950998185,0.9,9.0,2.0,3,-1.0,2150.0,2050.0,-0.046511627906976744,True,True,True,True,True,apply
INT000422,ACT002127,CAN00852,JOB00273,2025-06-17,0.7277676950998185,0.9,9.8,1.0,1,0.0,1200.0,1250.0,0.041666666666666664,True,True,False,True,True,apply
INT000423,ACT002127,CAN00852,JOB00252,2025-06-17,0.7277676950998185,0.9,9.8,1.0,1,0.0,1200.0,1200.0,0.0,True,True,False,True,True,apply
INT000424,ACT002570,CAN01023,JOB00218,2025-06-17,0.7277676950998185,0.9,9.0,2.0,3,-1.0,1850.0,1800.0,-0.02702702702702703,True,True,True,True,True,apply
INT000425,ACT002570,CAN01023,JOB00036,2025-06-17,0.7277676950998185,0.9,8.6,2.0,3,-1.0,1850.0,1950.0,0.05405405405405406,True,True,False,True,False,apply
INT000426,ACT002638,CAN01051,JOB00112,2025-06-17,0.7277676950998185,0.9,11.0,2.0,2,0.0,1450.0,1500.0,0.034482758620689655,True,True,True,True,False,considering
INT000427,ACT000010,CAN00004,JOB00120,2025-06-18,0.7277676950998185,0.9,3.5,,2,,1750.0,1950.0,0.11428571428571428,False,True,False,True,False,decline
INT000428,ACT000337,CAN00133,JOB00036,2025-06-18,0.7277676950998185,0.9,5.0,3.0,3,0.0,2900.0,1950.0,-0.3275862068965517,False,True,True,True,False,considering
INT000429,ACT000561,CAN00227,JOB00113,2025-06-18,0.7277676950998185,0.9,9.0,1.0,1,0.0,1250.0,1450.0,0.16,True,True,False,False,True,apply
INT000430,ACT000561,CAN00227,JOB00273,2025-06-18,0.7277676950998185,0.9,5.5,1.0,1,0.0,1250.0,1250.0,0.0,False,True,False,False,True,considering
INT000431,ACT000818,CAN00328,JOB00017,2025-06-18,0.7277676950998185,0.9,6.3,4.0,4,0.0,2350.0,2900.0,0.23404255319148937,False,True,False,True,True,considering
INT000432,ACT001510,CAN00598,JOB00218,2025-06-18,0.7277676950998185,0.9,5.5,3.0,3,0.0,2200.0,1800.0,-0.18181818181818182,False,True,True,True,False,decline
INT000433,ACT001510,CAN00598,JOB00319,2025-06-18,0.7277676950998185,0.9,8.3,4.0,3,1.0,2200.0,2050.0,-0.06818181818181818,True,True,False,True,False,considering
INT000434,ACT002859,CAN01135,JOB00269,2025-06-18,0.7277676950998185,0.9,9.8,1.0,1,0.0,1200.0,1450.0,0.20833333333333334,True,True,False,True,False,considering
INT000435,ACT002859,CAN01135,JOB00259,2025-06-18,0.7277676950998185,0.9,11.0,1.0,1,0.0,1200.0,1200.0,0.0,True,True,True,True,True,apply
INT000436,ACT003891,CAN01548,JOB00254,2025-06-18,0.7277676950998185,0.9,11.0,3.0,3,0.0,2300.0,2300.0,0.0,True,True,True,True,False,apply
INT000437,ACT004368,CAN01736,JOB00160,2025-06-18,0.7277676950998185,0.9,5.4,,2,,1350.0,1300.0,-0.037037037037037035,True,True,False,False,False,apply
INT000438,ACT004368,CAN01736,JOB00125,2025-06-18,0.7277676950998185,0.9,5.4,,1,,1350.0,1300.0,-0.037037037037037035,True,True,False,False,False,apply
INT000439,ACT000416,CAN00167,JOB00269,2025-06-19,0.7277676950998185,0.9,7.5,2.0,1,1.0,1300.0,1450.0,0.11538461538461539,False,True,True,True,False,considering
INT000440,ACT000416,CAN00167,JOB00113,2025-06-19,0.7277676950998185,0.9,8.2,,1,,1300.0,1450.0,0.11538461538461539,True,True,True,True,False,apply
INT000441,ACT000435,CAN00176,JOB00139,2025-06-19,0.7277676950998185,0.9,2.7,,2,,1950.0,2150.0,0.10256410256410256,False,True,False,False,True,considering
INT000442,ACT001972,CAN00789,JOB00316,2025-06-19,0.7277676950998185,0.9,3.5,2.0,2,0.0,1850.0,1400.0,-0.24324324324324326,False,False,True,True,False,apply
INT000443,ACT002388,CAN00953,JOB00042,2025-06-19,0.7277676950998185,0.9,7.0,3.0,2,1.0,1850.0,1600.0,-0.13513513513513514,True,True,False,False,True,apply
INT000444,ACT004157,CAN01648,JOB00195,2025-06-19,0.7277676950998185,0.9,7.3999999999999995,2.0,4,-2.0,2400.0,2300.0,-0.041666666666666664,True,True,True,True,False,apply
INT000445,ACT004311,CAN01712,JOB00261,2025-06-19,0.7277676950998185,0.9,9.0,4.0,3,1.0,2300.0,2200.0,-0.043478260869565216,True,True,False,True,True,considering
INT000446,ACT004425,CAN01758,JOB00106,2025-06-19,0.7277676950998185,0.9,7.8,2.0,3,-1.0,1850.0,2050.0,0.10810810810810811,True,True,False,False,False,apply
INT000447,ACT002676,CAN01067,JOB00057,2025-06-20,0.7277676950998185,0.9,9.0,4.0,4,0.0,2950.0,3000.0,0.01694915254237288,True,True,False,False,True,decline
INT000448,ACT002676,CAN01067,JOB00111,2025-06-20,0.7277676950998185,0.9,9.8,4.0,4,0.0,2950.0,2950.0,0.0,True,True,False,True,True,apply
INT000449,ACT004283,CAN01701,JOB00038,2025-06-20,0.7277676950998185,0.9,9.8,2.0,3,-1.0,1900.0,2000.0,0.05263157894736842,True,True,True,True,False,decline
INT000450,ACT003696,CAN01466,JOB00122,2025-06-21,0.7277676950998185,0.9,8.6,3.0,4,-1.0,2150.0,2200.0,0.023255813953488372,True,True,False,True,True,apply
INT000451,ACT003696,CAN01466,JOB00230,2025-06-21,0.7277676950998185,0.9,8.3,3.0,3,0.0,2150.0,2000.0,-0.06976744186046512,True,True,False,True,False,considering
INT000452,ACT004171,CAN01654,JOB00113,2025-06-21,0.7277676950998185,0.9,9.0,2.0,1,1.0,1400.0,1450.0,0.03571428571428571,True,True,False,False,False,apply
INT000453,ACT000359,CAN00145,JOB00007,2025-06-22,0.7277676950998185,0.9,9.0,3.0,3,0.0,2200.0,2250.0,0.022727272727272728,True,True,False,False,True,apply
INT000454,ACT000359,CAN00145,JOB00254,2025-06-22,0.7277676950998185,0.9,9.8,3.0,3,0.0,2200.0,2300.0,0.045454545454545456,True,True,False,True,True,apply
INT000455,ACT002692,CAN01072,JOB00327,2025-06-22,0.7277676950998185,0.9,7.0,2.0,3,-1.0,2200.0,2100.0,-0.045454545454545456,True,True,False,False,False,apply
INT000456,ACT003498,CAN01387,JOB00254,2025-06-22,0.7277676950998185,0.9,9.0,3.0,3,0.0,2350.0,2300.0,-0.02127659574468085,True,True,False,True,False,apply
INT000457,ACT003498,CAN01387,JOB00010,2025-06-22,0.7277676950998185,0.9,9.0,3.0,3,0.0,2350.0,2250.0,-0.0425531914893617,True,True,False,True,True,apply
INT000458,ACT004229,CAN01678,JOB00145,2025-06-22,0.7277676950998185,0.9,7.0,5.0,4,1.0,3200.0,2750.0,-0.140625,True,True,False,False,False,decline
INT000459,ACT001259,CAN00494,JOB00311,2025-06-23,0.7277676950998185,0.9,9.0,2.0,2,0.0,1550.0,1650.0,0.06451612903225806,True,True,False,False,False,considering
INT000460,ACT002010,CAN00804,JOB00137,2025-06-23,0.7277676950998185,0.9,5.1,3.0,4,-1.0,2650.0,3100.0,0.16981132075471697,False,True,False,True,True,decline
INT000461,ACT002231,CAN00891,JOB00309,2025-06-23,0.7277676950998185,0.9,9.5,1.0,1,0.0,1300.0,1200.0,-0.07692307692307693,True,True,True,True,True,apply
INT000462,ACT002762,CAN01098,JOB00311,2025-06-23,0.7277676950998185,0.9,9.8,2.0,2,0.0,1450.0,1650.0,0.13793103448275862,True,True,False,True,True,apply
INT000463,ACT002762,CAN01098,JOB00278,2025-06-23,0.7277676950998185,0.9,11.0,2.0,2,0.0,1450.0,1500.0,0.034482758620689655,True,True,True,True,False,apply
INT000464,ACT003121,CAN01236,JOB00018,2025-06-23,0.7277676950998185,0.9,9.0,2.0,1,1.0,1400.0,1450.0,0.03571428571428571,True,True,False,False,False,decline
INT000465,ACT004453,CAN01767,JOB00097,2025-06-23,0.7277676950998185,0.9,7.5,4.0,4,0.0,2400.0,2200.0,-0.08333333333333333,True,True,False,False,False,apply
INT000466,ACT004525,CAN01799,JOB00109,2025-06-23,0.7277676950998185,0.9,9.5,3.0,3,0.0,2200.0,2050.0,-0.06818181818181818,True,True,True,True,False,apply
INT000467,ACT004525,CAN01799,JOB00261,2025-06-23,0.7277676950998185,0.9,9.8,3.0,3,0.0,2200.0,2200.0,0.0,True,True,False,True,False,apply
INT000468,ACT000229,CAN00089,JOB00018,2025-06-24,0.7277676950998185,0.9,11.0,1.0,1,0.0,1350.0,1450.0,0.07407407407407407,True,True,True,True,True,apply
INT000469,ACT002713,CAN01079,JOB00178,2025-06-24,0.7277676950998185,0.9,9.0,2.0,1,1.0,1300.0,1300.0,0.0,True,True,False,False,False,apply
INT000470,ACT003236,CAN01283,JOB00082,2025-06-24,0.7277676950998185,0.9,7.8,3.0,4,-1.0,3150.0,3200.0,0.015873015873015872,True,True,False,False,True,apply
INT000471,ACT000012,CAN00005,JOB00018,2025-06-25,0.7277676950998185,0.9,9.0,1.0,1,0.0,1400.0,1450.0,0.03571428571428571,True,True,False,False,True,considering
INT000472,ACT000012,CAN00005,JOB00269,2025-06-25,0.7277676950998185,0.9,2.7,,1,,1400.0,1450.0,0.03571428571428571,False,True,False,False,True,apply
INT000473,ACT000548,CAN00223,JOB00168,2025-06-25,0.7277676950998185,0.9,9.8,2.0,3,-1.0,1400.0,1450.0,0.03571428571428571,True,True,True,True,False,apply
INT000474,ACT000548,CAN00223,JOB00072,2025-06-25,0.7277676950998185,0.9,11.0,2.0,2,0.0,1400.0,1550.0,0.10714285714285714,True,True,True,True,False,apply
INT000475,ACT002058,CAN00825,JOB00266,2025-06-25,0.7277676950998185,0.9,9.8,3.0,4,-1.0,2950.0,2950.0,0.0,True,True,True,True,False,apply
INT000476,ACT002058,CAN00825,JOB00111,2025-06-25,0.7277676950998185,0.9,9.8,3.0,4,-1.0,2950.0,2950.0,0.0,True,True,True,True,False,decline
INT000477,ACT002940,CAN01166,JOB00119,2025-06-25,0.7277676950998185,0.9,8.3,3.0,3,0.0,3200.0,3000.0,-0.0625,True,True,False,True,True,apply
INT000478,ACT003791,CAN01504,JOB00243,2025-06-25,0.7277676950998185,0.9,9.8,2.0,2,0.0,1500.0,1600.0,0.06666666666666667,True,True,False,True,False,decline
INT000479,ACT003791,CAN01504,JOB00112,2025-06-25,0.7277676950998185,0.9,9.8,2.0,2,0.0,1500.0,1500.0,0.0,True,True,False,True,True,apply
INT000480,ACT003907,CAN01554,JOB00038,2025-06-25,0.7277676950998185,0.9,9.0,3.0,3,0.0,2000.0,2000.0,0.0,True,True,False,False,False,decline
INT000481,ACT004297,CAN01706,JOB00289,2025-06-25,0.7277676950998185,0.9,9.8,2.0,2,0.0,2000.0,2150.0,0.075,True,True,False,True,False,apply
INT000482,ACT004297,CAN01706,JOB00199,2025-06-25,0.7277676950998185,0.9,8.2,2.0,4,-2.0,2000.0,2350.0,0.175,True,True,True,True,False,apply
INT000483,ACT004341,CAN01725,JOB00010,2025-06-25,0.7277676950998185,0.9,9.5,3.0,3,0.0,2400.0,2250.0,-0.0625,True,True,True,True,False,apply
INT000484,ACT004341,CAN01725,JOB00127,2025-06-25,0.7277676950998185,0.9,8.3,3.0,3,0.0,2400.0,2200.0,-0.08333333333333333,True,True,False,True,True,considering
INT000485,ACT004739,CAN01881,JOB00166,2025-06-25,0.7277676950998185,0.9,9.8,2.0,3,-1.0,1550.0,1550.0,0.0,True,True,True,True,False,apply
INT000486,ACT000810,CAN00326,JOB00243,2025-06-26,0.7277676950998185,0.9,11.0,2.0,2,0.0,1600.0,1600.0,0.0,True,True,True,True,False,apply
INT000487,ACT000810,CAN00326,JOB00072,2025-06-26,0.7277676950998185,0.9,10.2,2.0,2,0.0,1600.0,1550.0,-0.03125,True,True,True,True,True,considering
INT000488,ACT001556,CAN00616,JOB00028,2025-06-26,0.7277676950998185,0.9,9.0,1.0,1,0.0,1200.0,1300.0,0.08333333333333333,True,True,False,False,True,decline
INT000489,ACT001978,CAN00791,JOB00035,2025-06-26,0.7277676950998185,0.9,6.3,4.0,4,0.0,2000.0,3150.0,0.575,False,True,False,True,False,considering
INT000490,ACT003436,CAN01364,JOB00065,2025-06-26,0.7277676950998185,0.9,7.8,2.0,3,-1.0,2050.0,2050.0,0.0,True,True,False,False,False,apply
INT000491,ACT003436,CAN01364,JOB00320,2025-06-26,0.7277676950998185,0.9,7.8,2.0,3,-1.0,2050.0,2250.0,0.0975609756097561,True,True,False,False,False,considering
INT000492,ACT004839,CAN01924,JOB00327,2025-06-26,0.7277676950998185,0.9,9.8,3.0,3,0.0,1900.0,2100.0,0.10526315789473684,True,True,False,True,True,apply
INT000493,ACT004113,CAN01633,JOB00153,2025-06-27,0.7277676950998185,0.9,9.5,4.0,4,0.0,3000.0,2750.0,-0.08333333333333333,True,True,True,True,True,apply
INT000494,ACT004113,CAN01633,JOB00306,2025-06-27,0.7277676950998185,0.9,8.2,4.0,4,0.0,3000.0,2900.0,-0.03333333333333333,True,True,False,False,False,apply
INT000495,ACT004671,CAN01856,JOB00264,2025-06-27,0.7277676950998185,0.9,11.0,2.0,1,1.0,1200.0,1200.0,0.0,True,True,True,True,False,apply
INT000496,ACT000220,CAN00086,JOB00311,2025-06-28,0.7277676950998185,0.9,11.0,2.0,2,0.0,1450.0,1650.0,0.13793103448275862,True,True,True,True,False,considering
INT000497,ACT000220,CAN00086,JOB00072,2025-06-28,0.7277676950998185,0.9,11.0,2.0,2,0.0,1450.0,1550.0,0.06896551724137931,True,True,True,True,True,considering
INT000498,ACT000515,CAN00209,JOB00112,2025-06-28,0.7277676950998185,0.9,2.3,3.0,2,1.0,2600.0,1500.0,-0.4230769230769231,False,False,False,True,False,considering
INT000499,ACT001211,CAN00476,JOB00068,2025-06-28,0.7277676950998185,0.9,9.0,1.0,1,0.0,1200.0,1350.0,0.125,True,True,False,False,False,apply
INT000500,ACT001973,CAN00789,JOB00086,2025-06-29,0.7277676950998185,0.9,2.3,2.0,1,1.0,1850.0,1200.0,-0.35135135135135137,False,False,False,True,False,decline
INT000501,ACT004426,CAN01758,JOB00109,2025-06-29,0.7277676950998185,0.9,7.8,2.0,3,-1.0,1850.0,2050.0,0.10810810810810811,True,True,False,False,True,considering
INT000502,ACT001260,CAN00494,JOB00162,2025-06-30,0.7277676950998185,0.9,11.0,2.0,2,0.0,1550.0,1600.0,0.03225806451612903,True,True,True,True,True,decline
INT000503,ACT003122,CAN01236,JOB00068,2025-06-30,0.7277676950998185,0.9,8.2,2.0,1,1.0,1400.0,1350.0,-0.03571428571428571,True,True,False,False,False,considering
INT000504,ACT003122,CAN01236,JOB00216,2025-06-30,0.7277676950998185,0.9,3.2,,2,,1400.0,1500.0,0.07142857142857142,False,False,True,True,True,considering
INT000505,ACT003161,CAN01251,JOB00252,2025-06-30,0.7277676950998185,0.9,9.0,1.0,1,0.0,1200.0,1200.0,0.0,True,True,False,False,False,apply
INT000506,ACT003161,CAN01251,JOB00309,2025-06-30,0.7277676950998185,0.9,9.0,1.0,1,0.0,1200.0,1200.0,0.0,True,True,False,False,False,considering
INT000507,ACT003672,CAN01456,JOB00017,2025-06-30,0.7277676950998185,0.9,9.0,4.0,4,0.0,3050.0,2900.0,-0.04918032786885246,True,True,False,True,True,apply
INT000508,ACT003740,CAN01484,JOB00203,2025-06-30,0.7277676950998185,0.9,7.8,1.0,1,0.0,1350.0,1200.0,-0.1111111111111111,True,True,False,True,True,apply
INT000509,ACT003865,CAN01536,JOB00109,2025-06-30,0.7277676950998185,0.9,7.1,2.0,3,-1.0,2250.0,2050.0,-0.08888888888888889,True,True,False,True,False,apply
INT000510,ACT003865,CAN01536,JOB00108,2025-06-30,0.7277676950998185,0.9,9.0,2.0,3,-1.0,2250.0,2200.0,-0.022222222222222223,True,True,True,True,False,considering
INT000511,ACT004646,CAN01847,JOB00153,2025-06-30,0.7277676950998185,0.9,9.5,4.0,4,0.0,3000.0,2750.0,-0.08333333333333333,True,True,True,True,False,considering
INT000512,ACT000610,CAN00246,JOB00269,2025-07-01,0.8620689655172414,0.9,11.0,1.0,1,0.0,1250.0,1450.0,0.16,True,True,True,True,False,apply
INT000513,ACT000610,CAN00246,JOB00264,2025-07-01,0.8620689655172414,0.9,10.2,1.0,1,0.0,1250.0,1200.0,-0.04,True,True,True,True,True,decline
INT000514,ACT000610,CAN00246,JOB00144,2025-07-01,0.8620689655172414,0.9,10.2,1.0,1,0.0,1250.0,1200.0,-0.04,True,True,True,True,True,apply
INT000515,ACT001688,CAN00671,JOB00018,2025-07-01,0.8620689655172414,0.9,9.0,1.0,1,0.0,1200.0,1450.0,0.20833333333333334,True,True,False,False,False,apply
INT000516,ACT002389,CAN00953,JOB00105,2025-07-01,0.8620689655172414,0.9,7.0,3.0,2,1.0,1850.0,1550.0,-0.16216216216216217,True,True,False,False,False,apply
INT000517,ACT003697,CAN01466,JOB00342,2025-07-01,0.8620689655172414,0.9,11.0,3.0,3,0.0,2150.0,2150.0,0.0,True,True,True,True,True,apply
INT000518,ACT003697,CAN01466,JOB00254,2025-07-01,0.8620689655172414,0.9,6.3,3.0,3,0.0,2150.0,2300.0,0.06976744186046512,False,True,False,True,True,considering
INT000519,ACT004369,CAN01736,JOB00345,2025-07-01,0.8620689655172414,0.9,5.4,,1,,1350.0,1300.0,-0.037037037037037035,True,True,False,False,False,considering
INT000520,ACT002763,CAN01098,JOB00042,2025-07-02,0.8620689655172414,0.9,11.0,2.0,2,0.0,1450.0,1600.0,0.10344827586206896,True,True,True,True,False,decline
INT000521,ACT002763,CAN01098,JOB00162,2025-07-02,0.8620689655172414,0.9,9.0,2.0,2,0.0,1450.0,1600.0,0.10344827586206896,True,True,False,False,False,considering
INT000522,ACT000202,CAN00078,JOB00041,2025-07-03,0.8620689655172414,0.9,7.0,4.0,4,0.0,3200.0,2850.0,-0.109375,True,True,False,False,True,apply
INT000523,ACT000202,CAN00078,JOB00057,2025-07-03,0.8620689655172414,0.9,7.5,4.0,4,0.0,3200.0,3000.0,-0.0625,True,True,False,False,True,apply
INT000524,ACT001499,CAN00594,JOB00200,2025-07-03,0.8620689655172414,0.9,9.0,2.0,1,1.0,1350.0,1200.0,-0.1111111111111111,True,True,True,True,False,apply
INT000525,ACT001499,CAN00594,JOB00113,2025-07-03,0.8620689655172414,0.9,11.0,2.0,1,1.0,1350.0,1450.0,0.07407407407407407,True,True,True,True,False,apply
INT000526,ACT002530,CAN01008,JOB00037,2025-07-03,0.8620689655172414,0.9,7.0,4.0,4,0.0,2400.0,2150.0,-0.10416666666666667,True,True,False,False,True,apply
INT000527,ACT002530,CAN01008,JOB00120,2025-07-03,0.8620689655172414,0.9,7.0,4.0,2,2.0,2400.0,1950.0,-0.1875,True,True,False,False,False,apply
INT000528,ACT003237,CAN01283,JOB00124,2025-07-03,0.8620689655172414,0.9,7.5,3.0,3,0.0,3150.0,2950.0,-0.06349206349206349,True,True,False,False,False,apply
INT000529,ACT003779,CAN01500,JOB00146,2025-07-03,0.8620689655172414,0.9,7.8,3.0,3,0.0,2300.0,1900.0,-0.17391304347826086,True,True,False,True,True,apply
INT000530,ACT003779,CAN01500,JOB00038,2025-07-03,0.8620689655172414,0.9,9.0,3.0,3,0.0,2300.0,2000.0,-0.13043478260869565,True,True,True,True,True,apply
INT000531,ACT004526,CAN01799,JOB00037,2025-07-03,0.8620689655172414,0.9,7.8,3.0,4,-1.0,2200.0,2150.0,-0.022727272727272728,True,True,False,True,True,apply
INT000532,ACT002242,CAN00896,JOB00105,2025-07-04,0.8620689655172414,0.9,11.0,2.0,2,0.0,1500.0,1550.0,0.03333333333333333,True,True,True,True,True,apply
INT000533,ACT002242,CAN00896,JOB00243,2025-07-04,0.8620689655172414,0.9,9.8,2.0,2,0.0,1500.0,1600.0,0.06666666666666667,True,True,False,True,True,apply
INT000534,ACT002677,CAN01067,JOB00244,2025-07-04,0.8620689655172414,0.9,9.0,4.0,4,0.0,2950.0,3150.0,0.06779661016949153,True,True,False,False,True,considering
INT000535,ACT002714,CAN01079,JOB00200,2025-07-04,0.8620689655172414,0.9,9.5,2.0,1,1.0,1300.0,1200.0,-0.07692307692307693,True,True,True,True,True,apply
INT000536,ACT002812,CAN01118,JOB00319,2025-07-04,0.8620689655172414,0.9,8.2,3.0,3,0.0,2150.0,2050.0,-0.046511627906976744,True,True,False,False,True,apply
INT000537,ACT003892,CAN01548,JOB00199,2025-07-04,0.8620689655172414,0.9,9.8,3.0,4,-1.0,2300.0,2350.0,0.021739130434782608,True,True,True,True,False,considering
INT000538,ACT003892,CAN01548,JOB00320,2025-07-04,0.8620689655172414,0.9,10.2,3.0,3,0.0,2300.0,2250.0,-0.021739130434782608,True,True,True,True,True,apply
INT000539,ACT000676,CAN00271,JOB00106,2025-07-05,0.8620689655172414,0.9,7.8,2.0,3,-1.0,2050.0,2050.0,0.0,True,True,False,False,True,apply
INT000540,ACT000811,CAN00326,JOB00112,2025-07-05,0.8620689655172414,0.9,9.5,2.0,2,0.0,1600.0,1500.0,-0.0625,True,True,True,True,True,apply
INT000541,ACT001466,CAN00580,JOB00259,2025-07-05,0.8620689655172414,0.9,9.0,2.0,1,1.0,1350.0,1200.0,-0.1111111111111111,True,True,True,True,True,apply
INT000542,ACT002037,CAN00817,JOB00144,2025-07-05,0.8620689655172414,0.9,10.2,1.0,1,0.0,1250.0,1200.0,-0.04,True,True,True,True,False,apply
INT000543,ACT002037,CAN00817,JOB00028,2025-07-05,0.8620689655172414,0.9,11.0,1.0,1,0.0,1250.0,1300.0,0.04,True,True,True,True,True,apply
INT000544,ACT003073,CAN01217,JOB00254,2025-07-05,0.8620689655172414,0.9,10.2,3.0,3,0.0,2350.0,2300.0,-0.02127659574468085,True,True,True,True,True,apply
INT000545,ACT003291,CAN01308,JOB00252,2025-07-05,0.8620689655172414,0.9,11.0,1.0,1,0.0,1200.0,1200.0,0.0,True,True,True,True,True,apply
INT000546,ACT003820,CAN01518,JOB00162,2025-07-05,0.8620689655172414,0.9,3.5,2.0,2,0.0,2600.0,1600.0,-0.38461538461538464,False,False,True,True,True,decline
INT000547,ACT003820,CAN01518,JOB00049,2025-07-05,0.8620689655172414,0.9,3.5,2.0,2,0.0,2600.0,1500.0,-0.4230769230769231,False,False,True,True,True,decline
INT000548,ACT003997,CAN01586,JOB00289,2025-07-05,0.8620689655172414,0.9,5.5,3.0,2,1.0,2650.0,2150.0,-0.18867924528301888,False,True,True,True,False,apply
INT000549,ACT004434,CAN01761,JOB00164,2025-07-06,0.8620689655172414,0.9,9.5,5.0,5,0.0,3400.0,3100.0,-0.08823529411764706,True,True,True,True,False,considering
INT000550,ACT004434,CAN01761,JOB00035,2025-07-06,0.8620689655172414,0.9,9.5,5.0,4,1.0,3400.0,3150.0,-0.07352941176470588,True,True,True,True,False,apply
INT000551,ACT004556,CAN01812,JOB00249,2025-07-06,0.8620689655172414,0.9,9.8,3.0,3,0.0,2050.0,2150.0,0.04878048780487805,True,True,False,True,False,considering
INT000552,ACT004556,CAN01812,JOB00109,2025-07-06,0.8620689655172414,0.9,11.0,3.0,3,0.0,2050.0,2050.0,0.0,True,True,True,True,False,decline
INT000553,ACT003792,CAN01504,JOB00278,2025-07-07,0.8620689655172414,0.9,11.0,2.0,2,0.0,1500.0,1500.0,0.0,True,True,True,True,True,apply
INT000554,ACT004342,CAN01725,JOB00237,2025-07-07,0.8620689655172414,0.9,8.6,3.0,4,-1.0,2400.0,2400.0,0.0,True,True,False,True,True,considering
INT000555,ACT004840,CAN01924,JOB00319,2025-07-07,0.8620689655172414,0.9,9.8,3.0,3,0.0,1900.0,2050.0,0.07894736842105263,True,True,False,True,False,apply
INT000556,ACT002331,CAN00933,JOB00168,2025-07-08,0.8620689655172414,0.9,9.0,3.0,3,0.0,1700.0,1450.0,-0.14705882352941177,True,True,True,True,False,considering
INT000557,ACT002474,CAN00987,JOB00243,2025-07-08,0.8620689655172414,0.9,3.5,3.0,2,1.0,3000.0,1600.0,-0.4666666666666667,False,False,True,True,False,considering
INT000558,ACT001353,CAN00530,JOB00124,2025-07-09,0.8620689655172414,0.9,8.3,3.0,3,0.0,3200.0,2950.0,-0.078125,True,True,False,True,False,apply
INT000559,ACT001353,CAN00530,JOB00235,2025-07-09,0.8620689655172414,0.9,9.0,3.0,4,-1.0,3200.0,3050.0,-0.046875,True,True,True,True,True,apply
INT000560,ACT001353,CAN00530,JOB00151,2025-07-09,0.8620689655172414,0.9,9.8,3.0,4,-1.0,3200.0,3350.0,0.046875,True,True,True,True,False,considering
INT000561,ACT003162,CAN01251,JOB00088,2025-07-09,0.8620689655172414,0.9,9.0,1.0,1,0.0,1200.0,1200.0,0.0,True,True,False,False,False,considering
INT000562,ACT003162,CAN01251,JOB00269,2025-07-09,0.8620689655172414,0.9,9.0,1.0,1,0.0,1200.0,1450.0,0.20833333333333334,True,True,False,False,False,apply
INT000563,ACT004230,CAN01678,JOB00153,2025-07-09,0.8620689655172414,0.9,7.0,5.0,4,1.0,3200.0,2750.0,-0.140625,True,True,False,False,True,considering
INT000564,ACT000221,CAN00086,JOB00243,2025-07-10,0.8620689655172414,0.9,11.0,2.0,2,0.0,1450.0,1600.0,0.10344827586206896,True,True,True,True,False,apply
INT000565,ACT001658,CAN00661,JOB00306,2025-07-10,0.8620689655172414,0.9,7.8,3.0,4,-1.0,2900.0,2900.0,0.0,True,True,False,False,False,apply
INT000566,ACT001673,CAN00666,JOB00111,2025-07-10,0.8620689655172414,0.9,7.8,5.0,4,1.0,3400.0,2950.0,-0.1323529411764706,True,True,False,True,False,apply
INT000567,ACT001673,CAN00666,JOB00322,2025-07-10,0.8620689655172414,0.9,7.0,5.0,5,0.0,3400.0,3000.0,-0.11764705882352941,True,True,False,False,False,considering
INT000568,ACT001689,CAN00671,JOB00090,2025-07-10,0.8620689655172414,0.9,9.0,1.0,1,0.0,1200.0,1300.0,0.08333333333333333,True,True,False,False,False,apply
INT000569,ACT001689,CAN00671,JOB00113,2025-07-10,0.8620689655172414,0.9,9.0,1.0,1,0.0,1200.0,1450.0,0.20833333333333334,True,True,False,False,False,apply
INT000570,ACT003808,CAN01512,JOB00230,2025-07-10,0.8620689655172414,0.9,9.8,2.0,3,-1.0,2000.0,2000.0,0.0,True,True,True,True,False,apply
INT000571,ACT003808,CAN01512,JOB00342,2025-07-10,0.8620689655172414,0.9,8.6,2.0,3,-1.0,2000.0,2150.0,0.075,True,True,False,True,False,apply
INT000572,ACT000517,CAN00210,JOB00218,2025-07-11,0.8620689655172414,0.9,6.7,4.0,3,1.0,1850.0,1800.0,-0.02702702702702703,False,True,True,True,True,decline
INT000573,ACT000517,CAN00210,JOB00289,2025-07-11,0.8620689655172414,0.9,7.0,,2,,1850.0,2150.0,0.16216216216216217,True,True,False,True,True,considering
INT000574,ACT002401,CAN00958,JOB00146,2025-07-11,0.8620689655172414,0.9,7.1,2.0,3,-1.0,2050.0,1900.0,-0.07317073170731707,True,True,False,True,True,apply
INT000575,ACT003228,CAN01279,JOB00072,2025-07-11,0.8620689655172414,0.9,9.5,2.0,2,0.0,1700.0,1550.0,-0.08823529411764706,True,True,True,True,False,considering
INT000576,ACT003632,CAN01442,JOB00011,2025-07-11,0.8620689655172414,0.9,9.8,1.0,1,0.0,1200.0,1200.0,0.0,True,True,False,True,True,apply
INT000577,ACT003673,CAN01456,JOB00111,2025-07-11,0.8620689655172414,0.9,9.0,4.0,4,0.0,3050.0,2950.0,-0.03278688524590164,True,True,False,True,False,considering
INT000578,ACT003673,CAN01456,JOB00209,2025-07-11,0.8620689655172414,0.9,7.0,4.0,5,-1.0,3050.0,3000.0,-0.01639344262295082,True,True,False,False,True,apply
INT000579,ACT001562,CAN00619,JOB00127,2025-07-12,0.8620689655172414,0.9,8.3,3.0,3,0.0,2400.0,2200.0,-0.08333333333333333,True,True,False,True,True,considering
INT000580,ACT002941,CAN01166,JOB00169,2025-07-12,0.8620689655172414,0.9,7.1,3.0,4,-1.0,3200.0,3000.0,-0.0625,True,True,False,True,False,decline
INT000581,ACT003437,CAN01364,JOB00007,2025-07-12,0.8620689655172414,0.9,9.8,2.0,3,-1.0,2050.0,2250.0,0.0975609756097561,True,True,True,True,True,apply
INT000582,ACT004527,CAN01799,JOB00152,2025-07-12,0.8620689655172414,0.9,11.0,3.0,3,0.0,2200.0,2200.0,0.0,True,True,True,True,False,apply
INT000583,ACT000013,CAN00005,JOB00178,2025-07-13,0.8620689655172414,0.9,7.5,1.0,1,0.0,1400.0,1300.0,-0.07142857142857142,True,True,False,False,False,apply
INT000584,ACT000230,CAN00089,JOB00068,2025-07-13,0.8620689655172414,0.9,9.0,1.0,1,0.0,1350.0,1350.0,0.0,True,True,False,False,False,considering
INT000585,ACT000801,CAN00322,JOB00035,2025-07-13,0.8620689655172414,0.9,7.5,4.0,4,0.0,2000.0,3150.0,0.575,False,True,True,True,False,apply
INT000586,ACT003123,CAN01236,JOB00200,2025-07-13,0.8620689655172414,0.9,7.0,2.0,1,1.0,1400.0,1200.0,-0.14285714285714285,True,True,False,False,False,apply
INT000587,ACT004114,CAN01633,JOB00236,2025-07-13,0.8620689655172414,0.9,7.5,4.0,4,0.0,3000.0,2700.0,-0.1,True,True,False,False,True,decline
INT000588,ACT000455,CAN00185,JOB00090,2025-07-14,0.8620689655172414,0.9,9.0,2.0,1,1.0,1550.0,1300.0,-0.16129032258064516,True,True,True,True,True,apply
INT000589,ACT000611,CAN00246,JOB00273,2025-07-14,0.8620689655172414,0.9,9.8,1.0,1,0.0,1250.0,1250.0,0.0,True,True,False,True,False,apply
INT000590,ACT000611,CAN00246,JOB00098,2025-07-14,0.8620689655172414,0.9,10.2,1.0,1,0.0,1250.0,1200.0,-0.04,True,True,True,True,False,considering
INT000591,ACT002817,CAN01120,JOB00049,2025-07-14,0.8620689655172414,0.9,11.0,2.0,2,0.0,1450.0,1500.0,0.034482758620689655,True,True,True,True,False,apply
INT000592,ACT004004,CAN01588,JOB00139,2025-07-14,0.8620689655172414,0.9,9.8,2.0,2,0.0,2100.0,2150.0,0.023809523809523808,True,True,False,True,True,apply
INT000593,ACT004004,CAN01588,JOB00320,2025-07-14,0.8620689655172414,0.9,9.8,2.0,3,-1.0,2100.0,2250.0,0.07142857142857142,True,True,True,True,False,apply
INT000594,ACT004456,CAN01768,JOB00273,2025-07-14,0.8620689655172414,0.9,9.0,1.0,1,0.0,1250.0,1250.0,0.0,True,True,False,False,False,apply
INT000595,ACT000863,CAN00346,JOB00249,2025-07-15,0.8620689655172414,0.9,8.3,4.0,3,1.0,2350.0,2150.0,-0.0851063829787234,True,True,False,True,True,apply
INT000596,ACT000863,CAN00346,JOB00108,2025-07-15,0.8620689655172414,0.9,8.3,4.0,3,1.0,2350.0,2200.0,-0.06382978723404255,True,True,False,True,True,apply
INT000597,ACT004427,CAN01758,JOB00037,2025-07-15,0.8620689655172414,0.9,6.2,2.0,4,-2.0,1850.0,2150.0,0.16216216216216217,True,True,False,False,False,considering
INT000598,ACT004884,CAN01942,JOB00311,2025-07-15,0.8620689655172414,0.9,11.0,2.0,2,0.0,1600.0,1650.0,0.03125,True,True,True,True,False,considering
INT000599,ACT004884,CAN01942,JOB00243,2025-07-15,0.8620689655172414,0.9,11.0,2.0,2,0.0,1600.0,1600.0,0.0,True,True,True,True,False,considering
INT000600,ACT000549,CAN00223,JOB00283,2025-07-16,0.8620689655172414,0.9,9.8,2.0,2,0.0,1400.0,1500.0,0.07142857142857142,True,True,False,True,False,decline
INT000601,ACT001467,CAN00580,JOB00011,2025-07-16,0.8620689655172414,0.9,9.0,2.0,1,1.0,1350.0,1200.0,-0.1111111111111111,True,True,True,True,True,apply
INT000602,ACT001500,CAN00594,JOB00340,2025-07-16,0.8620689655172414,0.9,10.2,2.0,1,1.0,1350.0,1300.0,-0.037037037037037035,True,True,True,True,False,apply
INT000603,ACT002095,CAN00842,JOB00090,2025-07-16,0.8620689655172414,0.9,7.8,2.0,1,1.0,1500.0,1300.0,-0.13333333333333333,True,True,False,True,True,apply
INT000604,ACT003038,CAN01203,JOB00292,2025-07-16,0.8620689655172414,0.9,9.0,4.0,3,1.0,2350.0,2050.0,-0.1276595744680851,True,True,True,True,False,apply
INT000605,ACT004232,CAN01679,JOB00280,2025-07-16,0.8620689655172414,0.9,9.5,5.0,4,1.0,3050.0,2750.0,-0.09836065573770492,True,True,True,True,False,considering
INT000606,ACT004672,CAN01856,JOB00028,2025-07-16,0.8620689655172414,0.9,11.0,2.0,1,1.0,1200.0,1300.0,0.08333333333333333,True,True,True,True,True,apply
INT000607,ACT000203,CAN00078,JOB00017,2025-07-17,0.8620689655172414,0.9,8.3,4.0,4,0.0,3200.0,2900.0,-0.09375,True,True,False,True,False,apply
INT000608,ACT000222,CAN00086,JOB00042,2025-07-17,0.8620689655172414,0.9,9.8,2.0,2,0.0,1450.0,1600.0,0.10344827586206896,True,True,False,True,True,decline
INT000609,ACT000222,CAN00086,JOB00112,2025-07-17,0.8620689655172414,0.9,11.0,2.0,2,0.0,1450.0,1500.0,0.034482758620689655,True,True,True,True,True,apply
INT000610,ACT002742,CAN01091,JOB00120,2025-07-17,0.8620689655172414,0.9,1.9000000000000001,,2,,2000.0,1950.0,-0.025,False,True,False,False,False,considering
INT000611,ACT003909,CAN01554,JOB00281,2025-07-17,0.8620689655172414,0.9,8.2,3.0,3,0.0,2000.0,1900.0,-0.05,True,True,False,False,False,apply
INT000612,ACT004343,CAN01725,JOB00101,2025-07-17,0.8620689655172414,0.9,9.0,3.0,4,-1.0,2400.0,2300.0,-0.041666666666666664,True,True,True,True,True,apply
INT000613,ACT002038,CAN00817,JOB00301,2025-07-19,0.8620689655172414,0.9,9.0,1.0,1,0.0,1250.0,1200.0,-0.04,True,True,False,True,True,considering
INT000614,ACT002475,CAN00987,JOB00072,2025-07-19,0.8620689655172414,0.9,3.5,3.0,2,1.0,3000.0,1550.0,-0.48333333333333334,False,False,True,True,False,apply
INT000615,ACT002475,CAN00987,JOB00112,2025-07-19,0.8620689655172414,0.9,3.5,3.0,2,1.0,3000.0,1500.0,-0.5,False,False,True,True,False,decline
INT000616,ACT003163,CAN01251,JOB00011,2025-07-19,0.8620689655172414,0.9,9.0,1.0,1,0.0,1200.0,1200.0,0.0,True,True,False,False,False,apply
INT000617,ACT003163,CAN01251,JOB00028,2025-07-19,0.8620689655172414,0.9,9.0,1.0,1,0.0,1200.0,1300.0,0.08333333333333333,True,True,False,False,False,apply
INT000618,ACT004435,CAN01761,JOB00137,2025-07-19,0.8620689655172414,0.9,8.3,5.0,4,1.0,3400.0,3100.0,-0.08823529411764706,True,True,False,True,False,apply
INT000619,ACT001690,CAN00671,JOB00200,2025-07-20,0.8620689655172414,0.9,9.0,1.0,1,0.0,1200.0,1200.0,0.0,True,True,False,False,False,decline
INT000620,ACT001690,CAN00671,JOB00340,2025-07-20,0.8620689655172414,0.9,9.0,1.0,1,0.0,1200.0,1300.0,0.08333333333333333,True,True,False,False,False,apply
INT000621,ACT002253,CAN00901,JOB00113,2025-07-20,0.8620689655172414,0.9,9.8,1.0,1,0.0,1450.0,1450.0,0.0,True,True,False,True,True,apply
INT000622,ACT002253,CAN00901,JOB00200,2025-07-20,0.8620689655172414,0.9,7.8,1.0,1,0.0,1450.0,1200.0,-0.1724137931034483,True,True,False,True,True,apply
INT000623,ACT001828,CAN00730,JOB00146,2025-07-21,0.8620689655172414,0.9,5.0,3.0,3,0.0,2800.0,1900.0,-0.32142857142857145,False,True,True,True,True,decline
INT000624,ACT001828,CAN00730,JOB00224,2025-07-21,0.8620689655172414,0.9,5.0,3.0,3,0.0,2800.0,2000.0,-0.2857142857142857,False,True,True,True,False,apply
INT000625,ACT004086,CAN01623,JOB00028,2025-07-21,0.8620689655172414,0.9,1.5,1.0,1,0.0,1950.0,1300.0,-0.3333333333333333,False,False,False,False,True,decline
INT000626,ACT004647,CAN01847,JOB00306,2025-07-21,0.8620689655172414,0.9,8.2,4.0,4,0.0,3000.0,2900.0,-0.03333333333333333,True,True,False,False,True,apply
INT000627,ACT004799,CAN01905,JOB00281,2025-07-21,0.8620689655172414,0.9,9.8,2.0,3,-1.0,1800.0,1900.0,0.05555555555555555,True,True,True,True,False,apply
INT000628,ACT004799,CAN01905,JOB00146,2025-07-21,0.8620689655172414,0.9,9.8,2.0,3,-1.0,1800.0,1900.0,0.05555555555555555,True,True,True,True,False,decline
INT000629,ACT004799,CAN01905,JOB00187,2025-07-21,0.8620689655172414,0.9,8.2,2.0,4,-2.0,1800.0,2200.0,0.2222222222222222,True,True,True,True,False,decline
INT000630,ACT000310,CAN00122,JOB00199,2025-07-22,0.8620689655172414,0.9,10.2,4.0,4,0.0,2450.0,2350.0,-0.04081632653061224,True,True,True,True,True,apply
INT000631,ACT000310,CAN00122,JOB00032,2025-07-22,0.8620689655172414,0.9,10.2,4.0,4,0.0,2450.0,2350.0,-0.04081632653061224,True,True,True,True,True,apply
INT000632,ACT001823,CAN00728,JOB00068,2025-07-22,0.8620689655172414,0.9,8.2,1.0,1,0.0,1400.0,1350.0,-0.03571428571428571,True,True,False,False,False,apply
INT000633,ACT001823,CAN00728,JOB00018,2025-07-22,0.8620689655172414,0.9,9.8,1.0,1,0.0,1400.0,1450.0,0.03571428571428571,True,True,False,True,False,apply
INT000634,ACT004386,CAN01744,JOB00105,2025-07-22,0.8620689655172414,0.9,9.0,2.0,2,0.0,1500.0,1550.0,0.03333333333333333,True,True,False,False,True,apply
INT000635,ACT004457,CAN01768,JOB00028,2025-07-22,0.8620689655172414,0.9,9.0,1.0,1,0.0,1250.0,1300.0,0.04,True,True,False,False,False,apply
INT000636,ACT001067,CAN00422,JOB00280,2025-07-23,0.8620689655172414,0.9,8.3,5.0,4,1.0,3050.0,2750.0,-0.09836065573770492,True,True,False,True,False,apply
INT000637,ACT001994,CAN00799,JOB00072,2025-07-23,0.8620689655172414,0.9,11.0,2.0,2,0.0,1550.0,1550.0,0.0,True,True,True,True,False,apply
INT000638,ACT001994,CAN00799,JOB00112,2025-07-23,0.8620689655172414,0.9,10.2,2.0,2,0.0,1550.0,1500.0,-0.03225806451612903,True,True,True,True,False,considering
INT000639,ACT002303,CAN00923,JOB00345,2025-07-23,0.8620689655172414,0.9,9.0,2.0,1,1.0,1450.0,1300.0,-0.10344827586206896,True,True,True,True,True,considering
INT000640,ACT002332,CAN00933,JOB00112,2025-07-23,0.8620689655172414,0.9,9.0,3.0,2,1.0,1700.0,1500.0,-0.11764705882352941,True,True,True,True,False,apply
INT000641,ACT002502,CAN00997,JOB00342,2025-07-23,0.8620689655172414,0.9,8.3,3.0,3,0.0,2300.0,2150.0,-0.06521739130434782,True,True,False,True,False,apply
INT000642,ACT003998,CAN01586,JOB00039,2025-07-23,0.8620689655172414,0.9,4.3,3.0,3,0.0,2650.0,2200.0,-0.16981132075471697,False,True,False,True,True,considering
INT000643,ACT004885,CAN01942,JOB00072,2025-07-23,0.8620689655172414,0.9,10.2,2.0,2,0.0,1600.0,1550.0,-0.03125,True,True,True,True,True,apply
INT000644,ACT004885,CAN01942,JOB00112,2025-07-23,0.8620689655172414,0.9,9.5,2.0,2,0.0,1600.0,1500.0,-0.0625,True,True,True,True,True,considering
INT000645,ACT003589,CAN01425,JOB00266,2025-07-24,0.8620689655172414,0.9,8.3,4.0,4,0.0,3250.0,2950.0,-0.09230769230769231,True,True,False,True,False,considering
INT000646,ACT003589,CAN01425,JOB00043,2025-07-24,0.8620689655172414,0.9,7.1,4.0,5,-1.0,3250.0,3000.0,-0.07692307692307693,True,True,False,True,False,considering
INT000647,ACT003589,CAN01425,JOB00111,2025-07-24,0.8620689655172414,0.9,8.3,4.0,4,0.0,3250.0,2950.0,-0.09230769230769231,True,True,False,True,False,apply
INT000648,ACT003876,CAN01541,JOB00243,2025-07-24,0.8620689655172414,0.9,9.8,1.0,2,-1.0,1350.0,1600.0,0.18518518518518517,True,True,True,True,True,apply
INT000649,ACT003876,CAN01541,JOB00222,2025-07-24,0.8620689655172414,0.9,9.0,1.0,1,0.0,1350.0,1500.0,0.1111111111111111,True,True,False,False,False,decline
INT000650,ACT004557,CAN01812,JOB00108,2025-07-24,0.8620689655172414,0.9,9.8,3.0,3,0.0,2050.0,2200.0,0.07317073170731707,True,True,False,True,False,considering
INT000651,ACT002818,CAN01120,JOB00258,2025-07-25,0.8620689655172414,0.9,11.0,2.0,2,0.0,1450.0,1550.0,0.06896551724137931,True,True,True,True,False,apply
INT000652,ACT002942,CAN01166,JOB00082,2025-07-25,0.8620689655172414,0.9,7.8,3.0,4,-1.0,3200.0,3200.0,0.0,True,True,False,False,True,apply
INT000653,ACT004097,CAN01627,JOB00077,2025-07-25,0.8620689655172414,0.9,9.0,4.0,4,0.0,3050.0,2900.0,-0.04918032786885246,True,True,False,True,True,apply
INT000654,ACT004097,CAN01627,JOB00079,2025-07-25,0.8620689655172414,0.9,9.0,4.0,4,0.0,3050.0,3000.0,-0.01639344262295082,True,True,False,True,True,apply
INT000655,ACT004473,CAN01776,JOB00177,2025-07-25,0.8620689655172414,0.9,9.5,4.0,4,0.0,2900.0,2750.0,-0.05172413793103448,True,True,True,True,False,apply
INT000656,ACT004473,CAN01776,JOB00158,2025-07-25,0.8620689655172414,0.9,9.5,4.0,3,1.0,2900.0,2750.0,-0.05172413793103448,True,True,True,True,False,apply
INT000657,ACT004473,CAN01776,JOB00129,2025-07-25,0.8620689655172414,0.9,10.2,4.0,4,0.0,2900.0,2850.0,-0.017241379310344827,True,True,True,True,True,apply
INT000658,ACT000231,CAN00089,JOB00340,2025-07-26,0.8620689655172414,0.9,9.0,1.0,1,0.0,1350.0,1300.0,-0.037037037037037035,True,True,False,True,True,considering
INT000659,ACT000231,CAN00089,JOB00113,2025-07-26,0.8620689655172414,0.9,9.8,1.0,1,0.0,1350.0,1450.0,0.07407407407407407,True,True,False,True,True,considering
INT000660,ACT000231,CAN00089,JOB00298,2025-07-26,0.8620689655172414,0.9,7.5,1.0,1,0.0,1350.0,1250.0,-0.07407407407407407,True,True,False,False,False,apply
INT000661,ACT000456,CAN00185,JOB00113,2025-07-26,0.8620689655172414,0.9,9.5,2.0,1,1.0,1550.0,1450.0,-0.06451612903225806,True,True,True,True,True,apply
INT000662,ACT000555,CAN00225,JOB00309,2025-07-26,0.8620689655172414,0.9,8.2,,1,,1200.0,1200.0,0.0,True,True,True,True,False,apply
INT000663,ACT000555,CAN00225,JOB00088,2025-07-26,0.8620689655172414,0.9,8.2,,1,,1200.0,1200.0,0.0,True,True,True,True,True,considering
INT000664,ACT000555,CAN00225,JOB00025,2025-07-26,0.8620689655172414,0.9,7.5,1.0,1,0.0,1200.0,1300.0,0.08333333333333333,False,True,True,True,True,considering
INT000665,ACT001659,CAN00661,JOB00158,2025-07-26,0.8620689655172414,0.9,7.5,3.0,3,0.0,2900.0,2750.0,-0.05172413793103448,True,True,False,False,True,apply
INT000666,ACT001674,CAN00666,JOB00244,2025-07-26,0.8620689655172414,0.9,7.5,5.0,4,1.0,3400.0,3150.0,-0.07352941176470588,True,True,False,False,False,considering
INT000667,ACT001563,CAN00619,JOB00131,2025-07-27,0.8620689655172414,0.9,9.5,3.0,3,0.0,2400.0,2200.0,-0.08333333333333333,True,True,True,True,True,apply
INT000668,ACT003186,CAN01261,JOB00119,2025-07-27,0.8620689655172414,0.9,7.0,4.0,3,1.0,3500.0,3000.0,-0.14285714285714285,True,True,False,False,False,apply
INT000669,ACT000446,CAN00181,JOB00147,2025-07-28,0.8620689655172414,0.9,9.0,4.0,4,0.0,2350.0,2250.0,-0.0425531914893617,True,True,False,True,True,considering
INT000670,ACT000446,CAN00181,JOB00108,2025-07-28,0.8620689655172414,0.9,8.3,4.0,3,1.0,2350.0,2200.0,-0.06382978723404255,True,True,False,True,False,considering
INT000671,ACT004345,CAN01726,JOB00105,2025-07-28,0.8620689655172414,0.9,9.8,1.0,2,-1.0,1450.0,1550.0,0.06896551724137931,True,True,True,True,True,decline
INT000672,ACT001794,CAN00718,JOB00152,2025-07-29,0.8620689655172414,0.9,8.3,4.0,3,1.0,2400.0,2200.0,-0.08333333333333333,True,True,False,True,True,decline
INT000673,ACT002402,CAN00958,JOB00281,2025-07-29,0.8620689655172414,0.9,7.1,2.0,3,-1.0,2050.0,1900.0,-0.07317073170731707,True,True,False,True,False,apply
INT000674,ACT003709,CAN01471,JOB00243,2025-07-29,0.8620689655172414,0.9,9.8,2.0,2,0.0,1550.0,1600.0,0.03225806451612903,True,True,False,True,True,apply
INT000675,ACT001810,CAN00724,JOB00178,2025-07-30,0.8620689655172414,0.9,9.0,1.0,1,0.0,1300.0,1300.0,0.0,True,True,False,False,False,apply
INT000676,ACT001810,CAN00724,JOB00113,2025-07-30,0.8620689655172414,0.9,11.0,1.0,1,0.0,1300.0,1450.0,0.11538461538461539,True,True,True,True,True,apply
INT000677,ACT001810,CAN00724,JOB00340,2025-07-30,0.8620689655172414,0.9,11.0,1.0,1,0.0,1300.0,1300.0,0.0,True,True,True,True,True,considering
INT000678,ACT002720,CAN01082,JOB00129,2025-07-30,0.8620689655172414,0.9,7.5,5.0,4,1.0,2650.0,2850.0,0.07547169811320754,False,True,True,True,True,apply
INT000679,ACT002720,CAN01082,JOB00315,2025-07-30,0.8620689655172414,0.9,7.5,5.0,4,1.0,2650.0,2700.0,0.018867924528301886,False,True,True,True,False,apply
INT000680,ACT003854,CAN01531,JOB00072,2025-07-30,0.8620689655172414,0.9,9.0,2.0,2,0.0,1550.0,1550.0,0.0,True,True,False,False,True,apply
INT000681,ACT003854,CAN01531,JOB00163,2025-07-30,0.8620689655172414,0.9,11.0,2.0,2,0.0,1550.0,1550.0,0.0,True,True,True,True,True,decline
INT000682,ACT004436,CAN01761,JOB00151,2025-07-30,0.8620689655172414,0.9,10.2,5.0,4,1.0,3400.0,3350.0,-0.014705882352941176,True,True,True,True,False,apply
INT000683,ACT004436,CAN01761,JOB00235,2025-07-30,0.8620689655172414,0.9,9.0,5.0,4,1.0,3400.0,3050.0,-0.10294117647058823,True,True,True,True,True,considering
INT000684,ACT004747,CAN01884,JOB00222,2025-07-30,0.8620689655172414,0.9,11.0,2.0,1,1.0,1500.0,1500.0,0.0,True,True,True,True,False,apply
INT000685,ACT000612,CAN00246,JOB00252,2025-07-31,0.8620689655172414,0.9,10.2,1.0,1,0.0,1250.0,1200.0,-0.04,True,True,True,True,False,apply
INT000686,ACT000612,CAN00246,JOB00011,2025-07-31,0.8620689655172414,0.9,9.0,1.0,1,0.0,1250.0,1200.0,-0.04,True,True,False,True,True,apply
INT000687,ACT000845,CAN00340,JOB00200,2025-07-31,0.8620689655172414,0.9,10.2,1.0,1,0.0,1250.0,1200.0,-0.04,True,True,True,True,True,considering
INT000688,ACT000845,CAN00340,JOB00025,2025-07-31,0.8620689655172414,0.9,9.8,1.0,1,0.0,1250.0,1300.0,0.04,True,True,False,True,True,apply
INT000689,ACT000845,CAN00340,JOB00178,2025-07-31,0.8620689655172414,0.9,9.0,1.0,1,0.0,1250.0,1300.0,0.04,True,True,False,False,False,apply
INT000690,ACT002304,CAN00923,JOB00160,2025-07-31,0.8620689655172414,0.9,7.0,2.0,2,0.0,1450.0,1300.0,-0.10344827586206896,True,True,False,False,False,apply
INT000691,ACT003315,CAN01317,JOB00127,2025-07-31,0.8620689655172414,0.9,8.2,3.0,3,0.0,2300.0,2200.0,-0.043478260869565216,True,True,False,False,False,decline
INT000692,ACT004673,CAN01856,JOB00259,2025-07-31,0.8620689655172414,0.9,9.8,2.0,1,1.0,1200.0,1200.0,0.0,True,True,False,True,False,apply
INT000693,ACT000985,CAN00391,JOB00317,2025-08-01,1.0,0.9,3.5,4.0,3,1.0,2850.0,2300.0,-0.19298245614035087,False,True,False,False,False,considering
INT000694,ACT001115,CAN00439,JOB00113,2025-08-01,1.0,0.9,10.2,1.0,1,0.0,1500.0,1450.0,-0.03333333333333333,True,True,True,True,True,considering
INT000695,ACT001115,CAN00439,JOB00085,2025-08-01,1.0,0.9,9.8,1.0,2,-1.0,1500.0,1500.0,0.0,True,True,True,True,False,apply
INT000696,ACT001819,CAN00727,JOB00158,2025-08-01,1.0,0.9,9.8,3.0,3,0.0,2700.0,2750.0,0.018518518518518517,True,True,False,True,False,apply
INT000697,ACT004162,CAN01650,JOB00180,2025-08-01,1.0,0.9,9.8,3.0,4,-1.0,3000.0,3000.0,0.0,True,True,True,True,True,apply
INT000698,ACT000802,CAN00322,JOB00304,2025-08-02,1.0,0.9,7.5,3.0,3,0.0,2000.0,2600.0,0.3,False,True,True,True,False,considering
INT000699,ACT002096,CAN00842,JOB00085,2025-08-02,1.0,0.9,9.8,2.0,2,0.0,1500.0,1500.0,0.0,True,True,False,True,False,apply
INT000700,ACT002096,CAN00842,JOB00113,2025-08-02,1.0,0.9,9.0,2.0,1,1.0,1500.0,1450.0,-0.03333333333333333,True,True,False,True,True,apply
INT000701,ACT004189,CAN01662,JOB00039,2025-08-02,1.0,0.9,6.3,3.0,3,0.0,2150.0,2200.0,0.023255813953488372,False,True,False,True,True,considering
INT000702,ACT000864,CAN00346,JOB00224,2025-08-03,1.0,0.9,9.0,4.0,3,1.0,2350.0,2000.0,-0.14893617021276595,True,True,True,True,False,apply
INT000703,ACT002171,CAN00869,JOB00007,2025-08-03,1.0,0.9,11.0,3.0,3,0.0,2200.0,2250.0,0.022727272727272728,True,True,True,True,True,considering
INT000704,ACT002171,CAN00869,JOB00188,2025-08-03,1.0,0.9,10.2,3.0,3,0.0,2200.0,2150.0,-0.022727272727272728,True,True,True,True,True,decline
INT000705,ACT002882,CAN01144,JOB00176,2025-08-03,1.0,0.9,7.0,2.0,2,0.0,1600.0,1400.0,-0.125,True,True,False,False,True,apply
INT000706,ACT002882,CAN01144,JOB00018,2025-08-03,1.0,0.9,7.5,2.0,1,1.0,1600.0,1450.0,-0.09375,True,True,False,False,False,apply
INT000707,ACT004080,CAN01620,JOB00113,2025-08-03,1.0,0.9,11.0,2.0,1,1.0,1400.0,1450.0,0.03571428571428571,True,True,True,True,True,apply
INT000708,ACT004080,CAN01620,JOB00018,2025-08-03,1.0,0.9,9.8,2.0,1,1.0,1400.0,1450.0,0.03571428571428571,True,True,False,True,True,apply
INT000709,ACT001068,CAN00422,JOB00251,2025-08-04,1.0,0.9,9.0,5.0,4,1.0,3050.0,2650.0,-0.13114754098360656,True,True,True,True,True,apply
INT000710,ACT001068,CAN00422,JOB00304,2025-08-04,1.0,0.9,9.0,5.0,3,2.0,3050.0,2600.0,-0.14754098360655737,True,True,True,True,True,considering
INT000711,ACT002102,CAN00844,JOB00243,2025-08-04,1.0,0.9,11.0,2.0,2,0.0,1550.0,1600.0,0.03225806451612903,True,True,True,True,False,apply
INT000712,ACT002102,CAN00844,JOB00062,2025-08-04,1.0,0.9,11.0,2.0,2,0.0,1550.0,1600.0,0.03225806451612903,True,True,True,True,False,apply
INT000713,ACT002102,CAN00844,JOB00350,2025-08-04,1.0,0.9,9.8,2.0,2,0.0,1550.0,1550.0,0.0,True,True,False,True,False,apply
INT000714,ACT002743,CAN01091,JOB00068,2025-08-04,1.0,0.9,3.5,1.0,1,0.0,2000.0,1350.0,-0.325,False,False,True,True,False,decline
INT000715,ACT002743,CAN01091,JOB00009,2025-08-04,1.0,0.9,2.7,,2,,2000.0,2100.0,0.05,False,True,False,False,False,decline
INT000716,ACT004346,CAN01726,JOB00278,2025-08-04,1.0,0.9,9.8,1.0,2,-1.0,1450.0,1500.0,0.034482758620689655,True,True,True,True,False,apply
INT000717,ACT000582,CAN00236,JOB00090,2025-08-05,1.0,0.9,3.5,1.0,1,0.0,1950.0,1300.0,-0.3333333333333333,False,False,True,True,True,decline
INT000718,ACT000582,CAN00236,JOB00028,2025-08-05,1.0,0.9,3.5,1.0,1,0.0,1950.0,1300.0,-0.3333333333333333,False,False,True,True,True,considering
INT000719,ACT001351,CAN00529,JOB00010,2025-08-05,1.0,0.9,6.3,2.0,3,-1.0,1900.0,2250.0,0.18421052631578946,False,True,True,True,False,apply
INT000720,ACT001501,CAN00594,JOB00176,2025-08-05,1.0,0.9,11.0,2.0,2,0.0,1350.0,1400.0,0.037037037037037035,True,True,True,True,True,apply
INT000721,ACT001501,CAN00594,JOB00085,2025-08-05,1.0,0.9,11.0,2.0,2,0.0,1350.0,1500.0,0.1111111111111111,True,True,True,True,True,considering
INT000722,ACT002192,CAN00877,JOB00342,2025-08-05,1.0,0.9,9.8,2.0,3,-1.0,2100.0,2150.0,0.023809523809523808,True,True,True,True,False,apply
INT000723,ACT002192,CAN00877,JOB00074,2025-08-05,1.0,0.9,8.6,2.0,3,-1.0,2100.0,2150.0,0.023809523809523808,True,True,False,True,True,apply
INT000724,ACT004535,CAN01803,JOB00268,2025-08-05,1.0,0.9,8.2,2.0,4,-2.0,2000.0,2100.0,0.05,True,True,True,True,True,considering
INT000725,ACT004888,CAN01943,JOB00218,2025-08-05,1.0,0.9,9.0,3.0,3,0.0,2150.0,1800.0,-0.16279069767441862,True,True,True,True,False,considering
INT000726,ACT000828,CAN00333,JOB00072,2025-08-06,1.0,0.9,9.8,2.0,2,0.0,1550.0,1550.0,0.0,True,True,False,True,True,apply
INT000727,ACT001219,CAN00479,JOB00042,2025-08-06,1.0,0.9,1.1,1.0,2,-1.0,3000.0,1600.0,-0.4666666666666667,False,False,False,True,False,considering
INT000728,ACT001739,CAN00695,JOB00025,2025-08-06,1.0,0.9,10.2,1.0,1,0.0,1350.0,1300.0,-0.037037037037037035,True,True,True,True,False,decline
INT000729,ACT001829,CAN00730,JOB00299,2025-08-06,1.0,0.9,5.0,3.0,3,0.0,2800.0,1900.0,-0.32142857142857145,False,True,True,True,False,considering
INT000730,ACT003432,CAN01363,JOB00086,2025-08-06,1.0,0.9,9.8,1.0,1,0.0,1200.0,1200.0,0.0,True,True,False,True,False,decline
INT000731,ACT003432,CAN01363,JOB00011,2025-08-06,1.0,0.9,11.0,1.0,1,0.0,1200.0,1200.0,0.0,True,True,True,True,False,apply
INT000732,ACT003522,CAN01396,JOB00090,2025-08-06,1.0,0.9,9.0,1.0,1,0.0,1200.0,1300.0,0.08333333333333333,True,True,False,False,False,decline
INT000733,ACT004073,CAN01617,JOB00152,2025-08-07,1.0,0.9,9.8,3.0,3,0.0,2150.0,2200.0,0.023255813953488372,True,True,False,True,False,apply
INT000734,ACT004073,CAN01617,JOB00147,2025-08-07,1.0,0.9,9.8,3.0,4,-1.0,2150.0,2250.0,0.046511627906976744,True,True,True,True,True,apply
INT000735,ACT004087,CAN01623,JOB00011,2025-08-07,1.0,0.9,1.5,1.0,1,0.0,1950.0,1200.0,-0.38461538461538464,False,False,False,False,False,considering
INT000736,ACT004087,CAN01623,JOB00289,2025-08-07,1.0,0.9,2.7,,2,,1950.0,2150.0,0.10256410256410256,False,True,False,False,False,decline
INT000737,ACT004387,CAN01744,JOB00162,2025-08-07,1.0,0.9,11.0,2.0,2,0.0,1500.0,1600.0,0.06666666666666667,True,True,True,True,False,apply
INT000738,ACT004387,CAN01744,JOB00258,2025-08-07,1.0,0.9,11.0,2.0,2,0.0,1500.0,1550.0,0.03333333333333333,True,True,True,True,False,considering
INT000739,ACT001660,CAN00661,JOB00069,2025-08-08,1.0,0.9,7.0,3.0,3,0.0,2900.0,2550.0,-0.1206896551724138,True,True,False,False,True,apply
INT000740,ACT001660,CAN00661,JOB00129,2025-08-08,1.0,0.9,7.0,3.0,4,-1.0,2900.0,2850.0,-0.017241379310344827,True,True,False,False,False,apply
INT000741,ACT001995,CAN00799,JOB00062,2025-08-08,1.0,0.9,11.0,2.0,2,0.0,1550.0,1600.0,0.03225806451612903,True,True,True,True,True,apply
INT000742,ACT001995,CAN00799,JOB00350,2025-08-08,1.0,0.9,9.8,2.0,2,0.0,1550.0,1550.0,0.0,True,True,False,True,True,apply
INT000743,ACT001995,CAN00799,JOB00311,2025-08-08,1.0,0.9,11.0,2.0,2,0.0,1550.0,1650.0,0.06451612903225806,True,True,True,True,True,apply
INT000744,ACT003325,CAN01321,JOB00340,2025-08-08,1.0,0.9,7.3,2.0,1,1.0,1750.0,1300.0,-0.2571428571428571,True,True,False,True,False,apply
INT000745,ACT003325,CAN01321,JOB00085,2025-08-08,1.0,0.9,7.8,2.0,2,0.0,1750.0,1500.0,-0.14285714285714285,True,True,False,True,False,decline
INT000746,ACT003691,CAN01463,JOB00072,2025-08-08,1.0,0.9,9.0,3.0,2,1.0,1550.0,1550.0,0.0,True,True,False,False,True,apply
INT000747,ACT000784,CAN00316,JOB00311,2025-08-09,1.0,0.9,9.5,2.0,2,0.0,1750.0,1650.0,-0.05714285714285714,True,True,True,True,True,apply
INT000748,ACT000681,CAN00274,JOB00230,2025-08-10,1.0,0.9,9.8,2.0,3,-1.0,2000.0,2000.0,0.0,True,True,True,True,False,apply
INT000749,ACT002752,CAN01094,JOB00278,2025-08-10,1.0,0.9,8.6,1.0,2,-1.0,1300.0,1500.0,0.15384615384615385,True,True,False,True,True,apply
INT000750,ACT003999,CAN01586,JOB00038,2025-08-10,1.0,0.9,5.0,3.0,3,0.0,2650.0,2000.0,-0.24528301886792453,False,True,True,True,True,considering
INT000751,ACT003999,CAN01586,JOB00005,2025-08-10,1.0,0.9,4.3,3.0,4,-1.0,2650.0,2250.0,-0.1509433962264151,False,True,True,True,False,apply
INT000752,ACT002034,CAN00816,JOB00036,2025-08-11,1.0,0.9,9.8,3.0,3,0.0,1950.0,1950.0,0.0,True,True,False,True,False,apply
INT000753,ACT002034,CAN00816,JOB00187,2025-08-11,1.0,0.9,9.8,3.0,4,-1.0,1950.0,2200.0,0.1282051282051282,True,True,True,True,False,apply
INT000754,ACT002721,CAN01082,JOB00161,2025-08-11,1.0,0.9,7.5,5.0,5,0.0,2650.0,2800.0,0.05660377358490566,False,True,True,True,True,apply
INT000755,ACT003590,CAN01425,JOB00180,2025-08-11,1.0,0.9,8.3,4.0,4,0.0,3250.0,3000.0,-0.07692307692307693,True,True,False,True,False,apply
INT000756,ACT000977,CAN00387,JOB00062,2025-08-12,1.0,0.9,7.5,3.0,2,1.0,1700.0,1600.0,-0.058823529411764705,True,True,False,False,False,apply
INT000757,ACT000977,CAN00387,JOB00072,2025-08-12,1.0,0.9,7.5,3.0,2,1.0,1700.0,1550.0,-0.08823529411764706,True,True,False,False,False,considering
INT000758,ACT001402,CAN00553,JOB00224,2025-08-12,1.0,0.9,5.5,3.0,3,0.0,1850.0,2000.0,0.08108108108108109,False,True,False,False,False,considering
INT000759,ACT001402,CAN00553,JOB00249,2025-08-12,1.0,0.9,5.5,3.0,3,0.0,1850.0,2150.0,0.16216216216216217,False,True,False,False,False,apply
INT000760,ACT003187,CAN01261,JOB00082,2025-08-12,1.0,0.9,9.5,4.0,4,0.0,3500.0,3200.0,-0.08571428571428572,True,True,True,True,False,apply
INT000761,ACT003187,CAN01261,JOB00151,2025-08-12,1.0,0.9,8.2,4.0,4,0.0,3500.0,3350.0,-0.04285714285714286,True,True,False,False,True,apply
INT000762,ACT004748,CAN01884,JOB00049,2025-08-12,1.0,0.9,9.0,2.0,2,0.0,1500.0,1500.0,0.0,True,True,False,False,True,apply
INT000763,ACT004748,CAN01884,JOB00105,2025-08-12,1.0,0.9,9.0,2.0,2,0.0,1500.0,1550.0,0.03333333333333333,True,True,False,False,False,considering
INT000764,ACT001811,CAN00724,JOB00085,2025-08-13,1.0,0.9,9.8,1.0,2,-1.0,1300.0,1500.0,0.15384615384615385,True,True,True,True,False,apply
INT000765,ACT002103,CAN00844,JOB00072,2025-08-13,1.0,0.9,11.0,2.0,2,0.0,1550.0,1550.0,0.0,True,True,True,True,False,considering
INT000766,ACT002333,CAN00933,JOB00062,2025-08-13,1.0,0.9,9.5,3.0,2,1.0,1700.0,1600.0,-0.058823529411764705,True,True,True,True,True,considering
INT000767,ACT002746,CAN01092,JOB00072,2025-08-13,1.0,0.9,9.8,2.0,2,0.0,1550.0,1550.0,0.0,True,True,False,True,False,apply
INT000768,ACT003569,CAN01416,JOB00150,2025-08-13,1.0,0.9,6.2,,2,,1900.0,2000.0,0.05263157894736842,True,True,False,False,False,apply
INT000769,ACT003569,CAN01416,JOB00124,2025-08-13,1.0,0.9,5.5,3.0,3,0.0,1900.0,2950.0,0.5526315789473685,False,True,False,False,False,considering
INT000770,ACT000846,CAN00340,JOB00340,2025-08-14,1.0,0.9,11.0,1.0,1,0.0,1250.0,1300.0,0.04,True,True,True,True,True,apply
INT000771,ACT000846,CAN00340,JOB00113,2025-08-14,1.0,0.9,11.0,1.0,1,0.0,1250.0,1450.0,0.16,True,True,True,True,True,apply
INT000772,ACT001902,CAN00762,JOB00122,2025-08-14,1.0,0.9,9.8,3.0,4,-1.0,2050.0,2200.0,0.07317073170731707,True,True,True,True,True,decline
INT000773,ACT002553,CAN01016,JOB00009,2025-08-14,1.0,0.9,9.0,3.0,2,1.0,2050.0,2100.0,0.024390243902439025,True,True,False,False,True,apply
INT000774,ACT002553,CAN01016,JOB00007,2025-08-14,1.0,0.9,9.0,3.0,3,0.0,2050.0,2250.0,0.0975609756097561,True,True,False,False,False,decline
INT000775,ACT002553,CAN01016,JOB00260,2025-08-14,1.0,0.9,11.0,3.0,3,0.0,2050.0,2150.0,0.04878048780487805,True,True,True,True,False,considering
INT000776,ACT000250,CAN00097,JOB00072,2025-08-15,1.0,0.9,10.2,2.0,2,0.0,1600.0,1550.0,-0.03125,True,True,True,True,False,considering
INT000777,ACT000820,CAN00329,JOB00129,2025-08-15,1.0,0.9,9.8,3.0,4,-1.0,2700.0,2850.0,0.05555555555555555,True,True,True,True,True,considering
INT000778,ACT001392,CAN00548,JOB00151,2025-08-15,1.0,0.9,9.0,4.0,4,0.0,3350.0,3350.0,0.0,True,True,False,False,False,apply
INT000779,ACT001392,CAN00548,JOB00235,2025-08-15,1.0,0.9,7.5,4.0,4,0.0,3350.0,3050.0,-0.08955223880597014,True,True,False,False,False,apply
INT000780,ACT003021,CAN01197,JOB00289,2025-08-15,1.0,0.9,5.4,,2,,2200.0,2150.0,-0.022727272727272728,True,True,False,False,False,decline
INT000781,ACT003993,CAN01585,JOB00342,2025-08-15,1.0,0.9,7.8,2.0,3,-1.0,2150.0,2150.0,0.0,True,True,False,False,False,apply
INT000782,ACT003993,CAN01585,JOB00276,2025-08-15,1.0,0.9,7.8,2.0,3,-1.0,2150.0,2200.0,0.023255813953488372,True,True,False,False,False,apply
INT000783,ACT004074,CAN01617,JOB00097,2025-08-15,1.0,0.9,8.6,3.0,4,-1.0,2150.0,2200.0,0.023255813953488372,True,True,False,True,False,apply
INT000784,ACT004074,CAN01617,JOB00108,2025-08-15,1.0,0.9,9.8,3.0,3,0.0,2150.0,2200.0,0.023255813953488372,True,True,False,True,False,apply
INT000785,ACT000903,CAN00360,JOB00028,2025-08-16,1.0,0.9,9.0,1.0,1,0.0,1200.0,1300.0,0.08333333333333333,True,True,False,False,False,apply
INT000786,ACT000986,CAN00391,JOB00101,2025-08-16,1.0,0.9,3.5,4.0,4,0.0,2850.0,2300.0,-0.19298245614035087,False,True,False,False,False,considering
INT000787,ACT001331,CAN00520,JOB00301,2025-08-16,1.0,0.9,8.2,,1,,1200.0,1200.0,0.0,True,True,True,True,True,considering
INT000788,ACT001820,CAN00727,JOB00304,2025-08-16,1.0,0.9,9.0,3.0,3,0.0,2700.0,2600.0,-0.037037037037037035,True,True,False,True,True,apply
INT000789,ACT002312,CAN00926,JOB00314,2025-08-16,1.0,0.9,9.0,3.0,3,0.0,2200.0,1950.0,-0.11363636363636363,True,True,True,True,False,apply
INT000790,ACT003326,CAN01321,JOB00176,2025-08-16,1.0,0.9,7.8,2.0,2,0.0,1750.0,1400.0,-0.2,True,True,False,True,False,considering
INT000791,ACT003457,CAN01372,JOB00079,2025-08-16,1.0,0.9,6.3,4.0,4,0.0,2500.0,3000.0,0.2,False,True,False,True,False,apply
INT000792,ACT003457,CAN01372,JOB00180,2025-08-16,1.0,0.9,6.3,4.0,4,0.0,2500.0,3000.0,0.2,False,True,False,True,False,apply
INT000793,ACT001220,CAN00479,JOB00062,2025-08-17,1.0,0.9,1.1,1.0,2,-1.0,3000.0,1600.0,-0.4666666666666667,False,False,False,True,True,decline
INT000794,ACT001220,CAN00479,JOB00072,2025-08-17,1.0,0.9,1.1,1.0,2,-1.0,3000.0,1550.0,-0.48333333333333334,False,False,False,True,False,considering
INT000795,ACT001254,CAN00492,JOB00163,2025-08-17,1.0,0.9,9.5,2.0,2,0.0,1700.0,1550.0,-0.08823529411764706,True,True,True,True,False,decline
INT000796,ACT001254,CAN00492,JOB00162,2025-08-17,1.0,0.9,7.5,2.0,2,0.0,1700.0,1600.0,-0.058823529411764705,True,True,False,False,False,considering
INT000797,ACT002315,CAN00928,JOB00261,2025-08-17,1.0,0.9,8.6,2.0,3,-1.0,2150.0,2200.0,0.023255813953488372,True,True,False,True,True,apply
INT000798,ACT003263,CAN01294,JOB00295,2025-08-17,1.0,0.9,9.0,4.0,3,1.0,2300.0,2200.0,-0.043478260869565216,True,True,False,True,False,decline
INT000799,ACT003523,CAN01396,JOB00018,2025-08-17,1.0,0.9,9.0,1.0,1,0.0,1200.0,1450.0,0.20833333333333334,True,True,False,False,False,apply
INT000800,ACT003523,CAN01396,JOB00068,2025-08-17,1.0,0.9,11.0,1.0,1,0.0,1200.0,1350.0,0.125,True,True,True,True,False,decline
INT000801,ACT003523,CAN01396,JOB00178,2025-08-17,1.0,0.9,11.0,1.0,1,0.0,1200.0,1300.0,0.08333333333333333,True,True,True,True,True,apply
INT000802,ACT004190,CAN01662,JOB00131,2025-08-17,1.0,0.9,7.5,3.0,3,0.0,2150.0,2200.0,0.023255813953488372,False,True,True,True,True,apply
INT000803,ACT004190,CAN01662,JOB00035,2025-08-17,1.0,0.9,6.3,4.0,4,0.0,2150.0,3150.0,0.46511627906976744,False,True,False,True,False,decline
INT000804,ACT002147,CAN00860,JOB00139,2025-08-18,1.0,0.9,7.0,,2,,2150.0,2150.0,0.0,True,True,False,True,True,considering
INT000805,ACT002514,CAN01001,JOB00167,2025-08-18,1.0,0.9,9.0,4.0,4,0.0,3050.0,2650.0,-0.13114754098360656,True,True,True,True,False,apply
INT000806,ACT003296,CAN01310,JOB00138,2025-08-18,1.0,0.9,5.5,4.0,4,0.0,2150.0,2750.0,0.27906976744186046,False,True,False,False,True,apply
INT000807,ACT003576,CAN01420,JOB00269,2025-08-18,1.0,0.9,11.0,1.0,1,0.0,1200.0,1450.0,0.20833333333333334,True,True,True,True,False,decline
INT000808,ACT003576,CAN01420,JOB00028,2025-08-18,1.0,0.9,11.0,1.0,1,0.0,1200.0,1300.0,0.08333333333333333,True,True,True,True,False,apply
INT000809,ACT004388,CAN01744,JOB00072,2025-08-18,1.0,0.9,9.0,2.0,2,0.0,1500.0,1550.0,0.03333333333333333,True,True,False,False,False,apply
INT000810,ACT002255,CAN00902,JOB00192,2025-08-19,1.0,0.9,7.8,3.0,3,0.0,2350.0,2050.0,-0.1276595744680851,True,True,False,True,True,apply
INT000811,ACT003692,CAN01463,JOB00163,2025-08-19,1.0,0.9,9.0,3.0,2,1.0,1550.0,1550.0,0.0,True,True,False,False,True,apply
INT000812,ACT003927,CAN01561,JOB00049,2025-08-19,1.0,0.9,7.8,1.0,2,-1.0,1450.0,1500.0,0.034482758620689655,True,True,False,False,True,considering
INT000813,ACT001706,CAN00678,JOB00116,2025-08-20,1.0,0.9,5.0,3.0,3,0.0,2650.0,2000.0,-0.24528301886792453,False,True,True,True,False,apply
INT000814,ACT001812,CAN00724,JOB00090,2025-08-20,1.0,0.9,11.0,1.0,1,0.0,1300.0,1300.0,0.0,True,True,True,True,True,apply
INT000815,ACT001864,CAN00745,JOB00032,2025-08-20,1.0,0.9,9.8,3.0,4,-1.0,2300.0,2350.0,0.021739130434782608,True,True,True,True,False,apply
INT000816,ACT002172,CAN00869,JOB00131,2025-08-20,1.0,0.9,9.0,3.0,3,0.0,2200.0,2200.0,0.0,True,True,False,False,True,apply
INT000817,ACT002457,CAN00981,JOB00200,2025-08-20,1.0,0.9,11.0,1.0,1,0.0,1200.0,1200.0,0.0,True,True,True,True,True,apply
INT000818,ACT002457,CAN00981,JOB00176,2025-08-20,1.0,0.9,9.8,1.0,2,-1.0,1200.0,1400.0,0.16666666666666666,True,True,True,True,False,apply
INT000819,ACT002104,CAN00844,JOB00311,2025-08-21,1.0,0.9,11.0,2.0,2,0.0,1550.0,1650.0,0.06451612903225806,True,True,True,True,False,decline
INT000820,ACT002104,CAN00844,JOB00162,2025-08-21,1.0,0.9,9.0,2.0,2,0.0,1550.0,1600.0,0.03225806451612903,True,True,False,False,False,apply
INT000821,ACT002372,CAN00946,JOB00009,2025-08-21,1.0,0.9,3.5,,2,,1600.0,2100.0,0.3125,False,True,False,True,False,decline
INT000822,ACT002372,CAN00946,JOB00243,2025-08-21,1.0,0.9,3.5999999999999996,1.0,2,-1.0,1600.0,1600.0,0.0,False,False,False,True,False,considering
INT000823,ACT002372,CAN00946,JOB00105,2025-08-21,1.0,0.9,4.0,1.0,2,-1.0,1600.0,1550.0,-0.03125,False,False,True,True,False,considering
INT000824,ACT002876,CAN01142,JOB00342,2025-08-21,1.0,0.9,8.3,4.0,3,1.0,2350.0,2150.0,-0.0851063829787234,True,True,False,True,True,considering
INT000825,ACT001316,CAN00515,JOB00071,2025-08-22,1.0,0.9,10.2,2.0,2,0.0,1450.0,1400.0,-0.034482758620689655,True,True,True,True,False,considering
INT000826,ACT002491,CAN00993,JOB00176,2025-08-22,1.0,0.9,9.8,1.0,2,-1.0,1400.0,1400.0,0.0,True,True,True,True,True,apply
INT000827,ACT003045,CAN01206,JOB00005,2025-08-22,1.0,0.9,9.0,4.0,4,0.0,2600.0,2250.0,-0.1346153846153846,True,True,True,True,False,considering
INT000828,ACT004755,CAN01887,JOB00192,2025-08-22,1.0,0.9,10.2,3.0,3,0.0,2150.0,2050.0,-0.046511627906976744,True,True,True,True,True,considering
INT000829,ACT000829,CAN00333,JOB00278,2025-08-23,1.0,0.9,10.2,2.0,2,0.0,1550.0,1500.0,-0.03225806451612903,True,True,True,True,True,decline
INT000830,ACT002554,CAN01016,JOB00188,2025-08-23,1.0,0.9,9.0,3.0,3,0.0,2050.0,2150.0,0.04878048780487805,True,True,False,False,False,considering
INT000831,ACT002554,CAN01016,JOB00139,2025-08-23,1.0,0.9,9.0,3.0,2,1.0,2050.0,2150.0,0.04878048780487805,True,True,False,False,False,considering
INT000832,ACT003034,CAN01202,JOB00273,2025-08-23,1.0,0.9,8.2,,1,,1200.0,1250.0,0.041666666666666664,True,True,True,True,True,apply
INT000833,ACT004347,CAN01726,JOB00350,2025-08-23,1.0,0.9,9.8,1.0,2,-1.0,1450.0,1550.0,0.06896551724137931,True,True,True,True,True,apply
INT000834,ACT000132,CAN00051,JOB00172,2025-08-24,1.0,0.9,9.8,3.0,3,0.0,2050.0,2200.0,0.07317073170731707,True,True,False,True,False,considering
INT000835,ACT001903,CAN00762,JOB00292,2025-08-24,1.0,0.9,11.0,3.0,3,0.0,2050.0,2050.0,0.0,True,True,True,True,True,considering
INT000836,ACT001903,CAN00762,JOB00191,2025-08-24,1.0,0.9,9.8,3.0,3,0.0,2050.0,2100.0,0.024390243902439025,True,True,False,True,False,considering
INT000837,ACT004099,CAN01628,JOB00249,2025-08-24,1.0,0.9,9.0,3.0,3,0.0,2150.0,2150.0,0.0,True,True,False,False,False,apply
INT000838,ACT004099,CAN01628,JOB00295,2025-08-24,1.0,0.9,9.0,3.0,3,0.0,2150.0,2200.0,0.023255813953488372,True,True,False,False,False,apply
INT000839,ACT000563,CAN00228,JOB00224,2025-08-25,1.0,0.9,9.0,4.0,3,1.0,2250.0,2000.0,-0.1111111111111111,True,True,True,True,True,decline
INT000840,ACT000563,CAN00228,JOB00108,2025-08-25,1.0,0.9,9.0,4.0,3,1.0,2250.0,2200.0,-0.022222222222222223,True,True,False,True,False,apply
INT000841,ACT000583,CAN00236,JOB00139,2025-08-25,1.0,0.9,3.5,,2,,1950.0,2150.0,0.10256410256410256,False,True,False,True,True,apply
INT000842,ACT001255,CAN00492,JOB00248,2025-08-25,1.0,0.9,8.2,2.0,2,0.0,1700.0,1650.0,-0.029411764705882353,True,True,False,False,False,apply
INT000843,ACT002577,CAN01026,JOB00043,2025-08-25,1.0,0.9,7.8,4.0,5,-1.0,3150.0,3000.0,-0.047619047619047616,True,True,False,True,False,apply
INT000844,ACT000158,CAN00060,JOB00018,2025-08-26,1.0,0.9,11.0,1.0,1,0.0,1350.0,1450.0,0.07407407407407407,True,True,True,True,False,apply
INT000845,ACT001241,CAN00487,JOB00006,2025-08-26,1.0,0.9,8.3,4.0,4,0.0,3350.0,3050.0,-0.08955223880597014,True,True,False,True,False,apply
INT000846,ACT001241,CAN00487,JOB00175,2025-08-26,1.0,0.9,9.0,4.0,4,0.0,3350.0,3200.0,-0.04477611940298507,True,True,False,True,False,apply
INT000847,ACT004088,CAN01623,JOB00052,2025-08-26,1.0,0.9,5.4,,2,,1950.0,1900.0,-0.02564102564102564,True,True,False,False,False,considering
INT000848,ACT004088,CAN01623,JOB00009,2025-08-26,1.0,0.9,2.7,,2,,1950.0,2100.0,0.07692307692307693,False,True,False,False,False,considering
INT000849,ACT004088,CAN01623,JOB00150,2025-08-26,1.0,0.9,6.2,,2,,1950.0,2000.0,0.02564102564102564,True,True,False,False,False,decline
INT000850,ACT004818,CAN01914,JOB00192,2025-08-26,1.0,0.9,8.3,3.0,3,0.0,2200.0,2050.0,-0.06818181818181818,True,True,False,True,True,apply
INT000851,ACT004818,CAN01914,JOB00299,2025-08-26,1.0,0.9,7.8,3.0,3,0.0,2200.0,1900.0,-0.13636363636363635,True,True,False,True,False,apply
INT000852,ACT000525,CAN00213,JOB00077,2025-08-27,1.0,0.9,7.5,4.0,4,0.0,3150.0,2900.0,-0.07936507936507936,True,True,False,False,False,apply
INT000853,ACT000682,CAN00274,JOB00276,2025-08-27,1.0,0.9,9.8,2.0,3,-1.0,2000.0,2200.0,0.1,True,True,True,True,False,apply
INT000854,ACT001403,CAN00553,JOB00052,2025-08-27,1.0,0.9,8.2,,2,,1850.0,1900.0,0.02702702702702703,True,True,True,True,False,decline
INT000855,ACT001403,CAN00553,JOB00150,2025-08-27,1.0,0.9,8.2,,2,,1850.0,2000.0,0.08108108108108109,True,True,True,True,False,considering
INT000856,ACT001403,CAN00553,JOB00060,2025-08-27,1.0,0.9,5.5,3.0,3,0.0,1850.0,2050.0,0.10810810810810811,False,True,False,False,True,decline
INT000857,ACT003433,CAN01363,JOB00333,2025-08-27,1.0,0.9,11.0,1.0,1,0.0,1200.0,1200.0,0.0,True,True,True,True,False,considering
INT000858,ACT003022,CAN01197,JOB00163,2025-08-28,1.0,0.9,3.5,2.0,2,0.0,2200.0,1550.0,-0.29545454545454547,False,False,True,True,True,decline
INT000859,ACT003027,CAN01200,JOB00074,2025-08-28,1.0,0.9,5.0,3.0,3,0.0,2700.0,2150.0,-0.2037037037037037,False,True,True,True,False,considering
INT000860,ACT003994,CAN01585,JOB00074,2025-08-28,1.0,0.9,7.8,2.0,3,-1.0,2150.0,2150.0,0.0,True,True,False,False,True,considering
INT000861,ACT004331,CAN01721,JOB00005,2025-08-28,1.0,0.9,9.0,4.0,4,0.0,2700.0,2250.0,-0.16666666666666666,True,True,True,True,False,apply
INT000862,ACT002650,CAN01056,JOB00294,2025-08-29,1.0,0.9,9.8,4.0,4,0.0,2800.0,2800.0,0.0,True,True,False,True,False,apply
INT000863,ACT002877,CAN01142,JOB00276,2025-08-29,1.0,0.9,9.5,4.0,3,1.0,2350.0,2200.0,-0.06382978723404255,True,True,True,True,False,apply
INT000864,ACT002877,CAN01142,JOB00172,2025-08-29,1.0,0.9,8.3,4.0,3,1.0,2350.0,2200.0,-0.06382978723404255,True,True,False,True,False,considering
INT000865,ACT003412,CAN01356,JOB00095,2025-08-29,1.0,0.9,9.8,3.0,3,0.0,1900.0,2100.0,0.10526315789473684,True,True,False,True,False,apply
INT000866,ACT000718,CAN00287,JOB00017,2025-08-30,1.0,0.9,11.0,4.0,4,0.0,2900.0,2900.0,0.0,True,True,True,True,False,considering
INT000867,ACT000785,CAN00316,JOB00166,2025-08-30,1.0,0.9,7.8,2.0,3,-1.0,1750.0,1550.0,-0.11428571428571428,True,True,True,True,False,considering
INT000868,ACT000785,CAN00316,JOB00283,2025-08-30,1.0,0.9,7.8,2.0,2,0.0,1750.0,1500.0,-0.14285714285714285,True,True,False,True,False,apply
INT000869,ACT001100,CAN00434,JOB00086,2025-08-30,1.0,0.9,9.8,1.0,1,0.0,1200.0,1200.0,0.0,True,True,False,True,True,decline
INT000870,ACT001421,CAN00561,JOB00179,2025-08-30,1.0,0.9,7.3,3.0,3,0.0,1950.0,1450.0,-0.2564102564102564,True,True,False,True,False,apply
INT000871,ACT001421,CAN00561,JOB00311,2025-08-30,1.0,0.9,7.8,3.0,2,1.0,1950.0,1650.0,-0.15384615384615385,True,True,False,True,False,apply
INT000872,ACT001667,CAN00664,JOB00085,2025-08-30,1.0,0.9,9.8,1.0,2,-1.0,1450.0,1500.0,0.034482758620689655,True,True,True,True,False,apply
INT000873,ACT002546,CAN01014,JOB00018,2025-08-30,1.0,0.9,9.8,1.0,1,0.0,1300.0,1450.0,0.11538461538461539,True,True,False,True,False,apply
INT000874,ACT001821,CAN00727,JOB00069,2025-08-31,1.0,0.9,8.3,3.0,3,0.0,2700.0,2550.0,-0.05555555555555555,True,True,False,True,False,apply
INT000875,ACT001839,CAN00735,JOB00152,2025-08-31,1.0,0.9,9.0,3.0,3,0.0,2300.0,2200.0,-0.043478260869565216,True,True,False,True,False,considering
INT000876,ACT001984,CAN00795,JOB00187,2025-08-31,1.0,0.9,9.8,3.0,4,-1.0,2200.0,2200.0,0.0,True,True,True,True,True,apply
INT000877,ACT001984,CAN00795,JOB00192,2025-08-31,1.0,0.9,9.5,3.0,3,0.0,2200.0,2050.0,-0.06818181818181818,True,True,True,True,True,decline
INT000878,ACT002316,CAN00928,JOB00060,2025-08-31,1.0,0.9,7.0,2.0,3,-1.0,2150.0,2050.0,-0.046511627906976744,True,True,False,False,False,apply
INT000879,ACT002316,CAN00928,JOB00108,2025-08-31,1.0,0.9,9.8,2.0,3,-1.0,2150.0,2200.0,0.023255813953488372,True,True,True,True,True,apply
INT000880,ACT004416,CAN01755,JOB00113,2025-08-31,1.0,0.9,9.0,2.0,1,1.0,1500.0,1450.0,-0.03333333333333333,True,True,False,True,True,decline
INT000881,ACT003844,CAN01527,JOB00137,2025-09-01,1.1506352087114338,0.8623411978221416,8.3,4.0,4,0.0,3300.0,3100.0,-0.06060606060606061,True,True,False,True,False,apply
INT000882,ACT004146,CAN01644,JOB00108,2025-09-01,1.1506352087114338,0.8623411978221416,11.0,3.0,3,0.0,2050.0,2200.0,0.07317073170731707,True,True,True,True,False,apply
INT000883,ACT004791,CAN01902,JOB00124,2025-09-01,1.1506352087114338,0.8623411978221416,8.3,3.0,3,0.0,3200.0,2950.0,-0.078125,True,True,False,True,False,apply
INT000884,ACT000133,CAN00051,JOB00095,2025-09-02,1.1506352087114338,0.8623411978221416,9.8,3.0,3,0.0,2050.0,2100.0,0.024390243902439025,True,True,False,True,True,apply
INT000885,ACT002458,CAN00981,JOB00113,2025-09-02,1.1506352087114338,0.8623411978221416,11.0,1.0,1,0.0,1200.0,1450.0,0.20833333333333334,True,True,True,True,True,considering
INT000886,ACT002458,CAN00981,JOB00018,2025-09-02,1.1506352087114338,0.8623411978221416,9.8,1.0,1,0.0,1200.0,1450.0,0.20833333333333334,True,True,False,True,True,apply
INT000887,ACT003173,CAN01256,JOB00243,2025-09-02,1.1506352087114338,0.8623411978221416,9.5,3.0,2,1.0,1700.0,1600.0,-0.058823529411764705,True,True,True,True,True,apply
INT000888,ACT003173,CAN01256,JOB00062,2025-09-02,1.1506352087114338,0.8623411978221416,9.5,3.0,2,1.0,1700.0,1600.0,-0.058823529411764705,True,True,True,True,True,apply
INT000889,ACT003173,CAN01256,JOB00070,2025-09-02,1.1506352087114338,0.8623411978221416,9.0,3.0,2,1.0,1700.0,1450.0,-0.14705882352941177,True,True,True,True,True,considering
INT000890,ACT003577,CAN01420,JOB00214,2025-09-02,1.1506352087114338,0.8623411978221416,11.0,1.0,1,0.0,1200.0,1200.0,0.0,True,True,True,True,False,apply
INT000891,ACT003577,CAN01420,JOB00144,2025-09-02,1.1506352087114338,0.8623411978221416,11.0,1.0,1,0.0,1200.0,1200.0,0.0,True,True,True,True,False,apply
INT000892,ACT000526,CAN00213,JOB00180,2025-09-03,1.1506352087114338,0.8623411978221416,8.2,4.0,4,0.0,3150.0,3000.0,-0.047619047619047616,True,True,False,False,False,apply
INT000893,ACT000526,CAN00213,JOB00079,2025-09-03,1.1506352087114338,0.8623411978221416,8.2,4.0,4,0.0,3150.0,3000.0,-0.047619047619047616,True,True,False,False,False,considering
INT000894,ACT000526,CAN00213,JOB00043,2025-09-03,1.1506352087114338,0.8623411978221416,7.0,4.0,5,-1.0,3150.0,3000.0,-0.047619047619047616,True,True,False,False,False,decline
INT000895,ACT000821,CAN00329,JOB00154,2025-09-03,1.1506352087114338,0.8623411978221416,9.8,3.0,4,-1.0,2700.0,2950.0,0.09259259259259259,True,True,True,True,False,apply
INT000896,ACT001865,CAN00745,JOB00009,2025-09-03,1.1506352087114338,0.8623411978221416,9.5,3.0,2,1.0,2300.0,2100.0,-0.08695652173913043,True,True,True,True,True,apply
INT000897,ACT002492,CAN00993,JOB00018,2025-09-03,1.1506352087114338,0.8623411978221416,9.8,1.0,1,0.0,1400.0,1450.0,0.03571428571428571,True,True,False,True,False,apply
INT000898,ACT002492,CAN00993,JOB00113,2025-09-03,1.1506352087114338,0.8623411978221416,11.0,1.0,1,0.0,1400.0,1450.0,0.03571428571428571,True,True,True,True,False,apply
INT000899,ACT003458,CAN01372,JOB00077,2025-09-03,1.1506352087114338,0.8623411978221416,6.3,4.0,4,0.0,2500.0,2900.0,0.16,False,True,False,True,False,considering
INT000900,ACT003458,CAN01372,JOB00213,2025-09-03,1.1506352087114338,0.8623411978221416,5.1,4.0,5,-1.0,2500.0,3100.0,0.24,False,True,False,True,False,considering
INT000901,ACT004501,CAN01788,JOB00005,2025-09-03,1.1506352087114338,0.8623411978221416,7.5,4.0,4,0.0,2500.0,2250.0,-0.1,True,True,False,False,False,apply
INT000902,ACT004501,CAN01788,JOB00302,2025-09-03,1.1506352087114338,0.8623411978221416,9.0,4.0,3,1.0,2500.0,2150.0,-0.14,True,True,True,True,False,apply
INT000903,ACT004501,CAN01788,JOB00032,2025-09-03,1.1506352087114338,0.8623411978221416,7.5,4.0,4,0.0,2500.0,2350.0,-0.06,True,True,False,False,False,apply
INT000904,ACT000406,CAN00164,JOB00080,2025-09-04,1.1506352087114338,0.8623411978221416,7.8,4.0,5,-1.0,3100.0,3100.0,0.0,True,True,False,False,False,considering
INT000905,ACT000406,CAN00164,JOB00079,2025-09-04,1.1506352087114338,0.8623411978221416,8.2,4.0,4,0.0,3100.0,3000.0,-0.03225806451612903,True,True,False,False,False,apply
INT000906,ACT001601,CAN00638,JOB00192,2025-09-04,1.1506352087114338,0.8623411978221416,3.8,3.0,3,0.0,2700.0,2050.0,-0.24074074074074073,False,True,False,True,False,decline
INT000907,ACT003703,CAN01469,JOB00176,2025-09-04,1.1506352087114338,0.8623411978221416,9.8,1.0,2,-1.0,1400.0,1400.0,0.0,True,True,True,True,False,decline
INT000908,ACT003703,CAN01469,JOB00107,2025-09-04,1.1506352087114338,0.8623411978221416,11.0,1.0,1,0.0,1400.0,1400.0,0.0,True,True,True,True,True,apply
INT000909,ACT003703,CAN01469,JOB00085,2025-09-04,1.1506352087114338,0.8623411978221416,9.8,1.0,2,-1.0,1400.0,1500.0,0.07142857142857142,True,True,True,True,False,considering
INT000910,ACT000987,CAN00391,JOB00237,2025-09-05,1.1506352087114338,0.8623411978221416,3.5,4.0,4,0.0,2850.0,2400.0,-0.15789473684210525,False,True,False,False,False,decline
INT000911,ACT001242,CAN00487,JOB00035,2025-09-06,1.1506352087114338,0.8623411978221416,8.3,4.0,4,0.0,3350.0,3150.0,-0.05970149253731343,True,True,False,True,True,apply
INT000912,ACT001242,CAN00487,JOB00142,2025-09-06,1.1506352087114338,0.8623411978221416,7.5,4.0,4,0.0,3350.0,3050.0,-0.08955223880597014,True,True,False,False,True,considering
INT000913,ACT004106,CAN01631,JOB00157,2025-09-06,1.1506352087114338,0.8623411978221416,9.5,4.0,4,0.0,3300.0,3100.0,-0.06060606060606061,True,True,True,True,False,considering
INT000914,ACT004382,CAN01742,JOB00125,2025-09-06,1.1506352087114338,0.8623411978221416,9.8,1.0,1,0.0,1250.0,1300.0,0.04,True,True,False,True,False,apply
INT000915,ACT004382,CAN01742,JOB00259,2025-09-06,1.1506352087114338,0.8623411978221416,10.2,1.0,1,0.0,1250.0,1200.0,-0.04,True,True,True,True,False,apply
INT000916,ACT004382,CAN01742,JOB00333,2025-09-06,1.1506352087114338,0.8623411978221416,10.2,1.0,1,0.0,1250.0,1200.0,-0.04,True,True,True,True,False,considering
INT000917,ACT000318,CAN00126,JOB00064,2025-09-07,1.1506352087114338,0.8623411978221416,11.0,1.0,1,0.0,1200.0,1200.0,0.0,True,True,True,True,False,apply
INT000918,ACT001256,CAN00492,JOB00071,2025-09-07,1.1506352087114338,0.8623411978221416,9.0,2.0,2,0.0,1700.0,1400.0,-0.17647058823529413,True,True,True,True,False,apply
INT000919,ACT003062,CAN01213,JOB00311,2025-09-07,1.1506352087114338,0.8623411978221416,11.0,3.0,2,1.0,1500.0,1650.0,0.1,True,True,True,True,False,apply
INT000920,ACT004698,CAN01866,JOB00252,2025-09-07,1.1506352087114338,0.8623411978221416,11.0,1.0,1,0.0,1200.0,1200.0,0.0,True,True,True,True,True,considering
INT000921,ACT004775,CAN01896,JOB00062,2025-09-07,1.1506352087114338,0.8623411978221416,9.8,1.0,2,-1.0,1350.0,1600.0,0.18518518518518517,True,True,True,True,False,apply
INT000922,ACT004775,CAN01896,JOB00243,2025-09-07,1.1506352087114338,0.8623411978221416,9.8,1.0,2,-1.0,1350.0,1600.0,0.18518518518518517,True,True,True,True,False,apply
INT000923,ACT004782,CAN01898,JOB00099,2025-09-07,1.1506352087114338,0.8623411978221416,11.0,1.0,1,0.0,1250.0,1350.0,0.08,True,True,True,True,False,considering
INT000924,ACT004782,CAN01898,JOB00113,2025-09-07,1.1506352087114338,0.8623411978221416,11.0,1.0,1,0.0,1250.0,1450.0,0.16,True,True,True,True,False,considering
INT000925,ACT000636,CAN00257,JOB00276,2025-09-08,1.1506352087114338,0.8623411978221416,9.5,3.0,3,0.0,2350.0,2200.0,-0.06382978723404255,True,True,True,True,False,apply
INT000926,ACT000719,CAN00287,JOB00329,2025-09-08,1.1506352087114338,0.8623411978221416,10.2,4.0,4,0.0,2900.0,2850.0,-0.017241379310344827,True,True,True,True,False,apply
INT000927,ACT000719,CAN00287,JOB00079,2025-09-08,1.1506352087114338,0.8623411978221416,11.0,4.0,4,0.0,2900.0,3000.0,0.034482758620689655,True,True,True,True,True,apply
INT000928,ACT000830,CAN00333,JOB00062,2025-09-08,1.1506352087114338,0.8623411978221416,9.8,2.0,2,0.0,1550.0,1600.0,0.03225806451612903,True,True,False,True,False,apply
INT000929,ACT001840,CAN00735,JOB00108,2025-09-08,1.1506352087114338,0.8623411978221416,10.2,3.0,3,0.0,2300.0,2200.0,-0.043478260869565216,True,True,True,True,False,apply
INT000930,ACT001840,CAN00735,JOB00147,2025-09-08,1.1506352087114338,0.8623411978221416,7.8,3.0,4,-1.0,2300.0,2250.0,-0.021739130434782608,True,True,False,True,True,considering
INT000931,ACT002578,CAN01026,JOB00180,2025-09-09,1.1506352087114338,0.8623411978221416,9.0,4.0,4,0.0,3150.0,3000.0,-0.047619047619047616,True,True,False,True,False,considering
INT000932,ACT002878,CAN01142,JOB00073,2025-09-09,1.1506352087114338,0.8623411978221416,9.5,4.0,3,1.0,2350.0,2150.0,-0.0851063829787234,True,True,True,True,True,apply
INT000933,ACT003375,CAN01341,JOB00095,2025-09-09,1.1506352087114338,0.8623411978221416,7.5,4.0,3,1.0,2000.0,2100.0,0.05,False,True,True,True,True,apply
INT000934,ACT003375,CAN01341,JOB00289,2025-09-09,1.1506352087114338,0.8623411978221416,7.5,3.0,2,1.0,2000.0,2150.0,0.075,False,True,True,True,False,considering
INT000935,ACT003375,CAN01341,JOB00198,2025-09-09,1.1506352087114338,0.8623411978221416,7.5,3.0,3,0.0,2000.0,2150.0,0.075,False,True,True,True,True,apply
INT000936,ACT003610,CAN01434,JOB00320,2025-09-09,1.1506352087114338,0.8623411978221416,9.0,3.0,3,0.0,2250.0,2250.0,0.0,True,True,False,False,False,considering
INT000937,ACT003625,CAN01440,JOB00009,2025-09-09,1.1506352087114338,0.8623411978221416,11.0,2.0,2,0.0,2050.0,2100.0,0.024390243902439025,True,True,True,True,True,apply
INT000938,ACT003625,CAN01440,JOB00127,2025-09-09,1.1506352087114338,0.8623411978221416,9.8,2.0,3,-1.0,2050.0,2200.0,0.07317073170731707,True,True,True,True,False,considering
INT000939,ACT001670,CAN00665,JOB00064,2025-09-10,1.1506352087114338,0.8623411978221416,10.2,1.0,1,0.0,1250.0,1200.0,-0.04,True,True,True,True,False,apply
INT000940,ACT002432,CAN00973,JOB00104,2025-09-10,1.1506352087114338,0.8623411978221416,7.5,4.0,4,0.0,3200.0,2950.0,-0.078125,True,True,False,False,False,apply
INT000941,ACT002432,CAN00973,JOB00079,2025-09-10,1.1506352087114338,0.8623411978221416,7.5,4.0,4,0.0,3200.0,3000.0,-0.0625,True,True,False,False,False,apply
INT000942,ACT003288,CAN01306,JOB00185,2025-09-10,1.1506352087114338,0.8623411978221416,10.2,2.0,1,1.0,1500.0,1450.0,-0.03333333333333333,True,True,True,True,True,decline
INT000943,ACT003502,CAN01389,JOB00123,2025-09-10,1.1506352087114338,0.8623411978221416,9.5,3.0,3,0.0,2150.0,1950.0,-0.09302325581395349,True,True,True,True,False,apply
INT000944,ACT000731,CAN00292,JOB00340,2025-09-11,1.1506352087114338,0.8623411978221416,11.0,1.0,1,0.0,1200.0,1300.0,0.08333333333333333,True,True,True,True,False,considering
INT000945,ACT000782,CAN00315,JOB00006,2025-09-11,1.1506352087114338,0.8623411978221416,9.0,4.0,4,0.0,3400.0,3050.0,-0.10294117647058823,True,True,True,True,True,considering
INT000946,ACT003680,CAN01459,JOB00113,2025-09-11,1.1506352087114338,0.8623411978221416,11.0,1.0,1,0.0,1350.0,1450.0,0.07407407407407407,True,True,True,True,True,apply
INT000947,ACT004147,CAN01644,JOB00060,2025-09-11,1.1506352087114338,0.8623411978221416,9.0,3.0,3,0.0,2050.0,2050.0,0.0,True,True,False,False,True,apply
INT000948,ACT001515,CAN00600,JOB00311,2025-09-12,1.1506352087114338,0.8623411978221416,9.8,2.0,2,0.0,1500.0,1650.0,0.1,True,True,False,True,False,apply
INT000949,ACT002780,CAN01106,JOB00064,2025-09-12,1.1506352087114338,0.8623411978221416,9.0,2.0,1,1.0,1400.0,1200.0,-0.14285714285714285,True,True,True,True,False,apply
INT000950,ACT003035,CAN01202,JOB00025,2025-09-12,1.1506352087114338,0.8623411978221416,7.5,1.0,1,0.0,1200.0,1300.0,0.08333333333333333,False,True,True,True,True,apply
INT000951,ACT003788,CAN01503,JOB00073,2025-09-12,1.1506352087114338,0.8623411978221416,9.0,4.0,3,1.0,2400.0,2150.0,-0.10416666666666667,True,True,True,True,True,apply
INT000952,ACT003788,CAN01503,JOB00172,2025-09-12,1.1506352087114338,0.8623411978221416,8.3,4.0,3,1.0,2400.0,2200.0,-0.08333333333333333,True,True,False,True,False,apply
INT000953,ACT002043,CAN00820,JOB00071,2025-09-13,1.1506352087114338,0.8623411978221416,8.3,1.0,2,-1.0,1500.0,1400.0,-0.06666666666666667,True,True,True,True,False,apply
INT000954,ACT002043,CAN00820,JOB00185,2025-09-13,1.1506352087114338,0.8623411978221416,10.2,1.0,1,0.0,1500.0,1450.0,-0.03333333333333333,True,True,True,True,False,decline
INT000955,ACT003023,CAN01197,JOB00009,2025-09-13,1.1506352087114338,0.8623411978221416,5.4,,2,,2200.0,2100.0,-0.045454545454545456,True,True,False,False,False,considering
INT000956,ACT004757,CAN01888,JOB00163,2025-09-13,1.1506352087114338,0.8623411978221416,10.2,2.0,2,0.0,1600.0,1550.0,-0.03125,True,True,True,True,True,apply
INT000957,ACT004762,CAN01890,JOB00107,2025-09-13,1.1506352087114338,0.8623411978221416,11.0,1.0,1,0.0,1200.0,1400.0,0.16666666666666666,True,True,True,True,False,decline
INT000958,ACT004762,CAN01890,JOB00340,2025-09-13,1.1506352087114338,0.8623411978221416,11.0,1.0,1,0.0,1200.0,1300.0,0.08333333333333333,True,True,True,True,False,apply
INT000959,ACT001355,CAN00531,JOB00299,2025-09-14,1.1506352087114338,0.8623411978221416,6.7,3.0,3,0.0,2000.0,1900.0,-0.05,False,True,True,True,False,considering
INT000960,ACT001355,CAN00531,JOB00281,2025-09-14,1.1506352087114338,0.8623411978221416,6.7,3.0,3,0.0,2000.0,1900.0,-0.05,False,True,True,True,False,apply
INT000961,ACT001355,CAN00531,JOB00192,2025-09-14,1.1506352087114338,0.8623411978221416,7.5,3.0,3,0.0,2000.0,2050.0,0.025,False,True,True,True,True,apply
INT000962,ACT003459,CAN01372,JOB00017,2025-09-14,1.1506352087114338,0.8623411978221416,6.3,4.0,4,0.0,2500.0,2900.0,0.16,False,True,False,True,True,decline
INT000963,ACT000465,CAN00190,JOB00318,2025-09-15,1.1506352087114338,0.8623411978221416,9.0,2.0,1,1.0,1550.0,1250.0,-0.1935483870967742,True,True,True,True,True,considering
INT000964,ACT000564,CAN00228,JOB00261,2025-09-15,1.1506352087114338,0.8623411978221416,9.0,4.0,3,1.0,2250.0,2200.0,-0.022222222222222223,True,True,False,True,False,decline
INT000965,ACT001041,CAN00411,JOB00243,2025-09-15,1.1506352087114338,0.8623411978221416,11.0,2.0,2,0.0,1600.0,1600.0,0.0,True,True,True,True,False,apply
INT000966,ACT001041,CAN00411,JOB00166,2025-09-15,1.1506352087114338,0.8623411978221416,9.0,2.0,3,-1.0,1600.0,1550.0,-0.03125,True,True,True,True,True,apply
INT000967,ACT001609,CAN00642,JOB00005,2025-09-15,1.1506352087114338,0.8623411978221416,8.3,4.0,4,0.0,2500.0,2250.0,-0.1,True,True,False,True,True,considering
INT000968,ACT001609,CAN00642,JOB00320,2025-09-15,1.1506352087114338,0.8623411978221416,9.5,4.0,3,1.0,2500.0,2250.0,-0.1,True,True,True,True,True,decline
INT000969,ACT002364,CAN00943,JOB00311,2025-09-15,1.1506352087114338,0.8623411978221416,9.0,3.0,2,1.0,1850.0,1650.0,-0.10810810810810811,True,True,True,True,True,apply
INT000970,ACT003413,CAN01356,JOB00073,2025-09-15,1.1506352087114338,0.8623411978221416,11.0,3.0,3,0.0,1900.0,2150.0,0.13157894736842105,True,True,True,True,False,apply
INT000971,ACT000441,CAN00179,JOB00237,2025-09-16,1.1506352087114338,0.8623411978221416,9.8,3.0,4,-1.0,2300.0,2400.0,0.043478260869565216,True,True,True,True,True,apply
INT000972,ACT001602,CAN00638,JOB00284,2025-09-16,1.1506352087114338,0.8623411978221416,5.0,3.0,3,0.0,2700.0,1950.0,-0.2777777777777778,False,True,True,True,True,apply
INT000973,ACT003352,CAN01333,JOB00024,2025-09-16,1.1506352087114338,0.8623411978221416,11.0,1.0,1,0.0,1200.0,1350.0,0.125,True,True,True,True,False,apply
INT000974,ACT003352,CAN01333,JOB00214,2025-09-16,1.1506352087114338,0.8623411978221416,11.0,1.0,1,0.0,1200.0,1200.0,0.0,True,True,True,True,True,apply
INT000975,ACT001085,CAN00428,JOB00139,2025-09-17,1.1506352087114338,0.8623411978221416,9.0,4.0,2,2.0,2550.0,2150.0,-0.1568627450980392,True,True,True,True,True,considering
INT000976,ACT001334,CAN00522,JOB00144,2025-09-17,1.1506352087114338,0.8623411978221416,11.0,1.0,1,0.0,1200.0,1200.0,0.0,True,True,True,True,False,apply
INT000977,ACT001334,CAN00522,JOB00214,2025-09-17,1.1506352087114338,0.8623411978221416,11.0,1.0,1,0.0,1200.0,1200.0,0.0,True,True,True,True,True,apply
INT000978,ACT001668,CAN00664,JOB00099,2025-09-17,1.1506352087114338,0.8623411978221416,9.5,1.0,1,0.0,1450.0,1350.0,-0.06896551724137931,True,True,True,True,True,considering
INT000979,ACT002361,CAN00942,JOB00029,2025-09-17,1.1506352087114338,0.8623411978221416,6.2,,1,,1550.0,1300.0,-0.16129032258064516,True,True,True,True,False,considering
INT000980,ACT002547,CAN01014,JOB00025,2025-09-17,1.1506352087114338,0.8623411978221416,11.0,1.0,1,0.0,1300.0,1300.0,0.0,True,True,True,True,False,apply
INT000981,ACT002547,CAN01014,JOB00291,2025-09-17,1.1506352087114338,0.8623411978221416,9.8,1.0,1,0.0,1300.0,1350.0,0.038461538461538464,True,True,False,True,False,apply
INT000982,ACT002915,CAN01157,JOB00154,2025-09-17,1.1506352087114338,0.8623411978221416,9.0,4.0,4,0.0,2950.0,2950.0,0.0,True,True,False,False,False,apply
INT000983,ACT003376,CAN01341,JOB00020,2025-09-17,1.1506352087114338,0.8623411978221416,6.3,4.0,3,1.0,2000.0,2000.0,0.0,False,True,False,True,True,apply
INT000984,ACT004107,CAN01631,JOB00156,2025-09-17,1.1506352087114338,0.8623411978221416,7.5,4.0,4,0.0,3300.0,3050.0,-0.07575757575757576,True,True,False,False,False,apply
INT000985,ACT001785,CAN00715,JOB00317,2025-09-18,1.1506352087114338,0.8623411978221416,8.2,3.0,3,0.0,2350.0,2300.0,-0.02127659574468085,True,True,False,False,False,apply
INT000986,ACT003845,CAN01527,JOB00175,2025-09-18,1.1506352087114338,0.8623411978221416,9.0,4.0,4,0.0,3300.0,3200.0,-0.030303030303030304,True,True,False,True,True,considering
INT000987,ACT003845,CAN01527,JOB00156,2025-09-18,1.1506352087114338,0.8623411978221416,8.3,4.0,4,0.0,3300.0,3050.0,-0.07575757575757576,True,True,False,True,True,considering
INT000988,ACT003845,CAN01527,JOB00124,2025-09-18,1.1506352087114338,0.8623411978221416,7.8,4.0,3,1.0,3300.0,2950.0,-0.10606060606060606,True,True,False,True,False,apply
INT000989,ACT004451,CAN01766,JOB00017,2025-09-18,1.1506352087114338,0.8623411978221416,7.5,4.0,4,0.0,2000.0,2900.0,0.45,False,True,True,True,True,apply
INT000990,ACT004451,CAN01766,JOB00251,2025-09-18,1.1506352087114338,0.8623411978221416,7.5,4.0,4,0.0,2000.0,2650.0,0.325,False,True,True,True,False,decline
INT000991,ACT004626,CAN01839,JOB00085,2025-09-18,1.1506352087114338,0.8623411978221416,9.0,2.0,2,0.0,1350.0,1500.0,0.1111111111111111,True,True,False,False,True,apply
INT000992,ACT004626,CAN01839,JOB00068,2025-09-18,1.1506352087114338,0.8623411978221416,11.0,2.0,1,1.0,1350.0,1350.0,0.0,True,True,True,True,False,considering
INT000993,ACT004675,CAN01857,JOB00100,2025-09-18,1.1506352087114338,0.8623411978221416,8.3,4.0,4,0.0,3050.0,2750.0,-0.09836065573770492,True,True,False,True,True,apply
INT000994,ACT000110,CAN00042,JOB00011,2025-09-19,1.1506352087114338,0.8623411978221416,9.0,1.0,1,0.0,1200.0,1200.0,0.0,True,True,False,False,False,apply
INT000995,ACT003063,CAN01213,JOB00166,2025-09-19,1.1506352087114338,0.8623411978221416,11.0,3.0,3,0.0,1500.0,1550.0,0.03333333333333333,True,True,True,True,True,apply
INT000996,ACT003626,CAN01440,JOB00338,2025-09-19,1.1506352087114338,0.8623411978221416,8.6,2.0,3,-1.0,2050.0,2250.0,0.0975609756097561,True,True,False,True,False,apply
INT000997,ACT000519,CAN00211,JOB00237,2025-09-20,1.1506352087114338,0.8623411978221416,11.0,4.0,4,0.0,2400.0,2400.0,0.0,True,True,True,True,True,apply
INT000998,ACT000637,CAN00257,JOB00172,2025-09-20,1.1506352087114338,0.8623411978221416,8.3,3.0,3,0.0,2350.0,2200.0,-0.06382978723404255,True,True,False,True,False,apply
INT000999,ACT001841,CAN00735,JOB00295,2025-09-20,1.1506352087114338,0.8623411978221416,10.2,3.0,3,0.0,2300.0,2200.0,-0.043478260869565216,True,True,True,True,False,apply
INT001000,ACT002433,CAN00973,JOB00244,2025-09-20,1.1506352087114338,0.8623411978221416,8.2,4.0,4,0.0,3200.0,3150.0,-0.015625,True,True,False,False,False,apply
INT001001,ACT003553,CAN01410,JOB00179,2025-09-20,1.1506352087114338,0.8623411978221416,7.8,3.0,3,0.0,1750.0,1450.0,-0.17142857142857143,True,True,False,True,True,apply
INT001002,ACT003704,CAN01469,JOB00113,2025-09-21,1.1506352087114338,0.8623411978221416,11.0,1.0,1,0.0,1400.0,1450.0,0.03571428571428571,True,True,True,True,True,considering
INT001003,ACT003704,CAN01469,JOB00012,2025-09-21,1.1506352087114338,0.8623411978221416,9.8,1.0,2,-1.0,1400.0,1450.0,0.03571428571428571,True,True,True,True,False,apply
INT001004,ACT003789,CAN01503,JOB00020,2025-09-21,1.1506352087114338,0.8623411978221416,9.0,4.0,3,1.0,2400.0,2000.0,-0.16666666666666666,True,True,True,True,True,apply
INT001005,ACT004792,CAN01902,JOB00175,2025-09-21,1.1506352087114338,0.8623411978221416,8.6,3.0,4,-1.0,3200.0,3200.0,0.0,True,True,False,True,True,apply
INT001006,ACT004804,CAN01908,JOB00299,2025-09-21,1.1506352087114338,0.8623411978221416,8.3,3.0,3,0.0,2100.0,1900.0,-0.09523809523809523,True,True,False,True,True,apply
INT001007,ACT004804,CAN01908,JOB00192,2025-09-21,1.1506352087114338,0.8623411978221416,9.0,3.0,3,0.0,2100.0,2050.0,-0.023809523809523808,True,True,False,True,False,apply
INT001008,ACT003245,CAN01286,JOB00304,2025-09-22,1.1506352087114338,0.8623411978221416,7.8,3.0,3,0.0,2900.0,2600.0,-0.10344827586206896,True,True,False,True,False,apply
INT001009,ACT002045,CAN00821,JOB00095,2025-09-23,1.1506352087114338,0.8623411978221416,9.0,2.0,3,-1.0,2150.0,2100.0,-0.023255813953488372,True,True,True,True,True,apply
INT001010,ACT002628,CAN01046,JOB00338,2025-09-23,1.1506352087114338,0.8623411978221416,7.5,4.0,3,1.0,2500.0,2250.0,-0.1,True,True,False,False,False,apply
INT001011,ACT004776,CAN01896,JOB00070,2025-09-23,1.1506352087114338,0.8623411978221416,9.8,1.0,2,-1.0,1350.0,1450.0,0.07407407407407407,True,True,True,True,False,apply
INT001012,ACT004776,CAN01896,JOB00313,2025-09-23,1.1506352087114338,0.8623411978221416,9.8,1.0,2,-1.0,1350.0,1600.0,0.18518518518518517,True,True,True,True,False,considering
INT001013,ACT004783,CAN01898,JOB00340,2025-09-23,1.1506352087114338,0.8623411978221416,11.0,1.0,1,0.0,1250.0,1300.0,0.04,True,True,True,True,False,considering
INT001014,ACT000442,CAN00179,JOB00320,2025-09-24,1.1506352087114338,0.8623411978221416,10.2,3.0,3,0.0,2300.0,2250.0,-0.021739130434782608,True,True,True,True,False,considering
INT001015,ACT004383,CAN01742,JOB00011,2025-09-24,1.1506352087114338,0.8623411978221416,10.2,1.0,1,0.0,1250.0,1200.0,-0.04,True,True,True,True,False,considering
INT001016,ACT000028,CAN00012,JOB00006,2025-09-25,1.1506352087114338,0.8623411978221416,7.1,3.0,4,-1.0,3350.0,3050.0,-0.08955223880597014,True,True,False,True,True,apply
INT001017,ACT000565,CAN00228,JOB00147,2025-09-25,1.1506352087114338,0.8623411978221416,9.8,4.0,4,0.0,2250.0,2250.0,0.0,True,True,False,True,False,apply
INT001018,ACT001335,CAN00522,JOB00098,2025-09-25,1.1506352087114338,0.8623411978221416,11.0,1.0,1,0.0,1200.0,1200.0,0.0,True,True,True,True,True,apply
INT001019,ACT001335,CAN00522,JOB00024,2025-09-25,1.1506352087114338,0.8623411978221416,11.0,1.0,1,0.0,1200.0,1350.0,0.125,True,True,True,True,False,apply
INT001020,ACT004329,CAN01720,JOB00025,2025-09-25,1.1506352087114338,0.8623411978221416,9.8,1.0,1,0.0,1200.0,1300.0,0.08333333333333333,True,True,False,True,True,apply
INT001021,ACT004684,CAN01861,JOB00295,2025-09-25,1.1506352087114338,0.8623411978221416,9.0,3.0,3,0.0,2250.0,2200.0,-0.022222222222222223,True,True,False,True,True,apply
INT001022,ACT004684,CAN01861,JOB00147,2025-09-25,1.1506352087114338,0.8623411978221416,9.8,3.0,4,-1.0,2250.0,2250.0,0.0,True,True,True,True,False,apply
INT001023,ACT004684,CAN01861,JOB00249,2025-09-25,1.1506352087114338,0.8623411978221416,10.2,3.0,3,0.0,2250.0,2150.0,-0.044444444444444446,True,True,True,True,True,apply
INT001024,ACT002916,CAN01157,JOB00339,2025-09-26,1.1506352087114338,0.8623411978221416,8.2,4.0,4,0.0,2950.0,2900.0,-0.01694915254237288,True,True,False,False,False,apply
INT001025,ACT002916,CAN01157,JOB00118,2025-09-26,1.1506352087114338,0.8623411978221416,9.0,4.0,5,-1.0,2950.0,2850.0,-0.03389830508474576,True,True,True,True,True,apply
INT001026,ACT001560,CAN00618,JOB00291,2025-09-27,1.1506352087114338,0.8623411978221416,11.0,1.0,1,0.0,1200.0,1350.0,0.125,True,True,True,True,False,apply
INT001027,ACT001982,CAN00794,JOB00252,2025-09-27,1.1506352087114338,0.8623411978221416,11.0,1.0,1,0.0,1200.0,1200.0,0.0,True,True,True,True,True,apply
INT001028,ACT001982,CAN00794,JOB00064,2025-09-27,1.1506352087114338,0.8623411978221416,11.0,1.0,1,0.0,1200.0,1200.0,0.0,True,True,True,True,True,apply
INT001029,ACT003681,CAN01459,JOB00099,2025-09-27,1.1506352087114338,0.8623411978221416,11.0,1.0,1,0.0,1350.0,1350.0,0.0,True,True,True,True,True,apply
INT001030,ACT000020,CAN00008,JOB00350,2025-09-28,1.1506352087114338,0.8623411978221416,9.8,2.0,2,0.0,1500.0,1550.0,0.03333333333333333,True,True,False,True,True,decline
INT001031,ACT000020,CAN00008,JOB00070,2025-09-28,1.1506352087114338,0.8623411978221416,10.2,2.0,2,0.0,1500.0,1450.0,-0.03333333333333333,True,True,True,True,True,apply
INT001032,ACT001855,CAN00742,JOB00350,2025-09-28,1.1506352087114338,0.8623411978221416,11.0,2.0,2,0.0,1550.0,1550.0,0.0,True,True,True,True,False,considering
INT001033,ACT001855,CAN00742,JOB00228,2025-09-28,1.1506352087114338,0.8623411978221416,11.0,2.0,2,0.0,1550.0,1600.0,0.03225806451612903,True,True,True,True,False,apply
INT001034,ACT002620,CAN01043,JOB00032,2025-09-28,1.1506352087114338,0.8623411978221416,7.8,3.0,4,-1.0,2350.0,2350.0,0.0,True,True,False,False,False,apply
INT001035,ACT002620,CAN01043,JOB00338,2025-09-28,1.1506352087114338,0.8623411978221416,8.2,3.0,3,0.0,2350.0,2250.0,-0.0425531914893617,True,True,False,False,False,apply
INT001036,ACT002781,CAN01106,JOB00061,2025-09-28,1.1506352087114338,0.8623411978221416,10.2,2.0,2,0.0,1400.0,1350.0,-0.03571428571428571,True,True,True,True,False,apply
INT001037,ACT003318,CAN01319,JOB00006,2025-09-28,1.1506352087114338,0.8623411978221416,7.8,5.0,4,1.0,3550.0,3050.0,-0.14084507042253522,True,True,False,True,False,apply
INT001038,ACT004060,CAN01611,JOB00278,2025-09-28,1.1506352087114338,0.8623411978221416,10.2,2.0,2,0.0,1550.0,1500.0,-0.03225806451612903,True,True,True,True,True,considering
INT001039,ACT004896,CAN01946,JOB00113,2025-09-28,1.1506352087114338,0.8623411978221416,11.0,1.0,1,0.0,1250.0,1450.0,0.16,True,True,True,True,False,considering
INT001040,ACT000744,CAN00297,JOB00224,2025-09-29,1.1506352087114338,0.8623411978221416,9.8,2.0,3,-1.0,2000.0,2000.0,0.0,True,True,True,True,False,decline
INT001041,ACT001435,CAN00567,JOB00192,2025-09-29,1.1506352087114338,0.8623411978221416,9.0,2.0,3,-1.0,2100.0,2050.0,-0.023809523809523808,True,True,True,True,False,apply
INT001042,ACT001671,CAN00665,JOB00098,2025-09-29,1.1506352087114338,0.8623411978221416,10.2,1.0,1,0.0,1250.0,1200.0,-0.04,True,True,True,True,False,apply
INT001043,ACT003353,CAN01333,JOB00144,2025-09-29,1.1506352087114338,0.8623411978221416,11.0,1.0,1,0.0,1200.0,1200.0,0.0,True,True,True,True,False,considering
INT001044,ACT003353,CAN01333,JOB00098,2025-09-29,1.1506352087114338,0.8623411978221416,11.0,1.0,1,0.0,1200.0,1200.0,0.0,True,True,True,True,True,apply
INT001045,ACT004676,CAN01857,JOB00008,2025-09-29,1.1506352087114338,0.8623411978221416,8.3,4.0,4,0.0,3050.0,2800.0,-0.08196721311475409,True,True,False,True,False,considering
INT001046,ACT004676,CAN01857,JOB00145,2025-09-29,1.1506352087114338,0.8623411978221416,9.5,4.0,4,0.0,3050.0,2750.0,-0.09836065573770492,True,True,True,True,True,considering
INT001047,ACT004758,CAN01888,JOB00062,2025-09-29,1.1506352087114338,0.8623411978221416,9.0,2.0,2,0.0,1600.0,1600.0,0.0,True,True,False,False,False,apply
INT001048,ACT004758,CAN01888,JOB00228,2025-09-29,1.1506352087114338,0.8623411978221416,9.0,2.0,2,0.0,1600.0,1600.0,0.0,True,True,False,False,False,apply
INT001049,ACT004805,CAN01908,JOB00211,2025-09-29,1.1506352087114338,0.8623411978221416,9.8,3.0,4,-1.0,2100.0,2200.0,0.047619047619047616,True,True,True,True,False,apply
INT001050,ACT001102,CAN00434,JOB00102,2025-09-30,1.1506352087114338,0.8623411978221416,11.0,1.0,1,0.0,1200.0,1200.0,0.0,True,True,True,True,False,apply
INT001051,ACT003414,CAN01356,JOB00191,2025-09-30,1.1506352087114338,0.8623411978221416,9.8,3.0,3,0.0,1900.0,2100.0,0.10526315789473684,True,True,False,True,True,apply
INT001052,ACT000212,CAN00082,JOB00117,2025-10-01,1.2921960072595282,0.826950998185118,9.8,2.0,3,-1.0,1950.0,2150.0,0.10256410256410256,True,True,True,True,True,apply
INT001053,ACT000212,CAN00082,JOB00060,2025-10-01,1.2921960072595282,0.826950998185118,7.8,2.0,3,-1.0,1950.0,2050.0,0.05128205128205128,True,True,False,False,True,apply
INT001054,ACT001396,CAN00551,JOB00194,2025-10-01,1.2921960072595282,0.826950998185118,11.0,1.0,1,0.0,1250.0,1250.0,0.0,True,True,True,True,False,apply
INT001055,ACT001998,CAN00801,JOB00286,2025-10-01,1.2921960072595282,0.826950998185118,8.2,3.0,5,-2.0,3050.0,3050.0,0.0,True,True,True,True,False,apply
INT001056,ACT002025,CAN00811,JOB00120,2025-10-01,1.2921960072595282,0.826950998185118,7.5,3.0,2,1.0,1800.0,1950.0,0.08333333333333333,False,True,True,True,False,considering
INT001057,ACT002025,CAN00811,JOB00231,2025-10-01,1.2921960072595282,0.826950998185118,6.3,3.0,3,0.0,1800.0,2250.0,0.25,False,True,False,True,True,decline
INT001058,ACT003462,CAN01373,JOB00300,2025-10-01,1.2921960072595282,0.826950998185118,8.3,5.0,5,0.0,3400.0,3100.0,-0.08823529411764706,True,True,False,True,True,apply
INT001059,ACT004869,CAN01936,JOB00018,2025-10-01,1.2921960072595282,0.826950998185118,9.8,1.0,1,0.0,1450.0,1450.0,0.0,True,True,False,True,False,decline
INT001060,ACT001516,CAN00600,JOB00278,2025-10-02,1.2921960072595282,0.826950998185118,9.8,2.0,2,0.0,1500.0,1500.0,0.0,True,True,False,True,True,considering
INT001061,ACT002468,CAN00985,JOB00108,2025-10-02,1.2921960072595282,0.826950998185118,9.0,3.0,3,0.0,2300.0,2200.0,-0.043478260869565216,True,True,False,True,True,apply
INT001062,ACT002729,CAN01085,JOB00024,2025-10-02,1.2921960072595282,0.826950998185118,8.2,,1,,1200.0,1350.0,0.125,True,True,True,True,True,apply
INT001063,ACT002729,CAN01085,JOB00064,2025-10-02,1.2921960072595282,0.826950998185118,8.2,,1,,1200.0,1200.0,0.0,True,True,True,True,False,considering
INT001064,ACT002729,CAN01085,JOB00098,2025-10-02,1.2921960072595282,0.826950998185118,8.2,,1,,1200.0,1200.0,0.0,True,True,True,True,False,considering
INT001065,ACT000479,CAN00195,JOB00185,2025-10-03,1.2921960072595282,0.826950998185118,9.0,1.0,1,0.0,1300.0,1450.0,0.11538461538461539,True,True,False,False,True,apply
INT001066,ACT001194,CAN00469,JOB00108,2025-10-03,1.2921960072595282,0.826950998185118,4.3,4.0,3,1.0,2500.0,2200.0,-0.12,False,True,False,True,False,considering
INT001067,ACT002046,CAN00821,JOB00150,2025-10-03,1.2921960072595282,0.826950998185118,7.5,2.0,2,0.0,2150.0,2000.0,-0.06976744186046512,True,True,False,False,False,decline
INT001068,ACT002046,CAN00821,JOB00227,2025-10-03,1.2921960072595282,0.826950998185118,9.0,2.0,3,-1.0,2150.0,2050.0,-0.046511627906976744,True,True,True,True,False,apply
INT001069,ACT002362,CAN00942,JOB00107,2025-10-03,1.2921960072595282,0.826950998185118,6.7,,1,,1550.0,1400.0,-0.0967741935483871,True,True,True,True,True,decline
INT001070,ACT002731,CAN01086,JOB00125,2025-10-03,1.2921960072595282,0.826950998185118,7.5,1.0,1,0.0,1300.0,1300.0,0.0,False,True,True,True,False,apply
INT001071,ACT002731,CAN01086,JOB00025,2025-10-03,1.2921960072595282,0.826950998185118,8.2,,1,,1300.0,1300.0,0.0,True,True,True,True,True,apply
INT001072,ACT002994,CAN01188,JOB00008,2025-10-03,1.2921960072595282,0.826950998185118,7.5,5.0,4,1.0,2500.0,2800.0,0.12,False,True,True,True,True,apply
INT001073,ACT002994,CAN01188,JOB00251,2025-10-03,1.2921960072595282,0.826950998185118,7.5,5.0,4,1.0,2500.0,2650.0,0.06,False,True,True,True,False,apply
INT001074,ACT004442,CAN01763,JOB00198,2025-10-03,1.2921960072595282,0.826950998185118,8.3,3.0,3,0.0,2350.0,2150.0,-0.0851063829787234,True,True,False,True,True,apply
INT001075,ACT000585,CAN00237,JOB00243,2025-10-04,1.2921960072595282,0.826950998185118,11.0,2.0,2,0.0,1600.0,1600.0,0.0,True,True,True,True,True,apply
INT001076,ACT002471,CAN00986,JOB00024,2025-10-04,1.2921960072595282,0.826950998185118,9.8,2.0,1,1.0,1350.0,1350.0,0.0,True,True,False,True,True,apply
INT001077,ACT002471,CAN00986,JOB00061,2025-10-04,1.2921960072595282,0.826950998185118,9.8,2.0,2,0.0,1350.0,1350.0,0.0,True,True,False,True,False,considering
INT001078,ACT002912,CAN01156,JOB00127,2025-10-04,1.2921960072595282,0.826950998185118,9.0,4.0,3,1.0,2450.0,2200.0,-0.10204081632653061,True,True,True,True,True,apply
INT001079,ACT002912,CAN01156,JOB00320,2025-10-04,1.2921960072595282,0.826950998185118,9.5,4.0,3,1.0,2450.0,2250.0,-0.08163265306122448,True,True,True,True,False,considering
INT001080,ACT004429,CAN01759,JOB00212,2025-10-04,1.2921960072595282,0.826950998185118,9.0,3.0,2,1.0,1750.0,1450.0,-0.17142857142857143,True,True,True,True,True,apply
INT001081,ACT004429,CAN01759,JOB00283,2025-10-04,1.2921960072595282,0.826950998185118,9.0,3.0,2,1.0,1750.0,1500.0,-0.14285714285714285,True,True,True,True,True,apply
INT001082,ACT000326,CAN00129,JOB00150,2025-10-05,1.2921960072595282,0.826950998185118,4.2,,2,,2250.0,2000.0,-0.1111111111111111,True,True,False,False,True,apply
INT001083,ACT001139,CAN00449,JOB00320,2025-10-05,1.2921960072595282,0.826950998185118,9.5,3.0,3,0.0,2400.0,2250.0,-0.0625,True,True,True,True,True,decline
INT001084,ACT001139,CAN00449,JOB00237,2025-10-05,1.2921960072595282,0.826950998185118,9.8,3.0,4,-1.0,2400.0,2400.0,0.0,True,True,True,True,False,apply
INT001085,ACT002716,CAN01080,JOB00086,2025-10-05,1.2921960072595282,0.826950998185118,7.5,1.0,1,0.0,1200.0,1200.0,0.0,False,True,True,True,False,considering
INT001086,ACT003029,CAN01200,JOB00095,2025-10-05,1.2921960072595282,0.826950998185118,5.0,3.0,3,0.0,2700.0,2100.0,-0.2222222222222222,False,True,True,True,False,decline
INT001087,ACT003347,CAN01331,JOB00243,2025-10-05,1.2921960072595282,0.826950998185118,11.0,2.0,2,0.0,1500.0,1600.0,0.06666666666666667,True,True,True,True,False,apply
INT001088,ACT003347,CAN01331,JOB00311,2025-10-05,1.2921960072595282,0.826950998185118,11.0,2.0,2,0.0,1500.0,1650.0,0.1,True,True,True,True,False,considering
INT001089,ACT003554,CAN01410,JOB00313,2025-10-05,1.2921960072595282,0.826950998185118,9.5,3.0,2,1.0,1750.0,1600.0,-0.08571428571428572,True,True,True,True,True,apply
INT001090,ACT004007,CAN01589,JOB00024,2025-10-05,1.2921960072595282,0.826950998185118,11.0,1.0,1,0.0,1200.0,1350.0,0.125,True,True,True,True,True,considering
INT001091,ACT004007,CAN01589,JOB00098,2025-10-05,1.2921960072595282,0.826950998185118,11.0,1.0,1,0.0,1200.0,1200.0,0.0,True,True,True,True,False,considering
INT001092,ACT004793,CAN01902,JOB00006,2025-10-05,1.2921960072595282,0.826950998185118,7.8,3.0,4,-1.0,3200.0,3050.0,-0.046875,True,True,False,True,True,apply
INT001093,ACT000701,CAN00281,JOB00150,2025-10-06,1.2921960072595282,0.826950998185118,9.0,3.0,2,1.0,2300.0,2000.0,-0.13043478260869565,True,True,True,True,False,apply
INT001094,ACT003319,CAN01319,JOB00175,2025-10-06,1.2921960072595282,0.826950998185118,8.3,5.0,4,1.0,3550.0,3200.0,-0.09859154929577464,True,True,False,True,False,apply
INT001095,ACT004210,CAN01670,JOB00001,2025-10-06,1.2921960072595282,0.826950998185118,8.3,2.0,3,-1.0,1700.0,1550.0,-0.08823529411764706,True,True,True,True,False,apply
INT001096,ACT004210,CAN01670,JOB00216,2025-10-06,1.2921960072595282,0.826950998185118,9.0,2.0,2,0.0,1700.0,1500.0,-0.11764705882352941,True,True,True,True,True,apply
INT001097,ACT000108,CAN00041,JOB00104,2025-10-07,1.2921960072595282,0.826950998185118,7.8,3.0,4,-1.0,2800.0,2950.0,0.05357142857142857,True,True,False,False,True,apply
INT001098,ACT001086,CAN00428,JOB00127,2025-10-07,1.2921960072595282,0.826950998185118,7.8,4.0,3,1.0,2550.0,2200.0,-0.13725490196078433,True,True,False,True,True,apply
INT001099,ACT001086,CAN00428,JOB00101,2025-10-07,1.2921960072595282,0.826950998185118,8.3,4.0,4,0.0,2550.0,2300.0,-0.09803921568627451,True,True,False,True,True,apply
INT001100,ACT002287,CAN00916,JOB00062,2025-10-07,1.2921960072595282,0.826950998185118,9.0,3.0,2,1.0,1800.0,1600.0,-0.1111111111111111,True,True,True,True,False,considering
INT001101,ACT002548,CAN01014,JOB00029,2025-10-07,1.2921960072595282,0.826950998185118,9.8,1.0,1,0.0,1300.0,1300.0,0.0,True,True,False,True,True,apply
INT001102,ACT003113,CAN01233,JOB00193,2025-10-07,1.2921960072595282,0.826950998185118,7.8,4.0,3,1.0,3450.0,3000.0,-0.13043478260869565,True,True,False,True,False,considering
INT001103,ACT000021,CAN00008,JOB00062,2025-10-08,1.2921960072595282,0.826950998185118,11.0,2.0,2,0.0,1500.0,1600.0,0.06666666666666667,True,True,True,True,True,decline
INT001104,ACT001213,CAN00477,JOB00302,2025-10-08,1.2921960072595282,0.826950998185118,9.0,3.0,3,0.0,2150.0,2150.0,0.0,True,True,False,False,True,apply
INT001105,ACT001213,CAN00477,JOB00127,2025-10-08,1.2921960072595282,0.826950998185118,11.0,3.0,3,0.0,2150.0,2200.0,0.023255813953488372,True,True,True,True,False,apply
INT001106,ACT001686,CAN00670,JOB00213,2025-10-08,1.2921960072595282,0.826950998185118,7.5,5.0,5,0.0,3300.0,3100.0,-0.06060606060606061,True,True,False,False,False,decline
INT001107,ACT003254,CAN01290,JOB00012,2025-10-08,1.2921960072595282,0.826950998185118,9.0,2.0,2,0.0,1500.0,1450.0,-0.03333333333333333,True,True,False,True,False,considering
INT001108,ACT003254,CAN01290,JOB00113,2025-10-08,1.2921960072595282,0.826950998185118,9.0,2.0,1,1.0,1500.0,1450.0,-0.03333333333333333,True,True,False,True,True,apply
INT001109,ACT004851,CAN01929,JOB00345,2025-10-08,1.2921960072595282,0.826950998185118,8.2,2.0,1,1.0,1350.0,1300.0,-0.037037037037037035,True,True,False,False,False,apply
INT001110,ACT004851,CAN01929,JOB00125,2025-10-08,1.2921960072595282,0.826950998185118,8.2,2.0,1,1.0,1350.0,1300.0,-0.037037037037037035,True,True,False,False,False,decline
INT001111,ACT000029,CAN00012,JOB00089,2025-10-09,1.2921960072595282,0.826950998185118,7.1,3.0,4,-1.0,3350.0,3150.0,-0.05970149253731343,True,True,False,True,True,apply
INT001112,ACT003125,CAN01237,JOB00062,2025-10-09,1.2921960072595282,0.826950998185118,9.8,2.0,2,0.0,1600.0,1600.0,0.0,True,True,False,True,True,apply
INT001113,ACT004094,CAN01626,JOB00172,2025-10-09,1.2921960072595282,0.826950998185118,7.5,3.0,3,0.0,2200.0,2200.0,0.0,False,True,True,True,False,apply
INT001114,ACT004824,CAN01917,JOB00193,2025-10-09,1.2921960072595282,0.826950998185118,9.0,3.0,3,0.0,3150.0,3000.0,-0.047619047619047616,True,True,False,True,False,decline
INT001115,ACT004879,CAN01940,JOB00126,2025-10-09,1.2921960072595282,0.826950998185118,7.5,4.0,3,1.0,2250.0,2050.0,-0.08888888888888889,True,True,False,False,True,apply
INT001116,ACT001798,CAN00720,JOB00048,2025-10-10,1.2921960072595282,0.826950998185118,11.0,1.0,1,0.0,1250.0,1400.0,0.12,True,True,True,True,False,apply
INT001117,ACT001798,CAN00720,JOB00349,2025-10-10,1.2921960072595282,0.826950998185118,11.0,1.0,1,0.0,1250.0,1400.0,0.12,True,True,True,True,True,apply
INT001118,ACT002023,CAN00810,JOB00144,2025-10-10,1.2921960072595282,0.826950998185118,11.0,1.0,1,0.0,1200.0,1200.0,0.0,True,True,True,True,False,decline
INT001119,ACT002023,CAN00810,JOB00269,2025-10-10,1.2921960072595282,0.826950998185118,11.0,1.0,1,0.0,1200.0,1450.0,0.20833333333333334,True,True,True,True,True,apply
INT001120,ACT004766,CAN01892,JOB00213,2025-10-10,1.2921960072595282,0.826950998185118,8.3,5.0,5,0.0,3400.0,3100.0,-0.08823529411764706,True,True,False,True,False,apply
INT001121,ACT000044,CAN00018,JOB00175,2025-10-11,1.2921960072595282,0.826950998185118,11.0,4.0,4,0.0,3150.0,3200.0,0.015873015873015872,True,True,True,True,True,apply
INT001122,ACT000044,CAN00018,JOB00193,2025-10-11,1.2921960072595282,0.826950998185118,10.2,4.0,3,1.0,3150.0,3000.0,-0.047619047619047616,True,True,True,True,False,considering
INT001123,ACT001225,CAN00481,JOB00025,2025-10-11,1.2921960072595282,0.826950998185118,7.5,1.0,1,0.0,1200.0,1300.0,0.08333333333333333,False,True,True,True,True,considering
INT001124,ACT001225,CAN00481,JOB00086,2025-10-11,1.2921960072595282,0.826950998185118,8.2,,1,,1200.0,1200.0,0.0,True,True,True,True,True,apply
INT001125,ACT002060,CAN00826,JOB00211,2025-10-11,1.2921960072595282,0.826950998185118,7.8,3.0,4,-1.0,2200.0,2200.0,0.0,True,True,False,False,False,decline
INT001126,ACT003242,CAN01285,JOB00139,2025-10-11,1.2921960072595282,0.826950998185118,8.3,3.0,2,1.0,2300.0,2150.0,-0.06521739130434782,True,True,False,True,False,apply
INT001127,ACT003242,CAN01285,JOB00320,2025-10-11,1.2921960072595282,0.826950998185118,10.2,3.0,3,0.0,2300.0,2250.0,-0.021739130434782608,True,True,True,True,False,apply
INT001128,ACT000721,CAN00288,JOB00126,2025-10-12,1.2921960072595282,0.826950998185118,9.0,3.0,3,0.0,2150.0,2050.0,-0.046511627906976744,True,True,False,True,False,considering
INT001129,ACT000721,CAN00288,JOB00187,2025-10-12,1.2921960072595282,0.826950998185118,8.6,3.0,4,-1.0,2150.0,2200.0,0.023255813953488372,True,True,False,True,False,apply
INT001130,ACT000878,CAN00351,JOB00156,2025-10-12,1.2921960072595282,0.826950998185118,7.1,3.0,4,-1.0,3250.0,3050.0,-0.06153846153846154,True,True,False,True,True,apply
INT001131,ACT002435,CAN00974,JOB00126,2025-10-12,1.2921960072595282,0.826950998185118,11.0,3.0,3,0.0,2000.0,2050.0,0.025,True,True,True,True,True,considering
INT001132,ACT002435,CAN00974,JOB00192,2025-10-12,1.2921960072595282,0.826950998185118,11.0,3.0,3,0.0,2000.0,2050.0,0.025,True,True,True,True,False,apply
INT001133,ACT003706,CAN01470,JOB00220,2025-10-12,1.2921960072595282,0.826950998185118,7.8,3.0,4,-1.0,2200.0,2200.0,0.0,True,True,False,False,True,considering
INT001134,ACT003706,CAN01470,JOB00108,2025-10-12,1.2921960072595282,0.826950998185118,9.0,3.0,3,0.0,2200.0,2200.0,0.0,True,True,False,False,False,apply
INT001135,ACT004777,CAN01896,JOB00063,2025-10-12,1.2921960072595282,0.826950998185118,8.6,1.0,2,-1.0,1350.0,1600.0,0.18518518518518517,True,True,False,True,True,apply
INT001136,ACT000427,CAN00173,JOB00139,2025-10-13,1.2921960072595282,0.826950998185118,3.8,3.0,2,1.0,2850.0,2150.0,-0.24561403508771928,False,True,False,True,True,decline
INT001137,ACT000835,CAN00335,JOB00121,2025-10-13,1.2921960072595282,0.826950998185118,7.5,5.0,4,1.0,2000.0,3050.0,0.525,False,True,True,True,True,apply
INT001138,ACT000835,CAN00335,JOB00304,2025-10-13,1.2921960072595282,0.826950998185118,7.5,3.0,3,0.0,2000.0,2600.0,0.3,False,True,True,True,False,apply
INT001139,ACT001482,CAN00587,JOB00135,2025-10-13,1.2921960072595282,0.826950998185118,8.2,3.0,3,0.0,2150.0,2050.0,-0.046511627906976744,True,True,False,False,False,apply
INT001140,ACT004279,CAN01700,JOB00296,2025-10-13,1.2921960072595282,0.826950998185118,9.5,2.0,1,1.0,1550.0,1400.0,-0.0967741935483871,True,True,True,True,False,apply
INT001141,ACT004542,CAN01806,JOB00161,2025-10-13,1.2921960072595282,0.826950998185118,9.0,5.0,5,0.0,3300.0,2800.0,-0.15151515151515152,True,True,True,True,True,considering
INT001142,ACT004542,CAN01806,JOB00294,2025-10-13,1.2921960072595282,0.826950998185118,9.0,5.0,4,1.0,3300.0,2800.0,-0.15151515151515152,True,True,True,True,True,considering
INT001143,ACT002469,CAN00985,JOB00341,2025-10-14,1.2921960072595282,0.826950998185118,9.0,3.0,3,0.0,2300.0,2050.0,-0.10869565217391304,True,True,True,True,True,apply
INT001144,ACT002472,CAN00986,JOB00125,2025-10-14,1.2921960072595282,0.826950998185118,9.0,2.0,1,1.0,1350.0,1300.0,-0.037037037037037035,True,True,False,True,True,considering
INT001145,ACT002472,CAN00986,JOB00011,2025-10-14,1.2921960072595282,0.826950998185118,9.0,2.0,1,1.0,1350.0,1200.0,-0.1111111111111111,True,True,True,True,True,apply
INT001146,ACT003931,CAN01563,JOB00050,2025-10-14,1.2921960072595282,0.826950998185118,4.7,,2,,1950.0,2150.0,0.10256410256410256,False,True,True,True,False,apply
INT001147,ACT000586,CAN00237,JOB00248,2025-10-15,1.2921960072595282,0.826950998185118,9.0,2.0,2,0.0,1600.0,1650.0,0.03125,True,True,False,False,False,apply
INT001148,ACT001079,CAN00426,JOB00048,2025-10-15,1.2921960072595282,0.826950998185118,6.2,,1,,1600.0,1400.0,-0.125,True,True,True,True,False,decline
INT001149,ACT000213,CAN00082,JOB00134,2025-10-16,1.2921960072595282,0.826950998185118,7.8,2.0,3,-1.0,1950.0,1950.0,0.0,True,True,False,False,False,apply
INT001150,ACT000467,CAN00190,JOB00048,2025-10-16,1.2921960072595282,0.826950998185118,9.5,2.0,1,1.0,1550.0,1400.0,-0.0967741935483871,True,True,True,True,False,considering
INT001151,ACT001296,CAN00507,JOB00048,2025-10-16,1.2921960072595282,0.826950998185118,9.0,1.0,1,0.0,1300.0,1400.0,0.07692307692307693,True,True,False,False,True,considering
INT001152,ACT001296,CAN00507,JOB00029,2025-10-16,1.2921960072595282,0.826950998185118,9.0,1.0,1,0.0,1300.0,1300.0,0.0,True,True,False,False,False,apply
INT001153,ACT002410,CAN00962,JOB00294,2025-10-16,1.2921960072595282,0.826950998185118,11.0,4.0,4,0.0,2800.0,2800.0,0.0,True,True,True,True,False,apply
INT001154,ACT002732,CAN01086,JOB00046,2025-10-16,1.2921960072595282,0.826950998185118,7.0,,1,,1300.0,1300.0,0.0,True,True,False,True,True,considering
INT001155,ACT002732,CAN01086,JOB00201,2025-10-16,1.2921960072595282,0.826950998185118,7.5,1.0,1,0.0,1300.0,1300.0,0.0,False,True,True,True,True,apply
INT001156,ACT004055,CAN01609,JOB00194,2025-10-16,1.2921960072595282,0.826950998185118,11.0,1.0,1,0.0,1200.0,1250.0,0.041666666666666664,True,True,True,True,False,considering
INT001157,ACT004055,CAN01609,JOB00267,2025-10-16,1.2921960072595282,0.826950998185118,11.0,1.0,1,0.0,1200.0,1200.0,0.0,True,True,True,True,True,decline
INT001158,ACT004055,CAN01609,JOB00011,2025-10-16,1.2921960072595282,0.826950998185118,9.0,1.0,1,0.0,1200.0,1200.0,0.0,True,True,False,False,False,decline
INT001159,ACT000480,CAN00195,JOB00248,2025-10-17,1.2921960072595282,0.826950998185118,9.8,1.0,2,-1.0,1300.0,1650.0,0.2692307692307692,True,True,True,True,True,apply
INT001160,ACT004806,CAN01908,JOB00103,2025-10-17,1.2921960072595282,0.826950998185118,9.8,3.0,3,0.0,2100.0,2100.0,0.0,True,True,False,True,True,apply
INT001161,ACT004806,CAN01908,JOB00187,2025-10-17,1.2921960072595282,0.826950998185118,8.6,3.0,4,-1.0,2100.0,2200.0,0.047619047619047616,True,True,False,True,False,decline
INT001162,ACT004806,CAN01908,JOB00126,2025-10-17,1.2921960072595282,0.826950998185118,9.0,3.0,3,0.0,2100.0,2050.0,-0.023809523809523808,True,True,False,True,True,apply
INT001163,ACT001397,CAN00551,JOB00267,2025-10-18,1.2921960072595282,0.826950998185118,10.2,1.0,1,0.0,1250.0,1200.0,-0.04,True,True,True,True,False,apply
INT001164,ACT001856,CAN00742,JOB00062,2025-10-18,1.2921960072595282,0.826950998185118,9.8,2.0,2,0.0,1550.0,1600.0,0.03225806451612903,True,True,False,True,False,considering
INT001165,ACT003605,CAN01432,JOB00140,2025-10-18,1.2921960072595282,0.826950998185118,9.0,3.0,4,-1.0,2250.0,2200.0,-0.022222222222222223,True,True,True,True,True,apply
INT001166,ACT001696,CAN00674,JOB00269,2025-10-19,1.2921960072595282,0.826950998185118,11.0,1.0,1,0.0,1250.0,1450.0,0.16,True,True,True,True,True,apply
INT001167,ACT002082,CAN00836,JOB00349,2025-10-19,1.2921960072595282,0.826950998185118,7.5,2.0,1,1.0,1200.0,1400.0,0.16666666666666666,False,True,True,True,True,apply
INT001168,ACT002233,CAN00892,JOB00175,2025-10-19,1.2921960072595282,0.826950998185118,9.5,4.0,4,0.0,3450.0,3200.0,-0.07246376811594203,True,True,True,True,False,apply
INT001169,ACT002450,CAN00979,JOB00126,2025-10-19,1.2921960072595282,0.826950998185118,9.8,3.0,3,0.0,2050.0,2050.0,0.0,True,True,False,True,False,apply
INT001170,ACT002610,CAN01039,JOB00194,2025-10-19,1.2921960072595282,0.826950998185118,11.0,1.0,1,0.0,1250.0,1250.0,0.0,True,True,True,True,False,apply
INT001171,ACT000155,CAN00059,JOB00129,2025-10-20,1.2921960072595282,0.826950998185118,9.5,4.0,4,0.0,3100.0,2850.0,-0.08064516129032258,True,True,True,True,True,apply
INT001172,ACT000702,CAN00281,JOB00172,2025-10-20,1.2921960072595282,0.826950998185118,8.2,3.0,3,0.0,2300.0,2200.0,-0.043478260869565216,True,True,False,False,False,apply
INT001173,ACT001777,CAN00712,JOB00103,2025-10-20,1.2921960072595282,0.826950998185118,9.8,3.0,3,0.0,2100.0,2100.0,0.0,True,True,False,True,True,apply
INT001174,ACT002849,CAN01132,JOB00029,2025-10-20,1.2921960072595282,0.826950998185118,8.2,,1,,1200.0,1300.0,0.08333333333333333,True,True,True,True,False,apply
INT001175,ACT003076,CAN01218,JOB00219,2025-10-20,1.2921960072595282,0.826950998185118,9.0,4.0,4,0.0,2450.0,2200.0,-0.10204081632653061,True,True,True,True,False,apply
INT001176,ACT003243,CAN01285,JOB00237,2025-10-20,1.2921960072595282,0.826950998185118,9.8,3.0,4,-1.0,2300.0,2400.0,0.043478260869565216,True,True,True,True,False,considering
INT001177,ACT003243,CAN01285,JOB00009,2025-10-20,1.2921960072595282,0.826950998185118,9.5,3.0,2,1.0,2300.0,2100.0,-0.08695652173913043,True,True,True,True,False,apply
INT001178,ACT004430,CAN01759,JOB00179,2025-10-20,1.2921960072595282,0.826950998185118,9.0,3.0,3,0.0,1750.0,1450.0,-0.17142857142857143,True,True,True,True,False,apply
INT001179,ACT004443,CAN01763,JOB00320,2025-10-20,1.2921960072595282,0.826950998185118,9.0,3.0,3,0.0,2350.0,2250.0,-0.0425531914893617,True,True,False,True,False,apply
INT001180,ACT004443,CAN01763,JOB00317,2025-10-20,1.2921960072595282,0.826950998185118,8.2,3.0,3,0.0,2350.0,2300.0,-0.02127659574468085,True,True,False,False,True,decline
INT001181,ACT000181,CAN00069,JOB00210,2025-10-21,1.2921960072595282,0.826950998185118,11.0,1.0,1,0.0,1200.0,1200.0,0.0,True,True,True,True,False,apply
INT001182,ACT000181,CAN00069,JOB00291,2025-10-21,1.2921960072595282,0.826950998185118,11.0,1.0,1,0.0,1200.0,1350.0,0.125,True,True,True,True,False,considering
INT001183,ACT004280,CAN01700,JOB00349,2025-10-21,1.2921960072595282,0.826950998185118,7.5,2.0,1,1.0,1550.0,1400.0,-0.0967741935483871,True,True,False,False,False,apply
INT001184,ACT004280,CAN01700,JOB00085,2025-10-21,1.2921960072595282,0.826950998185118,8.2,2.0,2,0.0,1550.0,1500.0,-0.03225806451612903,True,True,False,False,True,apply
INT001185,ACT004303,CAN01709,JOB00027,2025-10-21,1.2921960072595282,0.826950998185118,11.0,1.0,1,0.0,1200.0,1300.0,0.08333333333333333,True,True,True,True,False,apply
INT001186,ACT004303,CAN01709,JOB00091,2025-10-21,1.2921960072595282,0.826950998185118,9.8,1.0,1,0.0,1200.0,1250.0,0.041666666666666664,True,True,False,True,False,decline
INT001187,ACT002061,CAN00826,JOB00268,2025-10-22,1.2921960072595282,0.826950998185118,9.0,3.0,4,-1.0,2200.0,2100.0,-0.045454545454545456,True,True,True,True,False,apply
INT001188,ACT002279,CAN00911,JOB00152,2025-10-22,1.2921960072595282,0.826950998185118,8.6,2.0,3,-1.0,2000.0,2200.0,0.1,True,True,False,True,False,apply
INT001189,ACT002279,CAN00911,JOB00134,2025-10-22,1.2921960072595282,0.826950998185118,9.0,2.0,3,-1.0,2000.0,1950.0,-0.025,True,True,True,True,False,considering
INT001190,ACT002887,CAN01146,JOB00078,2025-10-22,1.2921960072595282,0.826950998185118,10.2,3.0,3,0.0,2200.0,2100.0,-0.045454545454545456,True,True,True,True,True,apply
INT001191,ACT002887,CAN01146,JOB00341,2025-10-22,1.2921960072595282,0.826950998185118,8.3,3.0,3,0.0,2200.0,2050.0,-0.06818181818181818,True,True,False,True,True,apply
INT001192,ACT002913,CAN01156,JOB00237,2025-10-22,1.2921960072595282,0.826950998185118,10.2,4.0,4,0.0,2450.0,2400.0,-0.02040816326530612,True,True,True,True,True,apply
INT001193,ACT001538,CAN00610,JOB00099,2025-10-23,1.2921960072595282,0.826950998185118,9.0,1.0,1,0.0,1250.0,1350.0,0.08,True,True,False,False,False,considering
INT001194,ACT001787,CAN00715,JOB00237,2025-10-23,1.2921960072595282,0.826950998185118,7.8,3.0,4,-1.0,2350.0,2400.0,0.02127659574468085,True,True,False,False,False,decline
INT001195,ACT001787,CAN00715,JOB00320,2025-10-23,1.2921960072595282,0.826950998185118,8.2,3.0,3,0.0,2350.0,2250.0,-0.0425531914893617,True,True,False,False,True,considering
INT001196,ACT001836,CAN00734,JOB00099,2025-10-23,1.2921960072595282,0.826950998185118,9.8,1.0,1,0.0,1300.0,1350.0,0.038461538461538464,True,True,False,True,True,apply
INT001197,ACT002704,CAN01076,JOB00061,2025-10-23,1.2921960072595282,0.826950998185118,8.2,,2,,1350.0,1350.0,0.0,True,True,True,True,True,decline
INT001198,ACT004408,CAN01752,JOB00192,2025-10-23,1.2921960072595282,0.826950998185118,8.6,2.0,3,-1.0,1950.0,2050.0,0.05128205128205128,True,True,False,True,True,decline
INT001199,ACT001145,CAN00451,JOB00102,2025-10-24,1.2921960072595282,0.826950998185118,11.0,1.0,1,0.0,1200.0,1200.0,0.0,True,True,True,True,True,apply
INT001200,ACT001226,CAN00481,JOB00011,2025-10-24,1.2921960072595282,0.826950998185118,7.0,,1,,1200.0,1200.0,0.0,True,True,False,True,False,apply
INT001201,ACT002441,CAN00976,JOB00232,2025-10-24,1.2921960072595282,0.826950998185118,9.0,3.0,3,0.0,2950.0,2950.0,0.0,True,True,False,False,False,decline
INT001202,ACT002441,CAN00976,JOB00022,2025-10-24,1.2921960072595282,0.826950998185118,9.8,3.0,4,-1.0,2950.0,3100.0,0.05084745762711865,True,True,True,True,False,apply
INT001203,ACT003320,CAN01319,JOB00300,2025-10-24,1.2921960072595282,0.826950998185118,7.8,5.0,5,0.0,3550.0,3100.0,-0.1267605633802817,True,True,False,True,True,apply
INT001204,ACT004503,CAN01789,JOB00049,2025-10-24,1.2921960072595282,0.826950998185118,2.3,1.0,2,-1.0,2700.0,1500.0,-0.4444444444444444,False,False,True,True,True,considering
INT001205,ACT004503,CAN01789,JOB00185,2025-10-24,1.2921960072595282,0.826950998185118,1.5,1.0,1,0.0,2700.0,1450.0,-0.46296296296296297,False,False,False,False,True,considering
INT001206,ACT004852,CAN01929,JOB00160,2025-10-24,1.2921960072595282,0.826950998185118,8.2,2.0,2,0.0,1350.0,1300.0,-0.037037037037037035,True,True,False,False,False,apply
INT001207,ACT004852,CAN01929,JOB00061,2025-10-24,1.2921960072595282,0.826950998185118,9.0,2.0,2,0.0,1350.0,1350.0,0.0,True,True,False,False,True,apply
INT001208,ACT004880,CAN01940,JOB00326,2025-10-24,1.2921960072595282,0.826950998185118,7.5,4.0,3,1.0,2250.0,2050.0,-0.08888888888888889,True,True,False,False,False,apply
INT001209,ACT000705,CAN00282,JOB00012,2025-10-25,1.2921960072595282,0.826950998185118,8.2,,2,,1350.0,1450.0,0.07407407407407407,True,True,True,True,False,apply
INT001210,ACT000705,CAN00282,JOB00085,2025-10-25,1.2921960072595282,0.826950998185118,8.2,,2,,1350.0,1500.0,0.1111111111111111,True,True,True,True,False,apply
INT001211,ACT002622,CAN01043,JOB00016,2025-10-25,1.2921960072595282,0.826950998185118,8.2,3.0,3,0.0,2350.0,2300.0,-0.02127659574468085,True,True,False,False,False,apply
INT001212,ACT002622,CAN01043,JOB00317,2025-10-25,1.2921960072595282,0.826950998185118,8.2,3.0,3,0.0,2350.0,2300.0,-0.02127659574468085,True,True,False,False,False,apply
INT001213,ACT002622,CAN01043,JOB00139,2025-10-25,1.2921960072595282,0.826950998185118,7.5,3.0,2,1.0,2350.0,2150.0,-0.0851063829787234,True,True,False,False,False,apply
INT001214,ACT002789,CAN01109,JOB00237,2025-10-25,1.2921960072595282,0.826950998185118,7.8,3.0,4,-1.0,2350.0,2400.0,0.02127659574468085,True,True,False,False,True,apply
INT001215,ACT002789,CAN01109,JOB00127,2025-10-25,1.2921960072595282,0.826950998185118,7.5,3.0,3,0.0,2350.0,2200.0,-0.06382978723404255,True,True,False,False,True,decline
INT001216,ACT003294,CAN01309,JOB00139,2025-10-25,1.2921960072595282,0.826950998185118,3.5,,2,,2000.0,2150.0,0.075,False,True,False,True,False,considering
INT001217,ACT001518,CAN00601,JOB00155,2025-10-26,1.2921960072595282,0.826950998185118,7.8,5.0,4,1.0,3400.0,3000.0,-0.11764705882352941,True,True,False,True,True,considering
INT001218,ACT001697,CAN00674,JOB00061,2025-10-26,1.2921960072595282,0.826950998185118,9.8,1.0,2,-1.0,1250.0,1350.0,0.08,True,True,True,True,True,decline
INT001219,ACT003135,CAN01241,JOB00313,2025-10-26,1.2921960072595282,0.826950998185118,9.8,2.0,2,0.0,1600.0,1600.0,0.0,True,True,False,True,False,apply
INT001220,ACT003490,CAN01384,JOB00024,2025-10-26,1.2921960072595282,0.826950998185118,9.8,1.0,1,0.0,1200.0,1350.0,0.125,True,True,False,True,True,apply
INT001221,ACT003490,CAN01384,JOB00011,2025-10-26,1.2921960072595282,0.826950998185118,9.8,1.0,1,0.0,1200.0,1200.0,0.0,True,True,False,True,True,apply
INT001222,ACT003555,CAN01410,JOB00166,2025-10-26,1.2921960072595282,0.826950998185118,9.0,3.0,3,0.0,1750.0,1550.0,-0.11428571428571428,True,True,True,True,False,apply
INT001223,ACT003555,CAN01410,JOB00062,2025-10-26,1.2921960072595282,0.826950998185118,9.5,3.0,2,1.0,1750.0,1600.0,-0.08571428571428572,True,True,True,True,True,apply
INT001224,ACT003555,CAN01410,JOB00070,2025-10-26,1.2921960072595282,0.826950998185118,9.0,3.0,2,1.0,1750.0,1450.0,-0.17142857142857143,True,True,True,True,True,apply
INT001225,ACT000290,CAN00114,JOB00025,2025-10-27,1.2921960072595282,0.826950998185118,11.0,1.0,1,0.0,1200.0,1300.0,0.08333333333333333,True,True,True,True,False,apply
INT001226,ACT000290,CAN00114,JOB00340,2025-10-27,1.2921960072595282,0.826950998185118,9.8,1.0,1,0.0,1200.0,1300.0,0.08333333333333333,True,True,False,True,False,apply
INT001227,ACT000919,CAN00365,JOB00269,2025-10-27,1.2921960072595282,0.826950998185118,11.0,1.0,1,0.0,1200.0,1450.0,0.20833333333333334,True,True,True,True,False,considering
INT001228,ACT002436,CAN00974,JOB00299,2025-10-27,1.2921960072595282,0.826950998185118,10.2,3.0,3,0.0,2000.0,1900.0,-0.05,True,True,True,True,True,apply
INT001229,ACT002436,CAN00974,JOB00123,2025-10-27,1.2921960072595282,0.826950998185118,10.2,3.0,3,0.0,2000.0,1950.0,-0.025,True,True,True,True,True,decline
INT001230,ACT002850,CAN01132,JOB00271,2025-10-27,1.2921960072595282,0.826950998185118,8.2,,1,,1200.0,1200.0,0.0,True,True,True,True,False,apply
INT001231,ACT003260,CAN01293,JOB00156,2025-10-27,1.2921960072595282,0.826950998185118,7.8,5.0,4,1.0,3550.0,3050.0,-0.14084507042253522,True,True,False,True,True,considering
INT001232,ACT003772,CAN01498,JOB00260,2025-10-27,1.2921960072595282,0.826950998185118,9.5,4.0,3,1.0,2300.0,2150.0,-0.06521739130434782,True,True,True,True,False,considering
INT001233,ACT000022,CAN00008,JOB00166,2025-10-28,1.2921960072595282,0.826950998185118,9.8,2.0,3,-1.0,1500.0,1550.0,0.03333333333333333,True,True,True,True,False,apply
INT001234,ACT000703,CAN00281,JOB00073,2025-10-28,1.2921960072595282,0.826950998185118,7.5,3.0,3,0.0,2300.0,2150.0,-0.06521739130434782,True,True,False,False,True,decline
INT001235,ACT001214,CAN00477,JOB00247,2025-10-28,1.2921960072595282,0.826950998185118,11.0,3.0,3,0.0,2150.0,2150.0,0.0,True,True,True,True,False,considering
INT001236,ACT003128,CAN01238,JOB00145,2025-10-28,1.2921960072595282,0.826950998185118,9.5,4.0,4,0.0,3050.0,2750.0,-0.09836065573770492,True,True,True,True,False,apply
INT001237,ACT004056,CAN01609,JOB00102,2025-10-28,1.2921960072595282,0.826950998185118,9.0,1.0,1,0.0,1200.0,1200.0,0.0,True,True,False,False,False,considering
INT001238,ACT002027,CAN00811,JOB00134,2025-10-29,1.2921960072595282,0.826950998185118,7.5,3.0,3,0.0,1800.0,1950.0,0.08333333333333333,False,True,True,True,False,considering
INT001239,ACT002451,CAN00979,JOB00192,2025-10-30,1.2921960072595282,0.826950998185118,9.8,3.0,3,0.0,2050.0,2050.0,0.0,True,True,False,True,False,apply
INT001240,ACT000749,CAN00300,JOB00331,2025-10-31,1.2921960072595282,0.826950998185118,9.0,4.0,4,0.0,3050.0,3050.0,0.0,True,True,False,False,True,considering
INT001241,ACT001080,CAN00426,JOB00318,2025-10-31,1.2921960072595282,0.826950998185118,5.7,,1,,1600.0,1250.0,-0.21875,True,True,True,True,True,decline
INT001242,ACT003202,CAN01268,JOB00129,2025-10-31,1.2921960072595282,0.826950998185118,9.5,4.0,4,0.0,3050.0,2850.0,-0.06557377049180328,True,True,True,True,True,apply
INT001243,ACT003202,CAN01268,JOB00154,2025-10-31,1.2921960072595282,0.826950998185118,10.2,4.0,4,0.0,3050.0,2950.0,-0.03278688524590164,True,True,True,True,False,considering
INT001244,ACT003707,CAN01470,JOB00295,2025-10-31,1.2921960072595282,0.826950998185118,9.0,3.0,3,0.0,2200.0,2200.0,0.0,True,True,False,False,False,apply
INT001245,ACT004767,CAN01892,JOB00079,2025-10-31,1.2921960072595282,0.826950998185118,9.0,5.0,4,1.0,3400.0,3000.0,-0.11764705882352941,True,True,True,True,False,considering
INT001246,ACT004822,CAN01916,JOB00138,2025-10-31,1.2921960072595282,0.826950998185118,6.0,4.0,4,0.0,3000.0,2750.0,-0.08333333333333333,False,True,True,True,False,considering
INT001247,ACT004822,CAN01916,JOB00260,2025-10-31,1.2921960072595282,0.826950998185118,5.0,3.0,3,0.0,3000.0,2150.0,-0.2833333333333333,False,True,True,True,False,apply
INT001248,ACT000879,CAN00351,JOB00175,2025-11-01,1.4210526315789473,0.7947368421052632,7.8,3.0,4,-1.0,3250.0,3200.0,-0.015384615384615385,True,True,False,True,True,apply
INT001249,ACT002083,CAN00836,JOB00048,2025-11-01,1.4210526315789473,0.7947368421052632,7.5,2.0,1,1.0,1200.0,1400.0,0.16666666666666666,False,True,True,True,False,apply
INT001250,ACT002540,CAN01012,JOB00156,2025-11-01,1.4210526315789473,0.7947368421052632,8.3,4.0,4,0.0,3350.0,3050.0,-0.08955223880597014,True,True,False,True,False,considering
INT001251,ACT002630,CAN01046,JOB00320,2025-11-01,1.4210526315789473,0.7947368421052632,7.5,4.0,3,1.0,2500.0,2250.0,-0.1,True,True,False,False,False,apply
INT001252,ACT002790,CAN01109,JOB00320,2025-11-01,1.4210526315789473,0.7947368421052632,8.2,3.0,3,0.0,2350.0,2250.0,-0.0425531914893617,True,True,False,False,False,apply
INT001253,ACT002790,CAN01109,JOB00260,2025-11-01,1.4210526315789473,0.7947368421052632,9.5,3.0,3,0.0,2350.0,2150.0,-0.0851063829787234,True,True,True,True,True,considering
INT001254,ACT004197,CAN01665,JOB00066,2025-11-01,1.4210526315789473,0.7947368421052632,7.5,5.0,3,2.0,2400.0,3000.0,0.25,False,True,True,True,False,apply
INT001255,ACT004197,CAN01665,JOB00116,2025-11-01,1.4210526315789473,0.7947368421052632,7.0,4.0,3,1.0,2400.0,2000.0,-0.16666666666666666,True,True,False,False,False,considering
INT001256,ACT004488,CAN01782,JOB00331,2025-11-01,1.4210526315789473,0.7947368421052632,8.2,4.0,4,0.0,3200.0,3050.0,-0.046875,True,True,False,False,True,considering
INT001257,ACT004488,CAN01782,JOB00015,2025-11-01,1.4210526315789473,0.7947368421052632,7.5,4.0,4,0.0,3200.0,3000.0,-0.0625,True,True,False,False,True,decline
INT001258,ACT000045,CAN00018,JOB00006,2025-11-02,1.4210526315789473,0.7947368421052632,9.0,4.0,4,0.0,3150.0,3050.0,-0.031746031746031744,True,True,False,True,True,considering
INT001259,ACT000045,CAN00018,JOB00234,2025-11-02,1.4210526315789473,0.7947368421052632,9.0,4.0,4,0.0,3150.0,3100.0,-0.015873015873015872,True,True,False,True,True,apply
INT001260,ACT002861,CAN01136,JOB00188,2025-11-02,1.4210526315789473,0.7947368421052632,9.0,2.0,3,-1.0,2200.0,2150.0,-0.022727272727272728,True,True,True,True,False,apply
INT001261,ACT002861,CAN01136,JOB00320,2025-11-02,1.4210526315789473,0.7947368421052632,7.8,2.0,3,-1.0,2200.0,2250.0,0.022727272727272728,True,True,False,False,True,apply
INT001262,ACT002951,CAN01171,JOB00175,2025-11-02,1.4210526315789473,0.7947368421052632,7.5,4.0,4,0.0,3500.0,3200.0,-0.08571428571428572,True,True,False,False,True,apply
INT001263,ACT003077,CAN01218,JOB00050,2025-11-02,1.4210526315789473,0.7947368421052632,9.0,4.0,2,2.0,2450.0,2150.0,-0.12244897959183673,True,True,True,True,False,apply
INT001264,ACT003349,CAN01331,JOB00323,2025-11-02,1.4210526315789473,0.7947368421052632,11.0,2.0,2,0.0,1500.0,1500.0,0.0,True,True,True,True,False,considering
INT001265,ACT003349,CAN01331,JOB00063,2025-11-02,1.4210526315789473,0.7947368421052632,9.8,2.0,2,0.0,1500.0,1600.0,0.06666666666666667,True,True,False,True,False,considering
INT001266,ACT004881,CAN01940,JOB00211,2025-11-02,1.4210526315789473,0.7947368421052632,8.2,4.0,4,0.0,2250.0,2200.0,-0.022222222222222223,True,True,False,False,False,considering
INT001267,ACT000570,CAN00230,JOB00166,2025-11-03,1.4210526315789473,0.7947368421052632,9.5,3.0,3,0.0,1700.0,1550.0,-0.08823529411764706,True,True,True,True,True,apply
INT001268,ACT000722,CAN00288,JOB00036,2025-11-03,1.4210526315789473,0.7947368421052632,9.5,3.0,3,0.0,2150.0,1950.0,-0.09302325581395349,True,True,True,True,False,apply
INT001269,ACT000722,CAN00288,JOB00284,2025-11-03,1.4210526315789473,0.7947368421052632,9.5,3.0,3,0.0,2150.0,1950.0,-0.09302325581395349,True,True,True,True,False,apply
INT001270,ACT001837,CAN00734,JOB00046,2025-11-03,1.4210526315789473,0.7947368421052632,11.0,1.0,1,0.0,1300.0,1300.0,0.0,True,True,True,True,True,decline
INT001271,ACT002442,CAN00976,JOB00089,2025-11-03,1.4210526315789473,0.7947368421052632,8.6,3.0,4,-1.0,2950.0,3150.0,0.06779661016949153,True,True,False,True,False,considering
INT001272,ACT002442,CAN00976,JOB00066,2025-11-03,1.4210526315789473,0.7947368421052632,9.0,3.0,3,0.0,2950.0,3000.0,0.01694915254237288,True,True,False,False,False,apply
INT001273,ACT002801,CAN01113,JOB00039,2025-11-03,1.4210526315789473,0.7947368421052632,9.8,2.0,3,-1.0,2150.0,2200.0,0.023255813953488372,True,True,True,True,True,apply
INT001274,ACT002801,CAN01113,JOB00139,2025-11-03,1.4210526315789473,0.7947368421052632,9.8,2.0,2,0.0,2150.0,2150.0,0.0,True,True,False,True,True,considering
INT001275,ACT000037,CAN00016,JOB00095,2025-11-04,1.4210526315789473,0.7947368421052632,10.2,3.0,3,0.0,2150.0,2100.0,-0.023255813953488372,True,True,True,True,False,apply
INT001276,ACT001955,CAN00782,JOB00139,2025-11-04,1.4210526315789473,0.7947368421052632,1.9999999999999998,,2,,2350.0,2150.0,-0.0851063829787234,False,True,False,True,True,considering
INT001277,ACT002709,CAN01078,JOB00129,2025-11-04,1.4210526315789473,0.7947368421052632,10.2,4.0,4,0.0,2950.0,2850.0,-0.03389830508474576,True,True,True,True,True,apply
INT001278,ACT002996,CAN01188,JOB00044,2025-11-04,1.4210526315789473,0.7947368421052632,7.5,5.0,5,0.0,2500.0,2850.0,0.14,False,True,True,True,False,apply
INT001279,ACT003384,CAN01344,JOB00022,2025-11-04,1.4210526315789473,0.7947368421052632,5.5,4.0,4,0.0,2100.0,3100.0,0.47619047619047616,False,True,False,False,False,decline
INT001280,ACT003384,CAN01344,JOB00006,2025-11-04,1.4210526315789473,0.7947368421052632,5.5,4.0,4,0.0,2100.0,3050.0,0.4523809523809524,False,True,False,False,False,apply
INT001281,ACT003384,CAN01344,JOB00139,2025-11-04,1.4210526315789473,0.7947368421052632,6.2,,2,,2100.0,2150.0,0.023809523809523808,True,True,False,False,False,considering
INT001282,ACT003606,CAN01432,JOB00335,2025-11-04,1.4210526315789473,0.7947368421052632,9.8,3.0,4,-1.0,2250.0,2250.0,0.0,True,True,True,True,True,apply
INT001283,ACT003736,CAN01483,JOB00332,2025-11-04,1.4210526315789473,0.7947368421052632,9.0,4.0,3,1.0,2350.0,2050.0,-0.1276595744680851,True,True,True,True,False,apply
INT001284,ACT001645,CAN00656,JOB00011,2025-11-05,1.4210526315789473,0.7947368421052632,8.2,,1,,1200.0,1200.0,0.0,True,True,True,True,False,considering
INT001285,ACT004709,CAN01870,JOB00063,2025-11-05,1.4210526315789473,0.7947368421052632,7.3999999999999995,,2,,1650.0,1600.0,-0.030303030303030304,True,True,True,True,True,apply
INT001286,ACT002280,CAN00911,JOB00246,2025-11-06,1.4210526315789473,0.7947368421052632,9.0,2.0,2,0.0,2000.0,1950.0,-0.025,True,True,False,True,False,apply
INT001287,ACT002280,CAN00911,JOB00341,2025-11-06,1.4210526315789473,0.7947368421052632,9.8,2.0,3,-1.0,2000.0,2050.0,0.025,True,True,True,True,False,apply
INT001288,ACT004020,CAN01595,JOB00088,2025-11-06,1.4210526315789473,0.7947368421052632,9.8,1.0,1,0.0,1200.0,1200.0,0.0,True,True,False,True,False,decline
INT001289,ACT004020,CAN01595,JOB00024,2025-11-06,1.4210526315789473,0.7947368421052632,9.8,1.0,1,0.0,1200.0,1350.0,0.125,True,True,False,True,True,apply
INT001290,ACT004587,CAN01823,JOB00121,2025-11-06,1.4210526315789473,0.7947368421052632,9.5,4.0,4,0.0,3350.0,3050.0,-0.08955223880597014,True,True,True,True,True,apply
INT001291,ACT004587,CAN01823,JOB00234,2025-11-06,1.4210526315789473,0.7947368421052632,8.3,4.0,4,0.0,3350.0,3100.0,-0.07462686567164178,True,True,False,True,False,apply
INT001292,ACT002733,CAN01086,JOB00021,2025-11-07,1.4210526315789473,0.7947368421052632,7.0,,1,,1300.0,1300.0,0.0,True,True,False,True,True,considering
INT001293,ACT002733,CAN01086,JOB00291,2025-11-07,1.4210526315789473,0.7947368421052632,7.0,,1,,1300.0,1350.0,0.038461538461538464,True,True,False,True,False,apply
INT001294,ACT001770,CAN00708,JOB00039,2025-11-08,1.4210526315789473,0.7947368421052632,9.0,3.0,3,0.0,2450.0,2200.0,-0.10204081632653061,True,True,True,True,True,apply
INT001295,ACT001770,CAN00708,JOB00009,2025-11-08,1.4210526315789473,0.7947368421052632,7.8,3.0,2,1.0,2450.0,2100.0,-0.14285714285714285,True,True,False,True,False,apply
INT001296,ACT001539,CAN00610,JOB00051,2025-11-09,1.4210526315789473,0.7947368421052632,9.0,1.0,1,0.0,1250.0,1350.0,0.08,True,True,False,False,True,apply
INT001297,ACT001539,CAN00610,JOB00048,2025-11-09,1.4210526315789473,0.7947368421052632,9.0,1.0,1,0.0,1250.0,1400.0,0.12,True,True,False,False,False,apply
INT001298,ACT002541,CAN01012,JOB00022,2025-11-10,1.4210526315789473,0.7947368421052632,8.3,4.0,4,0.0,3350.0,3100.0,-0.07462686567164178,True,True,False,True,False,considering
INT001299,ACT002541,CAN01012,JOB00089,2025-11-10,1.4210526315789473,0.7947368421052632,8.3,4.0,4,0.0,3350.0,3150.0,-0.05970149253731343,True,True,False,True,False,apply
INT001300,ACT004409,CAN01752,JOB00314,2025-11-10,1.4210526315789473,0.7947368421052632,9.8,2.0,3,-1.0,1950.0,1950.0,0.0,True,True,True,True,False,apply
INT001301,ACT000294,CAN00115,JOB00176,2025-11-11,1.4210526315789473,0.7947368421052632,9.0,2.0,2,0.0,1400.0,1400.0,0.0,True,True,False,False,False,apply
INT001302,ACT000294,CAN00115,JOB00012,2025-11-11,1.4210526315789473,0.7947368421052632,9.0,2.0,2,0.0,1400.0,1450.0,0.03571428571428571,True,True,False,False,False,considering
INT001303,ACT001566,CAN00620,JOB00016,2025-11-11,1.4210526315789473,0.7947368421052632,9.8,2.0,3,-1.0,2100.0,2300.0,0.09523809523809523,True,True,True,True,True,decline
INT001304,ACT002174,CAN00870,JOB00185,2025-11-11,1.4210526315789473,0.7947368421052632,9.5,2.0,1,1.0,1600.0,1450.0,-0.09375,True,True,True,True,True,apply
INT001305,ACT002174,CAN00870,JOB00071,2025-11-11,1.4210526315789473,0.7947368421052632,9.0,2.0,2,0.0,1600.0,1400.0,-0.125,True,True,True,True,True,considering
INT001306,ACT000328,CAN00129,JOB00012,2025-11-12,1.4210526315789473,0.7947368421052632,3.5,2.0,2,0.0,2250.0,1450.0,-0.35555555555555557,False,False,True,True,False,considering
INT001307,ACT002652,CAN01057,JOB00002,2025-11-12,1.4210526315789473,0.7947368421052632,9.0,2.0,2,0.0,1500.0,1500.0,0.0,True,True,False,False,True,apply
INT001308,ACT002652,CAN01057,JOB00278,2025-11-12,1.4210526315789473,0.7947368421052632,9.0,2.0,2,0.0,1500.0,1500.0,0.0,True,True,False,False,False,apply
INT001309,ACT004166,CAN01652,JOB00139,2025-11-12,1.4210526315789473,0.7947368421052632,9.0,3.0,2,1.0,2200.0,2150.0,-0.022727272727272728,True,True,False,True,True,apply
INT001310,ACT004504,CAN01789,JOB00258,2025-11-12,1.4210526315789473,0.7947368421052632,2.3,1.0,2,-1.0,2700.0,1550.0,-0.42592592592592593,False,False,True,True,True,decline
INT001311,ACT004504,CAN01789,JOB00182,2025-11-12,1.4210526315789473,0.7947368421052632,2.3,1.0,2,-1.0,2700.0,1450.0,-0.46296296296296297,False,False,True,True,False,apply
INT001312,ACT000038,CAN00016,JOB00191,2025-11-13,1.4210526315789473,0.7947368421052632,10.2,3.0,3,0.0,2150.0,2100.0,-0.023255813953488372,True,True,True,True,False,considering
INT001313,ACT000038,CAN00016,JOB00332,2025-11-13,1.4210526315789473,0.7947368421052632,10.2,3.0,3,0.0,2150.0,2050.0,-0.046511627906976744,True,True,True,True,True,apply
INT001314,ACT000905,CAN00361,JOB00050,2025-11-13,1.4210526315789473,0.7947368421052632,8.2,,2,,1950.0,2150.0,0.10256410256410256,True,True,True,True,True,apply
INT001315,ACT002710,CAN01078,JOB00008,2025-11-13,1.4210526315789473,0.7947368421052632,9.5,4.0,4,0.0,2950.0,2800.0,-0.05084745762711865,True,True,True,True,False,considering
INT001316,ACT002710,CAN01078,JOB00154,2025-11-13,1.4210526315789473,0.7947368421052632,11.0,4.0,4,0.0,2950.0,2950.0,0.0,True,True,True,True,False,apply
INT001317,ACT004618,CAN01835,JOB00219,2025-11-13,1.4210526315789473,0.7947368421052632,9.5,4.0,4,0.0,2350.0,2200.0,-0.06382978723404255,True,True,True,True,True,considering
INT001318,ACT003129,CAN01238,JOB00055,2025-11-14,1.4210526315789473,0.7947368421052632,8.3,4.0,5,-1.0,3050.0,2850.0,-0.06557377049180328,True,True,True,True,False,considering
INT001319,ACT003737,CAN01483,JOB00095,2025-11-14,1.4210526315789473,0.7947368421052632,9.0,4.0,3,1.0,2350.0,2100.0,-0.10638297872340426,True,True,True,True,True,apply
INT001320,ACT004018,CAN01594,JOB00313,2025-11-14,1.4210526315789473,0.7947368421052632,7.5,2.0,2,0.0,1750.0,1600.0,-0.08571428571428572,True,True,False,False,True,decline
INT001321,ACT004561,CAN01814,JOB00017,2025-11-14,1.4210526315789473,0.7947368421052632,10.2,4.0,4,0.0,3050.0,2900.0,-0.04918032786885246,True,True,True,True,True,apply
INT001322,ACT000650,CAN00262,JOB00240,2025-11-15,1.4210526315789473,0.7947368421052632,7.5,4.0,4,0.0,1700.0,2650.0,0.5588235294117647,False,True,True,True,False,apply
INT001323,ACT001343,CAN00526,JOB00144,2025-11-15,1.4210526315789473,0.7947368421052632,8.2,,1,,1200.0,1200.0,0.0,True,True,True,True,False,apply
INT001324,ACT001343,CAN00526,JOB00214,2025-11-15,1.4210526315789473,0.7947368421052632,8.2,,1,,1200.0,1200.0,0.0,True,True,True,True,True,apply
INT001325,ACT001343,CAN00526,JOB00027,2025-11-15,1.4210526315789473,0.7947368421052632,8.2,,1,,1200.0,1300.0,0.08333333333333333,True,True,True,True,True,apply
INT001326,ACT001484,CAN00587,JOB00229,2025-11-15,1.4210526315789473,0.7947368421052632,9.5,3.0,3,0.0,2150.0,2000.0,-0.06976744186046512,True,True,True,True,True,considering
INT001327,ACT002177,CAN00871,JOB00263,2025-11-15,1.4210526315789473,0.7947368421052632,9.8,2.0,3,-1.0,1800.0,2000.0,0.1111111111111111,True,True,True,True,False,apply
INT001328,ACT002177,CAN00871,JOB00192,2025-11-15,1.4210526315789473,0.7947368421052632,8.6,2.0,3,-1.0,1800.0,2050.0,0.1388888888888889,True,True,False,True,True,apply
INT001329,ACT003078,CAN01218,JOB00073,2025-11-15,1.4210526315789473,0.7947368421052632,9.0,4.0,3,1.0,2450.0,2150.0,-0.12244897959183673,True,True,True,True,False,apply
INT001330,ACT003400,CAN01350,JOB00085,2025-11-15,1.4210526315789473,0.7947368421052632,11.0,2.0,2,0.0,1400.0,1500.0,0.07142857142857142,True,True,True,True,False,considering
INT001331,ACT004276,CAN01699,JOB00006,2025-11-15,1.4210526315789473,0.7947368421052632,9.5,4.0,4,0.0,3350.0,3050.0,-0.08955223880597014,True,True,True,True,False,apply
INT001332,ACT004489,CAN01782,JOB00079,2025-11-15,1.4210526315789473,0.7947368421052632,7.5,4.0,4,0.0,3200.0,3000.0,-0.0625,True,True,False,False,True,considering
INT001333,ACT000237,CAN00092,JOB00048,2025-11-16,1.4210526315789473,0.7947368421052632,9.0,1.0,1,0.0,1350.0,1400.0,0.037037037037037035,True,True,False,False,True,apply
INT001334,ACT001455,CAN00575,JOB00024,2025-11-16,1.4210526315789473,0.7947368421052632,9.0,1.0,1,0.0,1200.0,1350.0,0.125,True,True,False,False,False,apply
INT001335,ACT002183,CAN00873,JOB00061,2025-11-16,1.4210526315789473,0.7947368421052632,11.0,2.0,2,0.0,1200.0,1350.0,0.125,True,True,True,True,False,decline
INT001336,ACT003505,CAN01390,JOB00034,2025-11-16,1.4210526315789473,0.7947368421052632,10.2,4.0,4,0.0,3150.0,3000.0,-0.047619047619047616,True,True,True,True,True,considering
INT001337,ACT003659,CAN01452,JOB00078,2025-11-16,1.4210526315789473,0.7947368421052632,9.5,4.0,3,1.0,2300.0,2100.0,-0.08695652173913043,True,True,True,True,True,apply
INT001338,ACT000920,CAN00365,JOB00214,2025-11-17,1.4210526315789473,0.7947368421052632,11.0,1.0,1,0.0,1200.0,1200.0,0.0,True,True,True,True,False,apply
INT001339,ACT000291,CAN00114,JOB00291,2025-11-18,1.4210526315789473,0.7947368421052632,9.8,1.0,1,0.0,1200.0,1350.0,0.125,True,True,False,True,False,apply
INT001340,ACT000291,CAN00114,JOB00048,2025-11-18,1.4210526315789473,0.7947368421052632,9.8,1.0,1,0.0,1200.0,1400.0,0.16666666666666666,True,True,False,True,False,apply
INT001341,ACT002452,CAN00979,JOB00263,2025-11-18,1.4210526315789473,0.7947368421052632,10.2,3.0,3,0.0,2050.0,2000.0,-0.024390243902439025,True,True,True,True,True,apply
INT001342,ACT002952,CAN01171,JOB00121,2025-11-18,1.4210526315789473,0.7947368421052632,7.0,4.0,4,0.0,3500.0,3050.0,-0.12857142857142856,True,True,False,False,False,apply
INT001343,ACT002952,CAN01171,JOB00022,2025-11-18,1.4210526315789473,0.7947368421052632,7.0,4.0,4,0.0,3500.0,3100.0,-0.11428571428571428,True,True,False,False,True,apply
INT001344,ACT003261,CAN01293,JOB00022,2025-11-18,1.4210526315789473,0.7947368421052632,9.0,5.0,4,1.0,3550.0,3100.0,-0.1267605633802817,True,True,True,True,True,apply
INT001345,ACT003261,CAN01293,JOB00193,2025-11-18,1.4210526315789473,0.7947368421052632,7.8,5.0,3,2.0,3550.0,3000.0,-0.15492957746478872,True,True,False,True,False,apply
INT001346,ACT004471,CAN01775,JOB00096,2025-11-18,1.4210526315789473,0.7947368421052632,9.0,3.0,3,0.0,2350.0,2250.0,-0.0425531914893617,True,True,False,True,True,apply
INT001347,ACT004495,CAN01785,JOB00241,2025-11-18,1.4210526315789473,0.7947368421052632,9.5,2.0,1,1.0,1550.0,1450.0,-0.06451612903225806,True,True,True,True,True,considering
INT001348,ACT004495,CAN01785,JOB00202,2025-11-18,1.4210526315789473,0.7947368421052632,8.2,2.0,2,0.0,1550.0,1500.0,-0.03225806451612903,True,True,False,False,False,apply
INT001349,ACT000078,CAN00031,JOB00096,2025-11-19,1.4210526315789473,0.7947368421052632,3.0999999999999996,2.0,3,-1.0,2750.0,2250.0,-0.18181818181818182,False,True,False,True,False,considering
INT001350,ACT000557,CAN00226,JOB00026,2025-11-19,1.4210526315789473,0.7947368421052632,7.8,4.0,3,1.0,2550.0,2150.0,-0.1568627450980392,True,True,False,True,False,considering
INT001351,ACT001896,CAN00759,JOB00071,2025-11-19,1.4210526315789473,0.7947368421052632,9.0,2.0,2,0.0,1600.0,1400.0,-0.125,True,True,True,True,False,apply
INT001352,ACT002802,CAN01113,JOB00198,2025-11-19,1.4210526315789473,0.7947368421052632,8.6,2.0,3,-1.0,2150.0,2150.0,0.0,True,True,False,True,True,apply
INT001353,ACT003138,CAN01242,JOB00029,2025-11-19,1.4210526315789473,0.7947368421052632,11.0,1.0,1,0.0,1200.0,1300.0,0.08333333333333333,True,True,True,True,False,apply
INT001354,ACT003165,CAN01252,JOB00187,2025-11-19,1.4210526315789473,0.7947368421052632,9.0,4.0,4,0.0,2100.0,2200.0,0.047619047619047616,True,True,False,False,True,apply
INT001355,ACT004731,CAN01878,JOB00295,2025-11-19,1.4210526315789473,0.7947368421052632,9.0,3.0,3,0.0,2300.0,2200.0,-0.043478260869565216,True,True,False,True,False,considering
INT001356,ACT004731,CAN01878,JOB00026,2025-11-19,1.4210526315789473,0.7947368421052632,9.5,3.0,3,0.0,2300.0,2150.0,-0.06521739130434782,True,True,True,True,True,apply
INT001357,ACT000007,CAN00003,JOB00214,2025-11-20,1.4210526315789473,0.7947368421052632,8.2,,1,,1200.0,1200.0,0.0,True,True,True,True,True,apply
INT001358,ACT000194,CAN00075,JOB00183,2025-11-20,1.4210526315789473,0.7947368421052632,9.0,3.0,3,0.0,3000.0,2950.0,-0.016666666666666666,True,True,False,True,True,apply
INT001359,ACT000848,CAN00341,JOB00079,2025-11-20,1.4210526315789473,0.7947368421052632,7.5,4.0,4,0.0,3250.0,3000.0,-0.07692307692307693,True,True,False,False,False,apply
INT001360,ACT000957,CAN00380,JOB00176,2025-11-20,1.4210526315789473,0.7947368421052632,10.2,2.0,2,0.0,1450.0,1400.0,-0.034482758620689655,True,True,True,True,False,apply
INT001361,ACT003393,CAN01347,JOB00008,2025-11-20,1.4210526315789473,0.7947368421052632,6.0,4.0,4,0.0,2950.0,2800.0,-0.05084745762711865,False,True,True,True,False,decline
INT001362,ACT003983,CAN01582,JOB00215,2025-11-20,1.4210526315789473,0.7947368421052632,9.0,3.0,3,0.0,2300.0,1950.0,-0.15217391304347827,True,True,True,True,True,apply
INT001363,ACT000571,CAN00230,JOB00323,2025-11-21,1.4210526315789473,0.7947368421052632,9.0,3.0,2,1.0,1700.0,1500.0,-0.11764705882352941,True,True,True,True,True,decline
INT001364,ACT001233,CAN00484,JOB00103,2025-11-21,1.4210526315789473,0.7947368421052632,6.3,2.0,3,-1.0,1750.0,2100.0,0.2,False,True,True,True,True,considering
INT001365,ACT004226,CAN01677,JOB00295,2025-11-21,1.4210526315789473,0.7947368421052632,4.8,3.0,3,0.0,2400.0,2200.0,-0.08333333333333333,False,True,False,True,True,decline
INT001366,ACT000031,CAN00013,JOB00296,2025-11-22,1.4210526315789473,0.7947368421052632,9.0,1.0,1,0.0,1300.0,1400.0,0.07692307692307693,True,True,False,False,True,apply
INT001367,ACT000031,CAN00013,JOB00340,2025-11-22,1.4210526315789473,0.7947368421052632,9.0,1.0,1,0.0,1300.0,1300.0,0.0,True,True,False,False,True,apply
INT001368,ACT001574,CAN00623,JOB00015,2025-11-22,1.4210526315789473,0.7947368421052632,10.2,4.0,4,0.0,3150.0,3000.0,-0.047619047619047616,True,True,True,True,False,considering
INT001369,ACT002175,CAN00870,JOB00063,2025-11-22,1.4210526315789473,0.7947368421052632,9.0,2.0,2,0.0,1600.0,1600.0,0.0,True,True,False,False,True,apply
INT001370,ACT003584,CAN01423,JOB00114,2025-11-22,1.4210526315789473,0.7947368421052632,7.5,2.0,2,0.0,1200.0,1200.0,0.0,False,True,True,True,True,considering
INT001371,ACT004021,CAN01595,JOB00091,2025-11-22,1.4210526315789473,0.7947368421052632,11.0,1.0,1,0.0,1200.0,1250.0,0.041666666666666664,True,True,True,True,False,considering
INT001372,ACT004021,CAN01595,JOB00102,2025-11-22,1.4210526315789473,0.7947368421052632,9.8,1.0,1,0.0,1200.0,1200.0,0.0,True,True,False,True,True,considering
INT001373,ACT004021,CAN01595,JOB00027,2025-11-22,1.4210526315789473,0.7947368421052632,9.8,1.0,1,0.0,1200.0,1300.0,0.08333333333333333,True,True,False,True,False,apply
INT001374,ACT002862,CAN01136,JOB00260,2025-11-23,1.4210526315789473,0.7947368421052632,7.0,2.0,3,-1.0,2200.0,2150.0,-0.022727272727272728,True,True,False,False,False,decline
INT001375,ACT003247,CAN01287,JOB00175,2025-11-23,1.4210526315789473,0.7947368421052632,6.3,4.0,4,0.0,2050.0,3200.0,0.5609756097560976,False,True,False,True,False,apply
INT001376,ACT003989,CAN01584,JOB00121,2025-11-23,1.4210526315789473,0.7947368421052632,6.3,4.0,4,0.0,2100.0,3050.0,0.4523809523809524,False,True,False,True,False,apply
INT001377,ACT003989,CAN01584,JOB00022,2025-11-23,1.4210526315789473,0.7947368421052632,7.5,4.0,4,0.0,2100.0,3100.0,0.47619047619047616,False,True,True,True,True,apply
INT001378,ACT004167,CAN01652,JOB00247,2025-11-23,1.4210526315789473,0.7947368421052632,10.2,3.0,3,0.0,2200.0,2150.0,-0.022727272727272728,True,True,True,True,False,considering
INT001379,ACT004562,CAN01814,JOB00305,2025-11-23,1.4210526315789473,0.7947368421052632,10.2,4.0,4,0.0,3050.0,2950.0,-0.03278688524590164,True,True,True,True,True,apply
INT001380,ACT004593,CAN01826,JOB00288,2025-11-23,1.4210526315789473,0.7947368421052632,9.8,2.0,2,0.0,1500.0,1700.0,0.13333333333333333,True,True,False,True,True,considering
INT001381,ACT002005,CAN00803,JOB00123,2025-11-24,1.4210526315789473,0.7947368421052632,7.8,2.0,3,-1.0,1900.0,1950.0,0.02631578947368421,True,True,False,False,False,decline
INT001382,ACT002910,CAN01155,JOB00248,2025-11-24,1.4210526315789473,0.7947368421052632,9.0,3.0,2,1.0,1650.0,1650.0,0.0,True,True,False,False,True,apply
INT001383,ACT002910,CAN01155,JOB00228,2025-11-24,1.4210526315789473,0.7947368421052632,8.2,3.0,2,1.0,1650.0,1600.0,-0.030303030303030304,True,True,False,False,False,considering
INT001384,ACT001337,CAN00523,JOB00085,2025-11-25,1.4210526315789473,0.7947368421052632,11.0,2.0,2,0.0,1500.0,1500.0,0.0,True,True,True,True,False,apply
INT001385,ACT001337,CAN00523,JOB00012,2025-11-25,1.4210526315789473,0.7947368421052632,10.2,2.0,2,0.0,1500.0,1450.0,-0.03333333333333333,True,True,True,True,False,considering
INT001386,ACT001337,CAN00523,JOB00176,2025-11-25,1.4210526315789473,0.7947368421052632,9.5,2.0,2,0.0,1500.0,1400.0,-0.06666666666666667,True,True,True,True,False,decline
INT001387,ACT002653,CAN01057,JOB00063,2025-11-25,1.4210526315789473,0.7947368421052632,9.0,2.0,2,0.0,1500.0,1600.0,0.06666666666666667,True,True,False,False,False,apply
INT001388,ACT002653,CAN01057,JOB00288,2025-11-25,1.4210526315789473,0.7947368421052632,9.0,2.0,2,0.0,1500.0,1700.0,0.13333333333333333,True,True,False,False,False,apply
INT001389,ACT002874,CAN01141,JOB00145,2025-11-25,1.4210526315789473,0.7947368421052632,5.5,4.0,4,0.0,2850.0,2750.0,-0.03508771929824561,False,True,False,True,True,considering
INT001390,ACT004109,CAN01632,JOB00134,2025-11-25,1.4210526315789473,0.7947368421052632,7.8,2.0,3,-1.0,2300.0,1950.0,-0.15217391304347827,True,True,True,True,False,decline
INT001391,ACT004710,CAN01870,JOB00248,2025-11-26,1.4210526315789473,0.7947368421052632,6.2,,2,,1650.0,1650.0,0.0,True,True,False,False,True,apply
INT001392,ACT000303,CAN00120,JOB00191,2025-11-27,1.4210526315789473,0.7947368421052632,9.0,3.0,3,0.0,2200.0,2100.0,-0.045454545454545456,True,True,False,True,True,considering
INT001393,ACT000651,CAN00262,JOB00154,2025-11-27,1.4210526315789473,0.7947368421052632,6.3,4.0,4,0.0,1700.0,2950.0,0.7352941176470589,False,True,False,True,True,apply
INT001394,ACT001025,CAN00406,JOB00006,2025-11-27,1.4210526315789473,0.7947368421052632,7.0,4.0,4,0.0,3550.0,3050.0,-0.14084507042253522,True,True,False,False,False,apply
INT001395,ACT001025,CAN00406,JOB00089,2025-11-27,1.4210526315789473,0.7947368421052632,7.0,4.0,4,0.0,3550.0,3150.0,-0.11267605633802817,True,True,False,False,False,apply
INT001396,ACT001456,CAN00575,JOB00307,2025-11-27,1.4210526315789473,0.7947368421052632,11.0,1.0,1,0.0,1200.0,1250.0,0.041666666666666664,True,True,True,True,False,considering
INT001397,ACT002298,CAN00920,JOB00096,2025-11-28,1.4210526315789473,0.7947368421052632,7.5,3.0,3,0.0,1800.0,2250.0,0.25,False,True,True,True,True,apply
INT001398,ACT002298,CAN00920,JOB00101,2025-11-28,1.4210526315789473,0.7947368421052632,6.3,3.0,4,-1.0,1800.0,2300.0,0.2777777777777778,False,True,True,True,True,apply
INT001399,ACT003738,CAN01483,JOB00050,2025-11-28,1.4210526315789473,0.7947368421052632,8.3,4.0,2,2.0,2350.0,2150.0,-0.0851063829787234,True,True,False,True,True,apply
INT001400,ACT004404,CAN01751,JOB00201,2025-11-28,1.4210526315789473,0.7947368421052632,9.8,2.0,1,1.0,1250.0,1300.0,0.04,True,True,False,True,True,considering
INT001401,ACT004404,CAN01751,JOB00259,2025-11-28,1.4210526315789473,0.7947368421052632,10.2,2.0,1,1.0,1250.0,1200.0,-0.04,True,True,True,True,False,apply
INT001402,ACT004701,CAN01867,JOB00103,2025-11-28,1.4210526315789473,0.7947368421052632,9.8,2.0,3,-1.0,2000.0,2100.0,0.05,True,True,True,True,False,decline
INT001403,ACT004701,CAN01867,JOB00126,2025-11-28,1.4210526315789473,0.7947368421052632,9.8,2.0,3,-1.0,2000.0,2050.0,0.025,True,True,True,True,False,decline
INT001404,ACT002727,CAN01084,JOB00244,2025-11-29,1.4210526315789473,0.7947368421052632,9.0,4.0,4,0.0,3150.0,3150.0,0.0,True,True,False,False,False,considering
INT001405,ACT003492,CAN01385,JOB00033,2025-11-29,1.4210526315789473,0.7947368421052632,7.8,2.0,3,-1.0,2050.0,2350.0,0.14634146341463414,True,True,False,False,False,apply
INT001406,ACT003492,CAN01385,JOB00039,2025-11-29,1.4210526315789473,0.7947368421052632,7.8,2.0,3,-1.0,2050.0,2200.0,0.07317073170731707,True,True,False,False,False,apply
INT001407,ACT004277,CAN01699,JOB00193,2025-11-29,1.4210526315789473,0.7947368421052632,7.8,4.0,3,1.0,3350.0,3000.0,-0.1044776119402985,True,True,False,True,True,considering
INT001408,ACT004277,CAN01699,JOB00175,2025-11-29,1.4210526315789473,0.7947368421052632,9.0,4.0,4,0.0,3350.0,3200.0,-0.04477611940298507,True,True,False,True,False,considering
INT001409,ACT000312,CAN00123,JOB00027,2025-11-30,1.4210526315789473,0.7947368421052632,9.0,1.0,1,0.0,1350.0,1300.0,-0.037037037037037035,True,True,False,True,True,apply
INT001410,ACT003506,CAN01390,JOB00329,2025-11-30,1.4210526315789473,0.7947368421052632,9.5,4.0,4,0.0,3150.0,2850.0,-0.09523809523809523,True,True,True,True,False,apply
INT001411,ACT003506,CAN01390,JOB00017,2025-11-30,1.4210526315789473,0.7947368421052632,9.5,4.0,4,0.0,3150.0,2900.0,-0.07936507936507936,True,True,True,True,False,apply
INT001412,ACT004227,CAN01677,JOB00078,2025-11-30,1.4210526315789473,0.7947368421052632,5.5,3.0,3,0.0,2400.0,2100.0,-0.125,False,True,True,True,True,decline
INT001413,ACT000387,CAN00157,JOB00063,2025-12-01,1.5426497277676952,0.7643375680580762,9.8,2.0,2,0.0,1550.0,1600.0,0.03225806451612903,True,True,False,True,True,apply
INT001414,ACT000558,CAN00226,JOB00152,2025-12-01,1.5426497277676952,0.7643375680580762,7.8,4.0,3,1.0,2550.0,2200.0,-0.13725490196078433,True,True,False,True,True,considering
INT001415,ACT000558,CAN00226,JOB00136,2025-12-01,1.5426497277676952,0.7643375680580762,7.8,4.0,4,0.0,2550.0,2100.0,-0.17647058823529413,True,True,False,True,False,apply
INT001416,ACT001992,CAN00798,JOB00021,2025-12-01,1.5426497277676952,0.7643375680580762,9.0,1.0,1,0.0,1300.0,1300.0,0.0,True,True,False,False,True,apply
INT001417,ACT000912,CAN00363,JOB00268,2025-12-02,1.5426497277676952,0.7643375680580762,9.8,3.0,4,-1.0,2100.0,2100.0,0.0,True,True,True,True,False,apply
INT001418,ACT002976,CAN01180,JOB00165,2025-12-02,1.5426497277676952,0.7643375680580762,9.5,4.0,4,0.0,3300.0,3050.0,-0.07575757575757576,True,True,True,True,False,apply
INT001419,ACT004496,CAN01785,JOB00012,2025-12-02,1.5426497277676952,0.7643375680580762,7.5,2.0,2,0.0,1550.0,1450.0,-0.06451612903225806,True,True,False,False,False,apply
INT001420,ACT002821,CAN01121,JOB00100,2025-12-04,1.5426497277676952,0.7643375680580762,6.3,4.0,4,0.0,2100.0,2750.0,0.30952380952380953,False,True,False,True,False,apply
INT001421,ACT000265,CAN00103,JOB00092,2025-12-05,1.5426497277676952,0.7643375680580762,9.0,1.0,1,0.0,1200.0,1200.0,0.0,True,True,False,False,False,apply
INT001422,ACT000333,CAN00131,JOB00207,2025-12-05,1.5426497277676952,0.7643375680580762,11.0,1.0,1,0.0,1200.0,1250.0,0.041666666666666664,True,True,True,True,False,apply
INT001423,ACT001150,CAN00453,JOB00048,2025-12-05,1.5426497277676952,0.7643375680580762,9.8,1.0,1,0.0,1300.0,1400.0,0.07692307692307693,True,True,False,True,False,apply
INT001424,ACT003451,CAN01369,JOB00294,2025-12-05,1.5426497277676952,0.7643375680580762,7.8,4.0,4,0.0,3150.0,2800.0,-0.1111111111111111,True,True,False,True,True,apply
INT001425,ACT003451,CAN01369,JOB00129,2025-12-05,1.5426497277676952,0.7643375680580762,8.3,4.0,4,0.0,3150.0,2850.0,-0.09523809523809523,True,True,False,True,True,apply
INT001426,ACT004110,CAN01632,JOB00026,2025-12-05,1.5426497277676952,0.7643375680580762,8.3,2.0,3,-1.0,2300.0,2150.0,-0.06521739130434782,True,True,True,True,True,apply
INT001427,ACT002933,CAN01163,JOB00175,2025-12-06,1.5426497277676952,0.7643375680580762,9.8,4.0,4,0.0,3150.0,3200.0,0.015873015873015872,True,True,False,True,False,apply
INT001428,ACT003193,CAN01264,JOB00017,2025-12-06,1.5426497277676952,0.7643375680580762,7.0,5.0,4,1.0,3400.0,2900.0,-0.14705882352941177,True,True,False,False,True,considering
INT001429,ACT003660,CAN01452,JOB00026,2025-12-06,1.5426497277676952,0.7643375680580762,8.3,4.0,3,1.0,2300.0,2150.0,-0.06521739130434782,True,True,False,True,False,apply
INT001430,ACT004134,CAN01640,JOB00026,2025-12-06,1.5426497277676952,0.7643375680580762,10.2,3.0,3,0.0,2200.0,2150.0,-0.022727272727272728,True,True,True,True,True,considering
INT001431,ACT004395,CAN01747,JOB00012,2025-12-06,1.5426497277676952,0.7643375680580762,9.0,2.0,2,0.0,1450.0,1450.0,0.0,True,True,False,False,False,considering
INT001432,ACT003585,CAN01423,JOB00267,2025-12-07,1.5426497277676952,0.7643375680580762,8.2,,1,,1200.0,1200.0,0.0,True,True,True,True,True,apply
INT001433,ACT000304,CAN00120,JOB00095,2025-12-08,1.5426497277676952,0.7643375680580762,9.0,3.0,3,0.0,2200.0,2100.0,-0.045454545454545456,True,True,False,True,False,decline
INT001434,ACT000883,CAN00353,JOB00207,2025-12-08,1.5426497277676952,0.7643375680580762,8.2,,1,,1200.0,1250.0,0.041666666666666664,True,True,True,True,True,considering
INT001435,ACT004563,CAN01814,JOB00321,2025-12-08,1.5426497277676952,0.7643375680580762,10.2,4.0,3,1.0,3050.0,2900.0,-0.04918032786885246,True,True,True,True,False,apply
INT001436,ACT001897,CAN00759,JOB00185,2025-12-09,1.5426497277676952,0.7643375680580762,9.5,2.0,1,1.0,1600.0,1450.0,-0.09375,True,True,True,True,False,apply
INT001437,ACT004178,CAN01657,JOB00215,2025-12-09,1.5426497277676952,0.7643375680580762,11.0,3.0,3,0.0,1900.0,1950.0,0.02631578947368421,True,True,True,True,True,considering
INT001438,ACT004702,CAN01867,JOB00263,2025-12-09,1.5426497277676952,0.7643375680580762,8.6,2.0,3,-1.0,2000.0,2000.0,0.0,True,True,False,True,False,apply
INT001439,ACT004702,CAN01867,JOB00148,2025-12-09,1.5426497277676952,0.7643375680580762,9.0,2.0,3,-1.0,2000.0,1900.0,-0.05,True,True,True,True,True,decline
INT001440,ACT000079,CAN00031,JOB00226,2025-12-10,1.5426497277676952,0.7643375680580762,5.0,2.0,2,0.0,2750.0,2050.0,-0.2545454545454545,False,True,True,True,False,considering
INT001441,ACT000079,CAN00031,JOB00033,2025-12-10,1.5426497277676952,0.7643375680580762,4.3,2.0,3,-1.0,2750.0,2350.0,-0.14545454545454545,False,True,True,True,False,apply
INT001442,ACT000313,CAN00123,JOB00133,2025-12-10,1.5426497277676952,0.7643375680580762,7.8,1.0,1,0.0,1350.0,1200.0,-0.1111111111111111,True,True,False,True,True,apply
INT001443,ACT000313,CAN00123,JOB00221,2025-12-10,1.5426497277676952,0.7643375680580762,9.0,1.0,1,0.0,1350.0,1200.0,-0.1111111111111111,True,True,True,True,False,apply
INT001444,ACT000313,CAN00123,JOB00207,2025-12-10,1.5426497277676952,0.7643375680580762,8.3,1.0,1,0.0,1350.0,1250.0,-0.07407407407407407,True,True,False,True,False,apply
INT001445,ACT000499,CAN00203,JOB00063,2025-12-10,1.5426497277676952,0.7643375680580762,9.8,3.0,2,1.0,1600.0,1600.0,0.0,True,True,False,True,False,apply
INT001446,ACT000551,CAN00224,JOB00033,2025-12-10,1.5426497277676952,0.7643375680580762,10.2,3.0,3,0.0,2400.0,2350.0,-0.020833333333333332,True,True,True,True,True,considering
INT001447,ACT003886,CAN01546,JOB00013,2025-12-10,1.5426497277676952,0.7643375680580762,11.0,1.0,1,0.0,1200.0,1250.0,0.041666666666666664,True,True,True,True,False,apply
INT001448,ACT004022,CAN01595,JOB00133,2025-12-10,1.5426497277676952,0.7643375680580762,11.0,1.0,1,0.0,1200.0,1200.0,0.0,True,True,True,True,False,apply
INT001449,ACT004732,CAN01878,JOB00136,2025-12-10,1.5426497277676952,0.7643375680580762,8.3,3.0,4,-1.0,2300.0,2100.0,-0.08695652173913043,True,True,True,True,True,apply
INT001450,ACT004732,CAN01878,JOB00134,2025-12-10,1.5426497277676952,0.7643375680580762,9.0,3.0,3,0.0,2300.0,1950.0,-0.15217391304347827,True,True,True,True,False,apply
INT001451,ACT001026,CAN00406,JOB00066,2025-12-11,1.5426497277676952,0.7643375680580762,7.0,4.0,3,1.0,3550.0,3000.0,-0.15492957746478872,True,True,False,False,False,decline
INT001452,ACT001026,CAN00406,JOB00175,2025-12-11,1.5426497277676952,0.7643375680580762,7.5,4.0,4,0.0,3550.0,3200.0,-0.09859154929577464,True,True,False,False,False,apply
INT001453,ACT002167,CAN00867,JOB00201,2025-12-11,1.5426497277676952,0.7643375680580762,8.2,2.0,1,1.0,1350.0,1300.0,-0.037037037037037035,True,True,False,False,False,apply
INT001454,ACT002774,CAN01104,JOB00021,2025-12-11,1.5426497277676952,0.7643375680580762,9.0,1.0,1,0.0,1250.0,1300.0,0.04,True,True,False,False,True,apply
INT001455,ACT000408,CAN00165,JOB00054,2025-12-12,1.5426497277676952,0.7643375680580762,8.3,5.0,5,0.0,3350.0,3150.0,-0.05970149253731343,True,True,False,True,False,considering
INT001456,ACT001234,CAN00484,JOB00123,2025-12-12,1.5426497277676952,0.7643375680580762,6.3,2.0,3,-1.0,1750.0,1950.0,0.11428571428571428,False,True,True,True,True,considering
INT001457,ACT001234,CAN00484,JOB00215,2025-12-12,1.5426497277676952,0.7643375680580762,6.3,2.0,3,-1.0,1750.0,1950.0,0.11428571428571428,False,True,True,True,True,decline
INT001458,ACT001276,CAN00499,JOB00033,2025-12-12,1.5426497277676952,0.7643375680580762,9.8,2.0,3,-1.0,1950.0,2350.0,0.20512820512820512,True,True,True,True,True,considering
INT001459,ACT001276,CAN00499,JOB00127,2025-12-12,1.5426497277676952,0.7643375680580762,9.8,2.0,3,-1.0,1950.0,2200.0,0.1282051282051282,True,True,True,True,True,apply
INT001460,ACT001584,CAN00629,JOB00050,2025-12-12,1.5426497277676952,0.7643375680580762,2.7,,2,,1900.0,2150.0,0.13157894736842105,False,True,False,False,False,considering
INT001461,ACT001887,CAN00755,JOB00126,2025-12-12,1.5426497277676952,0.7643375680580762,11.0,3.0,3,0.0,1900.0,2050.0,0.07894736842105263,True,True,True,True,False,apply
INT001462,ACT003851,CAN01530,JOB00021,2025-12-12,1.5426497277676952,0.7643375680580762,7.0,2.0,1,1.0,1600.0,1300.0,-0.1875,True,True,False,False,True,apply
INT001463,ACT004594,CAN01826,JOB00228,2025-12-12,1.5426497277676952,0.7643375680580762,11.0,2.0,2,0.0,1500.0,1600.0,0.06666666666666667,True,True,True,True,False,considering
INT001464,ACT003025,CAN01199,JOB00091,2025-12-13,1.5426497277676952,0.7643375680580762,9.8,1.0,1,0.0,1250.0,1250.0,0.0,True,True,False,True,False,considering
INT001465,ACT003025,CAN01199,JOB00207,2025-12-13,1.5426497277676952,0.7643375680580762,11.0,1.0,1,0.0,1250.0,1250.0,0.0,True,True,True,True,False,apply
INT001466,ACT003990,CAN01584,JOB00089,2025-12-13,1.5426497277676952,0.7643375680580762,6.3,4.0,4,0.0,2100.0,3150.0,0.5,False,True,False,True,True,considering
INT001467,ACT002244,CAN00897,JOB00305,2025-12-14,1.5426497277676952,0.7643375680580762,7.8,5.0,4,1.0,3400.0,2950.0,-0.1323529411764706,True,True,False,True,False,decline
INT001468,ACT003493,CAN01385,JOB00260,2025-12-15,1.5426497277676952,0.7643375680580762,7.8,2.0,3,-1.0,2050.0,2150.0,0.04878048780487805,True,True,False,False,False,apply
INT001469,ACT000671,CAN00269,JOB00219,2025-12-16,1.5426497277676952,0.7643375680580762,11.0,4.0,4,0.0,2150.0,2200.0,0.023255813953488372,True,True,True,True,False,apply
INT001470,ACT002006,CAN00803,JOB00103,2025-12-16,1.5426497277676952,0.7643375680580762,7.8,2.0,3,-1.0,1900.0,2100.0,0.10526315789473684,True,True,False,False,False,apply
INT001471,ACT002006,CAN00803,JOB00036,2025-12-16,1.5426497277676952,0.7643375680580762,7.8,2.0,3,-1.0,1900.0,1950.0,0.02631578947368421,True,True,False,False,True,considering
INT001472,ACT002498,CAN00995,JOB00029,2025-12-16,1.5426497277676952,0.7643375680580762,11.0,1.0,1,0.0,1200.0,1300.0,0.08333333333333333,True,True,True,True,True,considering
INT001473,ACT003921,CAN01559,JOB00303,2025-12-16,1.5426497277676952,0.7643375680580762,9.8,2.0,3,-1.0,2000.0,2100.0,0.05,True,True,True,True,False,apply
INT001474,ACT004111,CAN01632,JOB00152,2025-12-16,1.5426497277676952,0.7643375680580762,7.8,2.0,3,-1.0,2300.0,2200.0,-0.043478260869565216,True,True,False,True,False,considering
INT001475,ACT004111,CAN01632,JOB00341,2025-12-16,1.5426497277676952,0.7643375680580762,7.8,2.0,3,-1.0,2300.0,2050.0,-0.10869565217391304,True,True,True,True,False,apply
INT001476,ACT003272,CAN01298,JOB00247,2025-12-17,1.5426497277676952,0.7643375680580762,10.2,3.0,3,0.0,2200.0,2150.0,-0.022727272727272728,True,True,True,True,False,apply
INT001477,ACT004519,CAN01796,JOB00127,2025-12-17,1.5426497277676952,0.7643375680580762,5.5,3.0,3,0.0,2550.0,2200.0,-0.13725490196078433,False,True,True,True,True,considering
INT001478,ACT000652,CAN00262,JOB00173,2025-12-18,1.5426497277676952,0.7643375680580762,6.3,4.0,4,0.0,1700.0,2750.0,0.6176470588235294,False,True,False,True,False,decline
INT001479,ACT000652,CAN00262,JOB00110,2025-12-18,1.5426497277676952,0.7643375680580762,7.0,,2,,1700.0,1950.0,0.14705882352941177,True,True,False,True,False,considering
INT001480,ACT001063,CAN00420,JOB00201,2025-12-18,1.5426497277676952,0.7643375680580762,9.0,1.0,1,0.0,1250.0,1300.0,0.04,True,True,False,False,True,apply
INT001481,ACT001063,CAN00420,JOB00027,2025-12-18,1.5426497277676952,0.7643375680580762,9.0,1.0,1,0.0,1250.0,1300.0,0.04,True,True,False,False,True,decline
INT001482,ACT004406,CAN01751,JOB00333,2025-12-18,1.5426497277676952,0.7643375680580762,10.2,2.0,1,1.0,1250.0,1200.0,-0.04,True,True,True,True,False,apply
INT001483,ACT002427,CAN00970,JOB00078,2025-12-19,1.5426497277676952,0.7643375680580762,7.8,4.0,3,1.0,2350.0,2100.0,-0.10638297872340426,True,True,False,True,True,apply
INT001484,ACT003484,CAN01381,JOB00033,2025-12-19,1.5426497277676952,0.7643375680580762,11.0,3.0,3,0.0,2200.0,2350.0,0.06818181818181818,True,True,True,True,True,considering
INT001485,ACT003484,CAN01381,JOB00247,2025-12-19,1.5426497277676952,0.7643375680580762,10.2,3.0,3,0.0,2200.0,2150.0,-0.022727272727272728,True,True,True,True,False,apply
INT001486,ACT000305,CAN00120,JOB00332,2025-12-20,1.5426497277676952,0.7643375680580762,8.3,3.0,3,0.0,2200.0,2050.0,-0.06818181818181818,True,True,False,True,False,decline
INT001487,ACT003218,CAN01275,JOB00051,2025-12-20,1.5426497277676952,0.7643375680580762,11.0,2.0,1,1.0,1250.0,1350.0,0.08,True,True,True,True,False,decline
INT001488,ACT003546,CAN01406,JOB00308,2025-12-21,1.5426497277676952,0.7643375680580762,8.3,2.0,3,-1.0,2100.0,1900.0,-0.09523809523809523,True,True,True,True,False,apply
INT001489,ACT003546,CAN01406,JOB00103,2025-12-21,1.5426497277676952,0.7643375680580762,8.6,2.0,3,-1.0,2100.0,2100.0,0.0,True,True,False,True,False,apply
INT001490,ACT004903,CAN01949,JOB00187,2025-12-21,1.5426497277676952,0.7643375680580762,10.2,4.0,4,0.0,2250.0,2200.0,-0.022222222222222223,True,True,True,True,True,apply
INT001491,ACT003794,CAN01505,JOB00287,2025-12-22,1.5426497277676952,0.7643375680580762,7.8,5.0,4,1.0,3450.0,3100.0,-0.10144927536231885,True,True,False,True,True,apply
INT001492,ACT003794,CAN01505,JOB00089,2025-12-22,1.5426497277676952,0.7643375680580762,8.3,5.0,4,1.0,3450.0,3150.0,-0.08695652173913043,True,True,False,True,False,apply
INT001493,ACT003991,CAN01584,JOB00287,2025-12-22,1.5426497277676952,0.7643375680580762,6.3,4.0,4,0.0,2100.0,3100.0,0.47619047619047616,False,True,False,True,False,considering
INT001494,ACT001151,CAN00453,JOB00291,2025-12-23,1.5426497277676952,0.7643375680580762,11.0,1.0,1,0.0,1300.0,1350.0,0.038461538461538464,True,True,True,True,False,apply
INT001495,ACT002107,CAN00845,JOB00263,2025-12-23,1.5426497277676952,0.7643375680580762,8.2,3.0,3,0.0,2050.0,2000.0,-0.024390243902439025,True,True,False,False,False,considering
INT001496,ACT002107,CAN00845,JOB00282,2025-12-23,1.5426497277676952,0.7643375680580762,9.0,3.0,3,0.0,2050.0,2050.0,0.0,True,True,False,False,False,apply
INT001497,ACT002107,CAN00845,JOB00036,2025-12-23,1.5426497277676952,0.7643375680580762,8.2,3.0,3,0.0,2050.0,1950.0,-0.04878048780487805,True,True,False,False,True,apply
INT001498,ACT002207,CAN00882,JOB00152,2025-12-23,1.5426497277676952,0.7643375680580762,8.3,3.0,3,0.0,2350.0,2200.0,-0.06382978723404255,True,True,False,True,True,decline
INT001499,ACT003923,CAN01560,JOB00031,2025-12-23,1.5426497277676952,0.7643375680580762,11.0,1.0,1,0.0,1200.0,1200.0,0.0,True,True,True,True,True,decline
INT001500,ACT000684,CAN00275,JOB00180,2025-12-24,1.5426497277676952,0.7643375680580762,8.2,4.0,4,0.0,3150.0,3000.0,-0.047619047619047616,True,True,False,False,True,apply
INT001501,ACT000684,CAN00275,JOB00079,2025-12-24,1.5426497277676952,0.7643375680580762,8.2,4.0,4,0.0,3150.0,3000.0,-0.047619047619047616,True,True,False,False,True,considering
INT001502,ACT000684,CAN00275,JOB00015,2025-12-24,1.5426497277676952,0.7643375680580762,8.2,4.0,4,0.0,3150.0,3000.0,-0.047619047619047616,True,True,False,False,True,apply
INT001503,ACT001121,CAN00441,JOB00291,2025-12-24,1.5426497277676952,0.7643375680580762,9.8,1.0,1,0.0,1250.0,1350.0,0.08,True,True,False,True,True,considering
INT001504,ACT001121,CAN00441,JOB00318,2025-12-24,1.5426497277676952,0.7643375680580762,11.0,1.0,1,0.0,1250.0,1250.0,0.0,True,True,True,True,False,decline
INT001505,ACT001487,CAN00588,JOB00095,2025-12-24,1.5426497277676952,0.7643375680580762,9.8,3.0,3,0.0,2050.0,2100.0,0.024390243902439025,True,True,False,True,False,considering
INT001506,ACT001487,CAN00588,JOB00020,2025-12-24,1.5426497277676952,0.7643375680580762,9.0,3.0,3,0.0,2050.0,2000.0,-0.024390243902439025,True,True,False,True,False,apply
INT001507,ACT002324,CAN00931,JOB00138,2025-12-24,1.5426497277676952,0.7643375680580762,7.5,4.0,4,0.0,3050.0,2750.0,-0.09836065573770492,True,True,False,False,False,apply
INT001508,ACT002934,CAN01163,JOB00287,2025-12-24,1.5426497277676952,0.7643375680580762,9.0,4.0,4,0.0,3150.0,3100.0,-0.015873015873015872,True,True,False,True,True,apply
INT001509,ACT002934,CAN01163,JOB00232,2025-12-24,1.5426497277676952,0.7643375680580762,7.5,4.0,3,1.0,3150.0,2950.0,-0.06349206349206349,True,True,False,False,True,apply
INT001510,ACT004703,CAN01867,JOB00336,2025-12-24,1.5426497277676952,0.7643375680580762,8.2,2.0,4,-2.0,2000.0,2200.0,0.1,True,True,True,True,False,apply
INT001511,ACT000266,CAN00103,JOB00267,2025-12-25,1.5426497277676952,0.7643375680580762,11.0,1.0,1,0.0,1200.0,1200.0,0.0,True,True,True,True,True,apply
INT001512,ACT000266,CAN00103,JOB00031,2025-12-25,1.5426497277676952,0.7643375680580762,11.0,1.0,1,0.0,1200.0,1200.0,0.0,True,True,True,True,True,apply
INT001513,ACT000869,CAN00348,JOB00073,2025-12-25,1.5426497277676952,0.7643375680580762,6.3,3.0,3,0.0,1800.0,2150.0,0.19444444444444445,False,True,False,True,False,considering
INT001514,ACT002074,CAN00833,JOB00063,2025-12-25,1.5426497277676952,0.7643375680580762,1.5,2.0,2,0.0,3000.0,1600.0,-0.4666666666666667,False,False,False,False,True,decline
INT001515,ACT003101,CAN01228,JOB00003,2025-12-25,1.5426497277676952,0.7643375680580762,11.0,2.0,1,1.0,1250.0,1250.0,0.0,True,True,True,True,False,apply
INT001516,ACT003831,CAN01522,JOB00129,2025-12-25,1.5426497277676952,0.7643375680580762,9.0,5.0,4,1.0,2950.0,2850.0,-0.03389830508474576,True,True,False,True,True,decline
INT001517,ACT003852,CAN01530,JOB00202,2025-12-25,1.5426497277676952,0.7643375680580762,7.5,2.0,2,0.0,1600.0,1500.0,-0.0625,True,True,False,False,False,considering
INT001518,ACT003852,CAN01530,JOB00085,2025-12-25,1.5426497277676952,0.7643375680580762,7.5,2.0,2,0.0,1600.0,1500.0,-0.0625,True,True,False,False,False,apply
INT001519,ACT000057,CAN00023,JOB00303,2025-12-26,1.5426497277676952,0.7643375680580762,5.5,3.0,3,0.0,2600.0,2100.0,-0.19230769230769232,False,True,True,True,False,decline
INT001520,ACT000057,CAN00023,JOB00016,2025-12-26,1.5426497277676952,0.7643375680580762,3.5,3.0,3,0.0,2600.0,2300.0,-0.11538461538461539,False,True,False,False,False,considering
INT001521,ACT002007,CAN00803,JOB00059,2025-12-26,1.5426497277676952,0.7643375680580762,8.2,2.0,4,-2.0,1900.0,2000.0,0.05263157894736842,True,True,True,True,True,apply
INT001522,ACT001915,CAN00766,JOB00076,2025-12-27,1.5426497277676952,0.7643375680580762,5.5,4.0,4,0.0,1850.0,2750.0,0.4864864864864865,False,True,False,False,False,considering
INT001523,ACT002245,CAN00897,JOB00155,2025-12-27,1.5426497277676952,0.7643375680580762,9.0,5.0,4,1.0,3400.0,3000.0,-0.11764705882352941,True,True,True,True,True,apply
INT001524,ACT002245,CAN00897,JOB00079,2025-12-27,1.5426497277676952,0.7643375680580762,7.8,5.0,4,1.0,3400.0,3000.0,-0.11764705882352941,True,True,False,True,True,apply
INT001525,ACT002783,CAN01107,JOB00160,2025-12-27,1.5426497277676952,0.7643375680580762,9.0,2.0,2,0.0,1300.0,1300.0,0.0,True,True,False,False,False,decline
INT001526,ACT003054,CAN01210,JOB00335,2025-12-27,1.5426497277676952,0.7643375680580762,9.5,4.0,4,0.0,2400.0,2250.0,-0.0625,True,True,True,True,False,decline
INT001527,ACT003544,CAN01405,JOB00313,2025-12-27,1.5426497277676952,0.7643375680580762,9.0,3.0,2,1.0,1650.0,1600.0,-0.030303030303030304,True,True,False,True,False,considering
INT001528,ACT000409,CAN00165,JOB00165,2025-12-28,1.5426497277676952,0.7643375680580762,8.3,5.0,4,1.0,3350.0,3050.0,-0.08955223880597014,True,True,False,True,False,apply
INT001529,ACT000967,CAN00384,JOB00201,2025-12-28,1.5426497277676952,0.7643375680580762,11.0,1.0,1,0.0,1300.0,1300.0,0.0,True,True,True,True,False,apply
INT001530,ACT001716,CAN00683,JOB00328,2025-12-28,1.5426497277676952,0.7643375680580762,11.0,1.0,1,0.0,1300.0,1350.0,0.038461538461538464,True,True,True,True,False,considering
INT001531,ACT002089,CAN00839,JOB00085,2025-12-28,1.5426497277676952,0.7643375680580762,9.8,1.0,2,-1.0,1350.0,1500.0,0.1111111111111111,True,True,True,True,False,apply
INT001532,ACT002089,CAN00839,JOB00012,2025-12-28,1.5426497277676952,0.7643375680580762,9.8,1.0,2,-1.0,1350.0,1450.0,0.07407407407407407,True,True,True,True,False,apply
INT001533,ACT003887,CAN01546,JOB00328,2025-12-28,1.5426497277676952,0.7643375680580762,11.0,1.0,1,0.0,1200.0,1350.0,0.125,True,True,True,True,False,considering
INT001534,ACT003887,CAN01546,JOB00048,2025-12-28,1.5426497277676952,0.7643375680580762,11.0,1.0,1,0.0,1200.0,1400.0,0.16666666666666666,True,True,True,True,True,apply
INT001535,ACT003887,CAN01546,JOB00318,2025-12-28,1.5426497277676952,0.7643375680580762,11.0,1.0,1,0.0,1200.0,1250.0,0.041666666666666664,True,True,True,True,False,decline
INT001536,ACT003485,CAN01381,JOB00127,2025-12-29,1.5426497277676952,0.7643375680580762,11.0,3.0,3,0.0,2200.0,2200.0,0.0,True,True,True,True,True,apply
INT001537,ACT000371,CAN00151,JOB00027,2025-12-30,1.5426497277676952,0.7643375680580762,9.0,2.0,1,1.0,1350.0,1300.0,-0.037037037037037035,True,True,False,True,False,apply
INT001538,ACT000371,CAN00151,JOB00207,2025-12-30,1.5426497277676952,0.7643375680580762,8.3,2.0,1,1.0,1350.0,1250.0,-0.07407407407407407,True,True,False,True,False,apply
INT001539,ACT000371,CAN00151,JOB00265,2025-12-30,1.5426497277676952,0.7643375680580762,9.8,2.0,2,0.0,1350.0,1350.0,0.0,True,True,False,True,False,apply
INT001540,ACT000838,CAN00337,JOB00003,2025-12-30,1.5426497277676952,0.7643375680580762,9.0,1.0,1,0.0,1200.0,1250.0,0.041666666666666664,True,True,False,False,False,considering
INT001541,ACT002464,CAN00983,JOB00334,2025-12-30,1.5426497277676952,0.7643375680580762,8.2,4.0,4,0.0,3000.0,2850.0,-0.05,True,True,False,False,False,considering
INT001542,ACT002697,CAN01074,JOB00138,2025-12-30,1.5426497277676952,0.7643375680580762,10.2,4.0,4,0.0,2800.0,2750.0,-0.017857142857142856,True,True,True,True,False,considering
INT001543,ACT003283,CAN01304,JOB00048,2025-12-30,1.5426497277676952,0.7643375680580762,8.2,1.0,1,0.0,1450.0,1400.0,-0.034482758620689655,True,True,False,False,False,considering
INT001544,ACT003283,CAN01304,JOB00184,2025-12-30,1.5426497277676952,0.7643375680580762,9.0,1.0,1,0.0,1450.0,1450.0,0.0,True,True,False,False,True,apply
INT001545,ACT001888,CAN00755,JOB00215,2025-12-31,1.5426497277676952,0.7643375680580762,11.0,3.0,3,0.0,1900.0,1950.0,0.02631578947368421,True,True,True,True,False,considering
INT001546,ACT002422,CAN00967,JOB00232,2025-12-31,1.5426497277676952,0.7643375680580762,7.0,4.0,3,1.0,3300.0,2950.0,-0.10606060606060606,True,True,False,False,False,apply
INT001547,ACT003874,CAN01540,JOB00201,2025-12-31,1.5426497277676952,0.7643375680580762,9.0,2.0,1,1.0,1350.0,1300.0,-0.037037037037037035,True,True,False,True,True,apply
INT001548,ACT003874,CAN01540,JOB00027,2025-12-31,1.5426497277676952,0.7643375680580762,9.0,2.0,1,1.0,1350.0,1300.0,-0.037037037037037035,True,True,False,True,True,apply
INT001549,ACT004712,CAN01871,JOB00040,2025-12-31,1.5426497277676952,0.7643375680580762,8.3,3.0,4,-1.0,2350.0,2200.0,-0.06382978723404255,True,True,True,True,True,apply
INT001550,ACT004712,CAN01871,JOB00247,2025-12-31,1.5426497277676952,0.7643375680580762,9.5,3.0,3,0.0,2350.0,2150.0,-0.0851063829787234,True,True,True,True,False,apply
INT001551,ACT004769,CAN01893,JOB00134,2025-12-31,1.5426497277676952,0.7643375680580762,5.0,4.0,3,1.0,3000.0,1950.0,-0.35,False,True,True,True,False,considering
INT001552,ACT002398,CAN00957,JOB00291,2026-01-01,1.6878402903811252,0.7280399274047187,11.0,1.0,1,0.0,1350.0,1350.0,0.0,True,True,True,True,False,apply
INT001553,ACT003924,CAN01560,JOB00194,2026-01-01,1.6878402903811252,0.7280399274047187,11.0,1.0,1,0.0,1200.0,1250.0,0.041666666666666664,True,True,True,True,False,apply
INT001554,ACT001104,CAN00435,JOB00335,2026-01-02,1.6878402903811252,0.7280399274047187,7.8,3.0,4,-1.0,2250.0,2250.0,0.0,True,True,False,False,False,apply
INT001555,ACT002131,CAN00854,JOB00046,2026-01-02,1.6878402903811252,0.7280399274047187,11.0,1.0,1,0.0,1200.0,1300.0,0.08333333333333333,True,True,True,True,False,decline
INT001556,ACT003219,CAN01275,JOB00337,2026-01-02,1.6878402903811252,0.7280399274047187,11.0,2.0,2,0.0,1250.0,1600.0,0.28,True,True,True,True,True,apply
INT001557,ACT003371,CAN01340,JOB00067,2026-01-02,1.6878402903811252,0.7280399274047187,9.8,3.0,2,1.0,1550.0,1550.0,0.0,True,True,False,True,True,considering
INT001558,ACT000058,CAN00023,JOB00053,2026-01-03,1.6878402903811252,0.7280399274047187,3.5,3.0,3,0.0,2600.0,2150.0,-0.17307692307692307,False,True,False,False,False,apply
INT001559,ACT000058,CAN00023,JOB00127,2026-01-03,1.6878402903811252,0.7280399274047187,3.5,3.0,3,0.0,2600.0,2200.0,-0.15384615384615385,False,True,False,False,False,considering
INT001560,ACT000672,CAN00269,JOB00073,2026-01-03,1.6878402903811252,0.7280399274047187,11.0,4.0,3,1.0,2150.0,2150.0,0.0,True,True,True,True,False,considering
INT001561,ACT001911,CAN00765,JOB00127,2026-01-03,1.6878402903811252,0.7280399274047187,9.8,3.0,3,0.0,2200.0,2200.0,0.0,True,True,False,True,True,apply
INT001562,ACT003189,CAN01262,JOB00044,2026-01-03,1.6878402903811252,0.7280399274047187,9.8,4.0,5,-1.0,2800.0,2850.0,0.017857142857142856,True,True,True,True,False,apply
INT001563,ACT003273,CAN01298,JOB00016,2026-01-03,1.6878402903811252,0.7280399274047187,9.8,3.0,3,0.0,2200.0,2300.0,0.045454545454545456,True,True,False,True,True,apply
INT001564,ACT002306,CAN00924,JOB00242,2026-01-04,1.6878402903811252,0.7280399274047187,9.8,2.0,2,0.0,1450.0,1450.0,0.0,True,True,False,True,True,decline
INT001565,ACT002306,CAN00924,JOB00337,2026-01-04,1.6878402903811252,0.7280399274047187,11.0,2.0,2,0.0,1450.0,1600.0,0.10344827586206896,True,True,True,True,True,apply
INT001566,ACT004529,CAN01800,JOB00056,2026-01-04,1.6878402903811252,0.7280399274047187,9.5,4.0,4,0.0,3100.0,2900.0,-0.06451612903225806,True,True,True,True,False,considering
INT001567,ACT000505,CAN00206,JOB00127,2026-01-05,1.6878402903811252,0.7280399274047187,10.2,3.0,3,0.0,2250.0,2200.0,-0.022222222222222223,True,True,True,True,True,decline
INT001568,ACT000505,CAN00206,JOB00237,2026-01-05,1.6878402903811252,0.7280399274047187,9.8,3.0,4,-1.0,2250.0,2400.0,0.06666666666666667,True,True,True,True,True,decline
INT001569,ACT001216,CAN00478,JOB00159,2026-01-05,1.6878402903811252,0.7280399274047187,11.0,1.0,1,0.0,1250.0,1250.0,0.0,True,True,True,True,True,apply
INT001570,ACT004904,CAN01949,JOB00103,2026-01-05,1.6878402903811252,0.7280399274047187,9.5,4.0,3,1.0,2250.0,2100.0,-0.06666666666666667,True,True,True,True,False,considering
INT001571,ACT004904,CAN01949,JOB00126,2026-01-05,1.6878402903811252,0.7280399274047187,9.5,4.0,3,1.0,2250.0,2050.0,-0.08888888888888889,True,True,True,True,False,apply
INT001572,ACT000267,CAN00103,JOB00307,2026-01-06,1.6878402903811252,0.7280399274047187,9.0,1.0,1,0.0,1200.0,1250.0,0.041666666666666664,True,True,False,False,True,apply
INT001573,ACT000267,CAN00103,JOB00194,2026-01-06,1.6878402903811252,0.7280399274047187,11.0,1.0,1,0.0,1200.0,1250.0,0.041666666666666664,True,True,True,True,False,considering
INT001574,ACT002679,CAN01068,JOB00207,2026-01-06,1.6878402903811252,0.7280399274047187,9.0,1.0,1,0.0,1300.0,1250.0,-0.038461538461538464,True,True,False,True,False,apply
INT001575,ACT001048,CAN00414,JOB00265,2026-01-07,1.6878402903811252,0.7280399274047187,10.2,2.0,2,0.0,1400.0,1350.0,-0.03571428571428571,True,True,True,True,False,apply
INT001576,ACT002698,CAN01074,JOB00334,2026-01-07,1.6878402903811252,0.7280399274047187,9.0,4.0,4,0.0,2800.0,2850.0,0.017857142857142856,True,True,False,False,False,considering
INT001577,ACT002702,CAN01075,JOB00159,2026-01-07,1.6878402903811252,0.7280399274047187,8.2,,1,,1250.0,1250.0,0.0,True,True,True,True,True,considering
INT001578,ACT003050,CAN01208,JOB00313,2026-01-07,1.6878402903811252,0.7280399274047187,9.5,3.0,2,1.0,1700.0,1600.0,-0.058823529411764705,True,True,True,True,False,apply
INT001579,ACT003795,CAN01505,JOB00238,2026-01-07,1.6878402903811252,0.7280399274047187,8.3,5.0,3,2.0,3450.0,3150.0,-0.08695652173913043,True,True,False,True,False,considering
INT001580,ACT003664,CAN01453,JOB00058,2026-01-08,1.6878402903811252,0.7280399274047187,9.5,4.0,3,1.0,2950.0,2700.0,-0.0847457627118644,True,True,True,True,False,decline
INT001581,ACT002423,CAN00967,JOB00175,2026-01-09,1.6878402903811252,0.7280399274047187,9.0,4.0,4,0.0,3300.0,3200.0,-0.030303030303030304,True,True,False,True,True,considering
INT001582,ACT002423,CAN00967,JOB00287,2026-01-09,1.6878402903811252,0.7280399274047187,8.3,4.0,4,0.0,3300.0,3100.0,-0.06060606060606061,True,True,False,True,False,apply
INT001583,ACT004667,CAN01855,JOB00205,2026-01-09,1.6878402903811252,0.7280399274047187,2.2,,2,,3000.0,1900.0,-0.36666666666666664,False,True,True,True,False,decline
INT001584,ACT004667,CAN01855,JOB00226,2026-01-09,1.6878402903811252,0.7280399274047187,3.0,2.0,2,0.0,3000.0,2050.0,-0.31666666666666665,False,True,False,False,False,apply
INT001585,ACT004667,CAN01855,JOB00096,2026-01-09,1.6878402903811252,0.7280399274047187,1.8,2.0,3,-1.0,3000.0,2250.0,-0.25,False,True,False,False,False,considering
INT001586,ACT000018,CAN00007,JOB00101,2026-01-10,1.6878402903811252,0.7280399274047187,9.5,4.0,4,0.0,2450.0,2300.0,-0.061224489795918366,True,True,True,True,True,apply
INT001587,ACT004827,CAN01918,JOB00207,2026-01-10,1.6878402903811252,0.7280399274047187,11.0,1.0,1,0.0,1200.0,1250.0,0.041666666666666664,True,True,True,True,False,apply
INT001588,ACT003232,CAN01281,JOB00048,2026-01-11,1.6878402903811252,0.7280399274047187,9.8,1.0,1,0.0,1350.0,1400.0,0.037037037037037035,True,True,False,True,False,apply
INT001589,ACT003942,CAN01567,JOB00016,2026-01-11,1.6878402903811252,0.7280399274047187,9.0,4.0,3,1.0,2700.0,2300.0,-0.14814814814814814,True,True,True,True,False,apply
INT001590,ACT001848,CAN00739,JOB00003,2026-01-12,1.6878402903811252,0.7280399274047187,9.8,1.0,1,0.0,1250.0,1250.0,0.0,True,True,False,True,False,decline
INT001591,ACT001912,CAN00765,JOB00004,2026-01-12,1.6878402903811252,0.7280399274047187,9.0,3.0,3,0.0,2200.0,2200.0,0.0,True,True,False,False,True,apply
INT001592,ACT002325,CAN00931,JOB00339,2026-01-12,1.6878402903811252,0.7280399274047187,8.2,4.0,4,0.0,3050.0,2900.0,-0.04918032786885246,True,True,False,False,False,apply
INT001593,ACT003901,CAN01552,JOB00123,2026-01-12,1.6878402903811252,0.7280399274047187,7.5,3.0,3,0.0,1900.0,1950.0,0.02631578947368421,False,True,True,True,False,apply
INT001594,ACT000034,CAN00015,JOB00256,2026-01-14,1.6878402903811252,0.7280399274047187,9.0,2.0,2,0.0,1650.0,1450.0,-0.12121212121212122,True,True,True,True,False,apply
INT001595,ACT000064,CAN00026,JOB00092,2026-01-14,1.6878402903811252,0.7280399274047187,9.0,1.0,1,0.0,1400.0,1200.0,-0.14285714285714285,True,True,True,True,True,apply
INT001596,ACT000506,CAN00206,JOB00033,2026-01-14,1.6878402903811252,0.7280399274047187,11.0,3.0,3,0.0,2250.0,2350.0,0.044444444444444446,True,True,True,True,True,apply
INT001597,ACT001038,CAN00410,JOB00023,2026-01-14,1.6878402903811252,0.7280399274047187,5.5,5.0,4,1.0,1750.0,2900.0,0.6571428571428571,False,True,False,False,True,apply
INT001598,ACT001038,CAN00410,JOB00205,2026-01-14,1.6878402903811252,0.7280399274047187,6.2,,2,,1750.0,1900.0,0.08571428571428572,True,True,False,False,True,considering
INT001599,ACT001038,CAN00410,JOB00339,2026-01-14,1.6878402903811252,0.7280399274047187,7.5,5.0,4,1.0,1750.0,2900.0,0.6571428571428571,False,True,True,True,True,apply
INT001600,ACT001622,CAN00647,JOB00184,2026-01-14,1.6878402903811252,0.7280399274047187,9.0,1.0,1,0.0,1400.0,1450.0,0.03571428571428571,True,True,False,False,False,apply
INT001601,ACT003338,CAN01326,JOB00092,2026-01-14,1.6878402903811252,0.7280399274047187,11.0,1.0,1,0.0,1200.0,1200.0,0.0,True,True,True,True,True,considering
INT001602,ACT003338,CAN01326,JOB00027,2026-01-14,1.6878402903811252,0.7280399274047187,11.0,1.0,1,0.0,1200.0,1300.0,0.08333333333333333,True,True,True,True,False,apply
INT001603,ACT000870,CAN00348,JOB00110,2026-01-15,1.6878402903811252,0.7280399274047187,6.3,3.0,2,1.0,1800.0,1950.0,0.08333333333333333,False,True,False,True,False,considering
INT001604,ACT001176,CAN00463,JOB00170,2026-01-15,1.6878402903811252,0.7280399274047187,9.0,4.0,3,1.0,2350.0,2100.0,-0.10638297872340426,True,True,True,True,True,apply
INT001605,ACT003284,CAN01304,JOB00206,2026-01-15,1.6878402903811252,0.7280399274047187,9.5,1.0,1,0.0,1450.0,1350.0,-0.06896551724137931,True,True,True,True,False,apply
INT001606,ACT003284,CAN01304,JOB00296,2026-01-15,1.6878402903811252,0.7280399274047187,8.2,1.0,1,0.0,1450.0,1400.0,-0.034482758620689655,True,True,False,False,True,apply
INT001607,ACT004050,CAN01607,JOB00291,2026-01-15,1.6878402903811252,0.7280399274047187,9.0,2.0,1,1.0,1550.0,1350.0,-0.12903225806451613,True,True,True,True,False,apply
INT001608,ACT004816,CAN01913,JOB00067,2026-01-15,1.6878402903811252,0.7280399274047187,7.8,3.0,2,1.0,1850.0,1550.0,-0.16216216216216217,True,True,False,True,False,considering
INT001609,ACT004400,CAN01749,JOB00226,2026-01-16,1.6878402903811252,0.7280399274047187,7.5,2.0,2,0.0,2250.0,2050.0,-0.08888888888888889,True,True,False,False,True,apply
INT001610,ACT004400,CAN01749,JOB00277,2026-01-16,1.6878402903811252,0.7280399274047187,7.0,2.0,3,-1.0,2250.0,2150.0,-0.044444444444444446,True,True,False,False,True,apply
INT001611,ACT000342,CAN00136,JOB00194,2026-01-17,1.6878402903811252,0.7280399274047187,11.0,1.0,1,0.0,1200.0,1250.0,0.041666666666666664,True,True,True,True,False,decline
INT001612,ACT001592,CAN00632,JOB00152,2026-01-17,1.6878402903811252,0.7280399274047187,7.8,4.0,3,1.0,2550.0,2200.0,-0.13725490196078433,True,True,False,True,False,decline
INT001613,ACT003730,CAN01480,JOB00238,2026-01-18,1.6878402903811252,0.7280399274047187,8.3,3.0,3,0.0,3450.0,3150.0,-0.08695652173913043,True,True,False,True,True,apply
INT001614,ACT003925,CAN01560,JOB00712,2026-01-18,1.6878402903811252,0.7280399274047187,11.0,1.0,1,0.0,1200.0,1300.0,0.08333333333333333,True,True,True,True,True,apply
INT001615,ACT004326,CAN01719,JOB00259,2026-01-18,1.6878402903811252,0.7280399274047187,9.0,1.0,1,0.0,1400.0,1200.0,-0.14285714285714285,True,True,True,True,False,apply
INT001616,ACT004326,CAN01719,JOB00003,2026-01-18,1.6878402903811252,0.7280399274047187,7.8,1.0,1,0.0,1400.0,1250.0,-0.10714285714285714,True,True,False,True,True,decline
INT001617,ACT001105,CAN00435,JOB00608,2026-01-19,1.6878402903811252,0.7280399274047187,8.2,3.0,3,0.0,2250.0,2150.0,-0.044444444444444446,True,True,False,False,False,apply
INT001618,ACT003051,CAN01208,JOB00239,2026-01-19,1.6878402903811252,0.7280399274047187,9.0,3.0,3,0.0,1700.0,1650.0,-0.029411764705882353,True,True,False,True,True,apply
INT001619,ACT000139,CAN00053,JOB00048,2026-01-20,1.6878402903811252,0.7280399274047187,9.0,1.0,1,0.0,1300.0,1400.0,0.07692307692307693,True,True,False,False,True,apply
INT001620,ACT000372,CAN00151,JOB00712,2026-01-20,1.6878402903811252,0.7280399274047187,8.2,2.0,1,1.0,1350.0,1300.0,-0.037037037037037035,True,True,False,False,False,decline
INT001621,ACT002018,CAN00808,JOB00159,2026-01-20,1.6878402903811252,0.7280399274047187,9.0,1.0,1,0.0,1500.0,1250.0,-0.16666666666666666,True,True,True,True,False,apply
INT001622,ACT003040,CAN01204,JOB00002,2026-01-20,1.6878402903811252,0.7280399274047187,9.0,2.0,2,0.0,1850.0,1500.0,-0.1891891891891892,True,True,True,True,False,apply
INT001623,ACT003040,CAN01204,JOB00045,2026-01-20,1.6878402903811252,0.7280399274047187,8.5,2.0,2,0.0,1850.0,1400.0,-0.24324324324324326,True,True,True,True,True,apply
INT001624,ACT003365,CAN01338,JOB00238,2026-01-20,1.6878402903811252,0.7280399274047187,7.5,3.0,3,0.0,2200.0,3150.0,0.4318181818181818,False,True,True,True,False,apply
INT001625,ACT000129,CAN00050,JOB00021,2026-01-21,1.6878402903811252,0.7280399274047187,10.2,1.0,1,0.0,1350.0,1300.0,-0.037037037037037035,True,True,True,True,True,considering
INT001626,ACT001876,CAN00751,JOB00030,2026-01-21,1.6878402903811252,0.7280399274047187,7.0,3.0,3,0.0,2550.0,2150.0,-0.1568627450980392,True,True,False,False,True,considering
INT001627,ACT002132,CAN00854,JOB00799,2026-01-21,1.6878402903811252,0.7280399274047187,9.8,1.0,1,0.0,1200.0,1300.0,0.08333333333333333,True,True,False,True,False,considering
INT001628,ACT002978,CAN01181,JOB00337,2026-01-21,1.6878402903811252,0.7280399274047187,9.8,2.0,2,0.0,1600.0,1600.0,0.0,True,True,False,True,False,apply
INT001629,ACT003190,CAN01262,JOB00058,2026-01-21,1.6878402903811252,0.7280399274047187,10.2,4.0,3,1.0,2800.0,2700.0,-0.03571428571428571,True,True,True,True,False,considering
INT001630,ACT003190,CAN01262,JOB00129,2026-01-21,1.6878402903811252,0.7280399274047187,11.0,4.0,4,0.0,2800.0,2850.0,0.017857142857142856,True,True,True,True,False,apply
INT001631,ACT004204,CAN01667,JOB00742,2026-01-21,1.6878402903811252,0.7280399274047187,5.0,4.0,4,0.0,2950.0,2150.0,-0.2711864406779661,False,True,True,True,False,considering
INT001632,ACT004770,CAN01893,JOB00246,2026-01-21,1.6878402903811252,0.7280399274047187,3.8,4.0,2,2.0,3000.0,1950.0,-0.35,False,True,False,True,False,considering
INT001633,ACT000737,CAN00294,JOB00323,2026-01-22,1.6878402903811252,0.7280399274047187,8.2,,2,,1300.0,1500.0,0.15384615384615385,True,True,True,True,False,apply
INT001634,ACT000737,CAN00294,JOB00083,2026-01-22,1.6878402903811252,0.7280399274047187,8.2,,2,,1300.0,1500.0,0.15384615384615385,True,True,True,True,False,considering
INT001635,ACT002307,CAN00924,JOB00048,2026-01-22,1.6878402903811252,0.7280399274047187,10.2,2.0,1,1.0,1450.0,1400.0,-0.034482758620689655,True,True,True,True,False,considering
INT001636,ACT000035,CAN00015,JOB00047,2026-01-23,1.6878402903811252,0.7280399274047187,9.5,2.0,2,0.0,1650.0,1500.0,-0.09090909090909091,True,True,True,True,True,apply
INT001637,ACT000451,CAN00183,JOB00135,2026-01-23,1.6878402903811252,0.7280399274047187,5.0,4.0,3,1.0,2650.0,2050.0,-0.22641509433962265,False,True,True,True,True,apply
INT001638,ACT001217,CAN00478,JOB00799,2026-01-23,1.6878402903811252,0.7280399274047187,11.0,1.0,1,0.0,1250.0,1300.0,0.04,True,True,True,True,True,apply
INT001639,ACT001217,CAN00478,JOB00200,2026-01-23,1.6878402903811252,0.7280399274047187,10.2,1.0,1,0.0,1250.0,1200.0,-0.04,True,True,True,True,True,apply
INT001640,ACT001217,CAN00478,JOB00021,2026-01-23,1.6878402903811252,0.7280399274047187,11.0,1.0,1,0.0,1250.0,1300.0,0.04,True,True,True,True,True,decline
INT001641,ACT001051,CAN00415,JOB00026,2026-01-24,1.6878402903811252,0.7280399274047187,6.3,2.0,3,-1.0,2300.0,2150.0,-0.06521739130434782,True,True,False,False,True,considering
INT001642,ACT001204,CAN00473,JOB00027,2026-01-24,1.6878402903811252,0.7280399274047187,11.0,1.0,1,0.0,1200.0,1300.0,0.08333333333333333,True,True,True,True,False,apply
INT001643,ACT001438,CAN00569,JOB00763,2026-01-24,1.6878402903811252,0.7280399274047187,8.5,5.0,4,1.0,3700.0,2950.0,-0.20270270270270271,True,True,True,True,True,apply
INT001644,ACT003645,CAN01447,JOB00701,2026-01-24,1.6878402903811252,0.7280399274047187,7.5,3.0,3,0.0,1800.0,1700.0,-0.05555555555555555,True,True,False,False,False,apply
INT001645,ACT000069,CAN00027,JOB00212,2026-01-25,1.6878402903811252,0.7280399274047187,9.8,2.0,2,0.0,1450.0,1450.0,0.0,True,True,False,True,True,apply
INT001646,ACT001844,CAN00737,JOB00330,2026-01-25,1.6878402903811252,0.7280399274047187,9.0,3.0,3,0.0,2250.0,1850.0,-0.17777777777777778,True,True,True,True,True,apply
INT001647,ACT001844,CAN00737,JOB00126,2026-01-25,1.6878402903811252,0.7280399274047187,9.5,3.0,3,0.0,2250.0,2050.0,-0.08888888888888889,True,True,True,True,False,apply
INT001648,ACT003233,CAN01281,JOB00046,2026-01-25,1.6878402903811252,0.7280399274047187,10.2,1.0,1,0.0,1350.0,1300.0,-0.037037037037037035,True,True,True,True,True,apply
INT001649,ACT003943,CAN01567,JOB00005,2026-01-25,1.6878402903811252,0.7280399274047187,7.8,4.0,4,0.0,2700.0,2250.0,-0.16666666666666666,True,True,False,True,True,considering
INT001650,ACT004668,CAN01855,JOB00004,2026-01-25,1.6878402903811252,0.7280399274047187,1.8,2.0,3,-1.0,3000.0,2200.0,-0.26666666666666666,False,True,False,False,False,decline
INT001651,ACT000949,CAN00377,JOB00291,2026-01-26,1.6878402903811252,0.7280399274047187,6.7,1.0,1,0.0,1400.0,1350.0,-0.03571428571428571,False,True,True,True,False,apply
INT001652,ACT001049,CAN00414,JOB00392,2026-01-26,1.6878402903811252,0.7280399274047187,8.6,2.0,3,-1.0,1400.0,1500.0,0.07142857142857142,True,True,False,True,True,apply
INT001653,ACT001049,CAN00414,JOB00207,2026-01-26,1.6878402903811252,0.7280399274047187,9.0,2.0,1,1.0,1400.0,1250.0,-0.10714285714285714,True,True,True,True,False,apply
INT001654,ACT002699,CAN01074,JOB00451,2026-01-26,1.6878402903811252,0.7280399274047187,9.0,4.0,4,0.0,2800.0,2850.0,0.017857142857142856,True,True,False,False,False,apply
INT001655,ACT000375,CAN00152,JOB00291,2026-01-27,1.6878402903811252,0.7280399274047187,11.0,1.0,1,0.0,1350.0,1350.0,0.0,True,True,True,True,False,apply
INT001656,ACT000375,CAN00152,JOB00328,2026-01-27,1.6878402903811252,0.7280399274047187,9.8,1.0,1,0.0,1350.0,1350.0,0.0,True,True,False,True,True,apply
INT001657,ACT001158,CAN00456,JOB00033,2026-01-27,1.6878402903811252,0.7280399274047187,5.5,3.0,3,0.0,1850.0,2350.0,0.2702702702702703,False,True,False,False,True,apply
INT001658,ACT001593,CAN00632,JOB00136,2026-01-27,1.6878402903811252,0.7280399274047187,9.0,4.0,4,0.0,2550.0,2100.0,-0.17647058823529413,True,True,True,True,False,apply
INT001659,ACT003003,CAN01191,JOB00497,2026-01-27,1.6878402903811252,0.7280399274047187,9.0,3.0,3,0.0,2450.0,2350.0,-0.04081632653061224,True,True,False,True,True,apply
INT001660,ACT003003,CAN01191,JOB00181,2026-01-27,1.6878402903811252,0.7280399274047187,7.8,3.0,3,0.0,2450.0,2150.0,-0.12244897959183673,True,True,False,True,True,apply
INT001661,ACT003091,CAN01224,JOB00135,2026-01-27,1.6878402903811252,0.7280399274047187,7.0,3.0,3,0.0,2300.0,2050.0,-0.10869565217391304,True,True,False,False,True,apply
INT001662,ACT003091,CAN01224,JOB00128,2026-01-27,1.6878402903811252,0.7280399274047187,7.0,3.0,3,0.0,2300.0,1900.0,-0.17391304347826086,True,True,False,False,True,considering
INT001663,ACT003537,CAN01403,JOB00126,2026-01-27,1.6878402903811252,0.7280399274047187,9.8,3.0,3,0.0,2050.0,2050.0,0.0,True,True,False,True,True,apply
INT001664,ACT002680,CAN01068,JOB00133,2026-01-28,1.6878402903811252,0.7280399274047187,9.5,1.0,1,0.0,1300.0,1200.0,-0.07692307692307693,True,True,True,True,True,apply
INT001665,ACT002680,CAN01068,JOB00411,2026-01-28,1.6878402903811252,0.7280399274047187,9.8,1.0,2,-1.0,1300.0,1400.0,0.07692307692307693,True,True,True,True,False,considering
INT001666,ACT002680,CAN01068,JOB00027,2026-01-28,1.6878402903811252,0.7280399274047187,9.8,1.0,1,0.0,1300.0,1300.0,0.0,True,True,False,True,True,considering
INT001667,ACT004291,CAN01705,JOB00552,2026-01-28,1.6878402903811252,0.7280399274047187,6.7,3.0,3,0.0,2100.0,2050.0,-0.023809523809523808,False,True,True,True,False,apply
INT001668,ACT000208,CAN00080,JOB00474,2026-01-29,1.6878402903811252,0.7280399274047187,8.3,3.0,3,0.0,2500.0,2250.0,-0.1,True,True,False,True,True,considering
INT001669,ACT002341,CAN00936,JOB00141,2026-01-29,1.6878402903811252,0.7280399274047187,8.2,2.0,4,-2.0,2300.0,2300.0,0.0,True,True,True,True,False,apply
INT001670,ACT002438,CAN00975,JOB00552,2026-01-29,1.6878402903811252,0.7280399274047187,7.8,2.0,3,-1.0,2150.0,2050.0,-0.046511627906976744,True,True,False,True,False,apply
INT001671,ACT002438,CAN00975,JOB00126,2026-01-29,1.6878402903811252,0.7280399274047187,7.8,2.0,3,-1.0,2150.0,2050.0,-0.046511627906976744,True,True,False,True,False,apply
INT001672,ACT003416,CAN01357,JOB00160,2026-01-29,1.6878402903811252,0.7280399274047187,9.8,1.0,2,-1.0,1300.0,1300.0,0.0,True,True,True,True,False,apply
INT001673,ACT003416,CAN01357,JOB00194,2026-01-29,1.6878402903811252,0.7280399274047187,8.2,1.0,1,0.0,1300.0,1250.0,-0.038461538461538464,True,True,False,False,False,considering
INT001674,ACT004695,CAN01865,JOB00291,2026-01-29,1.6878402903811252,0.7280399274047187,10.2,1.0,1,0.0,1400.0,1350.0,-0.03571428571428571,True,True,True,True,False,apply
INT001675,ACT004695,CAN01865,JOB00085,2026-01-29,1.6878402903811252,0.7280399274047187,9.8,1.0,2,-1.0,1400.0,1500.0,0.07142857142857142,True,True,True,True,False,apply
INT001676,ACT000758,CAN00305,JOB00271,2026-01-30,1.6878402903811252,0.7280399274047187,11.0,1.0,1,0.0,1200.0,1200.0,0.0,True,True,True,True,True,considering
INT001677,ACT001877,CAN00751,JOB00190,2026-01-30,1.6878402903811252,0.7280399274047187,7.8,3.0,4,-1.0,2550.0,2200.0,-0.13725490196078433,True,True,True,True,False,considering
INT001678,ACT001877,CAN00751,JOB00341,2026-01-30,1.6878402903811252,0.7280399274047187,7.0,3.0,3,0.0,2550.0,2050.0,-0.19607843137254902,True,True,False,False,False,apply
INT001679,ACT002809,CAN01117,JOB00341,2026-01-30,1.6878402903811252,0.7280399274047187,9.0,3.0,3,0.0,2450.0,2050.0,-0.16326530612244897,True,True,True,True,True,considering
INT001680,ACT003636,CAN01444,JOB00297,2026-01-30,1.6878402903811252,0.7280399274047187,9.0,2.0,2,0.0,1750.0,1500.0,-0.14285714285714285,True,True,True,True,True,apply
INT001681,ACT000364,CAN00148,JOB00219,2026-01-31,1.6878402903811252,0.7280399274047187,9.0,3.0,4,-1.0,2300.0,2200.0,-0.043478260869565216,True,True,True,True,False,apply
INT001682,ACT000364,CAN00148,JOB00170,2026-01-31,1.6878402903811252,0.7280399274047187,9.5,3.0,3,0.0,2300.0,2100.0,-0.08695652173913043,True,True,True,True,False,apply
INT001683,ACT000507,CAN00206,JOB00523,2026-02-02,1.8239564428312158,0.7,9.8,3.0,3,0.0,2250.0,2250.0,0.0,True,True,False,True,False,apply
INT001684,ACT001106,CAN00435,JOB00073,2026-02-02,1.8239564428312158,0.7,8.2,3.0,3,0.0,2250.0,2150.0,-0.044444444444444446,True,True,False,False,False,considering
INT001685,ACT001106,CAN00435,JOB00095,2026-02-02,1.8239564428312158,0.7,7.5,3.0,3,0.0,2250.0,2100.0,-0.06666666666666667,True,True,False,False,False,apply
INT001686,ACT002098,CAN00843,JOB00003,2026-02-02,1.8239564428312158,0.7,11.0,1.0,1,0.0,1200.0,1250.0,0.041666666666666664,True,True,True,True,True,apply
INT001687,ACT002247,CAN00898,JOB00265,2026-02-02,1.8239564428312158,0.7,6.7,,2,,1500.0,1350.0,-0.1,True,True,True,True,False,considering
INT001688,ACT000065,CAN00026,JOB00027,2026-02-03,1.8239564428312158,0.7,9.5,1.0,1,0.0,1400.0,1300.0,-0.07142857142857142,True,True,True,True,False,considering
INT001689,ACT000065,CAN00026,JOB00265,2026-02-03,1.8239564428312158,0.7,9.0,1.0,2,-1.0,1400.0,1350.0,-0.03571428571428571,True,True,True,True,False,considering
INT001690,ACT004078,CAN01619,JOB00003,2026-02-03,1.8239564428312158,0.7,1.5,1.0,1,0.0,3250.0,1250.0,-0.6153846153846154,False,False,False,False,False,considering
INT001691,ACT004183,CAN01659,JOB00029,2026-02-03,1.8239564428312158,0.7,9.8,1.0,1,0.0,1250.0,1300.0,0.04,True,True,False,True,True,apply
INT001692,ACT004715,CAN01873,JOB00409,2026-02-03,1.8239564428312158,0.7,10.2,4.0,4,0.0,2950.0,2900.0,-0.01694915254237288,True,True,True,True,False,considering
INT001693,ACT000140,CAN00053,JOB00274,2026-02-04,1.8239564428312158,0.7,9.5,1.0,1,0.0,1300.0,1200.0,-0.07692307692307693,True,True,True,True,False,apply
INT001694,ACT003362,CAN01336,JOB00070,2026-02-04,1.8239564428312158,0.7,9.0,2.0,2,0.0,1800.0,1450.0,-0.19444444444444445,True,True,True,True,False,apply
INT001695,ACT003903,CAN01552,JOB00552,2026-02-04,1.8239564428312158,0.7,7.5,3.0,3,0.0,1900.0,2050.0,0.07894736842105263,False,True,True,True,False,apply
INT001696,ACT003903,CAN01552,JOB00110,2026-02-04,1.8239564428312158,0.7,7.0,,2,,1900.0,1950.0,0.02631578947368421,True,True,False,True,True,apply
INT001697,ACT003903,CAN01552,JOB00050,2026-02-04,1.8239564428312158,0.7,8.2,,2,,1900.0,2150.0,0.13157894736842105,True,True,True,True,True,considering
INT001698,ACT004012,CAN01592,JOB00003,2026-02-04,1.8239564428312158,0.7,9.0,1.0,1,0.0,1300.0,1250.0,-0.038461538461538464,True,True,False,True,True,apply
INT001699,ACT004012,CAN01592,JOB00133,2026-02-04,1.8239564428312158,0.7,9.5,1.0,1,0.0,1300.0,1200.0,-0.07692307692307693,True,True,True,True,True,considering
INT001700,ACT000298,CAN00118,JOB00050,2026-02-05,1.8239564428312158,0.7,9.0,3.0,2,1.0,2650.0,2150.0,-0.18867924528301888,True,True,True,True,False,apply
INT001701,ACT002979,CAN01181,JOB00385,2026-02-05,1.8239564428312158,0.7,9.0,2.0,1,1.0,1600.0,1350.0,-0.15625,True,True,True,True,True,apply
INT001702,ACT004477,CAN01777,JOB00691,2026-02-05,1.8239564428312158,0.7,8.3,4.0,4,0.0,3450.0,3150.0,-0.08695652173913043,True,True,False,True,False,apply
INT001703,ACT004477,CAN01777,JOB00165,2026-02-05,1.8239564428312158,0.7,7.8,4.0,4,0.0,3450.0,3050.0,-0.11594202898550725,True,True,False,True,False,decline
INT001704,ACT004696,CAN01865,JOB00021,2026-02-05,1.8239564428312158,0.7,9.5,1.0,1,0.0,1400.0,1300.0,-0.07142857142857142,True,True,True,True,True,decline
INT001705,ACT000172,CAN00066,JOB00341,2026-02-06,1.8239564428312158,0.7,9.0,3.0,3,0.0,2450.0,2050.0,-0.16326530612244897,True,True,True,True,True,apply
INT001706,ACT000172,CAN00066,JOB00026,2026-02-06,1.8239564428312158,0.7,9.0,3.0,3,0.0,2450.0,2150.0,-0.12244897959183673,True,True,True,True,False,considering
INT001707,ACT003511,CAN01392,JOB00132,2026-02-06,1.8239564428312158,0.7,6.3,3.0,3,0.0,1900.0,2050.0,0.07894736842105263,False,True,False,True,True,apply
INT001708,ACT003538,CAN01403,JOB00036,2026-02-06,1.8239564428312158,0.7,10.2,3.0,3,0.0,2050.0,1950.0,-0.04878048780487805,True,True,True,True,False,apply
INT001709,ACT003538,CAN01403,JOB00143,2026-02-06,1.8239564428312158,0.7,9.0,3.0,3,0.0,2050.0,1950.0,-0.04878048780487805,True,True,False,True,True,apply
INT001710,ACT003958,CAN01573,JOB00205,2026-02-06,1.8239564428312158,0.7,3.0,2.0,2,0.0,3300.0,1900.0,-0.42424242424242425,False,True,False,False,False,decline
INT001711,ACT004669,CAN01855,JOB00523,2026-02-06,1.8239564428312158,0.7,1.8,2.0,3,-1.0,3000.0,2250.0,-0.25,False,True,False,False,False,apply
INT001712,ACT004669,CAN01855,JOB00247,2026-02-06,1.8239564428312158,0.7,1.8,2.0,3,-1.0,3000.0,2150.0,-0.2833333333333333,False,True,False,False,False,considering
INT001713,ACT001313,CAN00514,JOB00030,2026-02-07,1.8239564428312158,0.7,7.5,3.0,3,0.0,2350.0,2150.0,-0.0851063829787234,True,True,False,False,True,apply
INT001714,ACT003366,CAN01338,JOB00232,2026-02-07,1.8239564428312158,0.7,5.5,3.0,3,0.0,2200.0,2950.0,0.3409090909090909,False,True,False,False,False,apply
INT001715,ACT003731,CAN01480,JOB00759,2026-02-07,1.8239564428312158,0.7,6.3,3.0,4,-1.0,3450.0,3200.0,-0.07246376811594203,True,True,False,False,False,decline
INT001716,ACT003905,CAN01553,JOB00665,2026-02-07,1.8239564428312158,0.7,9.0,4.0,5,-1.0,3200.0,3050.0,-0.046875,True,True,True,True,False,apply
INT001717,ACT004192,CAN01663,JOB00691,2026-02-07,1.8239564428312158,0.7,9.0,5.0,4,1.0,3650.0,3150.0,-0.136986301369863,True,True,True,True,True,considering
INT001718,ACT001692,CAN00672,JOB00237,2026-02-08,1.8239564428312158,0.7,9.8,3.0,4,-1.0,2300.0,2400.0,0.043478260869565216,True,True,True,True,True,considering
INT001719,ACT001692,CAN00672,JOB00127,2026-02-08,1.8239564428312158,0.7,10.2,3.0,3,0.0,2300.0,2200.0,-0.043478260869565216,True,True,True,True,True,apply
INT001720,ACT001692,CAN00672,JOB00793,2026-02-08,1.8239564428312158,0.7,9.8,3.0,4,-1.0,2300.0,2350.0,0.021739130434782608,True,True,True,True,True,decline
INT001721,ACT002383,CAN00951,JOB00132,2026-02-08,1.8239564428312158,0.7,7.0,3.0,3,0.0,2400.0,2050.0,-0.14583333333333334,True,True,False,False,False,apply
INT001722,ACT004377,CAN01740,JOB00096,2026-02-08,1.8239564428312158,0.7,8.2,3.0,3,0.0,2300.0,2250.0,-0.021739130434782608,True,True,False,False,True,apply
INT001723,ACT000376,CAN00152,JOB00799,2026-02-09,1.8239564428312158,0.7,10.2,1.0,1,0.0,1350.0,1300.0,-0.037037037037037035,True,True,True,True,True,decline
INT001724,ACT002810,CAN01117,JOB00026,2026-02-09,1.8239564428312158,0.7,9.0,3.0,3,0.0,2450.0,2150.0,-0.12244897959183673,True,True,True,True,False,apply
INT001725,ACT002810,CAN01117,JOB00361,2026-02-09,1.8239564428312158,0.7,8.3,3.0,4,-1.0,2450.0,2250.0,-0.08163265306122448,True,True,True,True,True,decline
INT001726,ACT001052,CAN00415,JOB00361,2026-02-10,1.8239564428312158,0.7,5.4,2.0,4,-2.0,2300.0,2250.0,-0.021739130434782608,True,True,False,False,False,apply
INT001727,ACT001109,CAN00437,JOB00619,2026-02-10,1.8239564428312158,0.7,7.5,2.0,2,0.0,1800.0,1650.0,-0.08333333333333333,True,True,False,False,True,apply
INT001728,ACT001109,CAN00437,JOB00002,2026-02-10,1.8239564428312158,0.7,9.0,2.0,2,0.0,1800.0,1500.0,-0.16666666666666666,True,True,True,True,False,considering
INT001729,ACT001159,CAN00456,JOB00016,2026-02-10,1.8239564428312158,0.7,5.5,3.0,3,0.0,1850.0,2300.0,0.24324324324324326,False,True,False,False,True,decline
INT001730,ACT001264,CAN00496,JOB00048,2026-02-10,1.8239564428312158,0.7,9.0,1.0,1,0.0,1400.0,1400.0,0.0,True,True,False,False,False,apply
INT001731,ACT002366,CAN00944,JOB00005,2026-02-10,1.8239564428312158,0.7,4.3,3.0,4,-1.0,2600.0,2250.0,-0.1346153846153846,False,True,True,True,False,considering
INT001732,ACT003205,CAN01269,JOB00275,2026-02-10,1.8239564428312158,0.7,8.5,4.0,3,1.0,2450.0,1900.0,-0.22448979591836735,True,True,True,True,True,apply
INT001733,ACT003714,CAN01473,JOB00050,2026-02-10,1.8239564428312158,0.7,8.2,,2,,2150.0,2150.0,0.0,True,True,True,True,False,apply
INT001734,ACT000470,CAN00191,JOB00328,2026-02-11,1.8239564428312158,0.7,9.8,1.0,1,0.0,1250.0,1350.0,0.08,True,True,False,True,False,considering
INT001735,ACT000470,CAN00191,JOB00013,2026-02-11,1.8239564428312158,0.7,9.8,1.0,1,0.0,1250.0,1250.0,0.0,True,True,False,True,False,considering
INT001736,ACT001020,CAN00404,JOB00422,2026-02-11,1.8239564428312158,0.7,5.5,4.0,5,-1.0,2450.0,2350.0,-0.04081632653061224,False,True,True,True,True,decline
INT001737,ACT001020,CAN00404,JOB00050,2026-02-11,1.8239564428312158,0.7,5.5,4.0,2,2.0,2450.0,2150.0,-0.12244897959183673,False,True,True,True,True,decline
INT001738,ACT001439,CAN00569,JOB00691,2026-02-11,1.8239564428312158,0.7,9.0,5.0,4,1.0,3700.0,3150.0,-0.14864864864864866,True,True,True,True,True,apply
INT001739,ACT002155,CAN00863,JOB00242,2026-02-11,1.8239564428312158,0.7,5.0,,2,,1650.0,1450.0,-0.12121212121212122,True,True,False,True,False,apply
INT001740,ACT002342,CAN00936,JOB00101,2026-02-11,1.8239564428312158,0.7,8.2,2.0,4,-2.0,2300.0,2300.0,0.0,True,True,True,True,False,decline
INT001741,ACT002342,CAN00936,JOB00096,2026-02-11,1.8239564428312158,0.7,9.0,2.0,3,-1.0,2300.0,2250.0,-0.021739130434782608,True,True,True,True,False,apply
INT001742,ACT001490,CAN00590,JOB00003,2026-02-12,1.8239564428312158,0.7,2.3,1.0,1,0.0,3100.0,1250.0,-0.5967741935483871,False,False,False,True,True,apply
INT001743,ACT004808,CAN01909,JOB00287,2026-02-12,1.8239564428312158,0.7,7.8,4.0,4,0.0,3600.0,3100.0,-0.1388888888888889,True,True,False,True,False,decline
INT001744,ACT001196,CAN00470,JOB00026,2026-02-13,1.8239564428312158,0.7,7.5,4.0,3,1.0,2150.0,2150.0,0.0,False,True,True,True,True,apply
INT001745,ACT001199,CAN00471,JOB00205,2026-02-13,1.8239564428312158,0.7,8.5,3.0,2,1.0,2400.0,1900.0,-0.20833333333333334,True,True,True,True,False,apply
INT001746,ACT002439,CAN00975,JOB00282,2026-02-13,1.8239564428312158,0.7,9.0,2.0,3,-1.0,2150.0,2050.0,-0.046511627906976744,True,True,True,True,False,considering
INT001747,ACT004239,CAN01682,JOB00092,2026-02-13,1.8239564428312158,0.7,9.0,1.0,1,0.0,1400.0,1200.0,-0.14285714285714285,True,True,True,True,False,apply
INT001748,ACT004239,CAN01682,JOB00411,2026-02-13,1.8239564428312158,0.7,8.6,1.0,2,-1.0,1400.0,1400.0,0.0,True,True,False,True,False,apply
INT001749,ACT004333,CAN01722,JOB00378,2026-02-13,1.8239564428312158,0.7,7.8,3.0,4,-1.0,2400.0,2150.0,-0.10416666666666667,True,True,True,True,False,considering
INT001750,ACT000588,CAN00238,JOB00219,2026-02-14,1.8239564428312158,0.7,8.3,3.0,4,-1.0,2400.0,2200.0,-0.08333333333333333,True,True,True,True,False,decline
INT001751,ACT000588,CAN00238,JOB00050,2026-02-14,1.8239564428312158,0.7,9.0,3.0,2,1.0,2400.0,2150.0,-0.10416666666666667,True,True,True,True,False,apply
INT001752,ACT000668,CAN00268,JOB00499,2026-02-14,1.8239564428312158,0.7,9.0,1.0,1,0.0,1450.0,1250.0,-0.13793103448275862,True,True,True,True,False,considering
INT001753,ACT001628,CAN00650,JOB00047,2026-02-14,1.8239564428312158,0.7,9.0,2.0,2,0.0,1500.0,1500.0,0.0,True,True,False,False,False,apply
INT001754,ACT001741,CAN00696,JOB00030,2026-02-14,1.8239564428312158,0.7,7.0,3.0,3,0.0,2400.0,2150.0,-0.10416666666666667,True,True,False,False,False,considering
INT001755,ACT003637,CAN01444,JOB00288,2026-02-14,1.8239564428312158,0.7,10.2,2.0,2,0.0,1750.0,1700.0,-0.02857142857142857,True,True,True,True,False,considering
INT001756,ACT000950,CAN00377,JOB00027,2026-02-15,1.8239564428312158,0.7,6.7,,1,,1400.0,1300.0,-0.07142857142857142,True,True,True,True,True,decline
INT001757,ACT000950,CAN00377,JOB00265,2026-02-15,1.8239564428312158,0.7,7.3999999999999995,,2,,1400.0,1350.0,-0.03571428571428571,True,True,True,True,False,apply
INT001758,ACT003617,CAN01437,JOB00003,2026-02-15,1.8239564428312158,0.7,11.0,1.0,1,0.0,1250.0,1250.0,0.0,True,True,True,True,False,apply
INT001759,ACT003617,CAN01437,JOB00499,2026-02-15,1.8239564428312158,0.7,9.8,1.0,1,0.0,1250.0,1250.0,0.0,True,True,False,True,False,decline
INT001760,ACT004478,CAN01777,JOB00017,2026-02-15,1.8239564428312158,0.7,7.8,4.0,4,0.0,3450.0,2900.0,-0.15942028985507245,True,True,False,True,True,apply
INT001761,ACT000482,CAN00196,JOB00129,2026-02-16,1.8239564428312158,0.7,9.0,4.0,4,0.0,3300.0,2850.0,-0.13636363636363635,True,True,True,True,True,apply
INT001762,ACT000678,CAN00272,JOB00387,2026-02-16,1.8239564428312158,0.7,8.3,4.0,4,0.0,3300.0,3000.0,-0.09090909090909091,True,True,False,True,True,apply
INT001763,ACT000678,CAN00272,JOB00691,2026-02-16,1.8239564428312158,0.7,9.0,4.0,4,0.0,3300.0,3150.0,-0.045454545454545456,True,True,False,True,True,apply
INT001764,ACT004193,CAN01663,JOB00387,2026-02-16,1.8239564428312158,0.7,9.0,5.0,4,1.0,3650.0,3000.0,-0.1780821917808219,True,True,True,True,True,considering
INT001765,ACT004193,CAN01663,JOB00498,2026-02-16,1.8239564428312158,0.7,9.0,5.0,5,0.0,3650.0,3200.0,-0.1232876712328767,True,True,True,True,True,apply
INT001766,ACT004193,CAN01663,JOB00180,2026-02-16,1.8239564428312158,0.7,9.0,5.0,4,1.0,3650.0,3000.0,-0.1780821917808219,True,True,True,True,True,considering
INT001767,ACT000654,CAN00263,JOB00297,2026-02-17,1.8239564428312158,0.7,9.5,2.0,2,0.0,1650.0,1500.0,-0.09090909090909091,True,True,True,True,False,decline
INT001768,ACT000654,CAN00263,JOB00288,2026-02-17,1.8239564428312158,0.7,11.0,2.0,2,0.0,1650.0,1700.0,0.030303030303030304,True,True,True,True,False,apply
INT001769,ACT001053,CAN00415,JOB00341,2026-02-18,1.8239564428312158,0.7,5.8,2.0,3,-1.0,2300.0,2050.0,-0.10869565217391304,True,True,False,False,False,apply
INT001770,ACT001053,CAN00415,JOB00132,2026-02-18,1.8239564428312158,0.7,5.8,2.0,3,-1.0,2300.0,2050.0,-0.10869565217391304,True,True,False,False,False,considering
INT001771,ACT003106,CAN01231,JOB00073,2026-02-18,1.8239564428312158,0.7,7.8,4.0,3,1.0,2650.0,2150.0,-0.18867924528301888,True,True,False,True,True,apply
INT001772,ACT003781,CAN01501,JOB00333,2026-02-18,1.8239564428312158,0.7,10.2,1.0,1,0.0,1250.0,1200.0,-0.04,True,True,True,True,False,apply
INT001773,ACT003781,CAN01501,JOB00499,2026-02-18,1.8239564428312158,0.7,9.8,1.0,1,0.0,1250.0,1250.0,0.0,True,True,False,True,False,apply
INT001774,ACT003959,CAN01573,JOB00330,2026-02-18,1.8239564428312158,0.7,2.5999999999999996,2.0,3,-1.0,3300.0,1850.0,-0.4393939393939394,False,True,False,True,False,apply
INT001775,ACT003959,CAN01573,JOB00275,2026-02-18,1.8239564428312158,0.7,2.5999999999999996,2.0,3,-1.0,3300.0,1900.0,-0.42424242424242425,False,True,False,True,False,considering
INT001776,ACT003959,CAN01573,JOB00263,2026-02-18,1.8239564428312158,0.7,2.5999999999999996,2.0,3,-1.0,3300.0,2000.0,-0.3939393939393939,False,True,False,True,False,considering
INT001777,ACT003417,CAN01357,JOB00499,2026-02-19,1.8239564428312158,0.7,8.2,1.0,1,0.0,1300.0,1250.0,-0.038461538461538464,True,True,False,False,True,apply
INT001778,ACT004378,CAN01740,JOB00033,2026-02-19,1.8239564428312158,0.7,9.0,3.0,3,0.0,2300.0,2350.0,0.021739130434782608,True,True,False,False,True,considering
INT001779,ACT001747,CAN00698,JOB00092,2026-02-20,1.8239564428312158,0.7,10.2,1.0,1,0.0,1250.0,1200.0,-0.04,True,True,True,True,True,apply
INT001780,ACT004219,CAN01673,JOB00165,2026-02-20,1.8239564428312158,0.7,9.5,4.0,4,0.0,3300.0,3050.0,-0.07575757575757576,True,True,True,True,True,apply
INT001781,ACT000244,CAN00095,JOB00755,2026-02-21,1.8239564428312158,0.7,9.0,3.0,3,0.0,2600.0,2250.0,-0.1346153846153846,True,True,True,True,True,considering
INT001782,ACT003378,CAN01342,JOB00217,2026-02-21,1.8239564428312158,0.7,6.3,4.0,4,0.0,2250.0,2700.0,0.2,False,True,False,True,False,considering
INT001783,ACT003378,CAN01342,JOB00339,2026-02-21,1.8239564428312158,0.7,5.5,4.0,4,0.0,2250.0,2900.0,0.28888888888888886,False,True,False,False,False,considering
INT001784,ACT004780,CAN01897,JOB00385,2026-02-21,1.8239564428312158,0.7,11.0,1.0,1,0.0,1350.0,1350.0,0.0,True,True,True,True,True,apply
INT001785,ACT000168,CAN00064,JOB00634,2026-02-22,1.8239564428312158,0.7,7.0,3.0,3,0.0,2600.0,2200.0,-0.15384615384615385,True,True,False,False,True,apply
INT001786,ACT000299,CAN00118,JOB00073,2026-02-22,1.8239564428312158,0.7,9.0,3.0,3,0.0,2650.0,2150.0,-0.18867924528301888,True,True,True,True,False,apply
INT001787,ACT000299,CAN00118,JOB00170,2026-02-22,1.8239564428312158,0.7,8.5,3.0,3,0.0,2650.0,2100.0,-0.20754716981132076,True,True,True,True,False,apply
INT001788,ACT000299,CAN00118,JOB00366,2026-02-22,1.8239564428312158,0.7,9.0,3.0,3,0.0,2650.0,2300.0,-0.1320754716981132,True,True,True,True,False,apply
INT001789,ACT003512,CAN01392,JOB00030,2026-02-22,1.8239564428312158,0.7,5.5,3.0,3,0.0,1900.0,2150.0,0.13157894736842105,False,True,False,False,False,apply
INT001790,ACT003512,CAN01392,JOB00341,2026-02-22,1.8239564428312158,0.7,6.3,3.0,3,0.0,1900.0,2050.0,0.07894736842105263,False,True,False,True,True,considering
INT001791,ACT000502,CAN00204,JOB00160,2026-02-23,1.8239564428312158,0.7,9.0,2.0,2,0.0,1550.0,1300.0,-0.16129032258064516,True,True,True,True,True,apply
INT001792,ACT000502,CAN00204,JOB00265,2026-02-23,1.8239564428312158,0.7,7.0,2.0,2,0.0,1550.0,1350.0,-0.12903225806451613,True,True,False,False,True,apply
INT001793,ACT000502,CAN00204,JOB00027,2026-02-23,1.8239564428312158,0.7,7.0,2.0,1,1.0,1550.0,1300.0,-0.16129032258064516,True,True,False,False,False,decline
INT001794,ACT001074,CAN00424,JOB00288,2026-02-23,1.8239564428312158,0.7,9.8,2.0,2,0.0,1700.0,1700.0,0.0,True,True,False,True,False,apply
INT001795,ACT002921,CAN01159,JOB00354,2026-02-23,1.8239564428312158,0.7,9.5,3.0,3,0.0,2350.0,2150.0,-0.0851063829787234,True,True,True,True,False,apply
INT001796,ACT003525,CAN01397,JOB00234,2026-02-23,1.8239564428312158,0.7,7.5,4.0,4,0.0,2750.0,3100.0,0.12727272727272726,False,True,True,True,False,apply
INT001797,ACT003525,CAN01397,JOB00175,2026-02-23,1.8239564428312158,0.7,6.3,4.0,4,0.0,2750.0,3200.0,0.16363636363636364,False,True,False,True,False,considering
INT001798,ACT003525,CAN01397,JOB00727,2026-02-23,1.8239564428312158,0.7,7.5,4.0,4,0.0,2750.0,3200.0,0.16363636363636364,False,True,True,True,False,considering
INT001799,ACT004293,CAN01705,JOB00785,2026-02-23,1.8239564428312158,0.7,6.3,3.0,3,0.0,2100.0,2100.0,0.0,False,True,False,True,True,decline
INT001800,ACT004590,CAN01825,JOB00027,2026-02-23,1.8239564428312158,0.7,11.0,1.0,1,0.0,1200.0,1300.0,0.08333333333333333,True,True,True,True,False,considering
INT001801,ACT004590,CAN01825,JOB00259,2026-02-23,1.8239564428312158,0.7,9.8,1.0,1,0.0,1200.0,1200.0,0.0,True,True,False,True,False,considering
INT001802,ACT004194,CAN01663,JOB00669,2026-02-24,1.8239564428312158,0.7,9.0,5.0,5,0.0,3650.0,3200.0,-0.1232876712328767,True,True,True,True,False,considering
INT001803,ACT004194,CAN01663,JOB00769,2026-02-24,1.8239564428312158,0.7,9.0,5.0,5,0.0,3650.0,3150.0,-0.136986301369863,True,True,True,True,False,decline
INT001804,ACT001285,CAN00502,JOB00651,2026-02-25,1.8239564428312158,0.7,7.0,4.0,4,0.0,3150.0,2750.0,-0.12698412698412698,True,True,False,False,True,apply
INT001805,ACT000098,CAN00038,JOB00296,2026-02-26,1.8239564428312158,0.7,9.0,1.0,1,0.0,1400.0,1400.0,0.0,True,True,False,False,False,apply
INT001806,ACT000669,CAN00268,JOB00133,2026-02-26,1.8239564428312158,0.7,9.0,1.0,1,0.0,1450.0,1200.0,-0.1724137931034483,True,True,True,True,False,considering
INT001807,ACT000669,CAN00268,JOB00597,2026-02-26,1.8239564428312158,0.7,8.3,1.0,1,0.0,1450.0,1350.0,-0.06896551724137931,True,True,False,True,True,considering
INT001808,ACT001197,CAN00470,JOB00033,2026-02-26,1.8239564428312158,0.7,7.5,4.0,3,1.0,2150.0,2350.0,0.09302325581395349,False,True,True,True,True,apply
INT001809,ACT002099,CAN00843,JOB00333,2026-02-26,1.8239564428312158,0.7,9.8,1.0,1,0.0,1200.0,1200.0,0.0,True,True,False,True,False,decline
INT001810,ACT002156,CAN00863,JOB00046,2026-02-26,1.8239564428312158,0.7,5.7,,1,,1650.0,1300.0,-0.21212121212121213,True,True,True,True,False,apply
INT001811,ACT002156,CAN00863,JOB00611,2026-02-26,1.8239564428312158,0.7,5.5,,2,,1650.0,1500.0,-0.09090909090909091,True,True,False,True,False,considering
INT001812,ACT002156,CAN00863,JOB00328,2026-02-26,1.8239564428312158,0.7,5.0,,1,,1650.0,1350.0,-0.18181818181818182,True,True,False,True,False,apply
INT001813,ACT002248,CAN00898,JOB00003,2026-02-26,1.8239564428312158,0.7,6.2,,1,,1500.0,1250.0,-0.16666666666666666,True,True,True,True,False,decline
INT001814,ACT002248,CAN00898,JOB00085,2026-02-26,1.8239564428312158,0.7,6.3,1.0,2,-1.0,1500.0,1500.0,0.0,False,True,True,True,True,considering
INT001815,ACT002793,CAN01110,JOB00727,2026-02-26,1.8239564428312158,0.7,9.0,4.0,4,0.0,3350.0,3200.0,-0.04477611940298507,True,True,False,True,False,apply
INT001816,ACT003387,CAN01345,JOB00611,2026-02-26,1.8239564428312158,0.7,8.2,,2,,1300.0,1500.0,0.15384615384615385,True,True,True,True,False,apply
INT001817,ACT003387,CAN01345,JOB00799,2026-02-26,1.8239564428312158,0.7,8.2,,1,,1300.0,1300.0,0.0,True,True,True,True,False,apply
INT001818,ACT004323,CAN01717,JOB00523,2026-02-26,1.8239564428312158,0.7,9.5,3.0,3,0.0,2400.0,2250.0,-0.0625,True,True,True,True,True,apply
INT001819,ACT000914,CAN00364,JOB00752,2026-02-27,1.8239564428312158,0.7,9.8,1.0,1,0.0,1350.0,1350.0,0.0,True,True,False,True,False,apply
INT001820,ACT002343,CAN00936,JOB00474,2026-02-27,1.8239564428312158,0.7,7.8,2.0,3,-1.0,2300.0,2250.0,-0.021739130434782608,True,True,False,True,True,considering
INT001821,ACT004127,CAN01638,JOB00053,2026-02-27,1.8239564428312158,0.7,5.5,4.0,3,1.0,1950.0,2150.0,0.10256410256410256,False,True,False,False,True,considering
INT001822,ACT004127,CAN01638,JOB00004,2026-02-27,1.8239564428312158,0.7,5.5,4.0,3,1.0,1950.0,2200.0,0.1282051282051282,False,True,False,False,True,apply
INT001823,ACT004127,CAN01638,JOB00016,2026-02-27,1.8239564428312158,0.7,5.5,4.0,3,1.0,1950.0,2300.0,0.1794871794871795,False,True,False,False,True,apply
INT001824,ACT000366,CAN00148,JOB00073,2026-02-28,1.8239564428312158,0.7,9.5,3.0,3,0.0,2300.0,2150.0,-0.06521739130434782,True,True,True,True,False,considering
INT001825,ACT001919,CAN00768,JOB00085,2026-02-28,1.8239564428312158,0.7,8.6,1.0,2,-1.0,1500.0,1500.0,0.0,True,True,False,True,False,apply
INT001826,ACT001919,CAN00768,JOB00752,2026-02-28,1.8239564428312158,0.7,8.3,1.0,1,0.0,1500.0,1350.0,-0.1,True,True,False,True,False,decline
INT001827,ACT000937,CAN00373,JOB00033,2026-03-01,1.9782214156079856,0.7,7.0,3.0,3,0.0,2650.0,2350.0,-0.11320754716981132,True,True,False,False,False,considering
INT001828,ACT001629,CAN00650,JOB00489,2026-03-01,1.9782214156079856,0.7,11.0,2.0,1,1.0,1500.0,1500.0,0.0,True,True,True,True,True,apply
INT001829,ACT003860,CAN01535,JOB00611,2026-03-01,1.9782214156079856,0.7,6.3,1.0,2,-1.0,1400.0,1500.0,0.07142857142857142,False,True,True,True,True,considering
INT001830,ACT003860,CAN01535,JOB00385,2026-03-01,1.9782214156079856,0.7,6.7,1.0,1,0.0,1400.0,1350.0,-0.03571428571428571,False,True,True,True,False,decline
INT001831,ACT000259,CAN00101,JOB00368,2026-03-02,1.9782214156079856,0.7,9.8,1.0,2,-1.0,1300.0,1350.0,0.038461538461538464,True,True,True,True,False,apply
INT001832,ACT000483,CAN00196,JOB00651,2026-03-02,1.9782214156079856,0.7,9.0,4.0,4,0.0,3300.0,2750.0,-0.16666666666666666,True,True,True,True,False,apply
INT001833,ACT001265,CAN00496,JOB00296,2026-03-02,1.9782214156079856,0.7,9.0,1.0,1,0.0,1400.0,1400.0,0.0,True,True,False,False,True,apply
INT001834,ACT001306,CAN00511,JOB00083,2026-03-02,1.9782214156079856,0.7,9.0,2.0,2,0.0,1750.0,1500.0,-0.14285714285714285,True,True,True,True,False,decline
INT001835,ACT002906,CAN01154,JOB00448,2026-03-02,1.9782214156079856,0.7,9.0,4.0,4,0.0,3550.0,3100.0,-0.1267605633802817,True,True,True,True,False,decline
INT001836,ACT002926,CAN01161,JOB00759,2026-03-02,1.9782214156079856,0.7,6.0,5.0,4,1.0,1400.0,3200.0,1.2857142857142858,False,False,True,True,True,considering
INT001837,ACT003439,CAN01365,JOB00026,2026-03-02,1.9782214156079856,0.7,7.5,4.0,3,1.0,2050.0,2150.0,0.04878048780487805,False,True,True,True,True,apply
INT001838,ACT004492,CAN01784,JOB00799,2026-03-02,1.9782214156079856,0.7,7.5,1.0,1,0.0,1200.0,1300.0,0.08333333333333333,False,True,True,True,False,apply
INT001839,ACT001059,CAN00419,JOB00200,2026-03-03,1.9782214156079856,0.7,9.0,1.0,1,0.0,1500.0,1200.0,-0.2,True,True,True,True,False,considering
INT001840,ACT001363,CAN00535,JOB00665,2026-03-03,1.9782214156079856,0.7,9.8,4.0,5,-1.0,2950.0,3050.0,0.03389830508474576,True,True,True,True,False,apply
INT001841,ACT001491,CAN00590,JOB00221,2026-03-03,1.9782214156079856,0.7,3.5,1.0,1,0.0,3100.0,1200.0,-0.6129032258064516,False,False,True,True,False,apply
INT001842,ACT002367,CAN00944,JOB00096,2026-03-03,1.9782214156079856,0.7,5.5,3.0,3,0.0,2600.0,2250.0,-0.1346153846153846,False,True,True,True,True,decline
INT001843,ACT002367,CAN00944,JOB00634,2026-03-03,1.9782214156079856,0.7,5.5,3.0,3,0.0,2600.0,2200.0,-0.15384615384615385,False,True,True,True,True,decline
INT001844,ACT001858,CAN00743,JOB00363,2026-03-04,1.9782214156079856,0.7,11.0,4.0,4,0.0,2300.0,2300.0,0.0,True,True,True,True,True,considering
INT001845,ACT001858,CAN00743,JOB00491,2026-03-04,1.9782214156079856,0.7,7.8,4.0,5,-1.0,2300.0,2300.0,0.0,True,True,False,False,True,apply
INT001846,ACT001858,CAN00743,JOB00521,2026-03-04,1.9782214156079856,0.7,7.5,4.0,4,0.0,2300.0,2150.0,-0.06521739130434782,True,True,False,False,True,apply
INT001847,ACT002707,CAN01077,JOB00288,2026-03-04,1.9782214156079856,0.7,9.0,2.0,2,0.0,1950.0,1700.0,-0.1282051282051282,True,True,True,True,False,apply
INT001848,ACT002957,CAN01173,JOB00611,2026-03-04,1.9782214156079856,0.7,9.8,1.0,2,-1.0,1450.0,1500.0,0.034482758620689655,True,True,True,True,True,apply
INT001849,ACT004479,CAN01777,JOB00130,2026-03-04,1.9782214156079856,0.7,7.8,4.0,4,0.0,3450.0,2900.0,-0.15942028985507245,True,True,False,True,False,apply
INT001850,ACT004479,CAN01777,JOB00696,2026-03-04,1.9782214156079856,0.7,9.0,4.0,4,0.0,3450.0,3100.0,-0.10144927536231885,True,True,True,True,True,considering
INT001851,ACT004809,CAN01909,JOB00175,2026-03-04,1.9782214156079856,0.7,7.8,4.0,4,0.0,3600.0,3200.0,-0.1111111111111111,True,True,False,True,True,apply
INT001852,ACT004809,CAN01909,JOB00238,2026-03-04,1.9782214156079856,0.7,7.8,4.0,3,1.0,3600.0,3150.0,-0.125,True,True,False,True,False,apply
INT001853,ACT000269,CAN00104,JOB00204,2026-03-06,1.9782214156079856,0.7,7.8,3.0,4,-1.0,2450.0,2050.0,-0.16326530612244897,True,True,True,True,False,decline
INT001854,ACT000279,CAN00108,JOB00534,2026-03-06,1.9782214156079856,0.7,9.0,3.0,3,0.0,2500.0,2200.0,-0.12,True,True,True,True,False,apply
INT001855,ACT000279,CAN00108,JOB00096,2026-03-06,1.9782214156079856,0.7,9.5,3.0,3,0.0,2500.0,2250.0,-0.1,True,True,True,True,False,decline
INT001856,ACT000951,CAN00377,JOB00092,2026-03-06,1.9782214156079856,0.7,6.2,,1,,1400.0,1200.0,-0.14285714285714285,True,True,True,True,False,considering
INT001857,ACT001169,CAN00460,JOB00552,2026-03-06,1.9782214156079856,0.7,4.8,2.0,3,-1.0,2250.0,2050.0,-0.08888888888888889,False,True,True,True,True,apply
INT001858,ACT004128,CAN01638,JOB00096,2026-03-06,1.9782214156079856,0.7,5.5,4.0,3,1.0,1950.0,2250.0,0.15384615384615385,False,True,False,False,True,apply
INT001859,ACT004379,CAN01740,JOB00004,2026-03-06,1.9782214156079856,0.7,8.2,3.0,3,0.0,2300.0,2200.0,-0.043478260869565216,True,True,False,False,True,considering
INT001860,ACT004379,CAN01740,JOB00016,2026-03-06,1.9782214156079856,0.7,9.0,3.0,3,0.0,2300.0,2300.0,0.0,True,True,False,False,True,decline
INT001861,ACT000285,CAN00112,JOB00296,2026-03-07,1.9782214156079856,0.7,11.0,1.0,1,0.0,1350.0,1400.0,0.037037037037037035,True,True,True,True,False,decline
INT001862,ACT000285,CAN00112,JOB00206,2026-03-07,1.9782214156079856,0.7,9.0,1.0,1,0.0,1350.0,1350.0,0.0,True,True,False,False,True,apply
INT001863,ACT000321,CAN00127,JOB00175,2026-03-07,1.9782214156079856,0.7,8.3,3.0,4,-1.0,3500.0,3200.0,-0.08571428571428572,True,True,True,True,True,considering
INT001864,ACT000321,CAN00127,JOB00384,2026-03-07,1.9782214156079856,0.7,8.3,3.0,4,-1.0,3500.0,3150.0,-0.1,True,True,True,True,True,apply
INT001865,ACT002516,CAN01002,JOB00187,2026-03-07,1.9782214156079856,0.7,7.8,3.0,4,-1.0,2200.0,2200.0,0.0,True,True,False,False,True,considering
INT001866,ACT004540,CAN01805,JOB00333,2026-03-07,1.9782214156079856,0.7,2.3,1.0,1,0.0,3200.0,1200.0,-0.625,False,False,False,True,False,apply
INT001867,ACT004597,CAN01827,JOB00288,2026-03-07,1.9782214156079856,0.7,9.8,3.0,2,1.0,1700.0,1700.0,0.0,True,True,False,True,False,apply
INT001868,ACT004597,CAN01827,JOB00550,2026-03-07,1.9782214156079856,0.7,9.8,3.0,3,0.0,1700.0,1750.0,0.029411764705882353,True,True,False,True,True,considering
INT001869,ACT000589,CAN00238,JOB00497,2026-03-08,1.9782214156079856,0.7,10.2,3.0,3,0.0,2400.0,2350.0,-0.020833333333333332,True,True,True,True,False,considering
INT001870,ACT001414,CAN00559,JOB00448,2026-03-09,1.9782214156079856,0.7,9.0,4.0,4,0.0,3550.0,3100.0,-0.1267605633802817,True,True,True,True,True,apply
INT001871,ACT003379,CAN01342,JOB00409,2026-03-09,1.9782214156079856,0.7,7.5,4.0,4,0.0,2250.0,2900.0,0.28888888888888886,False,True,True,True,True,apply
INT001872,ACT000472,CAN00192,JOB00476,2026-03-10,1.9782214156079856,0.7,7.5,5.0,5,0.0,3600.0,3250.0,-0.09722222222222222,True,True,False,False,True,apply
INT001873,ACT000472,CAN00192,JOB00015,2026-03-10,1.9782214156079856,0.7,9.0,5.0,4,1.0,3600.0,3000.0,-0.16666666666666666,True,True,True,True,True,apply
INT001874,ACT000938,CAN00373,JOB00127,2026-03-10,1.9782214156079856,0.7,7.0,3.0,3,0.0,2650.0,2200.0,-0.16981132075471697,True,True,False,False,False,considering
INT001875,ACT003725,CAN01478,JOB00337,2026-03-10,1.9782214156079856,0.7,9.8,2.0,2,0.0,1600.0,1600.0,0.0,True,True,False,True,True,apply
INT001876,ACT004795,CAN01903,JOB00238,2026-03-10,1.9782214156079856,0.7,9.0,4.0,3,1.0,3550.0,3150.0,-0.11267605633802817,True,True,True,True,False,apply
INT001877,ACT000188,CAN00072,JOB00424,2026-03-11,1.9782214156079856,0.7,9.0,3.0,4,-1.0,2250.0,2200.0,-0.022222222222222223,True,True,True,True,False,considering
INT001878,ACT000188,CAN00072,JOB00766,2026-03-11,1.9782214156079856,0.7,8.3,3.0,3,0.0,2250.0,2100.0,-0.06666666666666667,True,True,False,True,False,apply
INT001879,ACT001508,CAN00597,JOB00033,2026-03-11,1.9782214156079856,0.7,7.5,3.0,3,0.0,2550.0,2350.0,-0.0784313725490196,True,True,False,False,False,apply
INT001880,ACT001508,CAN00597,JOB00096,2026-03-11,1.9782214156079856,0.7,7.0,3.0,3,0.0,2550.0,2250.0,-0.11764705882352941,True,True,False,False,False,apply
INT001881,ACT002749,CAN01093,JOB00771,2026-03-11,1.9782214156079856,0.7,9.5,4.0,4,0.0,3500.0,3300.0,-0.05714285714285714,True,True,True,True,True,apply
INT001882,ACT002749,CAN01093,JOB00238,2026-03-11,1.9782214156079856,0.7,9.5,4.0,3,1.0,3500.0,3150.0,-0.1,True,True,True,True,False,apply
INT001883,ACT004234,CAN01680,JOB00385,2026-03-11,1.9782214156079856,0.7,6.2,,1,,1550.0,1350.0,-0.12903225806451613,True,True,True,True,True,considering
INT001884,ACT004876,CAN01939,JOB00611,2026-03-11,1.9782214156079856,0.7,9.8,1.0,2,-1.0,1450.0,1500.0,0.034482758620689655,True,True,True,True,False,apply
INT001885,ACT002907,CAN01154,JOB00783,2026-03-12,1.9782214156079856,0.7,9.5,4.0,4,0.0,3550.0,3200.0,-0.09859154929577464,True,True,True,True,True,apply
INT001886,ACT001929,CAN00772,JOB00727,2026-03-13,1.9782214156079856,0.7,8.3,3.0,4,-1.0,3450.0,3200.0,-0.07246376811594203,True,True,True,True,True,apply
INT001887,ACT000915,CAN00364,JOB00021,2026-03-14,1.9782214156079856,0.7,9.0,1.0,1,0.0,1350.0,1300.0,-0.037037037037037035,True,True,False,True,False,considering
INT001888,ACT000915,CAN00364,JOB00385,2026-03-14,1.9782214156079856,0.7,9.8,1.0,1,0.0,1350.0,1350.0,0.0,True,True,False,True,True,apply
INT001889,ACT002919,CAN01158,JOB00265,2026-03-14,1.9782214156079856,0.7,8.2,,2,,1350.0,1350.0,0.0,True,True,True,True,False,considering
INT001890,ACT003388,CAN01345,JOB00085,2026-03-14,1.9782214156079856,0.7,8.2,,2,,1300.0,1500.0,0.15384615384615385,True,True,True,True,True,apply
INT001891,ACT003388,CAN01345,JOB00021,2026-03-14,1.9782214156079856,0.7,8.2,,1,,1300.0,1300.0,0.0,True,True,True,True,False,apply
INT001892,ACT003711,CAN01472,JOB00017,2026-03-14,1.9782214156079856,0.7,9.0,4.0,4,0.0,3600.0,2900.0,-0.19444444444444445,True,True,True,True,False,apply
INT001893,ACT003861,CAN01535,JOB00445,2026-03-14,1.9782214156079856,0.7,6.7,,1,,1400.0,1300.0,-0.07142857142857142,True,True,True,True,True,decline
INT001894,ACT003154,CAN01248,JOB00083,2026-03-15,1.9782214156079856,0.7,7.8,2.0,2,0.0,1800.0,1500.0,-0.16666666666666666,True,True,False,True,False,apply
INT001895,ACT003195,CAN01265,JOB00368,2026-03-15,1.9782214156079856,0.7,9.8,2.0,2,0.0,1250.0,1350.0,0.08,True,True,False,True,False,apply
INT001896,ACT004493,CAN01784,JOB00265,2026-03-15,1.9782214156079856,0.7,8.2,,2,,1200.0,1350.0,0.125,True,True,True,True,False,apply
INT001897,ACT004493,CAN01784,JOB00027,2026-03-15,1.9782214156079856,0.7,8.2,,1,,1200.0,1300.0,0.08333333333333333,True,True,True,True,False,apply
INT001898,ACT001112,CAN00438,JOB00138,2026-03-16,1.9782214156079856,0.7,6.3,3.0,4,-1.0,2100.0,2750.0,0.30952380952380953,False,True,True,True,True,considering
INT001899,ACT001112,CAN00438,JOB00110,2026-03-16,1.9782214156079856,0.7,4.7,,2,,2100.0,1950.0,-0.07142857142857142,True,True,False,False,True,apply
INT001900,ACT001578,CAN00625,JOB00771,2026-03-16,1.9782214156079856,0.7,9.5,4.0,4,0.0,3550.0,3300.0,-0.07042253521126761,True,True,True,True,False,apply
INT001901,ACT001578,CAN00625,JOB00678,2026-03-16,1.9782214156079856,0.7,8.3,4.0,5,-1.0,3550.0,3350.0,-0.056338028169014086,True,True,True,True,True,considering
INT001902,ACT003894,CAN01549,JOB00085,2026-03-16,1.9782214156079856,0.7,9.8,2.0,2,0.0,1500.0,1500.0,0.0,True,True,False,True,True,apply
INT001903,ACT003894,CAN01549,JOB00600,2026-03-16,1.9782214156079856,0.7,9.0,2.0,2,0.0,1500.0,1300.0,-0.13333333333333333,True,True,True,True,True,considering
INT001904,ACT003894,CAN01549,JOB00337,2026-03-16,1.9782214156079856,0.7,11.0,2.0,2,0.0,1500.0,1600.0,0.06666666666666667,True,True,True,True,False,considering
INT001905,ACT003980,CAN01581,JOB00396,2026-03-16,1.9782214156079856,0.7,9.0,3.0,3,0.0,2500.0,2200.0,-0.12,True,True,True,True,True,apply
INT001906,ACT003980,CAN01581,JOB00527,2026-03-16,1.9782214156079856,0.7,9.5,3.0,3,0.0,2500.0,2250.0,-0.1,True,True,True,True,False,apply
INT001907,ACT004251,CAN01688,JOB00363,2026-03-16,1.9782214156079856,0.7,9.5,4.0,4,0.0,2500.0,2300.0,-0.08,True,True,True,True,True,apply
INT001908,ACT004251,CAN01688,JOB00128,2026-03-16,1.9782214156079856,0.7,8.5,4.0,3,1.0,2500.0,1900.0,-0.24,True,True,True,True,True,apply
INT001909,ACT004274,CAN01698,JOB00308,2026-03-16,1.9782214156079856,0.7,6.7,3.0,3,0.0,1950.0,1900.0,-0.02564102564102564,False,True,True,True,False,considering
INT001910,ACT004717,CAN01873,JOB00129,2026-03-16,1.9782214156079856,0.7,9.0,4.0,4,0.0,2950.0,2850.0,-0.03389830508474576,True,True,False,True,False,apply
INT001911,ACT001075,CAN00424,JOB00779,2026-03-17,1.9782214156079856,0.7,9.5,2.0,2,0.0,1700.0,1550.0,-0.08823529411764706,True,True,True,True,True,considering
INT001912,ACT001163,CAN00458,JOB00445,2026-03-17,1.9782214156079856,0.7,9.0,1.0,1,0.0,1500.0,1300.0,-0.13333333333333333,True,True,True,True,False,apply
INT001913,ACT002181,CAN00872,JOB00597,2026-03-17,1.9782214156079856,0.7,11.0,2.0,1,1.0,1300.0,1350.0,0.038461538461538464,True,True,True,True,False,apply
INT001914,ACT002181,CAN00872,JOB00392,2026-03-17,1.9782214156079856,0.7,9.8,2.0,3,-1.0,1300.0,1500.0,0.15384615384615385,True,True,True,True,True,apply
INT001915,ACT002584,CAN01029,JOB00296,2026-03-17,1.9782214156079856,0.7,11.0,1.0,1,0.0,1350.0,1400.0,0.037037037037037035,True,True,True,True,True,considering
INT001916,ACT000175,CAN00067,JOB00597,2026-03-18,1.9782214156079856,0.7,9.0,2.0,1,1.0,1400.0,1350.0,-0.03571428571428571,True,True,False,True,False,considering
INT001917,ACT002224,CAN00889,JOB00534,2026-03-18,1.9782214156079856,0.7,5.0,4.0,3,1.0,3300.0,2200.0,-0.3333333333333333,False,True,True,True,True,considering
INT001918,ACT002224,CAN00889,JOB00096,2026-03-18,1.9782214156079856,0.7,5.0,4.0,3,1.0,3300.0,2250.0,-0.3181818181818182,False,True,True,True,True,apply
INT001919,ACT002416,CAN00965,JOB00696,2026-03-19,1.9782214156079856,0.7,7.8,4.0,4,0.0,3450.0,3100.0,-0.10144927536231885,True,True,False,True,False,apply
INT001920,ACT002416,CAN00965,JOB00691,2026-03-19,1.9782214156079856,0.7,8.3,4.0,4,0.0,3450.0,3150.0,-0.08695652173913043,True,True,False,True,True,apply
INT001921,ACT002786,CAN01108,JOB00110,2026-03-19,1.9782214156079856,0.7,6.3,3.0,2,1.0,1850.0,1950.0,0.05405405405405406,False,True,False,True,True,considering
INT001922,ACT002786,CAN01108,JOB00174,2026-03-19,1.9782214156079856,0.7,7.5,3.0,3,0.0,1850.0,1850.0,0.0,False,True,True,True,False,decline
INT001923,ACT004591,CAN01825,JOB00597,2026-03-19,1.9782214156079856,0.7,9.8,1.0,1,0.0,1200.0,1350.0,0.125,True,True,False,True,False,apply
INT001924,ACT004591,CAN01825,JOB00086,2026-03-19,1.9782214156079856,0.7,9.8,1.0,1,0.0,1200.0,1200.0,0.0,True,True,False,True,False,decline
INT001925,ACT004796,CAN01903,JOB00448,2026-03-19,1.9782214156079856,0.7,9.0,4.0,4,0.0,3550.0,3100.0,-0.1267605633802817,True,True,True,True,False,considering
INT001926,ACT004796,CAN01903,JOB00771,2026-03-19,1.9782214156079856,0.7,9.5,4.0,4,0.0,3550.0,3300.0,-0.07042253521126761,True,True,True,True,True,apply
INT001927,ACT002829,CAN01124,JOB00391,2026-03-20,1.9782214156079856,0.7,7.0,,2,,1400.0,1400.0,0.0,True,True,False,True,False,apply
INT001928,ACT002829,CAN01124,JOB00600,2026-03-20,1.9782214156079856,0.7,6.7,,2,,1400.0,1300.0,-0.07142857142857142,True,True,True,True,False,apply
INT001929,ACT003936,CAN01565,JOB00610,2026-03-20,1.9782214156079856,0.7,7.5,2.0,2,0.0,1600.0,1450.0,-0.09375,True,True,False,False,False,apply
INT001930,ACT003936,CAN01565,JOB00400,2026-03-20,1.9782214156079856,0.7,7.8,2.0,3,-1.0,1600.0,1600.0,0.0,True,True,False,False,False,apply
INT001931,ACT004271,CAN01697,JOB00696,2026-03-20,1.9782214156079856,0.7,5.5,3.0,4,-1.0,3200.0,3100.0,-0.03125,False,True,True,True,False,apply
INT001932,ACT000286,CAN00112,JOB00403,2026-03-21,1.9782214156079856,0.7,9.5,1.0,1,0.0,1350.0,1250.0,-0.07407407407407407,True,True,True,True,False,considering
INT001933,ACT000286,CAN00112,JOB00610,2026-03-21,1.9782214156079856,0.7,9.8,1.0,2,-1.0,1350.0,1450.0,0.07407407407407407,True,True,True,True,False,apply
INT001934,ACT000286,CAN00112,JOB00385,2026-03-21,1.9782214156079856,0.7,9.0,1.0,1,0.0,1350.0,1350.0,0.0,True,True,False,False,False,apply
INT001935,ACT000438,CAN00177,JOB00023,2026-03-21,1.9782214156079856,0.7,9.0,5.0,4,1.0,3600.0,2900.0,-0.19444444444444445,True,True,True,True,True,apply
INT001936,ACT000876,CAN00350,JOB00366,2026-03-21,1.9782214156079856,0.7,9.0,3.0,3,0.0,2200.0,2300.0,0.045454545454545456,True,True,False,False,True,considering
INT001937,ACT000876,CAN00350,JOB00497,2026-03-21,1.9782214156079856,0.7,9.0,3.0,3,0.0,2200.0,2350.0,0.06818181818181818,True,True,False,False,True,apply
INT001938,ACT001755,CAN00701,JOB00337,2026-03-21,1.9782214156079856,0.7,8.2,2.0,2,0.0,1650.0,1600.0,-0.030303030303030304,True,True,False,False,True,apply
INT001939,ACT002194,CAN00878,JOB00475,2026-03-21,1.9782214156079856,0.7,7.5,3.0,2,1.0,2000.0,2000.0,0.0,False,True,True,True,True,apply
INT001940,ACT002958,CAN01173,JOB00200,2026-03-21,1.9782214156079856,0.7,9.0,1.0,1,0.0,1450.0,1200.0,-0.1724137931034483,True,True,True,True,True,apply
INT001941,ACT002958,CAN01173,JOB00021,2026-03-21,1.9782214156079856,0.7,9.0,1.0,1,0.0,1450.0,1300.0,-0.10344827586206896,True,True,True,True,True,considering
INT001942,ACT004053,CAN01608,JOB00611,2026-03-21,1.9782214156079856,0.7,9.5,2.0,2,0.0,1650.0,1500.0,-0.09090909090909091,True,True,True,True,True,considering
INT001943,ACT002517,CAN01002,JOB00785,2026-03-22,1.9782214156079856,0.7,8.2,3.0,3,0.0,2200.0,2100.0,-0.045454545454545456,True,True,False,False,True,considering
INT001944,ACT003481,CAN01380,JOB00498,2026-03-22,1.9782214156079856,0.7,9.5,5.0,5,0.0,3550.0,3200.0,-0.09859154929577464,True,True,True,True,True,decline
INT001945,ACT004067,CAN01614,JOB00017,2026-03-22,1.9782214156079856,0.7,6.3,4.0,4,0.0,2450.0,2900.0,0.1836734693877551,False,True,False,True,False,apply
INT001946,ACT004651,CAN01849,JOB00597,2026-03-22,1.9782214156079856,0.7,9.0,1.0,1,0.0,1400.0,1350.0,-0.03571428571428571,True,True,False,True,False,apply
INT001947,ACT004651,CAN01849,JOB00027,2026-03-22,1.9782214156079856,0.7,8.3,1.0,1,0.0,1400.0,1300.0,-0.07142857142857142,True,True,False,True,True,apply
INT001948,ACT000943,CAN00375,JOB00799,2026-03-23,1.9782214156079856,0.7,9.8,1.0,1,0.0,1300.0,1300.0,0.0,True,True,False,True,False,apply
INT001949,ACT000943,CAN00375,JOB00021,2026-03-23,1.9782214156079856,0.7,9.8,1.0,1,0.0,1300.0,1300.0,0.0,True,True,False,True,False,apply
INT001950,ACT002823,CAN01122,JOB00288,2026-03-23,1.9782214156079856,0.7,11.0,2.0,2,0.0,1600.0,1700.0,0.0625,True,True,True,True,False,apply
INT001951,ACT003150,CAN01246,JOB00263,2026-03-23,1.9782214156079856,0.7,9.0,4.0,3,1.0,2400.0,2000.0,-0.16666666666666666,True,True,True,True,False,considering
INT001952,ACT003150,CAN01246,JOB00344,2026-03-23,1.9782214156079856,0.7,9.0,4.0,3,1.0,2400.0,1950.0,-0.1875,True,True,True,True,True,apply
INT001953,ACT003150,CAN01246,JOB00767,2026-03-23,1.9782214156079856,0.7,8.3,4.0,3,1.0,2400.0,2250.0,-0.0625,True,True,False,True,False,apply
INT001954,ACT004486,CAN01781,JOB00265,2026-03-23,1.9782214156079856,0.7,8.2,,2,,1350.0,1350.0,0.0,True,True,True,True,False,apply
INT001955,ACT000189,CAN00072,JOB00785,2026-03-24,1.9782214156079856,0.7,8.3,3.0,3,0.0,2250.0,2100.0,-0.06666666666666667,True,True,False,True,False,apply
INT001956,ACT002684,CAN01070,JOB00783,2026-03-25,1.9782214156079856,0.7,5.5,4.0,4,0.0,2350.0,3200.0,0.3617021276595745,False,True,False,False,False,decline
INT001957,ACT002684,CAN01070,JOB00464,2026-03-25,1.9782214156079856,0.7,7.5,4.0,4,0.0,2350.0,3350.0,0.425531914893617,False,True,True,True,False,apply
INT001958,ACT004091,CAN01624,JOB00132,2026-03-25,1.9782214156079856,0.7,9.0,3.0,3,0.0,2400.0,2050.0,-0.14583333333333334,True,True,True,True,False,apply
INT001959,ACT001853,CAN00741,JOB00725,2026-03-26,1.9782214156079856,0.7,9.0,2.0,1,1.0,1500.0,1450.0,-0.03333333333333333,True,True,False,True,False,apply
INT001960,ACT002214,CAN00884,JOB00769,2026-03-26,1.9782214156079856,0.7,9.0,5.0,5,0.0,3750.0,3150.0,-0.16,True,True,True,True,True,apply
INT001961,ACT002214,CAN00884,JOB00669,2026-03-26,1.9782214156079856,0.7,9.0,5.0,5,0.0,3750.0,3200.0,-0.14666666666666667,True,True,True,True,True,apply
INT001962,ACT002927,CAN01161,JOB00712,2026-03-26,1.9782214156079856,0.7,6.7,,1,,1400.0,1300.0,-0.07142857142857142,True,True,True,True,True,apply
INT001963,ACT000176,CAN00067,JOB00445,2026-03-27,1.9782214156079856,0.7,9.5,2.0,1,1.0,1400.0,1300.0,-0.07142857142857142,True,True,True,True,True,considering
INT001964,ACT002085,CAN00837,JOB00085,2026-03-27,1.9782214156079856,0.7,7.0,,2,,1500.0,1500.0,0.0,True,True,False,True,True,apply
INT001965,ACT002908,CAN01154,JOB00175,2026-03-27,1.9782214156079856,0.7,8.3,4.0,4,0.0,3550.0,3200.0,-0.09859154929577464,True,True,False,True,False,apply
INT001966,ACT004285,CAN01702,JOB00085,2026-03-27,1.9782214156079856,0.7,9.0,2.0,2,0.0,1550.0,1500.0,-0.03225806451612903,True,True,False,True,True,apply
INT001967,ACT004285,CAN01702,JOB00371,2026-03-27,1.9782214156079856,0.7,9.8,2.0,2,0.0,1550.0,1550.0,0.0,True,True,False,True,False,considering
INT001968,ACT004623,CAN01837,JOB00771,2026-03-27,1.9782214156079856,0.7,7.5,5.0,4,1.0,2150.0,3300.0,0.5348837209302325,False,True,True,True,False,apply
INT001969,ACT004623,CAN01837,JOB00127,2026-03-27,1.9782214156079856,0.7,7.5,3.0,3,0.0,2150.0,2200.0,0.023255813953488372,False,True,True,True,True,considering
INT001970,ACT000246,CAN00095,JOB00237,2026-03-28,1.9782214156079856,0.7,8.3,3.0,4,-1.0,2600.0,2400.0,-0.07692307692307693,True,True,True,True,True,apply
INT001971,ACT000860,CAN00345,JOB00063,2026-03-28,1.9782214156079856,0.7,9.0,3.0,2,1.0,1900.0,1600.0,-0.15789473684210525,True,True,True,True,True,apply
INT001972,ACT002655,CAN01058,JOB00152,2026-03-28,1.9782214156079856,0.7,9.5,3.0,3,0.0,2350.0,2200.0,-0.06382978723404255,True,True,True,True,True,apply
INT001973,ACT002750,CAN01093,JOB00175,2026-03-28,1.9782214156079856,0.7,8.3,4.0,4,0.0,3500.0,3200.0,-0.08571428571428572,True,True,False,True,False,apply
INT001974,ACT000439,CAN00177,JOB00017,2026-03-29,1.9782214156079856,0.7,9.0,5.0,4,1.0,3600.0,2900.0,-0.19444444444444445,True,True,True,True,False,apply
INT001975,ACT001415,CAN00559,JOB00238,2026-03-29,1.9782214156079856,0.7,9.0,4.0,3,1.0,3550.0,3150.0,-0.11267605633802817,True,True,True,True,False,considering
INT001976,ACT001579,CAN00625,JOB00384,2026-03-29,1.9782214156079856,0.7,7.8,4.0,4,0.0,3550.0,3150.0,-0.11267605633802817,True,True,False,True,True,considering
INT001977,ACT002787,CAN01108,JOB00351,2026-03-29,1.9782214156079856,0.7,6.3,3.0,3,0.0,1850.0,2100.0,0.13513513513513514,False,True,False,True,False,considering
INT001978,ACT003332,CAN01324,JOB00755,2026-03-29,1.9782214156079856,0.7,9.0,4.0,3,1.0,2750.0,2250.0,-0.18181818181818182,True,True,True,True,False,apply
INT001979,ACT003500,CAN01388,JOB00026,2026-03-29,1.9782214156079856,0.7,9.0,2.0,3,-1.0,2250.0,2150.0,-0.044444444444444446,True,True,True,True,True,considering
INT001980,ACT003726,CAN01478,JOB00541,2026-03-29,1.9782214156079856,0.7,8.6,2.0,3,-1.0,1600.0,1700.0,0.0625,True,True,False,True,True,considering
INT001981,ACT000539,CAN00219,JOB00361,2026-03-30,1.9782214156079856,0.7,9.5,4.0,4,0.0,2400.0,2250.0,-0.0625,True,True,True,True,False,apply
INT001982,ACT000539,CAN00219,JOB00450,2026-03-30,1.9782214156079856,0.7,9.5,4.0,3,1.0,2400.0,2250.0,-0.0625,True,True,True,True,False,apply
INT001983,ACT001035,CAN00409,JOB00371,2026-03-30,1.9782214156079856,0.7,8.6,1.0,2,-1.0,1500.0,1550.0,0.03333333333333333,True,True,False,True,False,apply
INT001984,ACT004877,CAN01939,JOB00371,2026-03-30,1.9782214156079856,0.7,9.8,1.0,2,-1.0,1450.0,1550.0,0.06896551724137931,True,True,True,True,True,apply
INT001985,ACT004877,CAN01939,JOB00385,2026-03-30,1.9782214156079856,0.7,9.5,1.0,1,0.0,1450.0,1350.0,-0.06896551724137931,True,True,True,True,False,apply
INT001986,ACT000629,CAN00255,JOB00759,2026-03-31,1.9782214156079856,0.7,7.5,5.0,4,1.0,2150.0,3200.0,0.4883720930232558,False,True,True,True,True,apply
INT001987,ACT002195,CAN00878,JOB00351,2026-03-31,1.9782214156079856,0.7,7.5,3.0,3,0.0,2000.0,2100.0,0.05,False,True,True,True,False,considering
INT001988,ACT002195,CAN00878,JOB00181,2026-03-31,1.9782214156079856,0.7,6.3,3.0,3,0.0,2000.0,2150.0,0.075,False,True,False,True,False,considering
INT001989,ACT003380,CAN01342,JOB00741,2026-03-31,1.9782214156079856,0.7,6.3,4.0,3,1.0,2250.0,2650.0,0.17777777777777778,False,True,False,True,True,considering
INT001990,ACT000805,CAN00323,JOB00601,2026-04-01,2.0338228015179016,0.7,9.0,4.0,3,1.0,2400.0,2150.0,-0.10416666666666667,True,True,True,True,True,apply
INT001991,ACT002724,CAN01083,JOB00155,2026-04-01,2.0338228015179016,0.7,7.5,4.0,4,0.0,2250.0,3000.0,0.3333333333333333,False,True,True,True,True,apply
INT001992,ACT002724,CAN01083,JOB00165,2026-04-01,2.0338228015179016,0.7,6.3,4.0,4,0.0,2250.0,3050.0,0.35555555555555557,False,True,False,True,True,apply
INT001993,ACT003196,CAN01265,JOB00725,2026-04-01,2.0338228015179016,0.7,9.8,2.0,1,1.0,1250.0,1450.0,0.16,True,True,False,True,False,decline
INT001994,ACT003196,CAN01265,JOB00660,2026-04-01,2.0338228015179016,0.7,9.8,2.0,2,0.0,1250.0,1250.0,0.0,True,True,False,True,False,apply
INT001995,ACT003862,CAN01535,JOB00265,2026-04-01,2.0338228015179016,0.7,7.3999999999999995,,2,,1400.0,1350.0,-0.03571428571428571,True,True,True,True,False,apply
INT001996,ACT000143,CAN00054,JOB00354,2026-04-02,2.0338228015179016,0.7,9.5,3.0,3,0.0,2350.0,2150.0,-0.0851063829787234,True,True,True,True,False,apply
INT001997,ACT000143,CAN00054,JOB00262,2026-04-02,2.0338228015179016,0.7,9.0,3.0,3,0.0,2350.0,2100.0,-0.10638297872340426,True,True,True,True,True,considering
INT001998,ACT001076,CAN00424,JOB00014,2026-04-02,2.0338228015179016,0.7,9.0,2.0,2,0.0,1700.0,1400.0,-0.17647058823529413,True,True,True,True,True,considering
INT001999,ACT003675,CAN01457,JOB00505,2026-04-02,2.0338228015179016,0.7,9.8,1.0,1,0.0,1300.0,1350.0,0.038461538461538464,True,True,False,True,True,apply
INT002000,ACT003675,CAN01457,JOB00411,2026-04-02,2.0338228015179016,0.7,9.8,1.0,2,-1.0,1300.0,1400.0,0.07692307692307693,True,True,True,True,False,apply
INT002001,ACT003833,CAN01523,JOB00347,2026-04-02,2.0338228015179016,0.7,9.8,1.0,2,-1.0,1450.0,1550.0,0.06896551724137931,True,True,True,True,False,apply
INT002002,ACT004030,CAN01598,JOB00450,2026-04-02,2.0338228015179016,0.7,7.5,3.0,3,0.0,2400.0,2250.0,-0.0625,True,True,False,False,False,apply
INT002003,ACT004125,CAN01637,JOB00132,2026-04-02,2.0338228015179016,0.7,7.8,4.0,3,1.0,2500.0,2050.0,-0.18,True,True,False,True,False,apply
INT002004,ACT004125,CAN01637,JOB00361,2026-04-02,2.0338228015179016,0.7,8.3,4.0,4,0.0,2500.0,2250.0,-0.1,True,True,False,True,False,considering
INT002005,ACT000916,CAN00364,JOB00328,2026-04-03,2.0338228015179016,0.7,11.0,1.0,1,0.0,1350.0,1350.0,0.0,True,True,True,True,False,apply
INT002006,ACT002575,CAN01025,JOB00256,2026-04-03,2.0338228015179016,0.7,6.2,,2,,1800.0,1450.0,-0.19444444444444445,True,True,True,True,False,considering
INT002007,ACT002796,CAN01111,JOB00766,2026-04-03,2.0338228015179016,0.7,9.5,3.0,3,0.0,2250.0,2100.0,-0.06666666666666667,True,True,True,True,False,considering
INT002008,ACT002796,CAN01111,JOB00036,2026-04-03,2.0338228015179016,0.7,9.0,3.0,3,0.0,2250.0,1950.0,-0.13333333333333333,True,True,True,True,False,considering
INT002009,ACT000714,CAN00286,JOB00479,2026-04-04,2.0338228015179016,0.7,9.0,5.0,3,2.0,3550.0,3000.0,-0.15492957746478872,True,True,True,True,False,apply
INT002010,ACT002807,CAN01116,JOB00017,2026-04-04,2.0338228015179016,0.7,5.5,4.0,4,0.0,1950.0,2900.0,0.48717948717948717,False,True,False,False,True,decline
INT002011,ACT000190,CAN00072,JOB00657,2026-04-05,2.0338228015179016,0.7,9.8,3.0,3,0.0,2250.0,2250.0,0.0,True,True,False,True,False,apply
INT002012,ACT001061,CAN00419,JOB00085,2026-04-05,2.0338228015179016,0.7,9.8,1.0,2,-1.0,1500.0,1500.0,0.0,True,True,True,True,True,decline
INT002013,ACT001061,CAN00419,JOB00371,2026-04-05,2.0338228015179016,0.7,9.8,1.0,2,-1.0,1500.0,1550.0,0.03333333333333333,True,True,True,True,False,considering
INT002014,ACT001164,CAN00458,JOB00725,2026-04-05,2.0338228015179016,0.7,10.2,1.0,1,0.0,1500.0,1450.0,-0.03333333333333333,True,True,True,True,False,apply
INT002015,ACT001860,CAN00744,JOB00610,2026-04-05,2.0338228015179016,0.7,9.8,1.0,2,-1.0,1400.0,1450.0,0.03571428571428571,True,True,True,True,True,apply
INT002016,ACT003981,CAN01581,JOB00110,2026-04-05,2.0338228015179016,0.7,8.5,3.0,2,1.0,2500.0,1950.0,-0.22,True,True,True,True,True,apply
INT002017,ACT003981,CAN01581,JOB00095,2026-04-05,2.0338228015179016,0.7,9.0,3.0,3,0.0,2500.0,2100.0,-0.16,True,True,True,True,True,considering
INT002018,ACT000992,CAN00393,JOB00577,2026-04-06,2.0338228015179016,0.7,9.5,4.0,3,1.0,2450.0,2250.0,-0.08163265306122448,True,True,True,True,True,apply
INT002019,ACT000992,CAN00393,JOB00450,2026-04-06,2.0338228015179016,0.7,8.3,4.0,3,1.0,2450.0,2250.0,-0.08163265306122448,True,True,False,True,True,considering
INT002020,ACT000992,CAN00393,JOB00136,2026-04-06,2.0338228015179016,0.7,7.8,4.0,4,0.0,2450.0,2100.0,-0.14285714285714285,True,True,False,True,True,apply
INT002021,ACT001113,CAN00438,JOB00475,2026-04-06,2.0338228015179016,0.7,5.4,,2,,2100.0,2000.0,-0.047619047619047616,True,True,False,False,False,considering
INT002022,ACT001113,CAN00438,JOB00334,2026-04-06,2.0338228015179016,0.7,4.3,3.0,4,-1.0,2100.0,2850.0,0.35714285714285715,False,True,False,False,True,decline
INT002023,ACT002417,CAN00965,JOB00758,2026-04-06,2.0338228015179016,0.7,9.0,4.0,4,0.0,3450.0,2800.0,-0.18840579710144928,True,True,True,True,False,considering
INT002024,ACT002417,CAN00965,JOB00023,2026-04-06,2.0338228015179016,0.7,7.8,4.0,4,0.0,3450.0,2900.0,-0.15942028985507245,True,True,False,True,False,apply
INT002025,ACT002417,CAN00965,JOB00056,2026-04-06,2.0338228015179016,0.7,7.8,4.0,4,0.0,3450.0,2900.0,-0.15942028985507245,True,True,False,True,True,considering
INT002026,ACT003712,CAN01472,JOB00056,2026-04-06,2.0338228015179016,0.7,9.0,4.0,4,0.0,3600.0,2900.0,-0.19444444444444445,True,True,True,True,False,apply
INT002027,ACT004186,CAN01660,JOB00619,2026-04-06,2.0338228015179016,0.7,9.0,2.0,2,0.0,1700.0,1650.0,-0.029411764705882353,True,True,False,True,True,considering
INT002028,ACT001900,CAN00761,JOB00003,2026-04-08,2.0338228015179016,0.7,11.0,1.0,1,0.0,1200.0,1250.0,0.041666666666666664,True,True,True,True,False,apply
INT002029,ACT001900,CAN00761,JOB00725,2026-04-08,2.0338228015179016,0.7,11.0,1.0,1,0.0,1200.0,1450.0,0.20833333333333334,True,True,True,True,False,apply
INT002030,ACT002880,CAN01143,JOB00594,2026-04-08,2.0338228015179016,0.7,9.5,3.0,3,0.0,2350.0,2150.0,-0.0851063829787234,True,True,True,True,True,apply
INT002031,ACT003701,CAN01468,JOB00753,2026-04-08,2.0338228015179016,0.7,9.0,4.0,5,-1.0,3000.0,2950.0,-0.016666666666666666,True,True,True,True,False,apply
INT002032,ACT000049,CAN00020,JOB00096,2026-04-09,2.0338228015179016,0.7,9.5,3.0,3,0.0,2400.0,2250.0,-0.0625,True,True,True,True,True,decline
INT002033,ACT001624,CAN00648,JOB00693,2026-04-09,2.0338228015179016,0.7,9.5,2.0,2,0.0,1700.0,1550.0,-0.08823529411764706,True,True,True,True,True,apply
INT002034,ACT001789,CAN00716,JOB00206,2026-04-09,2.0338228015179016,0.7,11.0,1.0,1,0.0,1250.0,1350.0,0.08,True,True,True,True,False,apply
INT002035,ACT002225,CAN00889,JOB00523,2026-04-09,2.0338228015179016,0.7,5.0,4.0,3,1.0,3300.0,2250.0,-0.3181818181818182,False,True,True,True,False,considering
INT002036,ACT002227,CAN00890,JOB00371,2026-04-09,2.0338228015179016,0.7,9.8,1.0,2,-1.0,1300.0,1550.0,0.19230769230769232,True,True,True,True,False,apply
INT002037,ACT002227,CAN00890,JOB00159,2026-04-09,2.0338228015179016,0.7,10.2,1.0,1,0.0,1300.0,1250.0,-0.038461538461538464,True,True,True,True,True,apply
INT002038,ACT002227,CAN00890,JOB00799,2026-04-09,2.0338228015179016,0.7,11.0,1.0,1,0.0,1300.0,1300.0,0.0,True,True,True,True,True,apply
INT002039,ACT004445,CAN01764,JOB00475,2026-04-09,2.0338228015179016,0.7,6.7,,2,,2150.0,2000.0,-0.06976744186046512,True,True,True,True,False,considering
INT002040,ACT004568,CAN01816,JOB00175,2026-04-09,2.0338228015179016,0.7,6.3,5.0,4,1.0,1900.0,3200.0,0.6842105263157895,False,True,False,True,False,decline
INT002041,ACT004506,CAN01790,JOB00552,2026-04-10,2.0338228015179016,0.7,5.5,2.0,3,-1.0,2150.0,2050.0,-0.046511627906976744,False,True,True,True,True,apply
INT002042,ACT004506,CAN01790,JOB00226,2026-04-10,2.0338228015179016,0.7,7.3999999999999995,,2,,2150.0,2050.0,-0.046511627906976744,True,True,True,True,False,apply
INT002043,ACT001639,CAN00654,JOB00527,2026-04-11,2.0338228015179016,0.7,10.2,3.0,3,0.0,2300.0,2250.0,-0.021739130434782608,True,True,True,True,False,apply
INT002044,ACT001639,CAN00654,JOB00396,2026-04-11,2.0338228015179016,0.7,10.2,3.0,3,0.0,2300.0,2200.0,-0.043478260869565216,True,True,True,True,True,apply
INT002045,ACT002824,CAN01122,JOB00606,2026-04-11,2.0338228015179016,0.7,10.2,2.0,2,0.0,1600.0,1550.0,-0.03125,True,True,True,True,True,apply
INT002046,ACT004313,CAN01713,JOB00368,2026-04-11,2.0338228015179016,0.7,6.2,,2,,1350.0,1350.0,0.0,True,True,False,False,False,apply
INT002047,ACT004652,CAN01849,JOB00499,2026-04-11,2.0338228015179016,0.7,9.0,1.0,1,0.0,1400.0,1250.0,-0.10714285714285714,True,True,True,True,True,apply
INT002048,ACT004830,CAN01919,JOB00181,2026-04-11,2.0338228015179016,0.7,7.8,3.0,3,0.0,2650.0,2150.0,-0.18867924528301888,True,True,False,True,True,apply
INT002049,ACT000352,CAN00141,JOB00657,2026-04-13,2.0338228015179016,0.7,7.8,2.0,3,-1.0,2100.0,2250.0,0.07142857142857142,True,True,False,False,False,apply
INT002050,ACT000352,CAN00141,JOB00652,2026-04-13,2.0338228015179016,0.7,7.8,2.0,3,-1.0,2100.0,2150.0,0.023809523809523808,True,True,False,False,False,apply
INT002051,ACT001416,CAN00559,JOB00771,2026-04-13,2.0338228015179016,0.7,9.5,4.0,4,0.0,3550.0,3300.0,-0.07042253521126761,True,True,True,True,False,considering
INT002052,ACT001416,CAN00559,JOB00287,2026-04-13,2.0338228015179016,0.7,7.8,4.0,4,0.0,3550.0,3100.0,-0.1267605633802817,True,True,False,True,False,considering
INT002053,ACT003116,CAN01234,JOB00045,2026-04-13,2.0338228015179016,0.7,9.0,2.0,2,0.0,1700.0,1400.0,-0.17647058823529413,True,True,True,True,True,apply
INT002054,ACT003677,CAN01458,JOB00779,2026-04-13,2.0338228015179016,0.7,9.0,2.0,2,0.0,1850.0,1550.0,-0.16216216216216217,True,True,True,True,False,apply
INT002055,ACT003677,CAN01458,JOB00014,2026-04-13,2.0338228015179016,0.7,8.5,2.0,2,0.0,1850.0,1400.0,-0.24324324324324326,True,True,True,True,False,decline
INT002056,ACT003834,CAN01523,JOB00047,2026-04-13,2.0338228015179016,0.7,9.8,1.0,2,-1.0,1450.0,1500.0,0.034482758620689655,True,True,True,True,True,considering
INT002057,ACT004482,CAN01779,JOB00694,2026-04-14,2.0338228015179016,0.7,7.5,4.0,4,0.0,2650.0,2450.0,-0.07547169811320754,True,True,False,False,True,decline
INT002058,ACT004482,CAN01779,JOB00033,2026-04-14,2.0338228015179016,0.7,7.0,4.0,3,1.0,2650.0,2350.0,-0.11320754716981132,True,True,False,False,False,considering
INT002059,ACT000813,CAN00327,JOB00217,2026-04-15,2.0338228015179016,0.7,7.0,4.0,4,0.0,3300.0,2700.0,-0.18181818181818182,True,True,False,False,False,apply
INT002060,ACT000813,CAN00327,JOB00129,2026-04-15,2.0338228015179016,0.7,7.0,4.0,4,0.0,3300.0,2850.0,-0.13636363636363635,True,True,False,False,False,apply
INT002061,ACT000944,CAN00375,JOB00607,2026-04-15,2.0338228015179016,0.7,9.8,1.0,1,0.0,1300.0,1300.0,0.0,True,True,False,True,False,apply
INT002062,ACT000944,CAN00375,JOB00401,2026-04-15,2.0338228015179016,0.7,11.0,1.0,1,0.0,1300.0,1450.0,0.11538461538461539,True,True,True,True,False,apply
INT002063,ACT001871,CAN00749,JOB00744,2026-04-15,2.0338228015179016,0.7,9.8,1.0,2,-1.0,1400.0,1400.0,0.0,True,True,True,True,True,apply
INT002064,ACT001871,CAN00749,JOB00752,2026-04-15,2.0338228015179016,0.7,10.2,1.0,1,0.0,1400.0,1350.0,-0.03571428571428571,True,True,True,True,False,decline
INT002065,ACT001917,CAN00767,JOB00597,2026-04-15,2.0338228015179016,0.7,11.0,1.0,1,0.0,1350.0,1350.0,0.0,True,True,True,True,False,apply
INT002066,ACT004130,CAN01639,JOB00434,2026-04-15,2.0338228015179016,0.7,3.0,3.0,3,0.0,3050.0,2100.0,-0.3114754098360656,False,True,False,False,True,considering
INT002067,ACT002566,CAN01021,JOB00611,2026-04-16,2.0338228015179016,0.7,5.4,,2,,1550.0,1500.0,-0.03225806451612903,True,True,False,False,True,considering
INT002068,ACT000606,CAN00245,JOB00127,2026-04-17,2.0338228015179016,0.7,9.0,2.0,3,-1.0,2250.0,2200.0,-0.022222222222222223,True,True,True,True,True,apply
INT002069,ACT000630,CAN00255,JOB00360,2026-04-17,2.0338228015179016,0.7,6.2,,2,,2150.0,2150.0,0.0,True,True,False,False,True,apply
INT002070,ACT000866,CAN00347,JOB00385,2026-04-17,2.0338228015179016,0.7,10.2,1.0,1,0.0,1400.0,1350.0,-0.03571428571428571,True,True,True,True,False,apply
INT002071,ACT001946,CAN00779,JOB00110,2026-04-17,2.0338228015179016,0.7,7.0,2.0,2,0.0,2400.0,1950.0,-0.1875,True,True,False,False,False,apply
INT002072,ACT002086,CAN00837,JOB00337,2026-04-17,2.0338228015179016,0.7,7.0,,2,,1500.0,1600.0,0.06666666666666667,True,True,False,True,False,apply
INT002073,ACT002086,CAN00837,JOB00744,2026-04-17,2.0338228015179016,0.7,6.7,,2,,1500.0,1400.0,-0.06666666666666667,True,True,True,True,False,decline
INT002074,ACT002086,CAN00837,JOB00401,2026-04-17,2.0338228015179016,0.7,6.2,,1,,1500.0,1450.0,-0.03333333333333333,True,True,False,True,False,considering
INT002075,ACT002328,CAN00932,JOB00657,2026-04-17,2.0338228015179016,0.7,10.2,4.0,3,1.0,2350.0,2250.0,-0.0425531914893617,True,True,True,True,False,considering
INT002076,ACT002328,CAN00932,JOB00521,2026-04-17,2.0338228015179016,0.7,9.5,4.0,4,0.0,2350.0,2150.0,-0.0851063829787234,True,True,True,True,False,apply
INT002077,ACT000475,CAN00193,JOB00450,2026-04-18,2.0338228015179016,0.7,7.5,3.0,3,0.0,2500.0,2250.0,-0.1,True,True,False,False,True,apply
INT002078,ACT001165,CAN00458,JOB00027,2026-04-18,2.0338228015179016,0.7,9.0,1.0,1,0.0,1500.0,1300.0,-0.13333333333333333,True,True,True,True,False,considering
INT002079,ACT002928,CAN01161,JOB00505,2026-04-18,2.0338228015179016,0.7,5.4,,1,,1400.0,1350.0,-0.03571428571428571,True,True,False,False,True,apply
INT002080,ACT002928,CAN01161,JOB00725,2026-04-18,2.0338228015179016,0.7,6.2,,1,,1400.0,1450.0,0.03571428571428571,True,True,False,False,True,decline
INT002081,ACT000390,CAN00158,JOB00414,2026-04-19,2.0338228015179016,0.7,9.0,3.0,3,0.0,2650.0,2250.0,-0.1509433962264151,True,True,True,True,False,apply
INT002082,ACT000390,CAN00158,JOB00360,2026-04-19,2.0338228015179016,0.7,7.8,3.0,2,1.0,2650.0,2150.0,-0.18867924528301888,True,True,False,True,True,apply
INT002083,ACT003133,CAN01240,JOB00619,2026-04-19,2.0338228015179016,0.7,9.8,1.0,2,-1.0,1550.0,1650.0,0.06451612903225806,True,True,True,True,False,considering
INT002084,ACT003133,CAN01240,JOB00462,2026-04-19,2.0338228015179016,0.7,9.8,1.0,2,-1.0,1550.0,1550.0,0.0,True,True,True,True,False,apply
INT002085,ACT000733,CAN00293,JOB00541,2026-04-20,2.0338228015179016,0.7,7.8,2.0,3,-1.0,1650.0,1700.0,0.030303030303030304,True,True,False,False,False,considering
INT002086,ACT000733,CAN00293,JOB00337,2026-04-20,2.0338228015179016,0.7,8.2,2.0,2,0.0,1650.0,1600.0,-0.030303030303030304,True,True,False,False,False,considering
INT002087,ACT000799,CAN00321,JOB00138,2026-04-20,2.0338228015179016,0.7,6.3,3.0,4,-1.0,2150.0,2750.0,0.27906976744186046,False,True,True,True,True,considering
INT002088,ACT001861,CAN00744,JOB00603,2026-04-20,2.0338228015179016,0.7,10.2,1.0,1,0.0,1400.0,1350.0,-0.03571428571428571,True,True,True,True,False,considering
INT002089,ACT001861,CAN00744,JOB00296,2026-04-20,2.0338228015179016,0.7,11.0,1.0,1,0.0,1400.0,1400.0,0.0,True,True,True,True,True,apply
INT002090,ACT001390,CAN00547,JOB00725,2026-04-21,2.0338228015179016,0.7,11.0,1.0,1,0.0,1250.0,1450.0,0.16,True,True,True,True,False,decline
INT002091,ACT003265,CAN01295,JOB00607,2026-04-21,2.0338228015179016,0.7,10.2,1.0,1,0.0,1350.0,1300.0,-0.037037037037037035,True,True,True,True,False,apply
INT002092,ACT003333,CAN01324,JOB00674,2026-04-21,2.0338228015179016,0.7,9.0,4.0,4,0.0,2750.0,2200.0,-0.2,True,True,True,True,False,considering
INT002093,ACT003969,CAN01577,JOB00129,2026-04-21,2.0338228015179016,0.7,7.8,5.0,4,1.0,3450.0,2850.0,-0.17391304347826086,True,True,False,True,True,apply
INT002094,ACT004574,CAN01818,JOB00063,2026-04-21,2.0338228015179016,0.7,7.5,2.0,2,0.0,1750.0,1600.0,-0.08571428571428572,True,True,False,False,False,considering
INT002095,ACT000239,CAN00093,JOB00341,2026-04-22,2.0338228015179016,0.7,9.0,3.0,3,0.0,2400.0,2050.0,-0.14583333333333334,True,True,True,True,False,considering
INT002096,ACT001612,CAN00643,JOB00371,2026-04-22,2.0338228015179016,0.7,9.8,1.0,2,-1.0,1450.0,1550.0,0.06896551724137931,True,True,True,True,False,apply
INT002097,ACT001612,CAN00643,JOB00611,2026-04-22,2.0338228015179016,0.7,9.8,1.0,2,-1.0,1450.0,1500.0,0.034482758620689655,True,True,True,True,True,considering
INT002098,ACT002725,CAN01083,JOB00023,2026-04-22,2.0338228015179016,0.7,6.3,4.0,4,0.0,2250.0,2900.0,0.28888888888888886,False,True,False,True,False,decline
INT002099,ACT002725,CAN01083,JOB00479,2026-04-22,2.0338228015179016,0.7,7.5,4.0,3,1.0,2250.0,3000.0,0.3333333333333333,False,True,True,True,False,considering
INT002100,ACT004507,CAN01790,JOB00767,2026-04-22,2.0338228015179016,0.7,5.1,2.0,3,-1.0,2150.0,2250.0,0.046511627906976744,False,True,False,True,True,decline
INT002101,ACT004507,CAN01790,JOB00657,2026-04-22,2.0338228015179016,0.7,6.3,2.0,3,-1.0,2150.0,2250.0,0.046511627906976744,False,True,True,True,False,apply
INT002102,ACT004565,CAN01815,JOB00085,2026-04-22,2.0338228015179016,0.7,8.2,,2,,1450.0,1500.0,0.034482758620689655,True,True,True,True,False,apply
INT002103,ACT004565,CAN01815,JOB00337,2026-04-22,2.0338228015179016,0.7,7.0,,2,,1450.0,1600.0,0.10344827586206896,True,True,False,True,False,apply
INT002104,ACT004569,CAN01816,JOB00783,2026-04-22,2.0338228015179016,0.7,7.5,5.0,4,1.0,1900.0,3200.0,0.6842105263157895,False,True,True,True,True,considering
INT002105,ACT004569,CAN01816,JOB00238,2026-04-22,2.0338228015179016,0.7,7.5,5.0,3,2.0,1900.0,3150.0,0.6578947368421053,False,True,True,True,False,apply
INT002106,ACT000715,CAN00286,JOB00476,2026-04-23,2.0338228015179016,0.7,8.3,5.0,5,0.0,3550.0,3250.0,-0.08450704225352113,True,True,False,True,True,apply
INT002107,ACT004446,CAN01764,JOB00129,2026-04-23,2.0338228015179016,0.7,6.3,3.0,4,-1.0,2150.0,2850.0,0.32558139534883723,False,True,True,True,False,considering
INT002108,ACT004467,CAN01773,JOB00795,2026-04-23,2.0338228015179016,0.7,7.5,4.0,4,0.0,2250.0,2450.0,0.08888888888888889,False,True,True,True,True,apply
INT002109,ACT002117,CAN00849,JOB00701,2026-04-24,2.0338228015179016,0.7,9.5,3.0,3,0.0,1800.0,1700.0,-0.05555555555555555,True,True,True,True,True,apply
INT002110,ACT002460,CAN00982,JOB00070,2026-04-24,2.0338228015179016,0.7,9.8,1.0,2,-1.0,1450.0,1450.0,0.0,True,True,True,True,False,apply
INT002111,ACT003081,CAN01220,JOB00414,2026-04-24,2.0338228015179016,0.7,7.5,3.0,3,0.0,1850.0,2250.0,0.21621621621621623,False,True,True,True,False,decline
INT002112,ACT003514,CAN01393,JOB00799,2026-04-24,2.0338228015179016,0.7,8.5,1.0,1,0.0,1700.0,1300.0,-0.23529411764705882,True,True,True,True,True,apply
INT002113,ACT002301,CAN00922,JOB00607,2026-04-25,2.0338228015179016,0.7,10.2,2.0,1,1.0,1350.0,1300.0,-0.037037037037037035,True,True,True,True,False,decline
INT002114,ACT002301,CAN00922,JOB00364,2026-04-25,2.0338228015179016,0.7,9.8,2.0,2,0.0,1350.0,1400.0,0.037037037037037035,True,True,False,True,False,decline
INT002115,ACT003678,CAN01458,JOB00297,2026-04-25,2.0338228015179016,0.7,7.8,2.0,2,0.0,1850.0,1500.0,-0.1891891891891892,True,True,False,True,True,apply
INT002116,ACT003678,CAN01458,JOB00063,2026-04-25,2.0338228015179016,0.7,7.8,2.0,2,0.0,1850.0,1600.0,-0.13513513513513514,True,True,False,True,False,apply
INT002117,ACT004200,CAN01666,JOB00073,2026-04-25,2.0338228015179016,0.7,10.2,3.0,3,0.0,2250.0,2150.0,-0.044444444444444446,True,True,True,True,False,apply
INT002118,ACT001783,CAN00714,JOB00744,2026-04-26,2.0338228015179016,0.7,7.0,,2,,1400.0,1400.0,0.0,True,True,False,True,False,apply
INT002119,ACT001783,CAN00714,JOB00364,2026-04-26,2.0338228015179016,0.7,8.2,,2,,1400.0,1400.0,0.0,True,True,True,True,False,apply
INT002120,ACT001783,CAN00714,JOB00085,2026-04-26,2.0338228015179016,0.7,7.0,,2,,1400.0,1500.0,0.07142857142857142,True,True,False,True,False,apply
INT002121,ACT001807,CAN00723,JOB00725,2026-04-26,2.0338228015179016,0.7,8.2,,1,,1250.0,1450.0,0.16,True,True,True,True,True,apply
INT002122,ACT001807,CAN00723,JOB00445,2026-04-26,2.0338228015179016,0.7,8.2,,1,,1250.0,1300.0,0.04,True,True,True,True,True,apply
INT002123,ACT004242,CAN01683,JOB00385,2026-04-26,2.0338228015179016,0.7,11.0,1.0,1,0.0,1350.0,1350.0,0.0,True,True,True,True,False,apply
INT002124,ACT000925,CAN00368,JOB00767,2026-04-27,2.0338228015179016,0.7,8.6,2.0,3,-1.0,2150.0,2250.0,0.046511627906976744,True,True,False,True,True,apply
INT002125,ACT001192,CAN00468,JOB00181,2026-04-27,2.0338228015179016,0.7,9.0,3.0,3,0.0,2500.0,2150.0,-0.14,True,True,True,True,True,apply
INT002126,ACT001292,CAN00505,JOB00003,2026-04-27,2.0338228015179016,0.7,7.0,,1,,1250.0,1250.0,0.0,True,True,False,True,False,decline
INT002127,ACT001292,CAN00505,JOB00445,2026-04-27,2.0338228015179016,0.7,7.0,,1,,1250.0,1300.0,0.04,True,True,False,True,False,considering
INT002128,ACT001634,CAN00652,JOB00713,2026-04-27,2.0338228015179016,0.7,9.8,2.0,3,-1.0,2200.0,2350.0,0.06818181818181818,True,True,True,True,False,apply
INT002129,ACT003148,CAN01245,JOB00779,2026-04-27,2.0338228015179016,0.7,9.0,2.0,2,0.0,1800.0,1550.0,-0.1388888888888889,True,True,True,True,True,decline
INT002130,ACT003768,CAN01497,JOB00727,2026-04-27,2.0338228015179016,0.7,7.8,4.0,4,0.0,3650.0,3200.0,-0.1232876712328767,True,True,False,True,False,apply
INT002131,ACT003867,CAN01537,JOB00056,2026-04-27,2.0338228015179016,0.7,7.5,4.0,4,0.0,2050.0,2900.0,0.4146341463414634,False,True,True,True,False,apply
INT002132,ACT004861,CAN01933,JOB00033,2026-04-27,2.0338228015179016,0.7,9.5,4.0,3,1.0,2600.0,2350.0,-0.09615384615384616,True,True,True,True,True,apply
INT002133,ACT000015,CAN00006,JOB00619,2026-04-28,2.0338228015179016,0.7,10.2,2.0,2,0.0,1700.0,1650.0,-0.029411764705882353,True,True,True,True,True,apply
INT002134,ACT000607,CAN00245,JOB00688,2026-04-28,2.0338228015179016,0.7,9.8,2.0,3,-1.0,2250.0,2350.0,0.044444444444444446,True,True,True,True,True,apply
INT002135,ACT001736,CAN00694,JOB00401,2026-04-28,2.0338228015179016,0.7,9.8,1.0,1,0.0,1400.0,1450.0,0.03571428571428571,True,True,False,True,True,apply
INT002136,ACT001736,CAN00694,JOB00364,2026-04-28,2.0338228015179016,0.7,9.8,1.0,2,-1.0,1400.0,1400.0,0.0,True,True,True,True,True,considering
INT002137,ACT002671,CAN01065,JOB00505,2026-04-28,2.0338228015179016,0.7,11.0,1.0,1,0.0,1300.0,1350.0,0.038461538461538464,True,True,True,True,False,apply
INT002138,ACT002718,CAN01081,JOB00414,2026-04-28,2.0338228015179016,0.7,6.3,3.0,3,0.0,2100.0,2250.0,0.07142857142857142,False,True,False,True,False,apply
INT002139,ACT003720,CAN01476,JOB00610,2026-04-28,2.0338228015179016,0.7,6.3,1.0,2,-1.0,1350.0,1450.0,0.07407407407407407,False,True,True,True,False,considering
INT002140,ACT000662,CAN00266,JOB00607,2026-04-29,2.0338228015179016,0.7,9.0,2.0,1,1.0,1600.0,1300.0,-0.1875,True,True,True,True,False,apply
INT002141,ACT000662,CAN00266,JOB00611,2026-04-29,2.0338228015179016,0.7,9.5,2.0,2,0.0,1600.0,1500.0,-0.0625,True,True,True,True,False,considering
INT002142,ACT002641,CAN01053,JOB00085,2026-04-29,2.0338228015179016,0.7,9.5,2.0,2,0.0,1650.0,1500.0,-0.09090909090909091,True,True,True,True,False,considering
INT002143,ACT003653,CAN01450,JOB00411,2026-04-29,2.0338228015179016,0.7,9.8,1.0,2,-1.0,1350.0,1400.0,0.037037037037037035,True,True,True,True,True,apply
INT002144,ACT003653,CAN01450,JOB00505,2026-04-29,2.0338228015179016,0.7,9.8,1.0,1,0.0,1350.0,1350.0,0.0,True,True,False,True,False,considering
INT002145,ACT003745,CAN01486,JOB00725,2026-04-29,2.0338228015179016,0.7,11.0,1.0,1,0.0,1250.0,1450.0,0.16,True,True,True,True,True,apply
INT002146,ACT000746,CAN00298,JOB00448,2026-04-30,2.0338228015179016,0.7,7.8,5.0,4,1.0,3800.0,3100.0,-0.18421052631578946,True,True,False,True,False,apply
INT002147,ACT000746,CAN00298,JOB00234,2026-04-30,2.0338228015179016,0.7,7.8,5.0,4,1.0,3800.0,3100.0,-0.18421052631578946,True,True,False,True,False,decline
INT002148,ACT004141,CAN01642,JOB00371,2026-04-30,2.0338228015179016,0.7,11.0,2.0,2,0.0,1350.0,1550.0,0.14814814814814814,True,True,True,True,True,apply
INT002149,ACT004314,CAN01713,JOB00160,2026-04-30,2.0338228015179016,0.7,7.3999999999999995,,2,,1350.0,1300.0,-0.037037037037037035,True,True,True,True,False,considering
INT002150,ACT004421,CAN01757,JOB00614,2026-04-30,2.0338228015179016,0.7,9.5,4.0,4,0.0,3300.0,3000.0,-0.09090909090909091,True,True,True,True,False,considering
INT002151,ACT001801,CAN00721,JOB00491,2026-05-01,2.163751856129352,0.7,8.3,4.0,5,-1.0,2500.0,2300.0,-0.08,True,True,True,True,False,apply
INT002152,ACT001801,CAN00721,JOB00521,2026-05-01,2.163751856129352,0.7,9.0,4.0,4,0.0,2500.0,2150.0,-0.14,True,True,True,True,False,considering
INT002153,ACT003913,CAN01556,JOB00701,2026-05-01,2.163751856129352,0.7,9.8,2.0,3,-1.0,1650.0,1700.0,0.030303030303030304,True,True,True,True,False,considering
INT002154,ACT002329,CAN00932,JOB00187,2026-05-02,2.163751856129352,0.7,9.5,4.0,4,0.0,2350.0,2200.0,-0.06382978723404255,True,True,True,True,False,apply
INT002155,ACT002329,CAN00932,JOB00435,2026-05-02,2.163751856129352,0.7,9.0,4.0,4,0.0,2350.0,1950.0,-0.1702127659574468,True,True,True,True,False,apply
INT002156,ACT000965,CAN00383,JOB00341,2026-05-03,2.163751856129352,0.7,7.8,2.0,3,-1.0,2100.0,2050.0,-0.023809523809523808,True,True,False,True,False,apply
INT002157,ACT000323,CAN00128,JOB00070,2026-05-04,2.163751856129352,0.7,9.8,1.0,2,-1.0,1450.0,1450.0,0.0,True,True,True,True,False,decline
INT002158,ACT000578,CAN00233,JOB00783,2026-05-04,2.163751856129352,0.7,7.5,4.0,4,0.0,2850.0,3200.0,0.12280701754385964,False,True,True,True,False,apply
INT002159,ACT000867,CAN00347,JOB00611,2026-05-04,2.163751856129352,0.7,9.8,1.0,2,-1.0,1400.0,1500.0,0.07142857142857142,True,True,True,True,True,apply
INT002160,ACT002021,CAN00809,JOB00586,2026-05-04,2.163751856129352,0.7,7.5,4.0,4,0.0,2950.0,3250.0,0.1016949152542373,False,True,True,True,True,decline
INT002161,ACT002021,CAN00809,JOB00671,2026-05-04,2.163751856129352,0.7,5.5,4.0,4,0.0,2950.0,3100.0,0.05084745762711865,False,True,False,False,False,decline
INT002162,ACT002504,CAN00998,JOB00234,2026-05-04,2.163751856129352,0.7,7.5,4.0,4,0.0,1950.0,3100.0,0.5897435897435898,False,True,True,True,False,apply
INT002163,ACT003970,CAN01577,JOB00055,2026-05-04,2.163751856129352,0.7,7.8,5.0,5,0.0,3450.0,2850.0,-0.17391304347826086,True,True,False,True,True,apply
INT002164,ACT003970,CAN01577,JOB00402,2026-05-04,2.163751856129352,0.7,7.8,5.0,4,1.0,3450.0,3000.0,-0.13043478260869565,True,True,False,True,True,apply
INT002165,ACT000430,CAN00174,JOB00635,2026-05-05,2.163751856129352,0.7,8.3,3.0,3,0.0,1800.0,1700.0,-0.05555555555555555,True,True,False,True,True,apply
INT002166,ACT000430,CAN00174,JOB00701,2026-05-05,2.163751856129352,0.7,8.3,3.0,3,0.0,1800.0,1700.0,-0.05555555555555555,True,True,False,True,True,considering
INT002167,ACT004566,CAN01815,JOB00725,2026-05-05,2.163751856129352,0.7,7.5,1.0,1,0.0,1450.0,1450.0,0.0,False,True,True,True,False,considering
INT002168,ACT000926,CAN00368,JOB00491,2026-05-06,2.163751856129352,0.7,8.2,2.0,5,-3.0,2150.0,2300.0,0.06976744186046512,True,True,True,True,False,apply
INT002169,ACT000926,CAN00368,JOB00521,2026-05-06,2.163751856129352,0.7,8.2,2.0,4,-2.0,2150.0,2150.0,0.0,True,True,True,True,False,apply
INT002170,ACT001153,CAN00454,JOB00783,2026-05-06,2.163751856129352,0.7,9.0,3.0,4,-1.0,3350.0,3200.0,-0.04477611940298507,True,True,True,True,False,decline
INT002171,ACT002557,CAN01018,JOB00189,2026-05-06,2.163751856129352,0.7,9.8,1.0,2,-1.0,1450.0,1450.0,0.0,True,True,True,True,True,considering
INT002172,ACT003947,CAN01569,JOB00360,2026-05-06,2.163751856129352,0.7,2.7,,2,,2050.0,2150.0,0.04878048780487805,False,True,False,False,True,apply
INT002173,ACT003947,CAN01569,JOB00638,2026-05-06,2.163751856129352,0.7,2.0,3.0,3,0.0,2050.0,1650.0,-0.1951219512195122,False,False,False,False,True,apply
INT002174,ACT004201,CAN01666,JOB00366,2026-05-06,2.163751856129352,0.7,11.0,3.0,3,0.0,2250.0,2300.0,0.022222222222222223,True,True,True,True,False,apply
INT002175,ACT004412,CAN01753,JOB00401,2026-05-07,2.163751856129352,0.7,9.8,1.0,1,0.0,1400.0,1450.0,0.03571428571428571,True,True,False,True,True,considering
INT002176,ACT004559,CAN01813,JOB00725,2026-05-07,2.163751856129352,0.7,8.2,,1,,1350.0,1450.0,0.07407407407407407,True,True,True,True,True,apply
INT002177,ACT004559,CAN01813,JOB00411,2026-05-07,2.163751856129352,0.7,7.0,,2,,1350.0,1400.0,0.037037037037037035,True,True,False,True,False,apply
INT002178,ACT001832,CAN00731,JOB00436,2026-05-08,2.163751856129352,0.7,10.2,2.0,2,0.0,1550.0,1500.0,-0.03225806451612903,True,True,True,True,False,apply
INT002179,ACT001832,CAN00731,JOB00462,2026-05-08,2.163751856129352,0.7,9.8,2.0,2,0.0,1550.0,1550.0,0.0,True,True,False,True,False,apply
INT002180,ACT002461,CAN00982,JOB00619,2026-05-08,2.163751856129352,0.7,9.8,1.0,2,-1.0,1450.0,1650.0,0.13793103448275862,True,True,True,True,True,decline
INT002181,ACT002599,CAN01034,JOB00391,2026-05-08,2.163751856129352,0.7,9.0,2.0,2,0.0,1400.0,1400.0,0.0,True,True,False,False,True,apply
INT002182,ACT002599,CAN01034,JOB00398,2026-05-08,2.163751856129352,0.7,9.0,2.0,2,0.0,1400.0,1500.0,0.07142857142857142,True,True,False,False,True,apply
INT002183,ACT002599,CAN01034,JOB00206,2026-05-08,2.163751856129352,0.7,10.2,2.0,1,1.0,1400.0,1350.0,-0.03571428571428571,True,True,True,True,False,apply
INT002184,ACT003515,CAN01393,JOB00689,2026-05-08,2.163751856129352,0.7,8.5,1.0,1,0.0,1700.0,1250.0,-0.2647058823529412,True,True,True,True,False,apply
INT002185,ACT003515,CAN01393,JOB00607,2026-05-08,2.163751856129352,0.7,8.5,1.0,1,0.0,1700.0,1300.0,-0.23529411764705882,True,True,True,True,True,apply
INT002186,ACT003515,CAN01393,JOB00085,2026-05-08,2.163751856129352,0.7,7.8,1.0,2,-1.0,1700.0,1500.0,-0.11764705882352941,True,True,True,True,False,apply
INT002187,ACT004514,CAN01793,JOB00601,2026-05-08,2.163751856129352,0.7,10.2,3.0,3,0.0,2250.0,2150.0,-0.044444444444444446,True,True,True,True,False,apply
INT002188,ACT004764,CAN01891,JOB00727,2026-05-08,2.163751856129352,0.7,7.5,4.0,4,0.0,3500.0,3200.0,-0.08571428571428572,True,True,False,False,True,apply
INT002189,ACT004764,CAN01891,JOB00384,2026-05-08,2.163751856129352,0.7,7.5,4.0,4,0.0,3500.0,3150.0,-0.1,True,True,False,False,True,apply
INT002190,ACT000608,CAN00245,JOB00470,2026-05-09,2.163751856129352,0.7,9.8,2.0,3,-1.0,2250.0,2300.0,0.022222222222222223,True,True,True,True,False,apply
INT002191,ACT000608,CAN00245,JOB00672,2026-05-09,2.163751856129352,0.7,9.8,2.0,3,-1.0,2250.0,2250.0,0.0,True,True,True,True,False,apply
INT002192,ACT004208,CAN01669,JOB00741,2026-05-09,2.163751856129352,0.7,9.0,4.0,3,1.0,3300.0,2650.0,-0.19696969696969696,True,True,True,True,False,apply
INT002193,ACT004629,CAN01841,JOB00003,2026-05-09,2.163751856129352,0.7,11.0,1.0,1,0.0,1200.0,1250.0,0.041666666666666664,True,True,True,True,True,apply
INT002194,ACT000509,CAN00207,JOB00765,2026-05-10,2.163751856129352,0.7,7.5,3.0,3,0.0,2350.0,2200.0,-0.06382978723404255,True,True,False,False,True,apply
INT002195,ACT000509,CAN00207,JOB00495,2026-05-10,2.163751856129352,0.7,7.5,3.0,3,0.0,2350.0,2150.0,-0.0851063829787234,True,True,False,False,True,apply
INT002196,ACT001001,CAN00396,JOB00691,2026-05-10,2.163751856129352,0.7,8.3,3.0,4,-1.0,3400.0,3150.0,-0.07352941176470588,True,True,True,True,False,considering
INT002197,ACT002336,CAN00934,JOB00569,2026-05-10,2.163751856129352,0.7,11.0,2.0,2,0.0,1450.0,1550.0,0.06896551724137931,True,True,True,True,True,considering
INT002198,ACT002336,CAN00934,JOB00070,2026-05-10,2.163751856129352,0.7,9.0,2.0,2,0.0,1450.0,1450.0,0.0,True,True,False,False,False,considering
INT002199,ACT002359,CAN00941,JOB00688,2026-05-10,2.163751856129352,0.7,8.3,3.0,3,0.0,2600.0,2350.0,-0.09615384615384616,True,True,False,True,True,apply
INT002200,ACT001709,CAN00679,JOB00462,2026-05-11,2.163751856129352,0.7,3.5,2.0,2,0.0,2800.0,1550.0,-0.44642857142857145,False,False,True,True,False,decline
INT002201,ACT001709,CAN00679,JOB00189,2026-05-11,2.163751856129352,0.7,3.5,2.0,2,0.0,2800.0,1450.0,-0.48214285714285715,False,False,True,True,True,decline
INT002202,ACT000901,CAN00359,JOB00495,2026-05-12,2.163751856129352,0.7,7.5,3.0,3,0.0,2300.0,2150.0,-0.06521739130434782,True,True,False,False,False,apply
INT002203,ACT000901,CAN00359,JOB00450,2026-05-12,2.163751856129352,0.7,8.2,3.0,3,0.0,2300.0,2250.0,-0.021739130434782608,True,True,False,False,True,apply
INT002204,ACT003746,CAN01486,JOB00027,2026-05-12,2.163751856129352,0.7,11.0,1.0,1,0.0,1250.0,1300.0,0.04,True,True,True,True,True,considering
INT002205,ACT004585,CAN01822,JOB00027,2026-05-12,2.163751856129352,0.7,10.2,1.0,1,0.0,1350.0,1300.0,-0.037037037037037035,True,True,True,True,True,decline
INT002206,ACT004585,CAN01822,JOB00725,2026-05-12,2.163751856129352,0.7,11.0,1.0,1,0.0,1350.0,1450.0,0.07407407407407407,True,True,True,True,True,considering
INT002207,ACT004585,CAN01822,JOB00633,2026-05-12,2.163751856129352,0.7,9.0,1.0,2,-1.0,1350.0,1300.0,-0.037037037037037035,True,True,True,True,True,apply
INT002208,ACT004873,CAN01938,JOB00402,2026-05-12,2.163751856129352,0.7,9.5,4.0,4,0.0,3200.0,3000.0,-0.0625,True,True,True,True,True,apply
INT002209,ACT001339,CAN00524,JOB00234,2026-05-13,2.163751856129352,0.7,9.0,4.0,4,0.0,3600.0,3100.0,-0.1388888888888889,True,True,True,True,True,apply
INT002210,ACT001503,CAN00595,JOB00403,2026-05-13,2.163751856129352,0.7,8.5,1.0,1,0.0,1600.0,1250.0,-0.21875,True,True,True,True,False,apply
INT002211,ACT001503,CAN00595,JOB00610,2026-05-13,2.163751856129352,0.7,8.3,1.0,2,-1.0,1600.0,1450.0,-0.09375,True,True,True,True,False,apply
INT002212,ACT001737,CAN00694,JOB00391,2026-05-13,2.163751856129352,0.7,8.6,1.0,2,-1.0,1400.0,1400.0,0.0,True,True,False,True,True,apply
INT002213,ACT003868,CAN01537,JOB00017,2026-05-13,2.163751856129352,0.7,7.5,4.0,4,0.0,2050.0,2900.0,0.4146341463414634,False,True,True,True,True,apply
INT002214,ACT003868,CAN01537,JOB00023,2026-05-13,2.163751856129352,0.7,7.5,4.0,4,0.0,2050.0,2900.0,0.4146341463414634,False,True,True,True,False,apply
INT002215,ACT000205,CAN00079,JOB00601,2026-05-14,2.163751856129352,0.7,9.0,3.0,3,0.0,2200.0,2150.0,-0.022727272727272728,True,True,False,True,False,considering
INT002216,ACT000324,CAN00128,JOB00462,2026-05-14,2.163751856129352,0.7,9.8,1.0,2,-1.0,1450.0,1550.0,0.06896551724137931,True,True,True,True,True,apply
INT002217,ACT003949,CAN01570,JOB00017,2026-05-14,2.163751856129352,0.7,7.0,4.0,4,0.0,3450.0,2900.0,-0.15942028985507245,True,True,False,False,True,considering
INT002218,ACT003949,CAN01570,JOB00023,2026-05-14,2.163751856129352,0.7,7.0,4.0,4,0.0,3450.0,2900.0,-0.15942028985507245,True,True,False,False,False,apply
INT002219,ACT003082,CAN01220,JOB00475,2026-05-15,2.163751856129352,0.7,7.0,,2,,1850.0,2000.0,0.08108108108108109,True,True,False,True,False,apply
INT002220,ACT003082,CAN01220,JOB00096,2026-05-15,2.163751856129352,0.7,6.3,3.0,3,0.0,1850.0,2250.0,0.21621621621621623,False,True,False,True,True,considering
INT002221,ACT003328,CAN01322,JOB00694,2026-05-15,2.163751856129352,0.7,8.3,4.0,4,0.0,2700.0,2450.0,-0.09259259259259259,True,True,False,True,False,apply
INT002222,ACT003828,CAN01521,JOB00180,2026-05-15,2.163751856129352,0.7,8.3,4.0,4,0.0,3300.0,3000.0,-0.09090909090909091,True,True,False,True,False,considering
INT002223,ACT004422,CAN01757,JOB00796,2026-05-15,2.163751856129352,0.7,9.5,4.0,4,0.0,3300.0,3100.0,-0.06060606060606061,True,True,True,True,False,apply
INT002224,ACT000489,CAN00198,JOB00127,2026-05-16,2.163751856129352,0.7,7.8,3.0,3,0.0,2700.0,2200.0,-0.18518518518518517,True,True,False,True,False,considering
INT002225,ACT000489,CAN00198,JOB00474,2026-05-16,2.163751856129352,0.7,9.0,3.0,3,0.0,2700.0,2250.0,-0.16666666666666666,True,True,True,True,True,considering
INT002226,ACT002462,CAN00982,JOB00462,2026-05-16,2.163751856129352,0.7,9.8,1.0,2,-1.0,1450.0,1550.0,0.06896551724137931,True,True,True,True,True,considering
INT002227,ACT002558,CAN01018,JOB00789,2026-05-16,2.163751856129352,0.7,9.8,1.0,2,-1.0,1450.0,1500.0,0.034482758620689655,True,True,True,True,True,considering
INT002228,ACT000546,CAN00222,JOB00587,2026-05-17,2.163751856129352,0.7,8.3,3.0,4,-1.0,3150.0,2850.0,-0.09523809523809523,True,True,True,True,False,decline
INT002229,ACT001808,CAN00723,JOB00505,2026-05-17,2.163751856129352,0.7,8.2,,1,,1250.0,1350.0,0.08,True,True,True,True,True,apply
INT002230,ACT004152,CAN01647,JOB00366,2026-05-17,2.163751856129352,0.7,8.6,2.0,3,-1.0,2150.0,2300.0,0.06976744186046512,True,True,False,True,True,considering
INT002231,ACT004862,CAN01933,JOB00127,2026-05-17,2.163751856129352,0.7,9.0,4.0,3,1.0,2600.0,2200.0,-0.15384615384615385,True,True,True,True,True,apply
INT002232,ACT000002,CAN00001,JOB00732,2026-05-18,2.163751856129352,0.7,9.5,2.0,2,0.0,1750.0,1600.0,-0.08571428571428572,True,True,True,True,True,apply
INT002233,ACT000002,CAN00001,JOB00462,2026-05-18,2.163751856129352,0.7,9.0,2.0,2,0.0,1750.0,1550.0,-0.11428571428571428,True,True,True,True,False,apply
INT002234,ACT002150,CAN00861,JOB00152,2026-05-18,2.163751856129352,0.7,7.5,3.0,3,0.0,2350.0,2200.0,-0.06382978723404255,True,True,False,False,False,decline
INT002235,ACT004515,CAN01793,JOB00767,2026-05-18,2.163751856129352,0.7,9.8,3.0,3,0.0,2250.0,2250.0,0.0,True,True,False,True,False,considering
INT002236,ACT004515,CAN01793,JOB00657,2026-05-18,2.163751856129352,0.7,11.0,3.0,3,0.0,2250.0,2250.0,0.0,True,True,True,True,True,apply
INT002237,ACT000241,CAN00094,JOB00368,2026-05-19,2.163751856129352,0.7,6.7,,2,,1500.0,1350.0,-0.1,True,True,True,True,True,considering
INT002238,ACT000241,CAN00094,JOB00597,2026-05-19,2.163751856129352,0.7,6.7,,1,,1500.0,1350.0,-0.1,True,True,True,True,False,apply
INT002239,ACT001802,CAN00721,JOB00512,2026-05-19,2.163751856129352,0.7,9.0,4.0,4,0.0,2500.0,2150.0,-0.14,True,True,True,True,False,considering
INT002240,ACT001802,CAN00721,JOB00601,2026-05-19,2.163751856129352,0.7,9.0,4.0,3,1.0,2500.0,2150.0,-0.14,True,True,True,True,True,apply
INT002241,ACT004630,CAN01841,JOB00725,2026-05-19,2.163751856129352,0.7,11.0,1.0,1,0.0,1200.0,1450.0,0.20833333333333334,True,True,True,True,True,apply
INT002242,ACT004630,CAN01841,JOB00709,2026-05-19,2.163751856129352,0.7,11.0,1.0,1,0.0,1200.0,1200.0,0.0,True,True,True,True,True,apply
INT002243,ACT000663,CAN00266,JOB00513,2026-05-20,2.163751856129352,0.7,10.2,2.0,2,0.0,1600.0,1550.0,-0.03125,True,True,True,True,True,apply
INT002244,ACT001308,CAN00512,JOB00366,2026-05-20,2.163751856129352,0.7,9.0,3.0,3,0.0,2250.0,2300.0,0.022222222222222223,True,True,False,False,False,apply
INT002245,ACT002505,CAN00998,JOB00448,2026-05-20,2.163751856129352,0.7,6.3,4.0,4,0.0,1950.0,3100.0,0.5897435897435898,False,True,False,True,False,considering
INT002246,ACT002505,CAN00998,JOB00384,2026-05-20,2.163751856129352,0.7,6.3,4.0,4,0.0,1950.0,3150.0,0.6153846153846154,False,True,False,True,False,considering
INT002247,ACT003914,CAN01556,JOB00693,2026-05-20,2.163751856129352,0.7,9.5,2.0,2,0.0,1650.0,1550.0,-0.06060606060606061,True,True,True,True,False,considering
INT002248,ACT004449,CAN01765,JOB00798,2026-05-20,2.163751856129352,0.7,9.8,2.0,3,-1.0,1650.0,1750.0,0.06060606060606061,True,True,True,True,False,apply
INT002249,ACT000178,CAN00068,JOB00577,2026-05-21,2.163751856129352,0.7,9.0,3.0,3,0.0,2250.0,2250.0,0.0,True,True,False,False,False,apply
INT002250,ACT002586,CAN01030,JOB00601,2026-05-21,2.163751856129352,0.7,9.8,2.0,3,-1.0,1900.0,2150.0,0.13157894736842105,True,True,True,True,False,apply
INT002251,ACT002586,CAN01030,JOB00785,2026-05-21,2.163751856129352,0.7,8.6,2.0,3,-1.0,1900.0,2100.0,0.10526315789473684,True,True,False,True,False,considering
INT002252,ACT002618,CAN01042,JOB00127,2026-05-21,2.163751856129352,0.7,6.3,2.0,3,-1.0,2000.0,2200.0,0.1,False,True,True,True,False,apply
INT002253,ACT004432,CAN01760,JOB00798,2026-05-21,2.163751856129352,0.7,7.8,2.0,3,-1.0,1750.0,1750.0,0.0,True,True,False,False,False,apply
INT002254,ACT004432,CAN01760,JOB00358,2026-05-21,2.163751856129352,0.7,8.5,2.0,1,1.0,1750.0,1350.0,-0.22857142857142856,True,True,True,True,False,considering
INT002255,ACT004874,CAN01938,JOB00741,2026-05-21,2.163751856129352,0.7,9.0,4.0,3,1.0,3200.0,2650.0,-0.171875,True,True,True,True,False,apply
INT002256,ACT004874,CAN01938,JOB00540,2026-05-21,2.163751856129352,0.7,9.0,4.0,5,-1.0,3200.0,3050.0,-0.046875,True,True,True,True,True,considering
INT002257,ACT000751,CAN00301,JOB00651,2026-05-22,2.163751856129352,0.7,9.0,4.0,4,0.0,3150.0,2750.0,-0.12698412698412698,True,True,True,True,False,apply
INT002258,ACT000751,CAN00301,JOB00402,2026-05-22,2.163751856129352,0.7,9.0,4.0,4,0.0,3150.0,3000.0,-0.047619047619047616,True,True,False,True,False,apply
INT002259,ACT000751,CAN00301,JOB00587,2026-05-22,2.163751856129352,0.7,9.5,4.0,4,0.0,3150.0,2850.0,-0.09523809523809523,True,True,True,True,False,apply
INT002260,ACT000815,CAN00327,JOB00167,2026-05-22,2.163751856129352,0.7,7.0,4.0,4,0.0,3300.0,2650.0,-0.19696969696969696,True,True,False,False,False,apply
INT002261,ACT001459,CAN00577,JOB00550,2026-05-22,2.163751856129352,0.7,7.8,2.0,3,-1.0,1700.0,1750.0,0.029411764705882353,True,True,False,False,False,considering
INT002262,ACT001459,CAN00577,JOB00798,2026-05-22,2.163751856129352,0.7,7.8,2.0,3,-1.0,1700.0,1750.0,0.029411764705882353,True,True,False,False,False,apply
INT002263,ACT001619,CAN00646,JOB00187,2026-05-22,2.163751856129352,0.7,4.3,3.0,4,-1.0,2550.0,2200.0,-0.13725490196078433,False,True,True,True,True,decline
INT002264,ACT004545,CAN01807,JOB00466,2026-05-22,2.163751856129352,0.7,2.3,1.0,2,-1.0,2800.0,1500.0,-0.4642857142857143,False,False,True,True,True,decline
INT002265,ACT000252,CAN00099,JOB00404,2026-05-23,2.163751856129352,0.7,9.0,3.0,3,0.0,2550.0,2200.0,-0.13725490196078433,True,True,True,True,True,apply
INT002266,ACT000252,CAN00099,JOB00497,2026-05-23,2.163751856129352,0.7,9.5,3.0,3,0.0,2550.0,2350.0,-0.0784313725490196,True,True,True,True,False,apply
INT002267,ACT000766,CAN00309,JOB00785,2026-05-23,2.163751856129352,0.7,10.2,3.0,3,0.0,2200.0,2100.0,-0.045454545454545456,True,True,True,True,True,apply
INT002268,ACT000891,CAN00356,JOB00513,2026-05-23,2.163751856129352,0.7,11.0,2.0,2,0.0,1500.0,1550.0,0.03333333333333333,True,True,True,True,True,decline
INT002269,ACT002041,CAN00819,JOB00391,2026-05-23,2.163751856129352,0.7,9.8,1.0,2,-1.0,1400.0,1400.0,0.0,True,True,True,True,False,apply
INT002270,ACT002041,CAN00819,JOB00296,2026-05-23,2.163751856129352,0.7,9.0,1.0,1,0.0,1400.0,1400.0,0.0,True,True,False,False,False,apply
INT002271,ACT000226,CAN00088,JOB00513,2026-05-24,2.163751856129352,0.7,7.5,2.0,2,0.0,1650.0,1550.0,-0.06060606060606061,True,True,False,False,False,apply
INT002272,ACT000954,CAN00379,JOB00475,2026-05-24,2.163751856129352,0.7,10.2,2.0,2,0.0,2100.0,2000.0,-0.047619047619047616,True,True,True,True,True,apply
INT002273,ACT000954,CAN00379,JOB00073,2026-05-24,2.163751856129352,0.7,9.8,2.0,3,-1.0,2100.0,2150.0,0.023809523809523808,True,True,True,True,False,apply
INT002274,ACT000954,CAN00379,JOB00404,2026-05-24,2.163751856129352,0.7,9.8,2.0,3,-1.0,2100.0,2200.0,0.047619047619047616,True,True,True,True,True,apply
INT002275,ACT000420,CAN00169,JOB00381,2026-05-25,2.163751856129352,0.7,9.0,3.0,3,0.0,1650.0,1650.0,0.0,True,True,False,False,False,apply
INT002276,ACT000431,CAN00174,JOB00550,2026-05-25,2.163751856129352,0.7,10.2,3.0,3,0.0,1800.0,1750.0,-0.027777777777777776,True,True,True,True,True,decline
INT002277,ACT000431,CAN00174,JOB00212,2026-05-25,2.163751856129352,0.7,9.0,3.0,2,1.0,1800.0,1450.0,-0.19444444444444445,True,True,True,True,False,apply
INT002278,ACT002210,CAN00883,JOB00371,2026-05-25,2.163751856129352,0.7,9.8,1.0,2,-1.0,1200.0,1550.0,0.2916666666666667,True,True,True,True,False,apply
INT002279,ACT004289,CAN01704,JOB00611,2026-05-25,2.163751856129352,0.7,9.0,2.0,2,0.0,1700.0,1500.0,-0.11764705882352941,True,True,True,True,False,apply
INT002280,ACT004289,CAN01704,JOB00616,2026-05-25,2.163751856129352,0.7,9.5,2.0,2,0.0,1700.0,1550.0,-0.08823529411764706,True,True,True,True,False,apply
INT002281,ACT001154,CAN00454,JOB00175,2026-05-26,2.163751856129352,0.7,7.8,3.0,4,-1.0,3350.0,3200.0,-0.04477611940298507,True,True,False,True,False,apply
INT002282,ACT001222,CAN00480,JOB00521,2026-05-26,2.163751856129352,0.7,8.3,3.0,4,-1.0,2350.0,2150.0,-0.0851063829787234,True,True,True,True,False,considering
INT002283,ACT001222,CAN00480,JOB00512,2026-05-26,2.163751856129352,0.7,8.3,3.0,4,-1.0,2350.0,2150.0,-0.0851063829787234,True,True,True,True,False,apply
INT002284,ACT001340,CAN00524,JOB00771,2026-05-26,2.163751856129352,0.7,8.3,4.0,4,0.0,3600.0,3300.0,-0.08333333333333333,True,True,False,True,False,apply
INT002285,ACT001340,CAN00524,JOB00448,2026-05-26,2.163751856129352,0.7,7.8,4.0,4,0.0,3600.0,3100.0,-0.1388888888888889,True,True,False,True,True,apply
INT002286,ACT002072,CAN00832,JOB00550,2026-05-26,2.163751856129352,0.7,9.8,3.0,3,0.0,1750.0,1750.0,0.0,True,True,False,True,False,apply
INT002287,ACT002111,CAN00847,JOB00129,2026-05-26,2.163751856129352,0.7,9.0,4.0,4,0.0,3250.0,2850.0,-0.12307692307692308,True,True,True,True,True,apply
INT002288,ACT002369,CAN00945,JOB00364,2026-05-26,2.163751856129352,0.7,9.8,1.0,2,-1.0,1200.0,1400.0,0.16666666666666666,True,True,True,True,False,apply
INT002289,ACT002429,CAN00971,JOB00073,2026-05-26,2.163751856129352,0.7,7.0,3.0,3,0.0,2500.0,2150.0,-0.14,True,True,False,False,False,apply
INT002290,ACT002550,CAN01015,JOB00401,2026-05-26,2.163751856129352,0.7,9.0,2.0,1,1.0,1450.0,1450.0,0.0,True,True,False,False,True,apply
INT002291,ACT004137,CAN01641,JOB00657,2026-05-26,2.163751856129352,0.7,6.3,3.0,3,0.0,2250.0,2250.0,0.0,False,True,False,True,True,considering
INT002292,ACT004137,CAN01641,JOB00321,2026-05-26,2.163751856129352,0.7,6.3,3.0,3,0.0,2250.0,2900.0,0.28888888888888886,False,True,False,True,True,apply
INT002293,ACT004137,CAN01641,JOB00479,2026-05-26,2.163751856129352,0.7,6.3,3.0,3,0.0,2250.0,3000.0,0.3333333333333333,False,True,False,True,False,considering
INT002294,ACT004413,CAN01753,JOB00371,2026-05-26,2.163751856129352,0.7,9.8,1.0,2,-1.0,1400.0,1550.0,0.10714285714285714,True,True,True,True,False,considering
INT002295,ACT004413,CAN01753,JOB00616,2026-05-26,2.163751856129352,0.7,9.8,1.0,2,-1.0,1400.0,1550.0,0.10714285714285714,True,True,True,True,True,apply
INT002296,ACT001269,CAN00497,JOB00732,2026-05-27,2.163751856129352,0.7,9.5,2.0,2,0.0,1750.0,1600.0,-0.08571428571428572,True,True,True,True,False,apply
INT002297,ACT001791,CAN00717,JOB00741,2026-05-27,2.163751856129352,0.7,9.0,4.0,3,1.0,3200.0,2650.0,-0.171875,True,True,True,True,False,apply
INT002298,ACT001791,CAN00717,JOB00662,2026-05-27,2.163751856129352,0.7,9.5,4.0,4,0.0,3200.0,2950.0,-0.078125,True,True,True,True,False,considering
INT002299,ACT002894,CAN01149,JOB00497,2026-05-27,2.163751856129352,0.7,6.3,2.0,3,-1.0,2300.0,2350.0,0.021739130434782608,False,True,True,True,False,considering
INT002300,ACT002894,CAN01149,JOB00366,2026-05-27,2.163751856129352,0.7,6.3,2.0,3,-1.0,2300.0,2300.0,0.0,False,True,True,True,False,considering
INT002301,ACT004305,CAN01710,JOB00611,2026-05-27,2.163751856129352,0.7,9.8,1.0,2,-1.0,1450.0,1500.0,0.034482758620689655,True,True,True,True,True,apply
INT002302,ACT004305,CAN01710,JOB00616,2026-05-27,2.163751856129352,0.7,9.8,1.0,2,-1.0,1450.0,1550.0,0.06896551724137931,True,True,True,True,True,apply
INT002303,ACT001989,CAN00797,JOB00505,2026-05-28,2.163751856129352,0.7,7.3999999999999995,,1,,1400.0,1350.0,-0.03571428571428571,True,True,True,True,False,apply
INT002304,ACT002201,CAN00880,JOB00371,2026-05-28,2.163751856129352,0.7,8.6,1.0,2,-1.0,1550.0,1550.0,0.0,True,True,False,True,False,decline
INT002305,ACT002614,CAN01041,JOB00526,2026-05-28,2.163751856129352,0.7,9.0,3.0,4,-1.0,2200.0,2150.0,-0.022727272727272728,True,True,True,True,False,apply
INT002306,ACT002614,CAN01041,JOB00767,2026-05-28,2.163751856129352,0.7,9.8,3.0,3,0.0,2200.0,2250.0,0.022727272727272728,True,True,False,True,False,considering
INT002307,ACT002643,CAN01053,JOB00371,2026-05-28,2.163751856129352,0.7,9.5,2.0,2,0.0,1650.0,1550.0,-0.06060606060606061,True,True,True,True,True,decline
INT002308,ACT002838,CAN01127,JOB00663,2026-05-28,2.163751856129352,0.7,7.3999999999999995,3.0,5,-2.0,3100.0,2950.0,-0.04838709677419355,True,True,True,True,False,apply
INT002309,ACT003826,CAN01520,JOB00152,2026-05-28,2.163751856129352,0.7,7.8,2.0,3,-1.0,2200.0,2200.0,0.0,True,True,False,False,False,apply
INT002310,ACT000444,CAN00180,JOB00472,2026-05-29,2.163751856129352,0.7,6.2,,1,,1450.0,1300.0,-0.10344827586206896,True,True,True,True,True,considering
INT002311,ACT000444,CAN00180,JOB00725,2026-05-29,2.163751856129352,0.7,7.0,,1,,1450.0,1450.0,0.0,True,True,False,True,True,decline
INT002312,ACT000510,CAN00207,JOB00341,2026-05-29,2.163751856129352,0.7,7.0,3.0,3,0.0,2350.0,2050.0,-0.1276595744680851,True,True,False,False,True,considering
INT002313,ACT003622,CAN01439,JOB00362,2026-05-29,2.163751856129352,0.7,9.0,3.0,4,-1.0,2550.0,2500.0,-0.0196078431372549,True,True,True,True,True,considering
INT002314,ACT003628,CAN01441,JOB00620,2026-05-29,2.163751856129352,0.7,8.5,5.0,4,1.0,3450.0,2750.0,-0.2028985507246377,True,True,True,True,False,apply
INT002315,ACT000398,CAN00161,JOB00725,2026-05-30,2.163751856129352,0.7,7.0,,1,,1450.0,1450.0,0.0,True,True,False,True,True,decline
INT002316,ACT000398,CAN00161,JOB00411,2026-05-30,2.163751856129352,0.7,7.3999999999999995,,2,,1450.0,1400.0,-0.034482758620689655,True,True,True,True,False,decline
INT002317,ACT003329,CAN01322,JOB00414,2026-05-30,2.163751856129352,0.7,9.0,4.0,3,1.0,2700.0,2250.0,-0.16666666666666666,True,True,True,True,False,apply
INT002318,ACT004423,CAN01757,JOB00399,2026-05-30,2.163751856129352,0.7,9.0,4.0,5,-1.0,3300.0,3150.0,-0.045454545454545456,True,True,True,True,False,apply
INT002319,ACT004423,CAN01757,JOB00180,2026-05-30,2.163751856129352,0.7,9.5,4.0,4,0.0,3300.0,3000.0,-0.09090909090909091,True,True,True,True,False,apply
INT002320,ACT004554,CAN01811,JOB00003,2026-05-30,2.163751856129352,0.7,9.0,1.0,1,0.0,1200.0,1250.0,0.041666666666666664,True,True,False,False,False,apply
INT002321,ACT004554,CAN01811,JOB00656,2026-05-30,2.163751856129352,0.7,9.0,1.0,1,0.0,1200.0,1200.0,0.0,True,True,False,False,False,decline
INT002322,ACT001504,CAN00595,JOB00401,2026-05-31,2.163751856129352,0.7,7.5,1.0,1,0.0,1600.0,1450.0,-0.09375,True,True,False,False,False,apply
INT002323,ACT003298,CAN01311,JOB00652,2026-05-31,2.163751856129352,0.7,7.5,3.0,3,0.0,2300.0,2150.0,-0.06521739130434782,True,True,False,False,False,apply
INT002324,ACT004632,CAN01842,JOB00789,2026-05-31,2.163751856129352,0.7,2.3,3.0,2,1.0,3050.0,1500.0,-0.5081967213114754,False,False,False,True,False,considering
INT002325,ACT001460,CAN00577,JOB00358,2026-06-01,2.307540009899357,0.7,8.5,2.0,1,1.0,1700.0,1350.0,-0.20588235294117646,True,True,True,True,False,apply
INT002326,ACT001460,CAN00577,JOB00693,2026-06-01,2.307540009899357,0.7,7.5,2.0,2,0.0,1700.0,1550.0,-0.08823529411764706,True,True,False,False,False,apply
INT002327,ACT003312,CAN01316,JOB00357,2026-06-01,2.307540009899357,0.7,8.3,3.0,4,-1.0,2500.0,2250.0,-0.1,True,True,True,True,True,apply
INT002328,ACT003312,CAN01316,JOB00577,2026-06-01,2.307540009899357,0.7,8.3,3.0,3,0.0,2500.0,2250.0,-0.1,True,True,False,True,True,considering
INT002329,ACT004153,CAN01647,JOB00181,2026-06-01,2.307540009899357,0.7,8.6,2.0,3,-1.0,2150.0,2150.0,0.0,True,True,False,True,True,apply
INT002330,ACT004546,CAN01807,JOB00070,2026-06-01,2.307540009899357,0.7,1.1,1.0,2,-1.0,2800.0,1450.0,-0.48214285714285715,False,False,False,True,False,decline
INT002331,ACT000253,CAN00099,JOB00594,2026-06-02,2.307540009899357,0.7,9.0,3.0,3,0.0,2550.0,2150.0,-0.1568627450980392,True,True,True,True,False,decline
INT002332,ACT000253,CAN00099,JOB00366,2026-06-02,2.307540009899357,0.7,9.5,3.0,3,0.0,2550.0,2300.0,-0.09803921568627451,True,True,True,True,False,apply
INT002333,ACT000253,CAN00099,JOB00676,2026-06-02,2.307540009899357,0.7,9.0,3.0,3,0.0,2550.0,2050.0,-0.19607843137254902,True,True,True,True,False,apply
INT002334,ACT000664,CAN00266,JOB00488,2026-06-03,2.307540009899357,0.7,9.0,2.0,1,1.0,1600.0,1300.0,-0.1875,True,True,True,True,False,considering
INT002335,ACT002211,CAN00883,JOB00689,2026-06-04,2.307540009899357,0.7,11.0,1.0,1,0.0,1200.0,1250.0,0.041666666666666664,True,True,True,True,False,apply
INT002336,ACT004138,CAN01641,JOB00758,2026-06-04,2.307540009899357,0.7,6.3,3.0,4,-1.0,2250.0,2800.0,0.24444444444444444,False,True,True,True,False,decline
INT002337,ACT004138,CAN01641,JOB00767,2026-06-04,2.307540009899357,0.7,7.5,3.0,3,0.0,2250.0,2250.0,0.0,False,True,True,True,False,apply
INT002338,ACT002663,CAN01061,JOB00672,2026-06-05,2.307540009899357,0.7,7.5,3.0,3,0.0,1850.0,2250.0,0.21621621621621623,False,True,True,True,False,apply
INT002339,ACT003175,CAN01257,JOB00616,2026-06-05,2.307540009899357,0.7,8.6,1.0,2,-1.0,1550.0,1550.0,0.0,True,True,False,True,False,considering
INT002340,ACT000369,CAN00150,JOB00095,2026-06-06,2.307540009899357,0.7,7.0,3.0,3,0.0,2400.0,2100.0,-0.125,True,True,False,False,False,apply
INT002341,ACT000369,CAN00150,JOB00351,2026-06-06,2.307540009899357,0.7,7.0,3.0,3,0.0,2400.0,2100.0,-0.125,True,True,False,False,True,apply
INT002342,ACT002646,CAN01055,JOB00296,2026-06-06,2.307540009899357,0.7,9.0,1.0,1,0.0,1400.0,1400.0,0.0,True,True,False,False,True,considering
INT002343,ACT002646,CAN01055,JOB00752,2026-06-06,2.307540009899357,0.7,9.0,1.0,1,0.0,1400.0,1350.0,-0.03571428571428571,True,True,False,True,False,apply
INT002344,ACT003420,CAN01358,JOB00382,2026-06-06,2.307540009899357,0.7,10.2,1.0,1,0.0,1250.0,1200.0,-0.04,True,True,True,True,False,considering
INT002345,ACT003420,CAN01358,JOB00472,2026-06-06,2.307540009899357,0.7,9.8,1.0,1,0.0,1250.0,1300.0,0.04,True,True,False,True,False,apply
INT002346,ACT001729,CAN00690,JOB00657,2026-06-07,2.307540009899357,0.7,9.5,4.0,3,1.0,2450.0,2250.0,-0.08163265306122448,True,True,True,True,True,apply
INT002347,ACT002587,CAN01030,JOB00766,2026-06-07,2.307540009899357,0.7,8.6,2.0,3,-1.0,1900.0,2100.0,0.10526315789473684,True,True,False,True,False,apply
INT002348,ACT000003,CAN00001,JOB00701,2026-06-08,2.307540009899357,0.7,9.0,2.0,3,-1.0,1750.0,1700.0,-0.02857142857142857,True,True,True,True,True,apply
INT002349,ACT001179,CAN00464,JOB00736,2026-06-08,2.307540009899357,0.7,7.3999999999999995,,1,,1400.0,1350.0,-0.03571428571428571,True,True,True,True,True,decline
INT002350,ACT001804,CAN00722,JOB00796,2026-06-08,2.307540009899357,0.7,8.6,3.0,4,-1.0,3100.0,3100.0,0.0,True,True,False,True,False,apply
INT002351,ACT001804,CAN00722,JOB00773,2026-06-08,2.307540009899357,0.7,7.8,3.0,4,-1.0,3100.0,3100.0,0.0,True,True,False,False,True,apply
INT002352,ACT002494,CAN00994,JOB00127,2026-06-08,2.307540009899357,0.7,7.5,3.0,3,0.0,1950.0,2200.0,0.1282051282051282,False,True,True,True,False,apply
INT002353,ACT003623,CAN01439,JOB00474,2026-06-08,2.307540009899357,0.7,7.0,3.0,3,0.0,2550.0,2250.0,-0.11764705882352941,True,True,False,False,False,considering
INT002354,ACT003623,CAN01439,JOB00376,2026-06-08,2.307540009899357,0.7,7.8,3.0,4,-1.0,2550.0,2600.0,0.0196078431372549,True,True,False,False,True,considering
INT002355,ACT003812,CAN01514,JOB00426,2026-06-08,2.307540009899357,0.7,9.0,2.0,2,0.0,1350.0,1350.0,0.0,True,True,False,False,True,apply
INT002356,ACT003812,CAN01514,JOB00756,2026-06-08,2.307540009899357,0.7,9.0,2.0,2,0.0,1350.0,1350.0,0.0,True,True,False,False,False,considering
INT002357,ACT001155,CAN00454,JOB00457,2026-06-09,2.307540009899357,0.7,9.0,3.0,3,0.0,3350.0,3200.0,-0.04477611940298507,True,True,False,True,True,considering
INT002358,ACT000242,CAN00094,JOB00401,2026-06-10,2.307540009899357,0.7,5.5,1.0,1,0.0,1500.0,1450.0,-0.03333333333333333,False,True,False,True,True,apply
INT002359,ACT000242,CAN00094,JOB00369,2026-06-10,2.307540009899357,0.7,6.2,,1,,1500.0,1250.0,-0.16666666666666666,True,True,True,True,True,considering
INT002360,ACT000262,CAN00102,JOB00462,2026-06-10,2.307540009899357,0.7,9.5,2.0,2,0.0,1700.0,1550.0,-0.08823529411764706,True,True,True,True,True,apply
INT002361,ACT000262,CAN00102,JOB00704,2026-06-10,2.307540009899357,0.7,11.0,2.0,2,0.0,1700.0,1800.0,0.058823529411764705,True,True,True,True,True,decline
INT002362,ACT000421,CAN00169,JOB00798,2026-06-10,2.307540009899357,0.7,9.0,3.0,3,0.0,1650.0,1750.0,0.06060606060606061,True,True,False,False,False,considering
INT002363,ACT000932,CAN00371,JOB00023,2026-06-10,2.307540009899357,0.7,7.0,4.0,4,0.0,3450.0,2900.0,-0.15942028985507245,True,True,False,False,True,apply
INT002364,ACT001620,CAN00646,JOB00657,2026-06-10,2.307540009899357,0.7,5.5,3.0,3,0.0,2550.0,2250.0,-0.11764705882352941,False,True,True,True,True,apply
INT002365,ACT001620,CAN00646,JOB00601,2026-06-10,2.307540009899357,0.7,5.5,3.0,3,0.0,2550.0,2150.0,-0.1568627450980392,False,True,True,True,False,considering
INT002366,ACT001681,CAN00668,JOB00085,2026-06-10,2.307540009899357,0.7,9.5,2.0,2,0.0,1650.0,1500.0,-0.09090909090909091,True,True,True,True,False,apply
INT002367,ACT001986,CAN00796,JOB00002,2026-06-10,2.307540009899357,0.7,8.5,3.0,2,1.0,1950.0,1500.0,-0.23076923076923078,True,True,True,True,False,apply
INT002368,ACT001986,CAN00796,JOB00063,2026-06-10,2.307540009899357,0.7,7.0,3.0,2,1.0,1950.0,1600.0,-0.1794871794871795,True,True,False,False,True,decline
INT002369,ACT003756,CAN01491,JOB00736,2026-06-10,2.307540009899357,0.7,11.0,1.0,1,0.0,1350.0,1350.0,0.0,True,True,True,True,False,apply
INT002370,ACT003756,CAN01491,JOB00774,2026-06-10,2.307540009899357,0.7,11.0,1.0,1,0.0,1350.0,1350.0,0.0,True,True,True,True,True,decline
INT002371,ACT000626,CAN00254,JOB00486,2026-06-11,2.307540009899357,0.7,9.8,1.0,1,0.0,1350.0,1350.0,0.0,True,True,False,True,True,apply
INT002372,ACT001571,CAN00622,JOB00027,2026-06-11,2.307540009899357,0.7,11.0,1.0,1,0.0,1250.0,1300.0,0.04,True,True,True,True,True,decline
INT002373,ACT002112,CAN00847,JOB00482,2026-06-11,2.307540009899357,0.7,9.0,4.0,4,0.0,3250.0,2750.0,-0.15384615384615385,True,True,True,True,True,considering
INT002374,ACT004064,CAN01613,JOB00765,2026-06-11,2.307540009899357,0.7,9.8,3.0,3,0.0,2200.0,2200.0,0.0,True,True,False,True,False,apply
INT002375,ACT004064,CAN01613,JOB00577,2026-06-11,2.307540009899357,0.7,9.8,3.0,3,0.0,2200.0,2250.0,0.022727272727272728,True,True,False,True,True,apply
INT002376,ACT000997,CAN00395,JOB00513,2026-06-12,2.307540009899357,0.7,9.8,1.0,2,-1.0,1300.0,1550.0,0.19230769230769232,True,True,True,True,True,apply
INT002377,ACT002615,CAN01041,JOB00766,2026-06-12,2.307540009899357,0.7,10.2,3.0,3,0.0,2200.0,2100.0,-0.045454545454545456,True,True,True,True,True,apply
INT002378,ACT003629,CAN01441,JOB00129,2026-06-12,2.307540009899357,0.7,9.0,5.0,4,1.0,3450.0,2850.0,-0.17391304347826086,True,True,True,True,False,considering
INT002379,ACT004547,CAN01807,JOB00566,2026-06-12,2.307540009899357,0.7,2.3,1.0,1,0.0,2800.0,1350.0,-0.5178571428571429,False,False,False,True,True,considering
INT002380,ACT004633,CAN01842,JOB00212,2026-06-12,2.307540009899357,0.7,3.5,3.0,2,1.0,3050.0,1450.0,-0.5245901639344263,False,False,True,True,False,decline
INT002381,ACT000114,CAN00044,JOB00515,2026-06-13,2.307540009899357,0.7,7.8,5.0,5,0.0,3900.0,3300.0,-0.15384615384615385,True,True,False,True,False,apply
INT002382,ACT000114,CAN00044,JOB00234,2026-06-13,2.307540009899357,0.7,8.5,5.0,4,1.0,3900.0,3100.0,-0.20512820512820512,True,True,True,True,False,apply
INT002383,ACT000179,CAN00068,JOB00746,2026-06-13,2.307540009899357,0.7,7.8,3.0,4,-1.0,2250.0,2300.0,0.022222222222222223,True,True,False,False,False,apply
INT002384,ACT000179,CAN00068,JOB00415,2026-06-13,2.307540009899357,0.7,9.0,3.0,3,0.0,2250.0,2300.0,0.022222222222222223,True,True,False,False,False,considering
INT002385,ACT000752,CAN00301,JOB00482,2026-06-13,2.307540009899357,0.7,9.0,4.0,4,0.0,3150.0,2750.0,-0.12698412698412698,True,True,True,True,False,apply
INT002386,ACT000752,CAN00301,JOB00699,2026-06-13,2.307540009899357,0.7,9.5,4.0,4,0.0,3150.0,2850.0,-0.09523809523809523,True,True,True,True,False,apply
INT002387,ACT001347,CAN00528,JOB00634,2026-06-13,2.307540009899357,0.7,9.0,3.0,3,0.0,2500.0,2200.0,-0.12,True,True,True,True,False,considering
INT002388,ACT001347,CAN00528,JOB00096,2026-06-13,2.307540009899357,0.7,9.5,3.0,3,0.0,2500.0,2250.0,-0.1,True,True,True,True,False,considering
INT002389,ACT001478,CAN00585,JOB00747,2026-06-13,2.307540009899357,0.7,9.0,4.0,4,0.0,3400.0,3000.0,-0.11764705882352941,True,True,True,True,False,considering
INT002390,ACT001478,CAN00585,JOB00745,2026-06-13,2.307540009899357,0.7,8.3,4.0,4,0.0,3400.0,3100.0,-0.08823529411764706,True,True,False,True,False,decline
INT002391,ACT001990,CAN00797,JOB00411,2026-06-13,2.307540009899357,0.7,7.0,,2,,1400.0,1400.0,0.0,True,True,False,True,False,decline
INT002392,ACT002202,CAN00880,JOB00401,2026-06-13,2.307540009899357,0.7,8.3,1.0,1,0.0,1550.0,1450.0,-0.06451612903225806,True,True,False,True,False,considering
INT002393,ACT002896,CAN01150,JOB00794,2026-06-13,2.307540009899357,0.7,9.8,1.0,2,-1.0,1350.0,1450.0,0.07407407407407407,True,True,True,True,False,apply
INT002394,ACT003527,CAN01398,JOB00645,2026-06-13,2.307540009899357,0.7,9.0,4.0,4,0.0,3200.0,3050.0,-0.046875,True,True,False,True,True,apply
INT002395,ACT003527,CAN01398,JOB00745,2026-06-13,2.307540009899357,0.7,9.0,4.0,4,0.0,3200.0,3100.0,-0.03125,True,True,False,True,True,apply
INT002396,ACT004306,CAN01710,JOB00774,2026-06-13,2.307540009899357,0.7,9.5,1.0,1,0.0,1450.0,1350.0,-0.06896551724137931,True,True,True,True,False,apply
INT002397,ACT004864,CAN01934,JOB00027,2026-06-13,2.307540009899357,0.7,7.5,1.0,1,0.0,1400.0,1300.0,-0.07142857142857142,True,True,False,False,False,apply
INT002398,ACT002923,CAN01160,JOB00620,2026-06-14,2.307540009899357,0.7,7.8,4.0,4,0.0,3200.0,2750.0,-0.140625,True,True,False,True,False,apply
INT002399,ACT003814,CAN01515,JOB00096,2026-06-14,2.307540009899357,0.7,10.2,3.0,3,0.0,2300.0,2250.0,-0.021739130434782608,True,True,True,True,False,considering
INT002400,ACT004362,CAN01734,JOB00376,2026-06-14,2.307540009899357,0.7,8.2,4.0,4,0.0,2650.0,2600.0,-0.018867924528301886,True,True,False,False,True,apply
INT002401,ACT000793,CAN00319,JOB00127,2026-06-15,2.307540009899357,0.7,9.5,3.0,3,0.0,2400.0,2200.0,-0.08333333333333333,True,True,True,True,True,considering
INT002402,ACT001730,CAN00690,JOB00787,2026-06-15,2.307540009899357,0.7,9.0,4.0,4,0.0,2450.0,2200.0,-0.10204081632653061,True,True,True,True,False,apply
INT002403,ACT001730,CAN00690,JOB00187,2026-06-15,2.307540009899357,0.7,9.0,4.0,4,0.0,2450.0,2200.0,-0.10204081632653061,True,True,True,True,True,apply
INT002404,ACT002212,CAN00883,JOB00488,2026-06-15,2.307540009899357,0.7,11.0,1.0,1,0.0,1200.0,1300.0,0.08333333333333333,True,True,True,True,True,apply
INT002405,ACT002212,CAN00883,JOB00736,2026-06-15,2.307540009899357,0.7,11.0,1.0,1,0.0,1200.0,1350.0,0.125,True,True,True,True,True,apply
INT002406,ACT002484,CAN00990,JOB00152,2026-06-15,2.307540009899357,0.7,7.0,3.0,3,0.0,2700.0,2200.0,-0.18518518518518517,True,True,False,False,False,apply
INT002407,ACT002798,CAN01112,JOB00736,2026-06-15,2.307540009899357,0.7,9.0,1.0,1,0.0,1550.0,1350.0,-0.12903225806451613,True,True,True,True,True,apply
INT002408,ACT000775,CAN00312,JOB00472,2026-06-16,2.307540009899357,0.7,11.0,1.0,1,0.0,1250.0,1300.0,0.04,True,True,True,True,True,apply
INT002409,ACT000955,CAN00379,JOB00095,2026-06-16,2.307540009899357,0.7,8.6,2.0,3,-1.0,2100.0,2100.0,0.0,True,True,False,True,False,apply
INT002410,ACT001851,CAN00740,JOB00612,2026-06-16,2.307540009899357,0.7,10.2,1.0,1,0.0,1250.0,1200.0,-0.04,True,True,True,True,False,apply
INT002411,ACT002370,CAN00945,JOB00046,2026-06-16,2.307540009899357,0.7,9.8,1.0,1,0.0,1200.0,1300.0,0.08333333333333333,True,True,False,True,False,apply
INT002412,ACT002370,CAN00945,JOB00689,2026-06-16,2.307540009899357,0.7,9.8,1.0,1,0.0,1200.0,1250.0,0.041666666666666664,True,True,False,True,True,apply
INT002413,ACT002370,CAN00945,JOB00401,2026-06-16,2.307540009899357,0.7,9.8,1.0,1,0.0,1200.0,1450.0,0.20833333333333334,True,True,False,True,False,apply
INT002414,ACT003579,CAN01421,JOB00282,2026-06-16,2.307540009899357,0.7,3.8,2.0,3,-1.0,2750.0,2050.0,-0.2545454545454545,False,True,True,True,False,considering
INT002415,ACT003579,CAN01421,JOB00601,2026-06-16,2.307540009899357,0.7,2.5999999999999996,2.0,3,-1.0,2750.0,2150.0,-0.21818181818181817,False,True,False,True,False,decline
INT002416,ACT004689,CAN01863,JOB00027,2026-06-16,2.307540009899357,0.7,10.2,1.0,1,0.0,1350.0,1300.0,-0.037037037037037035,True,True,True,True,True,decline
INT002417,ACT000399,CAN00161,JOB00611,2026-06-17,2.307540009899357,0.7,6.3,2.0,2,0.0,1450.0,1500.0,0.034482758620689655,False,True,False,True,True,considering
INT002418,ACT001727,CAN00689,JOB00525,2026-06-17,2.307540009899357,0.7,9.0,2.0,2,0.0,1500.0,1500.0,0.0,True,True,False,False,True,apply
INT002419,ACT002834,CAN01126,JOB00693,2026-06-17,2.307540009899357,0.7,9.8,1.0,2,-1.0,1550.0,1550.0,0.0,True,True,True,True,False,considering
INT002420,ACT004859,CAN01932,JOB00506,2026-06-17,2.307540009899357,0.7,9.0,3.0,3,0.0,2300.0,2300.0,0.0,True,True,False,False,True,apply
INT002421,ACT004859,CAN01932,JOB00527,2026-06-17,2.307540009899357,0.7,8.2,3.0,3,0.0,2300.0,2250.0,-0.021739130434782608,True,True,False,False,True,decline
INT002422,ACT000051,CAN00021,JOB00175,2026-06-18,2.307540009899357,0.7,5.5,4.0,4,0.0,2250.0,3200.0,0.4222222222222222,False,True,False,False,False,decline
INT002423,ACT000051,CAN00021,JOB00683,2026-06-18,2.307540009899357,0.7,6.3,4.0,5,-1.0,2250.0,3050.0,0.35555555555555557,False,True,True,True,True,considering
INT002424,ACT001805,CAN00722,JOB00155,2026-06-18,2.307540009899357,0.7,9.0,3.0,4,-1.0,3100.0,3000.0,-0.03225806451612903,True,True,True,True,False,apply
INT002425,ACT002270,CAN00908,JOB00445,2026-06-18,2.307540009899357,0.7,11.0,1.0,1,0.0,1300.0,1300.0,0.0,True,True,True,True,True,apply
INT002426,ACT002270,CAN00908,JOB00027,2026-06-18,2.307540009899357,0.7,11.0,1.0,1,0.0,1300.0,1300.0,0.0,True,True,True,True,True,considering
INT002427,ACT002289,CAN00917,JOB00634,2026-06-18,2.307540009899357,0.7,7.5,4.0,3,1.0,2150.0,2200.0,0.023255813953488372,False,True,True,True,False,apply
INT002428,ACT002289,CAN00917,JOB00005,2026-06-18,2.307540009899357,0.7,7.5,4.0,4,0.0,2150.0,2250.0,0.046511627906976744,False,True,True,True,True,apply
INT002429,ACT002289,CAN00917,JOB00492,2026-06-18,2.307540009899357,0.7,7.5,4.0,3,1.0,2150.0,2250.0,0.046511627906976744,False,True,True,True,True,considering
INT002430,ACT002551,CAN01015,JOB00794,2026-06-18,2.307540009899357,0.7,9.0,2.0,2,0.0,1450.0,1450.0,0.0,True,True,False,False,False,apply
INT002431,ACT002551,CAN01015,JOB00371,2026-06-18,2.307540009899357,0.7,9.0,2.0,2,0.0,1450.0,1550.0,0.06896551724137931,True,True,False,False,False,apply
INT002432,ACT004154,CAN01647,JOB00524,2026-06-18,2.307540009899357,0.7,8.6,2.0,3,-1.0,2150.0,2200.0,0.023255813953488372,True,True,False,True,True,apply
INT002433,ACT001451,CAN00574,JOB00782,2026-06-19,2.307540009899357,0.7,7.5,4.0,4,0.0,2000.0,2450.0,0.225,False,True,True,True,True,considering
INT002434,ACT001451,CAN00574,JOB00127,2026-06-19,2.307540009899357,0.7,7.5,4.0,3,1.0,2000.0,2200.0,0.1,False,True,True,True,False,apply
INT002435,ACT001927,CAN00771,JOB00685,2026-06-19,2.307540009899357,0.7,10.2,1.0,1,0.0,1250.0,1200.0,-0.04,True,True,True,True,False,considering
INT002436,ACT001927,CAN00771,JOB00790,2026-06-19,2.307540009899357,0.7,11.0,1.0,1,0.0,1250.0,1250.0,0.0,True,True,True,True,False,apply
INT002437,ACT001931,CAN00773,JOB00540,2026-06-19,2.307540009899357,0.7,8.6,4.0,5,-1.0,3050.0,3050.0,0.0,True,True,False,True,True,considering
INT002438,ACT002507,CAN00999,JOB00371,2026-06-19,2.307540009899357,0.7,9.0,2.0,2,0.0,1500.0,1550.0,0.03333333333333333,True,True,False,False,False,decline
INT002439,ACT002852,CAN01133,JOB00187,2026-06-19,2.307540009899357,0.7,7.8,4.0,4,0.0,2700.0,2200.0,-0.18518518518518517,True,True,False,True,True,apply
INT002440,ACT002852,CAN01133,JOB00521,2026-06-19,2.307540009899357,0.7,7.3,4.0,4,0.0,2700.0,2150.0,-0.2037037037037037,True,True,False,True,True,decline
INT002441,ACT000248,CAN00096,JOB00651,2026-06-20,2.307540009899357,0.7,8.3,3.0,4,-1.0,3050.0,2750.0,-0.09836065573770492,True,True,True,True,False,apply
INT002442,ACT001461,CAN00577,JOB00704,2026-06-20,2.307540009899357,0.7,9.0,2.0,2,0.0,1700.0,1800.0,0.058823529411764705,True,True,False,False,True,apply
INT002443,ACT001683,CAN00669,JOB00085,2026-06-20,2.307540009899357,0.7,9.8,1.0,2,-1.0,1400.0,1500.0,0.07142857142857142,True,True,True,True,False,apply
INT002444,ACT002495,CAN00994,JOB00568,2026-06-20,2.307540009899357,0.7,7.5,3.0,3,0.0,1950.0,2300.0,0.1794871794871795,False,True,True,True,True,apply
INT002445,ACT000216,CAN00084,JOB00259,2026-06-21,2.307540009899357,0.7,7.0,1.0,1,0.0,1450.0,1200.0,-0.1724137931034483,True,True,False,False,False,apply
INT002446,ACT001987,CAN00796,JOB00045,2026-06-21,2.307540009899357,0.7,8.5,3.0,2,1.0,1950.0,1400.0,-0.28205128205128205,True,True,True,True,True,considering
INT002447,ACT001987,CAN00796,JOB00477,2026-06-21,2.307540009899357,0.7,9.0,3.0,3,0.0,1950.0,1600.0,-0.1794871794871795,True,True,True,True,True,apply
INT002448,ACT004837,CAN01923,JOB00492,2026-06-21,2.307540009899357,0.7,9.0,3.0,3,0.0,2550.0,2250.0,-0.11764705882352941,True,True,True,True,True,considering
INT002449,ACT004845,CAN01927,JOB00256,2026-06-21,2.307540009899357,0.7,8.5,2.0,2,0.0,1850.0,1450.0,-0.21621621621621623,True,True,True,True,True,apply
INT002450,ACT000255,CAN00100,JOB00217,2026-06-22,2.307540009899357,0.7,7.0,4.0,4,0.0,3300.0,2700.0,-0.18181818181818182,True,True,False,False,True,apply
INT002451,ACT001676,CAN00667,JOB00445,2026-06-22,2.307540009899357,0.7,11.0,1.0,1,0.0,1300.0,1300.0,0.0,True,True,True,True,True,apply
INT002452,ACT001676,CAN00667,JOB00790,2026-06-22,2.307540009899357,0.7,10.2,1.0,1,0.0,1300.0,1250.0,-0.038461538461538464,True,True,True,True,True,considering
INT002453,ACT001676,CAN00667,JOB00725,2026-06-22,2.307540009899357,0.7,11.0,1.0,1,0.0,1300.0,1450.0,0.11538461538461539,True,True,True,True,True,considering
INT002454,ACT003613,CAN01436,JOB00546,2026-06-22,2.307540009899357,0.7,8.6,4.0,5,-1.0,2650.0,2650.0,0.0,True,True,False,True,True,decline
INT002455,ACT004001,CAN01587,JOB00027,2026-06-22,2.307540009899357,0.7,11.0,1.0,1,0.0,1200.0,1300.0,0.08333333333333333,True,True,True,True,True,apply
INT002456,ACT004139,CAN01641,JOB00601,2026-06-22,2.307540009899357,0.7,5.5,3.0,3,0.0,2250.0,2150.0,-0.044444444444444446,False,True,False,True,False,apply
INT002457,ACT004139,CAN01641,JOB00747,2026-06-22,2.307540009899357,0.7,6.3,3.0,4,-1.0,2250.0,3000.0,0.3333333333333333,False,True,True,True,True,apply
INT002458,ACT001228,CAN00482,JOB00401,2026-06-23,2.307540009899357,0.7,9.5,1.0,1,0.0,1550.0,1450.0,-0.06451612903225806,True,True,True,True,False,decline
INT002459,ACT001228,CAN00482,JOB00616,2026-06-23,2.307540009899357,0.7,8.6,1.0,2,-1.0,1550.0,1550.0,0.0,True,True,False,True,False,apply
INT002460,ACT002543,CAN01013,JOB00752,2026-06-23,2.307540009899357,0.7,9.0,1.0,1,0.0,1550.0,1350.0,-0.12903225806451613,True,True,True,True,False,apply
INT002461,ACT002543,CAN01013,JOB00401,2026-06-23,2.307540009899357,0.7,8.3,1.0,1,0.0,1550.0,1450.0,-0.06451612903225806,True,True,False,True,True,decline
INT002462,ACT003528,CAN01398,JOB00661,2026-06-23,2.307540009899357,0.7,9.5,4.0,4,0.0,3200.0,2950.0,-0.078125,True,True,True,True,False,apply
INT002463,ACT003630,CAN01441,JOB00639,2026-06-23,2.307540009899357,0.7,8.5,5.0,4,1.0,3450.0,2750.0,-0.2028985507246377,True,True,True,True,False,considering
INT002464,ACT001134,CAN00448,JOB00129,2026-06-24,2.307540009899357,0.7,9.0,3.0,4,-1.0,2950.0,2850.0,-0.03389830508474576,True,True,True,True,True,decline
INT002465,ACT002152,CAN00862,JOB00518,2026-06-24,2.307540009899357,0.7,6.3,1.0,2,-1.0,1250.0,1300.0,0.04,False,True,True,True,False,considering
INT002466,ACT002152,CAN00862,JOB00345,2026-06-24,2.307540009899357,0.7,6.2,,1,,1250.0,1300.0,0.04,True,True,False,False,True,considering
INT002467,ACT002488,CAN00992,JOB00547,2026-06-24,2.307540009899357,0.7,11.0,3.0,3,0.0,2100.0,2100.0,0.0,True,True,True,True,True,apply
INT002468,ACT002616,CAN01041,JOB00785,2026-06-24,2.307540009899357,0.7,10.2,3.0,3,0.0,2200.0,2100.0,-0.045454545454545456,True,True,True,True,True,decline
INT002469,ACT000263,CAN00102,JOB00738,2026-06-25,2.307540009899357,0.7,9.8,2.0,3,-1.0,1700.0,1700.0,0.0,True,True,True,True,True,considering
INT002470,ACT000687,CAN00276,JOB00401,2026-06-25,2.307540009899357,0.7,9.8,1.0,1,0.0,1400.0,1450.0,0.03571428571428571,True,True,False,True,False,apply
INT002471,ACT002826,CAN01123,JOB00774,2026-06-26,2.307540009899357,0.7,10.2,1.0,1,0.0,1400.0,1350.0,-0.03571428571428571,True,True,True,True,False,apply
INT002472,ACT002826,CAN01123,JOB00401,2026-06-26,2.307540009899357,0.7,9.8,1.0,1,0.0,1400.0,1450.0,0.03571428571428571,True,True,False,True,False,apply
INT002473,ACT003454,CAN01370,JOB00423,2026-06-26,2.307540009899357,0.7,7.8,4.0,5,-1.0,3300.0,2800.0,-0.15151515151515152,True,True,True,True,True,considering
INT002474,ACT003896,CAN01550,JOB00647,2026-06-26,2.307540009899357,0.7,9.0,1.0,1,0.0,1200.0,1250.0,0.041666666666666664,True,True,False,False,False,apply
INT002475,ACT003896,CAN01550,JOB00259,2026-06-26,2.307540009899357,0.7,9.0,1.0,1,0.0,1200.0,1200.0,0.0,True,True,False,False,False,apply
INT002476,ACT004065,CAN01613,JOB00495,2026-06-26,2.307540009899357,0.7,9.0,3.0,3,0.0,2200.0,2150.0,-0.022727272727272728,True,True,False,True,False,apply
INT002477,ACT002989,CAN01186,JOB00778,2026-06-27,2.307540009899357,0.7,11.0,2.0,2,0.0,1550.0,1600.0,0.03225806451612903,True,True,True,True,True,considering
INT002478,ACT003775,CAN01499,JOB00486,2026-06-27,2.307540009899357,0.7,8.5,2.0,1,1.0,1700.0,1350.0,-0.20588235294117646,True,True,True,True,False,apply
INT002479,ACT003961,CAN01574,JOB00410,2026-06-27,2.307540009899357,0.7,3.5,2.0,2,0.0,2200.0,1500.0,-0.3181818181818182,False,False,True,True,False,considering
INT002480,ACT004621,CAN01836,JOB00704,2026-06-27,2.307540009899357,0.7,11.0,2.0,2,0.0,1650.0,1800.0,0.09090909090909091,True,True,True,True,False,apply
INT002481,ACT000163,CAN00062,JOB00410,2026-06-28,2.307540009899357,0.7,8.6,1.0,2,-1.0,1400.0,1500.0,0.07142857142857142,True,True,False,True,True,apply
INT002482,ACT002508,CAN00999,JOB00398,2026-06-28,2.307540009899357,0.7,9.0,2.0,2,0.0,1500.0,1500.0,0.0,True,True,False,False,True,considering
INT002483,ACT002508,CAN00999,JOB00616,2026-06-28,2.307540009899357,0.7,9.0,2.0,2,0.0,1500.0,1550.0,0.03333333333333333,True,True,False,False,True,apply
INT002484,ACT002924,CAN01160,JOB00625,2026-06-28,2.307540009899357,0.7,9.0,4.0,3,1.0,3200.0,2750.0,-0.140625,True,True,True,True,False,apply
INT002485,ACT002924,CAN01160,JOB00409,2026-06-28,2.307540009899357,0.7,9.5,4.0,4,0.0,3200.0,2900.0,-0.09375,True,True,True,True,False,apply
INT002486,ACT003177,CAN01257,JOB00401,2026-06-28,2.307540009899357,0.7,8.3,1.0,1,0.0,1550.0,1450.0,-0.06451612903225806,True,True,False,True,False,apply
INT002487,ACT003252,CAN01289,JOB00360,2026-06-28,2.307540009899357,0.7,4.2,,2,,2400.0,2150.0,-0.10416666666666667,True,True,False,False,True,considering
INT002488,ACT004363,CAN01734,JOB00694,2026-06-28,2.307540009899357,0.7,7.5,4.0,4,0.0,2650.0,2450.0,-0.07547169811320754,True,True,False,False,False,apply
INT002489,ACT004614,CAN01834,JOB00376,2026-06-28,2.307540009899357,0.7,9.8,3.0,4,-1.0,2550.0,2600.0,0.0196078431372549,True,True,True,True,True,apply
INT002490,ACT000598,CAN00242,JOB00369,2026-06-29,2.307540009899357,0.7,11.0,1.0,1,0.0,1200.0,1250.0,0.041666666666666664,True,True,True,True,True,apply
INT002491,ACT000598,CAN00242,JOB00472,2026-06-29,2.307540009899357,0.7,9.8,1.0,1,0.0,1200.0,1300.0,0.08333333333333333,True,True,False,True,True,apply
INT002492,ACT000922,CAN00366,JOB00608,2026-06-29,2.307540009899357,0.7,6.0,4.0,3,1.0,1700.0,2150.0,0.2647058823529412,False,False,True,True,True,considering
INT002493,ACT004579,CAN01820,JOB00736,2026-06-29,2.307540009899357,0.7,9.8,1.0,1,0.0,1300.0,1350.0,0.038461538461538464,True,True,False,True,False,apply
INT002494,ACT004579,CAN01820,JOB00752,2026-06-29,2.307540009899357,0.7,11.0,1.0,1,0.0,1300.0,1350.0,0.038461538461538464,True,True,True,True,True,decline
INT002495,ACT004801,CAN01906,JOB00398,2026-06-29,2.307540009899357,0.7,8.2,2.0,2,0.0,1550.0,1500.0,-0.03225806451612903,True,True,False,False,False,decline
INT002496,ACT000115,CAN00044,JOB00727,2026-06-30,2.307540009899357,0.7,9.0,5.0,4,1.0,3900.0,3200.0,-0.1794871794871795,True,True,True,True,False,apply
INT002497,ACT002271,CAN00908,JOB00505,2026-06-30,2.307540009899357,0.7,11.0,1.0,1,0.0,1300.0,1350.0,0.038461538461538464,True,True,True,True,True,apply
INT002498,ACT002647,CAN01055,JOB00570,2026-06-30,2.307540009899357,0.7,9.0,1.0,2,-1.0,1400.0,1350.0,-0.03571428571428571,True,True,True,True,True,considering
INT002499,ACT004212,CAN01671,JOB00401,2026-06-30,2.307540009899357,0.7,11.0,1.0,1,0.0,1300.0,1450.0,0.11538461538461539,True,True,True,True,True,apply
INT002500,ACT004212,CAN01671,JOB00774,2026-06-30,2.307540009899357,0.7,9.8,1.0,1,0.0,1300.0,1350.0,0.038461538461538464,True,True,False,True,False,apply
INT002501,ACT002290,CAN00917,JOB00598,2026-07-01,2.4530605510641807,0.7,7.5,4.0,3,1.0,2150.0,2250.0,0.046511627906976744,False,True,True,True,True,apply
INT002502,ACT002290,CAN00917,JOB00360,2026-07-01,2.4530605510641807,0.7,7.5,4.0,2,2.0,2150.0,2150.0,0.0,False,True,True,True,False,apply
INT002503,ACT003580,CAN01421,JOB00036,2026-07-01,2.4530605510641807,0.7,2.5999999999999996,2.0,3,-1.0,2750.0,1950.0,-0.2909090909090909,False,True,False,True,False,considering
INT002504,ACT000152,CAN00058,JOB00365,2026-07-02,2.4530605510641807,0.7,7.8,3.0,4,-1.0,2300.0,2300.0,0.0,True,True,False,False,False,considering
INT002505,ACT000152,CAN00058,JOB00577,2026-07-02,2.4530605510641807,0.7,8.2,3.0,3,0.0,2300.0,2250.0,-0.021739130434782608,True,True,False,False,True,apply
INT002506,ACT000843,CAN00339,JOB00085,2026-07-02,2.4530605510641807,0.7,9.0,2.0,2,0.0,1500.0,1500.0,0.0,True,True,False,False,True,apply
INT002507,ACT000843,CAN00339,JOB00398,2026-07-02,2.4530605510641807,0.7,9.0,2.0,2,0.0,1500.0,1500.0,0.0,True,True,False,False,False,apply
INT002508,ACT002536,CAN01010,JOB00524,2026-07-02,2.4530605510641807,0.7,9.8,2.0,3,-1.0,1950.0,2200.0,0.1282051282051282,True,True,True,True,True,apply
INT002509,ACT002536,CAN01010,JOB00073,2026-07-02,2.4530605510641807,0.7,9.8,2.0,3,-1.0,1950.0,2150.0,0.10256410256410256,True,True,True,True,True,apply
INT002510,ACT004484,CAN01780,JOB00495,2026-07-02,2.4530605510641807,0.7,3.0,3.0,3,0.0,3250.0,2150.0,-0.3384615384615385,False,True,False,False,False,considering
INT002511,ACT000627,CAN00254,JOB00401,2026-07-03,2.4530605510641807,0.7,9.8,1.0,1,0.0,1350.0,1450.0,0.07407407407407407,True,True,False,True,False,considering
INT002512,ACT001349,CAN00528,JOB00360,2026-07-03,2.4530605510641807,0.7,9.0,3.0,2,1.0,2500.0,2150.0,-0.14,True,True,True,True,False,apply
INT002513,ACT001677,CAN00667,JOB00027,2026-07-03,2.4530605510641807,0.7,11.0,1.0,1,0.0,1300.0,1300.0,0.0,True,True,True,True,True,considering
INT002514,ACT002122,CAN00851,JOB00410,2026-07-03,2.4530605510641807,0.7,9.8,1.0,2,-1.0,1300.0,1500.0,0.15384615384615385,True,True,True,True,True,apply
INT002515,ACT002391,CAN00954,JOB00371,2026-07-03,2.4530605510641807,0.7,11.0,2.0,2,0.0,1550.0,1550.0,0.0,True,True,True,True,False,apply
INT002516,ACT002391,CAN00954,JOB00085,2026-07-03,2.4530605510641807,0.7,10.2,2.0,2,0.0,1550.0,1500.0,-0.03225806451612903,True,True,True,True,False,apply
INT002517,ACT002835,CAN01126,JOB00462,2026-07-03,2.4530605510641807,0.7,9.8,1.0,2,-1.0,1550.0,1550.0,0.0,True,True,True,True,True,apply
INT002518,ACT002835,CAN01126,JOB00567,2026-07-03,2.4530605510641807,0.7,9.8,1.0,2,-1.0,1550.0,1550.0,0.0,True,True,True,True,True,apply
INT002519,ACT002853,CAN01133,JOB00485,2026-07-03,2.4530605510641807,0.7,7.8,4.0,4,0.0,2700.0,2200.0,-0.18518518518518517,True,True,False,True,False,apply
INT002520,ACT002853,CAN01133,JOB00282,2026-07-03,2.4530605510641807,0.7,8.5,4.0,3,1.0,2700.0,2050.0,-0.24074074074074073,True,True,True,True,False,apply
INT002521,ACT002853,CAN01133,JOB00263,2026-07-03,2.4530605510641807,0.7,7.3,4.0,3,1.0,2700.0,2000.0,-0.25925925925925924,True,True,False,True,False,considering
INT002522,ACT003208,CAN01270,JOB00578,2026-07-03,2.4530605510641807,0.7,3.5,2.0,2,0.0,2600.0,1600.0,-0.38461538461538464,False,False,True,True,False,considering
INT002523,ACT003655,CAN01451,JOB00783,2026-07-03,2.4530605510641807,0.7,9.0,4.0,4,0.0,3750.0,3200.0,-0.14666666666666667,True,True,True,True,True,decline
INT002524,ACT003655,CAN01451,JOB00175,2026-07-03,2.4530605510641807,0.7,7.8,4.0,4,0.0,3750.0,3200.0,-0.14666666666666667,True,True,False,True,False,decline
INT002525,ACT003917,CAN01557,JOB00623,2026-07-03,2.4530605510641807,0.7,9.0,3.0,3,0.0,2250.0,1950.0,-0.13333333333333333,True,True,True,True,False,apply
INT002526,ACT001767,CAN00707,JOB00345,2026-07-04,2.4530605510641807,0.7,11.0,1.0,1,0.0,1200.0,1300.0,0.08333333333333333,True,True,True,True,False,considering
INT002527,ACT001767,CAN00707,JOB00647,2026-07-04,2.4530605510641807,0.7,9.0,1.0,1,0.0,1200.0,1250.0,0.041666666666666664,True,True,False,False,False,apply
INT002528,ACT003815,CAN01515,JOB00101,2026-07-04,2.4530605510641807,0.7,9.8,3.0,4,-1.0,2300.0,2300.0,0.0,True,True,True,True,False,apply
INT002529,ACT003815,CAN01515,JOB00534,2026-07-04,2.4530605510641807,0.7,10.2,3.0,3,0.0,2300.0,2200.0,-0.043478260869565216,True,True,True,True,False,apply
INT002530,ACT002897,CAN01150,JOB00046,2026-07-05,2.4530605510641807,0.7,10.2,1.0,1,0.0,1350.0,1300.0,-0.037037037037037035,True,True,True,True,True,apply
INT002531,ACT004576,CAN01819,JOB00688,2026-07-05,2.4530605510641807,0.7,9.8,2.0,3,-1.0,2250.0,2350.0,0.044444444444444446,True,True,True,True,False,apply
INT002532,ACT004690,CAN01863,JOB00791,2026-07-05,2.4530605510641807,0.7,11.0,1.0,1,0.0,1350.0,1400.0,0.037037037037037035,True,True,True,True,True,apply
INT002533,ACT004690,CAN01863,JOB00790,2026-07-05,2.4530605510641807,0.7,9.5,1.0,1,0.0,1350.0,1250.0,-0.07407407407407407,True,True,True,True,True,decline
INT002534,ACT000052,CAN00021,JOB00310,2026-07-06,2.4530605510641807,0.7,6.3,4.0,5,-1.0,2250.0,3050.0,0.35555555555555557,False,True,True,True,True,decline
INT002535,ACT001187,CAN00467,JOB00771,2026-07-06,2.4530605510641807,0.7,8.3,4.0,4,0.0,3500.0,3300.0,-0.05714285714285714,True,True,False,True,False,apply
INT002536,ACT001187,CAN00467,JOB00175,2026-07-06,2.4530605510641807,0.7,8.3,4.0,4,0.0,3500.0,3200.0,-0.08571428571428572,True,True,False,True,True,apply
INT002537,ACT002258,CAN00903,JOB00485,2026-07-06,2.4530605510641807,0.7,9.0,4.0,4,0.0,2500.0,2200.0,-0.12,True,True,True,True,True,decline
INT002538,ACT002258,CAN00903,JOB00766,2026-07-06,2.4530605510641807,0.7,9.0,4.0,3,1.0,2500.0,2100.0,-0.16,True,True,True,True,False,apply
INT002539,ACT003517,CAN01394,JOB00662,2026-07-06,2.4530605510641807,0.7,7.5,4.0,4,0.0,3250.0,2950.0,-0.09230769230769231,True,True,False,False,False,considering
INT002540,ACT002454,CAN00980,JOB00347,2026-07-07,2.4530605510641807,0.7,11.0,2.0,2,0.0,1500.0,1550.0,0.03333333333333333,True,True,True,True,False,apply
INT002541,ACT002509,CAN00999,JOB00513,2026-07-07,2.4530605510641807,0.7,9.0,2.0,2,0.0,1500.0,1550.0,0.03333333333333333,True,True,False,False,False,considering
INT002542,ACT004216,CAN01672,JOB00409,2026-07-07,2.4530605510641807,0.7,9.0,5.0,4,1.0,3550.0,2900.0,-0.18309859154929578,True,True,True,True,True,apply
INT002543,ACT000601,CAN00243,JOB00601,2026-07-08,2.4530605510641807,0.7,9.0,2.0,3,-1.0,2200.0,2150.0,-0.022727272727272728,True,True,True,True,False,apply
INT002544,ACT003974,CAN01579,JOB00508,2026-07-08,2.4530605510641807,0.7,9.5,4.0,4,0.0,2600.0,2400.0,-0.07692307692307693,True,True,True,True,True,apply
INT002545,ACT003974,CAN01579,JOB00782,2026-07-08,2.4530605510641807,0.7,9.5,4.0,4,0.0,2600.0,2450.0,-0.057692307692307696,True,True,True,True,False,apply
INT002546,ACT004044,CAN01604,JOB00752,2026-07-08,2.4530605510641807,0.7,6.0,1.0,1,0.0,1500.0,1350.0,-0.1,False,True,True,True,False,considering
INT002547,ACT004044,CAN01604,JOB00386,2026-07-08,2.4530605510641807,0.7,6.2,,1,,1500.0,1200.0,-0.2,True,True,True,True,False,apply
INT002548,ACT004359,CAN01733,JOB00345,2026-07-08,2.4530605510641807,0.7,9.0,1.0,1,0.0,1300.0,1300.0,0.0,True,True,False,False,False,apply
INT002549,ACT001229,CAN00482,JOB00046,2026-07-09,2.4530605510641807,0.7,9.0,1.0,1,0.0,1550.0,1300.0,-0.16129032258064516,True,True,True,True,False,apply
INT002550,ACT000568,CAN00229,JOB00535,2026-07-10,2.4530605510641807,0.7,8.3,4.0,5,-1.0,3650.0,3300.0,-0.0958904109589041,True,True,True,True,False,apply
INT002551,ACT001452,CAN00574,JOB00433,2026-07-10,2.4530605510641807,0.7,7.5,4.0,3,1.0,2000.0,2150.0,0.075,False,True,True,True,True,apply
INT002552,ACT001932,CAN00773,JOB00129,2026-07-10,2.4530605510641807,0.7,8.3,4.0,4,0.0,3050.0,2850.0,-0.06557377049180328,True,True,False,True,True,apply
INT002553,ACT003476,CAN01379,JOB00404,2026-07-10,2.4530605510641807,0.7,7.0,4.0,3,1.0,2550.0,2200.0,-0.13725490196078433,True,True,False,False,False,apply
INT002554,ACT003593,CAN01427,JOB00673,2026-07-10,2.4530605510641807,0.7,10.2,4.0,4,0.0,2400.0,2300.0,-0.041666666666666664,True,True,True,True,False,considering
INT002555,ACT004213,CAN01671,JOB00486,2026-07-10,2.4530605510641807,0.7,11.0,1.0,1,0.0,1300.0,1350.0,0.038461538461538464,True,True,True,True,False,apply
INT002556,ACT003156,CAN01249,JOB00611,2026-07-11,2.4530605510641807,0.7,9.5,2.0,2,0.0,1650.0,1500.0,-0.09090909090909091,True,True,True,True,True,apply
INT002557,ACT004661,CAN01853,JOB00404,2026-07-11,2.4530605510641807,0.7,10.2,3.0,3,0.0,2300.0,2200.0,-0.043478260869565216,True,True,True,True,True,apply
INT002558,ACT001399,CAN00552,JOB00693,2026-07-12,2.4530605510641807,0.7,9.5,2.0,2,0.0,1700.0,1550.0,-0.08823529411764706,True,True,True,True,False,considering
INT002559,ACT002854,CAN01133,JOB00766,2026-07-12,2.4530605510641807,0.7,7.3,4.0,3,1.0,2700.0,2100.0,-0.2222222222222222,True,True,False,True,True,decline
INT002560,ACT004287,CAN01703,JOB00652,2026-07-12,2.4530605510641807,0.7,9.5,3.0,3,0.0,2300.0,2150.0,-0.06521739130434782,True,True,True,True,False,apply
INT002561,ACT004287,CAN01703,JOB00679,2026-07-12,2.4530605510641807,0.7,7.8,3.0,4,-1.0,2300.0,2300.0,0.0,True,True,False,False,False,apply
INT002562,ACT001530,CAN00606,JOB00783,2026-07-13,2.4530605510641807,0.7,8.3,3.0,4,-1.0,3450.0,3200.0,-0.07246376811594203,True,True,True,True,False,considering
INT002563,ACT001530,CAN00606,JOB00175,2026-07-13,2.4530605510641807,0.7,7.1,3.0,4,-1.0,3450.0,3200.0,-0.07246376811594203,True,True,False,True,True,considering
INT002564,ACT002966,CAN01176,JOB00792,2026-07-13,2.4530605510641807,0.7,10.2,3.0,3,0.0,2300.0,2250.0,-0.021739130434782608,True,True,True,True,True,apply
INT002565,ACT004438,CAN01762,JOB00725,2026-07-13,2.4530605510641807,0.7,9.0,1.0,1,0.0,1450.0,1450.0,0.0,True,True,False,False,True,apply
INT002566,ACT000522,CAN00212,JOB00695,2026-07-14,2.4530605510641807,0.7,9.0,3.0,3,0.0,3600.0,3050.0,-0.1527777777777778,True,True,True,True,True,apply
INT002567,ACT000522,CAN00212,JOB00175,2026-07-14,2.4530605510641807,0.7,7.8,3.0,4,-1.0,3600.0,3200.0,-0.1111111111111111,True,True,True,True,False,apply
INT002568,ACT000850,CAN00342,JOB00752,2026-07-14,2.4530605510641807,0.7,2.3,1.0,1,0.0,3000.0,1350.0,-0.55,False,False,False,True,False,decline
INT002569,ACT001768,CAN00707,JOB00086,2026-07-14,2.4530605510641807,0.7,9.0,1.0,1,0.0,1200.0,1200.0,0.0,True,True,False,False,True,considering
INT002570,ACT001975,CAN00790,JOB00440,2026-07-14,2.4530605510641807,0.7,9.0,4.0,4,0.0,2450.0,2050.0,-0.16326530612244897,True,True,True,True,False,considering
INT002571,ACT003344,CAN01330,JOB00488,2026-07-14,2.4530605510641807,0.7,9.8,1.0,1,0.0,1200.0,1300.0,0.08333333333333333,True,True,False,True,False,apply
INT002572,ACT003344,CAN01330,JOB00486,2026-07-14,2.4530605510641807,0.7,9.8,1.0,1,0.0,1200.0,1350.0,0.125,True,True,False,True,True,apply
INT002573,ACT003581,CAN01421,JOB00766,2026-07-14,2.4530605510641807,0.7,2.5999999999999996,2.0,3,-1.0,2750.0,2100.0,-0.23636363636363636,False,True,False,True,False,considering
INT002574,ACT003581,CAN01421,JOB00263,2026-07-14,2.4530605510641807,0.7,2.5999999999999996,2.0,3,-1.0,2750.0,2000.0,-0.2727272727272727,False,True,False,True,True,decline
INT002575,ACT003897,CAN01550,JOB00086,2026-07-14,2.4530605510641807,0.7,9.0,1.0,1,0.0,1200.0,1200.0,0.0,True,True,False,False,True,apply
INT002576,ACT003897,CAN01550,JOB00333,2026-07-14,2.4530605510641807,0.7,9.0,1.0,1,0.0,1200.0,1200.0,0.0,True,True,False,False,False,apply
INT002577,ACT003897,CAN01550,JOB00027,2026-07-14,2.4530605510641807,0.7,9.0,1.0,1,0.0,1200.0,1300.0,0.08333333333333333,True,True,False,False,True,considering
INT002578,ACT001181,CAN00464,JOB00085,2026-07-15,2.4530605510641807,0.7,8.2,,2,,1400.0,1500.0,0.07142857142857142,True,True,True,True,False,apply
INT002579,ACT001181,CAN00464,JOB00775,2026-07-15,2.4530605510641807,0.7,8.2,,2,,1400.0,1450.0,0.03571428571428571,True,True,True,True,True,considering
INT002580,ACT001678,CAN00667,JOB00410,2026-07-15,2.4530605510641807,0.7,9.8,1.0,2,-1.0,1300.0,1500.0,0.15384615384615385,True,True,True,True,True,considering
INT002581,ACT002295,CAN00919,JOB00796,2026-07-15,2.4530605510641807,0.7,9.5,5.0,4,1.0,3400.0,3100.0,-0.08823529411764706,True,True,True,True,False,apply
INT002582,ACT002489,CAN00992,JOB00664,2026-07-15,2.4530605510641807,0.7,9.8,3.0,4,-1.0,2100.0,2250.0,0.07142857142857142,True,True,True,True,False,apply
INT002583,ACT002537,CAN01010,JOB00792,2026-07-15,2.4530605510641807,0.7,9.8,2.0,3,-1.0,1950.0,2250.0,0.15384615384615385,True,True,True,True,False,apply
INT002584,ACT002987,CAN01185,JOB00086,2026-07-15,2.4530605510641807,0.7,2.3,1.0,1,0.0,2950.0,1200.0,-0.5932203389830508,False,False,False,True,False,considering
INT002585,ACT004744,CAN01883,JOB00085,2026-07-15,2.4530605510641807,0.7,8.6,1.0,2,-1.0,1450.0,1500.0,0.034482758620689655,True,True,False,True,False,apply
INT002586,ACT001922,CAN00769,JOB00426,2026-07-16,2.4530605510641807,0.7,9.8,1.0,2,-1.0,1350.0,1350.0,0.0,True,True,True,True,False,considering
INT002587,ACT002392,CAN00954,JOB00775,2026-07-16,2.4530605510641807,0.7,9.5,2.0,2,0.0,1550.0,1450.0,-0.06451612903225806,True,True,True,True,True,apply
INT002588,ACT003171,CAN01255,JOB00547,2026-07-16,2.4530605510641807,0.7,9.8,2.0,3,-1.0,2050.0,2100.0,0.024390243902439025,True,True,True,True,False,apply
INT002589,ACT003396,CAN01349,JOB00647,2026-07-16,2.4530605510641807,0.7,11.0,1.0,1,0.0,1200.0,1250.0,0.041666666666666664,True,True,True,True,False,considering
INT002590,ACT004122,CAN01636,JOB00410,2026-07-16,2.4530605510641807,0.7,7.0,,2,,1500.0,1500.0,0.0,True,True,False,True,True,considering
INT002591,ACT004605,CAN01830,JOB00282,2026-07-16,2.4530605510641807,0.7,9.0,3.0,3,0.0,2150.0,2050.0,-0.046511627906976744,True,True,False,True,False,decline
INT002592,ACT001119,CAN00440,JOB00532,2026-07-17,2.4530605510641807,0.7,9.0,3.0,3,0.0,2600.0,2250.0,-0.1346153846153846,True,True,True,True,False,apply
INT002593,ACT001244,CAN00488,JOB00475,2026-07-17,2.4530605510641807,0.7,8.2,,2,,1850.0,2000.0,0.08108108108108109,True,True,True,True,False,decline
INT002594,ACT001244,CAN00488,JOB00129,2026-07-17,2.4530605510641807,0.7,6.3,3.0,4,-1.0,1850.0,2850.0,0.5405405405405406,False,True,True,True,True,considering
INT002595,ACT003322,CAN01320,JOB00415,2026-07-17,2.4530605510641807,0.7,11.0,3.0,3,0.0,2300.0,2300.0,0.0,True,True,True,True,True,apply
INT002596,ACT003369,CAN01339,JOB00505,2026-07-17,2.4530605510641807,0.7,8.3,1.0,1,0.0,1500.0,1350.0,-0.1,True,True,False,True,True,apply
INT002597,ACT003986,CAN01583,JOB00608,2026-07-17,2.4530605510641807,0.7,8.2,3.0,3,0.0,2250.0,2150.0,-0.044444444444444446,True,True,False,False,False,considering
INT002598,ACT004116,CAN01634,JOB00490,2026-07-17,2.4530605510641807,0.7,9.5,3.0,3,0.0,2500.0,2300.0,-0.08,True,True,True,True,False,apply
INT002599,ACT000888,CAN00355,JOB00361,2026-07-18,2.4530605510641807,0.7,9.0,3.0,4,-1.0,2300.0,2250.0,-0.021739130434782608,True,True,True,True,False,apply
INT002600,ACT002533,CAN01009,JOB00256,2026-07-18,2.4530605510641807,0.7,8.5,2.0,2,0.0,1850.0,1450.0,-0.21621621621621623,True,True,True,True,True,apply
INT002601,ACT004577,CAN01819,JOB00568,2026-07-18,2.4530605510641807,0.7,9.8,2.0,3,-1.0,2250.0,2300.0,0.022222222222222223,True,True,True,True,False,decline
INT002602,ACT004580,CAN01820,JOB00046,2026-07-18,2.4530605510641807,0.7,9.8,1.0,1,0.0,1300.0,1300.0,0.0,True,True,False,True,False,apply
INT002603,ACT004580,CAN01820,JOB00401,2026-07-18,2.4530605510641807,0.7,9.8,1.0,1,0.0,1300.0,1450.0,0.11538461538461539,True,True,False,True,False,apply
INT002604,ACT004901,CAN01948,JOB00791,2026-07-18,2.4530605510641807,0.7,11.0,2.0,1,1.0,1350.0,1400.0,0.037037037037037035,True,True,True,True,True,apply
INT002605,ACT004901,CAN01948,JOB00410,2026-07-18,2.4530605510641807,0.7,11.0,2.0,2,0.0,1350.0,1500.0,0.1111111111111111,True,True,True,True,True,apply
INT002606,ACT002263,CAN00905,JOB00647,2026-07-19,2.4530605510641807,0.7,9.0,2.0,1,1.0,1550.0,1250.0,-0.1935483870967742,True,True,True,True,False,apply
INT002607,ACT002272,CAN00908,JOB00633,2026-07-19,2.4530605510641807,0.7,9.8,1.0,2,-1.0,1300.0,1300.0,0.0,True,True,True,True,True,apply
INT002608,ACT002661,CAN01060,JOB00697,2026-07-19,2.4530605510641807,0.7,7.0,3.0,4,-1.0,3400.0,3250.0,-0.04411764705882353,True,True,False,False,False,considering
INT002609,ACT000599,CAN00242,JOB00333,2026-07-20,2.4530605510641807,0.7,11.0,1.0,1,0.0,1200.0,1200.0,0.0,True,True,True,True,False,apply
INT002610,ACT001251,CAN00491,JOB00401,2026-07-20,2.4530605510641807,0.7,9.8,1.0,1,0.0,1450.0,1450.0,0.0,True,True,False,True,True,apply
INT002611,ACT001251,CAN00491,JOB00752,2026-07-20,2.4530605510641807,0.7,9.5,1.0,1,0.0,1450.0,1350.0,-0.06896551724137931,True,True,True,True,False,apply
INT002612,ACT003518,CAN01394,JOB00402,2026-07-20,2.4530605510641807,0.7,7.5,4.0,4,0.0,3250.0,3000.0,-0.07692307692307693,True,True,False,False,True,apply
INT002613,ACT003518,CAN01394,JOB00786,2026-07-20,2.4530605510641807,0.7,7.8,4.0,5,-1.0,3250.0,2750.0,-0.15384615384615385,True,True,True,True,True,apply
INT002614,ACT004657,CAN01852,JOB00786,2026-07-20,2.4530605510641807,0.7,7.8,4.0,5,-1.0,3300.0,2750.0,-0.16666666666666666,True,True,True,True,True,apply
INT002615,ACT002259,CAN00903,JOB00679,2026-07-21,2.4530605510641807,0.7,8.3,4.0,4,0.0,2500.0,2300.0,-0.08,True,True,False,True,False,apply
INT002616,ACT002991,CAN01186,JOB00462,2026-07-21,2.4530605510641807,0.7,11.0,2.0,2,0.0,1550.0,1550.0,0.0,True,True,True,True,False,apply
INT002617,ACT003776,CAN01499,JOB00513,2026-07-21,2.4530605510641807,0.7,8.3,2.0,2,0.0,1700.0,1550.0,-0.08823529411764706,True,True,False,True,False,apply
INT002618,ACT004722,CAN01875,JOB00796,2026-07-21,2.4530605510641807,0.7,9.5,4.0,4,0.0,3350.0,3100.0,-0.07462686567164178,True,True,True,True,True,apply
INT002619,ACT004722,CAN01875,JOB00017,2026-07-21,2.4530605510641807,0.7,9.0,4.0,4,0.0,3350.0,2900.0,-0.13432835820895522,True,True,True,True,False,decline
INT002620,ACT004722,CAN01875,JOB00645,2026-07-21,2.4530605510641807,0.7,9.5,4.0,4,0.0,3350.0,3050.0,-0.08955223880597014,True,True,True,True,True,apply
INT002621,ACT000595,CAN00240,JOB00467,2026-07-22,2.4530605510641807,0.7,8.6,3.0,4,-1.0,2300.0,2300.0,0.0,True,True,False,True,False,apply
INT002622,ACT001531,CAN00606,JOB00771,2026-07-22,2.4530605510641807,0.7,9.0,3.0,4,-1.0,3450.0,3300.0,-0.043478260869565216,True,True,True,True,False,decline
INT002623,ACT001576,CAN00624,JOB00347,2026-07-22,2.4530605510641807,0.7,7.0,3.0,2,1.0,1900.0,1550.0,-0.18421052631578946,True,True,False,False,False,apply
INT002624,ACT001732,CAN00691,JOB00483,2026-07-22,2.4530605510641807,0.7,7.8,3.0,4,-1.0,2400.0,2450.0,0.020833333333333332,True,True,False,False,False,decline
INT002625,ACT001732,CAN00691,JOB00604,2026-07-22,2.4530605510641807,0.7,8.3,3.0,4,-1.0,2400.0,2250.0,-0.0625,True,True,True,True,True,apply
INT002626,ACT002134,CAN00855,JOB00524,2026-07-22,2.4530605510641807,0.7,7.5,3.0,3,0.0,2400.0,2200.0,-0.08333333333333333,True,True,False,False,True,apply
INT002627,ACT003656,CAN01451,JOB00384,2026-07-22,2.4530605510641807,0.7,7.8,4.0,4,0.0,3750.0,3150.0,-0.16,True,True,False,True,False,considering
INT002628,ACT000656,CAN00264,JOB00701,2026-07-23,2.4530605510641807,0.7,10.2,3.0,3,0.0,1750.0,1700.0,-0.02857142857142857,True,True,True,True,False,considering
INT002629,ACT003258,CAN01292,JOB00679,2026-07-23,2.4530605510641807,0.7,7.0,3.0,4,-1.0,2350.0,2300.0,-0.02127659574468085,True,True,False,False,False,decline
INT002630,ACT004214,CAN01671,JOB00046,2026-07-23,2.4530605510641807,0.7,11.0,1.0,1,0.0,1300.0,1300.0,0.0,True,True,True,True,True,apply
INT002631,ACT004214,CAN01671,JOB00488,2026-07-23,2.4530605510641807,0.7,9.8,1.0,1,0.0,1300.0,1300.0,0.0,True,True,False,True,True,apply
INT002632,ACT000602,CAN00243,JOB00547,2026-07-24,2.4530605510641807,0.7,9.0,2.0,3,-1.0,2200.0,2100.0,-0.045454545454545456,True,True,True,True,True,apply
INT002633,ACT000795,CAN00319,JOB00470,2026-07-24,2.4530605510641807,0.7,10.2,3.0,3,0.0,2400.0,2300.0,-0.041666666666666664,True,True,True,True,False,considering
INT002634,ACT002123,CAN00851,JOB00505,2026-07-24,2.4530605510641807,0.7,11.0,1.0,1,0.0,1300.0,1350.0,0.038461538461538464,True,True,True,True,True,apply
INT002635,ACT002123,CAN00851,JOB00553,2026-07-24,2.4530605510641807,0.7,9.8,1.0,2,-1.0,1300.0,1350.0,0.038461538461538464,True,True,True,True,False,apply
INT002636,ACT003594,CAN01427,JOB00506,2026-07-24,2.4530605510641807,0.7,9.0,4.0,3,1.0,2400.0,2300.0,-0.041666666666666664,True,True,False,True,True,decline
INT002637,ACT003594,CAN01427,JOB00734,2026-07-24,2.4530605510641807,0.7,8.3,4.0,4,0.0,2400.0,2250.0,-0.0625,True,True,False,True,False,apply
INT002638,ACT003975,CAN01579,JOB00688,2026-07-24,2.4530605510641807,0.7,9.5,4.0,3,1.0,2600.0,2350.0,-0.09615384615384616,True,True,True,True,True,apply
INT002639,ACT003975,CAN01579,JOB00470,2026-07-24,2.4530605510641807,0.7,9.0,4.0,3,1.0,2600.0,2300.0,-0.11538461538461539,True,True,True,True,False,apply
INT002640,ACT001208,CAN00475,JOB00728,2026-07-25,2.4530605510641807,0.7,8.2,1.0,1,0.0,1600.0,1550.0,-0.03125,True,True,False,False,True,apply
INT002641,ACT001208,CAN00475,JOB00569,2026-07-25,2.4530605510641807,0.7,9.0,1.0,2,-1.0,1600.0,1550.0,-0.03125,True,True,True,True,True,considering
INT002642,ACT003144,CAN01244,JOB00237,2026-07-25,2.4530605510641807,0.7,10.2,4.0,4,0.0,2500.0,2400.0,-0.04,True,True,True,True,False,considering
INT002643,ACT001173,CAN00462,JOB00789,2026-07-26,2.4530605510641807,0.7,9.0,2.0,2,0.0,1800.0,1500.0,-0.16666666666666666,True,True,True,True,False,decline
INT002644,ACT004123,CAN01636,JOB00174,2026-07-26,2.4530605510641807,0.7,6.0,4.0,3,1.0,1500.0,1850.0,0.23333333333333334,False,False,True,True,False,considering
INT002645,ACT004123,CAN01636,JOB00472,2026-07-26,2.4530605510641807,0.7,6.2,,1,,1500.0,1300.0,-0.13333333333333333,True,True,True,True,True,decline
INT002646,ACT001495,CAN00592,JOB00063,2026-07-27,2.4530605510641807,0.7,5.4,,2,,1650.0,1600.0,-0.030303030303030304,True,True,False,False,True,apply
INT002647,ACT003345,CAN01330,JOB00752,2026-07-27,2.4530605510641807,0.7,11.0,1.0,1,0.0,1200.0,1350.0,0.125,True,True,True,True,False,apply
INT002648,ACT003447,CAN01368,JOB00575,2026-07-27,2.4530605510641807,0.7,9.0,1.0,1,0.0,1250.0,1350.0,0.08,True,True,False,False,False,apply
INT002649,ACT004104,CAN01630,JOB00263,2026-07-27,2.4530605510641807,0.7,9.0,3.0,3,0.0,2300.0,2000.0,-0.13043478260869565,True,True,True,True,True,decline
INT002650,ACT004117,CAN01634,JOB00470,2026-07-27,2.4530605510641807,0.7,9.5,3.0,3,0.0,2500.0,2300.0,-0.08,True,True,True,True,True,apply
INT002651,ACT004360,CAN01733,JOB00027,2026-07-27,2.4530605510641807,0.7,9.0,1.0,1,0.0,1300.0,1300.0,0.0,True,True,False,False,True,decline
INT002652,ACT004360,CAN01733,JOB00472,2026-07-27,2.4530605510641807,0.7,9.0,1.0,1,0.0,1300.0,1300.0,0.0,True,True,False,False,True,apply
INT002653,ACT000234,CAN00091,JOB00782,2026-07-28,2.4530605510641807,0.7,9.8,3.0,4,-1.0,2450.0,2450.0,0.0,True,True,True,True,True,considering
INT002654,ACT000694,CAN00279,JOB00063,2026-07-28,2.4530605510641807,0.7,11.0,2.0,2,0.0,1600.0,1600.0,0.0,True,True,True,True,True,apply
INT002655,ACT000694,CAN00279,JOB00465,2026-07-28,2.4530605510641807,0.7,10.2,2.0,2,0.0,1600.0,1550.0,-0.03125,True,True,True,True,False,considering
INT002656,ACT001088,CAN00429,JOB00505,2026-07-28,2.4530605510641807,0.7,8.3,1.0,1,0.0,1450.0,1350.0,-0.06896551724137931,True,True,False,True,True,apply
INT002657,ACT001088,CAN00429,JOB00711,2026-07-28,2.4530605510641807,0.7,9.0,1.0,1,0.0,1450.0,1200.0,-0.1724137931034483,True,True,True,True,True,apply
INT002658,ACT001185,CAN00466,JOB00506,2026-07-28,2.4530605510641807,0.7,9.8,3.0,3,0.0,2250.0,2300.0,0.022222222222222223,True,True,False,True,False,considering
INT002659,ACT003471,CAN01377,JOB00472,2026-07-28,2.4530605510641807,0.7,8.2,,1,,1300.0,1300.0,0.0,True,True,True,True,True,apply
INT002660,ACT001239,CAN00486,JOB00085,2026-07-29,2.4530605510641807,0.7,7.0,,2,,1300.0,1500.0,0.15384615384615385,True,True,False,True,False,apply
INT002661,ACT002840,CAN01128,JOB00384,2026-07-29,2.4530605510641807,0.7,9.0,4.0,4,0.0,3550.0,3150.0,-0.11267605633802817,True,True,True,True,True,apply
INT002662,ACT003477,CAN01379,JOB00673,2026-07-29,2.4530605510641807,0.7,7.5,4.0,4,0.0,2550.0,2300.0,-0.09803921568627451,True,True,False,False,True,apply
INT002663,ACT003477,CAN01379,JOB00670,2026-07-29,2.4530605510641807,0.7,7.5,4.0,3,1.0,2550.0,2300.0,-0.09803921568627451,True,True,False,False,False,apply
INT002664,ACT003911,CAN01555,JOB00063,2026-07-29,2.4530605510641807,0.7,9.8,2.0,2,0.0,1600.0,1600.0,0.0,True,True,False,True,False,apply
INT002665,ACT004045,CAN01604,JOB00401,2026-07-29,2.4530605510641807,0.7,5.5,1.0,1,0.0,1500.0,1450.0,-0.03333333333333333,False,True,False,True,True,decline
INT002666,ACT004045,CAN01604,JOB00086,2026-07-29,2.4530605510641807,0.7,6.2,,1,,1500.0,1200.0,-0.2,True,True,True,True,True,apply
INT002667,ACT001453,CAN00574,JOB00470,2026-07-30,2.4530605510641807,0.7,7.5,4.0,3,1.0,2000.0,2300.0,0.15,False,True,True,True,True,considering
INT002668,ACT004891,CAN01944,JOB00096,2026-07-30,2.4530605510641807,0.7,10.2,3.0,3,0.0,2350.0,2250.0,-0.0425531914893617,True,True,True,True,False,apply
INT002669,ACT001231,CAN00483,JOB00376,2026-07-31,2.4530605510641807,0.7,7.8,3.0,4,-1.0,2500.0,2600.0,0.04,True,True,False,False,True,apply
INT002670,ACT001231,CAN00483,JOB00490,2026-07-31,2.4530605510641807,0.7,7.5,3.0,3,0.0,2500.0,2300.0,-0.08,True,True,False,False,True,apply
INT002671,ACT002032,CAN00815,JOB00413,2026-07-31,2.4530605510641807,0.7,9.8,2.0,3,-1.0,1900.0,2050.0,0.07894736842105263,True,True,True,True,False,considering
INT002672,ACT002032,CAN00815,JOB00036,2026-07-31,2.4530605510641807,0.7,8.6,2.0,3,-1.0,1900.0,1950.0,0.02631578947368421,True,True,False,True,True,apply
INT002673,ACT002264,CAN00905,JOB00259,2026-07-31,2.4530605510641807,0.7,8.5,2.0,1,1.0,1550.0,1200.0,-0.22580645161290322,True,True,True,True,False,considering
INT002674,ACT003642,CAN01446,JOB00670,2026-07-31,2.4530605510641807,0.7,11.0,3.0,3,0.0,2250.0,2300.0,0.022222222222222223,True,True,True,True,True,considering
INT002675,ACT003642,CAN01446,JOB00792,2026-07-31,2.4530605510641807,0.7,9.0,3.0,3,0.0,2250.0,2250.0,0.0,True,True,False,False,False,decline
INT002676,ACT004320,CAN01716,JOB00321,2026-07-31,2.4530605510641807,0.7,7.0,3.0,3,0.0,3300.0,2900.0,-0.12121212121212122,True,True,False,False,False,apply
INT002677,ACT000210,CAN00081,JOB00664,2026-08-01,2.567398119122257,0.7,6.7,4.0,4,0.0,2300.0,2250.0,-0.021739130434782608,False,True,True,True,False,decline
INT002678,ACT000210,CAN00081,JOB00684,2026-08-01,2.567398119122257,0.7,7.5,4.0,4,0.0,2300.0,2400.0,0.043478260869565216,False,True,True,True,True,apply
INT002679,ACT000210,CAN00081,JOB00187,2026-08-01,2.567398119122257,0.7,6.7,4.0,4,0.0,2300.0,2200.0,-0.043478260869565216,False,True,True,True,False,considering
INT002680,ACT000934,CAN00372,JOB00138,2026-08-01,2.567398119122257,0.7,7.5,4.0,4,0.0,2000.0,2750.0,0.375,False,True,True,True,False,apply
INT002681,ACT000934,CAN00372,JOB00430,2026-08-01,2.567398119122257,0.7,6.3,2.0,3,-1.0,2000.0,2350.0,0.175,False,True,True,True,True,considering
INT002682,ACT001136,CAN00448,JOB00482,2026-08-01,2.567398119122257,0.7,8.3,3.0,4,-1.0,2950.0,2750.0,-0.06779661016949153,True,True,True,True,True,apply
INT002683,ACT001543,CAN00612,JOB00575,2026-08-01,2.567398119122257,0.7,8.5,1.0,1,0.0,1750.0,1350.0,-0.22857142857142856,True,True,True,True,False,apply
INT002684,ACT001543,CAN00612,JOB00441,2026-08-01,2.567398119122257,0.7,9.0,1.0,1,0.0,1750.0,1450.0,-0.17142857142857143,True,True,True,True,False,considering
INT002685,ACT001963,CAN00785,JOB00601,2026-08-01,2.567398119122257,0.7,9.5,3.0,3,0.0,2350.0,2150.0,-0.0851063829787234,True,True,True,True,False,considering
INT002686,ACT003397,CAN01349,JOB00259,2026-08-01,2.567398119122257,0.7,11.0,1.0,1,0.0,1200.0,1200.0,0.0,True,True,True,True,False,apply
INT002687,ACT004811,CAN01910,JOB00217,2026-08-01,2.567398119122257,0.7,7.8,4.0,4,0.0,3300.0,2700.0,-0.18181818181818182,True,True,False,True,False,considering
INT002688,ACT004811,CAN01910,JOB00617,2026-08-01,2.567398119122257,0.7,9.0,4.0,4,0.0,3300.0,2850.0,-0.13636363636363635,True,True,True,True,False,decline
INT002689,ACT000382,CAN00155,JOB00415,2026-08-02,2.567398119122257,0.7,11.0,3.0,3,0.0,2300.0,2300.0,0.0,True,True,True,True,True,considering
INT002690,ACT000382,CAN00155,JOB00421,2026-08-02,2.567398119122257,0.7,9.5,3.0,3,0.0,2300.0,2100.0,-0.08695652173913043,True,True,True,True,True,apply
INT002691,ACT001189,CAN00467,JOB00457,2026-08-02,2.567398119122257,0.7,8.3,4.0,3,1.0,3500.0,3200.0,-0.08571428571428572,True,True,False,True,False,apply
INT002692,ACT001189,CAN00467,JOB00384,2026-08-02,2.567398119122257,0.7,8.3,4.0,4,0.0,3500.0,3150.0,-0.1,True,True,False,True,True,decline
INT002693,ACT001944,CAN00778,JOB00547,2026-08-02,2.567398119122257,0.7,9.8,2.0,3,-1.0,1900.0,2100.0,0.10526315789473684,True,True,True,True,True,apply
INT002694,ACT002481,CAN00989,JOB00379,2026-08-02,2.567398119122257,0.7,7.5,5.0,5,0.0,3600.0,3250.0,-0.09722222222222222,True,True,False,False,False,apply
INT002695,ACT002481,CAN00989,JOB00476,2026-08-02,2.567398119122257,0.7,7.5,5.0,5,0.0,3600.0,3250.0,-0.09722222222222222,True,True,False,False,False,apply
INT002696,ACT002534,CAN01009,JOB00567,2026-08-02,2.567398119122257,0.7,7.0,2.0,2,0.0,1850.0,1550.0,-0.16216216216216217,True,True,False,False,True,decline
INT002697,ACT003157,CAN01249,JOB00513,2026-08-02,2.567398119122257,0.7,9.5,2.0,2,0.0,1650.0,1550.0,-0.06060606060606061,True,True,True,True,False,apply
INT002698,ACT003717,CAN01474,JOB00063,2026-08-02,2.567398119122257,0.7,9.0,2.0,2,0.0,1550.0,1600.0,0.03225806451612903,True,True,False,False,False,apply
INT002699,ACT003717,CAN01474,JOB00347,2026-08-02,2.567398119122257,0.7,9.0,2.0,2,0.0,1550.0,1550.0,0.0,True,True,False,False,False,considering
INT002700,ACT000647,CAN00261,JOB00404,2026-08-03,2.567398119122257,0.7,6.7,3.0,3,0.0,2250.0,2200.0,-0.022222222222222223,False,True,True,True,True,decline
INT002701,ACT000647,CAN00261,JOB00524,2026-08-03,2.567398119122257,0.7,6.7,3.0,3,0.0,2250.0,2200.0,-0.022222222222222223,False,True,True,True,False,decline
INT002702,ACT001408,CAN00555,JOB00679,2026-08-03,2.567398119122257,0.7,10.2,4.0,4,0.0,2400.0,2300.0,-0.041666666666666664,True,True,True,True,False,apply
INT002703,ACT001408,CAN00555,JOB00187,2026-08-03,2.567398119122257,0.7,9.5,4.0,4,0.0,2400.0,2200.0,-0.08333333333333333,True,True,True,True,True,apply
INT002704,ACT001408,CAN00555,JOB00547,2026-08-03,2.567398119122257,0.7,9.0,4.0,3,1.0,2400.0,2100.0,-0.125,True,True,True,True,True,apply
INT002705,ACT001976,CAN00790,JOB00601,2026-08-03,2.567398119122257,0.7,9.0,4.0,3,1.0,2450.0,2150.0,-0.12244897959183673,True,True,True,True,True,considering
INT002706,ACT002079,CAN00835,JOB00704,2026-08-03,2.567398119122257,0.7,9.8,2.0,2,0.0,1750.0,1800.0,0.02857142857142857,True,True,False,True,True,apply
INT002707,ACT002079,CAN00835,JOB00779,2026-08-03,2.567398119122257,0.7,9.0,2.0,2,0.0,1750.0,1550.0,-0.11428571428571428,True,True,True,True,True,apply
INT002708,ACT002079,CAN00835,JOB00352,2026-08-03,2.567398119122257,0.7,7.8,2.0,2,0.0,1750.0,1450.0,-0.17142857142857143,True,True,False,True,False,considering
INT002709,ACT002523,CAN01006,JOB00756,2026-08-03,2.567398119122257,0.7,6.2,,2,,1350.0,1350.0,0.0,True,True,False,False,False,apply
INT002710,ACT004663,CAN01853,JOB00453,2026-08-03,2.567398119122257,0.7,9.5,3.0,3,0.0,2300.0,2100.0,-0.08695652173913043,True,True,True,True,True,apply
INT002711,ACT000395,CAN00160,JOB00445,2026-08-04,2.567398119122257,0.7,8.2,,1,,1250.0,1300.0,0.04,True,True,True,True,False,apply
INT002712,ACT001400,CAN00552,JOB00704,2026-08-04,2.567398119122257,0.7,11.0,2.0,2,0.0,1700.0,1800.0,0.058823529411764705,True,True,True,True,True,apply
INT002713,ACT001400,CAN00552,JOB00754,2026-08-04,2.567398119122257,0.7,9.0,2.0,1,1.0,1700.0,1400.0,-0.17647058823529413,True,True,True,True,True,apply
INT002714,ACT000094,CAN00037,JOB00776,2026-08-05,2.567398119122257,0.7,9.0,4.0,4,0.0,3250.0,2700.0,-0.16923076923076924,True,True,True,True,True,apply
INT002715,ACT000094,CAN00037,JOB00551,2026-08-05,2.567398119122257,0.7,9.0,4.0,4,0.0,3250.0,2850.0,-0.12307692307692308,True,True,True,True,True,considering
INT002716,ACT000523,CAN00212,JOB00771,2026-08-05,2.567398119122257,0.7,7.1,3.0,4,-1.0,3600.0,3300.0,-0.08333333333333333,True,True,False,True,True,apply
INT002717,ACT000523,CAN00212,JOB00457,2026-08-05,2.567398119122257,0.7,7.8,3.0,3,0.0,3600.0,3200.0,-0.1111111111111111,True,True,False,True,False,apply
INT002718,ACT001032,CAN00408,JOB00568,2026-08-05,2.567398119122257,0.7,10.2,3.0,3,0.0,2400.0,2300.0,-0.041666666666666664,True,True,True,True,False,considering
INT002719,ACT001252,CAN00491,JOB00085,2026-08-05,2.567398119122257,0.7,8.6,1.0,2,-1.0,1450.0,1500.0,0.034482758620689655,True,True,False,True,False,apply
INT002720,ACT001643,CAN00655,JOB00770,2026-08-05,2.567398119122257,0.7,9.0,3.0,3,0.0,3200.0,3050.0,-0.046875,True,True,False,True,False,decline
INT002721,ACT002856,CAN01134,JOB00046,2026-08-05,2.567398119122257,0.7,7.8,1.0,1,0.0,1600.0,1300.0,-0.1875,True,True,False,True,True,considering
INT002722,ACT002856,CAN01134,JOB00616,2026-08-05,2.567398119122257,0.7,7.8,1.0,2,-1.0,1600.0,1550.0,-0.03125,True,True,False,True,True,apply
INT002723,ACT000603,CAN00243,JOB00721,2026-08-06,2.567398119122257,0.7,8.3,2.0,3,-1.0,2200.0,2000.0,-0.09090909090909091,True,True,True,True,False,considering
INT002724,ACT000603,CAN00243,JOB00664,2026-08-06,2.567398119122257,0.7,8.2,2.0,4,-2.0,2200.0,2250.0,0.022727272727272728,True,True,True,True,False,apply
INT002725,ACT001937,CAN00776,JOB00365,2026-08-06,2.567398119122257,0.7,9.0,3.0,4,-1.0,2350.0,2300.0,-0.02127659574468085,True,True,True,True,False,decline
INT002726,ACT002260,CAN00903,JOB00684,2026-08-06,2.567398119122257,0.7,9.0,4.0,4,0.0,2500.0,2400.0,-0.04,True,True,False,True,True,apply
INT002727,ACT002260,CAN00903,JOB00036,2026-08-06,2.567398119122257,0.7,8.5,4.0,3,1.0,2500.0,1950.0,-0.22,True,True,True,True,False,apply
INT002728,ACT001089,CAN00429,JOB00411,2026-08-07,2.567398119122257,0.7,9.0,1.0,2,-1.0,1450.0,1400.0,-0.034482758620689655,True,True,True,True,False,apply
INT002729,ACT004745,CAN01883,JOB00441,2026-08-08,2.567398119122257,0.7,9.8,1.0,1,0.0,1450.0,1450.0,0.0,True,True,False,True,True,apply
INT002730,ACT004745,CAN01883,JOB00513,2026-08-08,2.567398119122257,0.7,8.6,1.0,2,-1.0,1450.0,1550.0,0.06896551724137931,True,True,False,True,False,apply
INT002731,ACT000659,CAN00265,JOB00371,2026-08-10,2.567398119122257,0.7,9.8,1.0,2,-1.0,1550.0,1550.0,0.0,True,True,True,True,False,apply
INT002732,ACT000659,CAN00265,JOB00441,2026-08-10,2.567398119122257,0.7,9.5,1.0,1,0.0,1550.0,1450.0,-0.06451612903225806,True,True,True,True,True,considering
INT002733,ACT003601,CAN01430,JOB00503,2026-08-10,2.567398119122257,0.7,9.5,3.0,3,0.0,2350.0,2150.0,-0.0851063829787234,True,True,True,True,False,apply
INT002734,ACT004266,CAN01694,JOB00369,2026-08-10,2.567398119122257,0.7,11.0,1.0,1,0.0,1250.0,1250.0,0.0,True,True,True,True,False,apply
INT002735,ACT002444,CAN00977,JOB00333,2026-08-11,2.567398119122257,0.7,6.2,,1,,1500.0,1200.0,-0.2,True,True,True,True,False,considering
INT002736,ACT003085,CAN01222,JOB00624,2026-08-11,2.567398119122257,0.7,9.0,3.0,3,0.0,2300.0,2000.0,-0.13043478260869565,True,True,True,True,True,considering
INT002737,ACT003085,CAN01222,JOB00679,2026-08-11,2.567398119122257,0.7,8.6,3.0,4,-1.0,2300.0,2300.0,0.0,True,True,False,True,False,considering
INT002738,ACT003198,CAN01266,JOB00505,2026-08-11,2.567398119122257,0.7,9.8,1.0,1,0.0,1350.0,1350.0,0.0,True,True,False,True,True,considering
INT002739,ACT003198,CAN01266,JOB00682,2026-08-11,2.567398119122257,0.7,9.0,1.0,1,0.0,1350.0,1350.0,0.0,True,True,False,False,False,decline
INT002740,ACT004658,CAN01852,JOB00675,2026-08-11,2.567398119122257,0.7,7.8,4.0,5,-1.0,3300.0,2900.0,-0.12121212121212122,True,True,True,True,True,considering
INT002741,ACT000383,CAN00155,JOB00361,2026-08-12,2.567398119122257,0.7,9.0,3.0,4,-1.0,2300.0,2250.0,-0.021739130434782608,True,True,True,True,False,apply
INT002742,ACT000383,CAN00155,JOB00557,2026-08-12,2.567398119122257,0.7,9.0,3.0,3,0.0,2300.0,2250.0,-0.021739130434782608,True,True,False,True,False,apply
INT002743,ACT001383,CAN00544,JOB00371,2026-08-12,2.567398119122257,0.7,8.2,,2,,1400.0,1550.0,0.10714285714285714,True,True,True,True,False,apply
INT002744,ACT003559,CAN01412,JOB00415,2026-08-12,2.567398119122257,0.7,9.5,4.0,3,1.0,2450.0,2300.0,-0.061224489795918366,True,True,True,True,False,apply
INT002745,ACT004601,CAN01829,JOB00540,2026-08-12,2.567398119122257,0.7,6.3,5.0,5,0.0,3050.0,3050.0,0.0,False,True,False,True,True,considering
INT002746,ACT002636,CAN01050,JOB00175,2026-08-13,2.567398119122257,0.7,7.8,4.0,4,0.0,3750.0,3200.0,-0.14666666666666667,True,True,False,True,False,apply
INT002747,ACT003448,CAN01368,JOB00518,2026-08-13,2.567398119122257,0.7,9.8,1.0,2,-1.0,1250.0,1300.0,0.04,True,True,True,True,False,apply
INT002748,ACT003448,CAN01368,JOB00736,2026-08-13,2.567398119122257,0.7,9.0,1.0,1,0.0,1250.0,1350.0,0.08,True,True,False,False,False,apply
INT002749,ACT003478,CAN01379,JOB00613,2026-08-13,2.567398119122257,0.7,9.5,4.0,4,0.0,2550.0,2300.0,-0.09803921568627451,True,True,True,True,False,apply
INT002750,ACT003657,CAN01451,JOB00771,2026-08-13,2.567398119122257,0.7,9.0,4.0,4,0.0,3750.0,3300.0,-0.12,True,True,True,True,True,considering
INT002751,ACT003657,CAN01451,JOB00457,2026-08-13,2.567398119122257,0.7,7.8,4.0,3,1.0,3750.0,3200.0,-0.14666666666666667,True,True,False,True,False,apply
INT002752,ACT002124,CAN00851,JOB00027,2026-08-14,2.567398119122257,0.7,11.0,1.0,1,0.0,1300.0,1300.0,0.0,True,True,True,True,True,considering
INT002753,ACT002221,CAN00888,JOB00771,2026-08-14,2.567398119122257,0.7,7.5,4.0,4,0.0,2700.0,3300.0,0.2222222222222222,False,True,True,True,False,considering
INT002754,ACT002345,CAN00937,JOB00505,2026-08-14,2.567398119122257,0.7,9.0,1.0,1,0.0,1300.0,1350.0,0.038461538461538464,True,True,False,False,True,apply
INT002755,ACT003878,CAN01542,JOB00138,2026-08-14,2.567398119122257,0.7,9.0,4.0,4,0.0,3150.0,2750.0,-0.12698412698412698,True,True,True,True,True,apply
INT002756,ACT000071,CAN00028,JOB00455,2026-08-15,2.567398119122257,0.7,6.7,3.0,5,-2.0,3400.0,3200.0,-0.058823529411764705,True,True,True,True,True,apply
INT002757,ACT000648,CAN00261,JOB00073,2026-08-15,2.567398119122257,0.7,6.7,3.0,3,0.0,2250.0,2150.0,-0.044444444444444446,False,True,True,True,False,considering
INT002758,ACT001496,CAN00592,JOB00668,2026-08-15,2.567398119122257,0.7,5.4,,2,,1650.0,1600.0,-0.030303030303030304,True,True,False,False,False,decline
INT002759,ACT001544,CAN00612,JOB00774,2026-08-15,2.567398119122257,0.7,8.5,1.0,1,0.0,1750.0,1350.0,-0.22857142857142856,True,True,True,True,False,apply
INT002760,ACT001544,CAN00612,JOB00736,2026-08-15,2.567398119122257,0.7,8.5,1.0,1,0.0,1750.0,1350.0,-0.22857142857142856,True,True,True,True,False,considering
INT002761,ACT002186,CAN00875,JOB00681,2026-08-15,2.567398119122257,0.7,5.0,4.0,2,2.0,3000.0,1950.0,-0.35,False,True,True,True,False,considering
INT002762,ACT002186,CAN00875,JOB00095,2026-08-15,2.567398119122257,0.7,5.0,4.0,3,1.0,3000.0,2100.0,-0.3,False,True,True,True,False,decline
INT002763,ACT003240,CAN01284,JOB00237,2026-08-15,2.567398119122257,0.7,9.5,4.0,4,0.0,2600.0,2400.0,-0.07692307692307693,True,True,True,True,True,apply
INT002764,ACT003240,CAN01284,JOB00688,2026-08-15,2.567398119122257,0.7,9.5,4.0,3,1.0,2600.0,2350.0,-0.09615384615384616,True,True,True,True,True,considering
INT002765,ACT003686,CAN01461,JOB00413,2026-08-15,2.567398119122257,0.7,9.8,2.0,3,-1.0,1950.0,2050.0,0.05128205128205128,True,True,True,True,True,apply
INT002766,ACT000935,CAN00372,JOB00217,2026-08-16,2.567398119122257,0.7,5.5,4.0,4,0.0,2000.0,2700.0,0.35,False,True,False,False,False,apply
INT002767,ACT001471,CAN00582,JOB00085,2026-08-16,2.567398119122257,0.7,6.7,,2,,1650.0,1500.0,-0.09090909090909091,True,True,True,True,False,decline
INT002768,ACT002265,CAN00905,JOB00737,2026-08-16,2.567398119122257,0.7,9.0,2.0,2,0.0,1550.0,1300.0,-0.16129032258064516,True,True,True,True,True,apply
INT002769,ACT002265,CAN00905,JOB00333,2026-08-16,2.567398119122257,0.7,8.5,2.0,1,1.0,1550.0,1200.0,-0.22580645161290322,True,True,True,True,False,considering
INT002770,ACT002394,CAN00955,JOB00490,2026-08-16,2.567398119122257,0.7,10.2,3.0,3,0.0,2400.0,2300.0,-0.041666666666666664,True,True,True,True,True,considering
INT002771,ACT002607,CAN01038,JOB00155,2026-08-16,2.567398119122257,0.7,7.0,4.0,4,0.0,3500.0,3000.0,-0.14285714285714285,True,True,False,False,False,apply
INT002772,ACT000396,CAN00160,JOB00505,2026-08-17,2.567398119122257,0.7,8.2,,1,,1250.0,1350.0,0.08,True,True,True,True,False,apply
INT002773,ACT000789,CAN00318,JOB00431,2026-08-17,2.567398119122257,0.7,8.6,3.0,4,-1.0,1800.0,1800.0,0.0,True,True,False,True,False,considering
INT002774,ACT000789,CAN00318,JOB00063,2026-08-17,2.567398119122257,0.7,9.0,3.0,2,1.0,1800.0,1600.0,-0.1111111111111111,True,True,True,True,True,decline
INT002775,ACT000959,CAN00381,JOB00670,2026-08-17,2.567398119122257,0.7,9.8,2.0,3,-1.0,2300.0,2300.0,0.0,True,True,True,True,True,apply
INT002776,ACT003145,CAN01244,JOB00672,2026-08-17,2.567398119122257,0.7,9.5,4.0,3,1.0,2500.0,2250.0,-0.1,True,True,True,True,False,apply
INT002777,ACT003145,CAN01244,JOB00359,2026-08-17,2.567398119122257,0.7,9.5,4.0,3,1.0,2500.0,2300.0,-0.08,True,True,True,True,True,considering
INT002778,ACT003145,CAN01244,JOB00508,2026-08-17,2.567398119122257,0.7,10.2,4.0,4,0.0,2500.0,2400.0,-0.04,True,True,True,True,False,apply
INT002779,ACT003391,CAN01346,JOB00515,2026-08-17,2.567398119122257,0.7,6.3,5.0,5,0.0,2450.0,3300.0,0.3469387755102041,False,True,False,True,False,apply
INT002780,ACT003871,CAN01539,JOB00699,2026-08-17,2.567398119122257,0.7,9.0,4.0,4,0.0,3300.0,2850.0,-0.13636363636363635,True,True,True,True,True,apply
INT002781,ACT002602,CAN01035,JOB00756,2026-08-18,2.567398119122257,0.7,9.0,2.0,2,0.0,1550.0,1350.0,-0.12903225806451613,True,True,True,True,True,decline
INT002782,ACT003309,CAN01315,JOB00352,2026-08-18,2.567398119122257,0.7,3.5,2.0,2,0.0,2600.0,1450.0,-0.4423076923076923,False,False,True,True,False,considering
INT002783,ACT003643,CAN01446,JOB00556,2026-08-18,2.567398119122257,0.7,9.0,3.0,3,0.0,2250.0,2250.0,0.0,True,True,False,False,False,apply
INT002784,ACT001097,CAN00433,JOB00684,2026-08-19,2.567398119122257,0.7,9.8,3.0,4,-1.0,2300.0,2400.0,0.043478260869565216,True,True,True,True,True,apply
INT002785,ACT001616,CAN00645,JOB00411,2026-08-19,2.567398119122257,0.7,8.2,,2,,1350.0,1400.0,0.037037037037037035,True,True,True,True,False,considering
INT002786,ACT003442,CAN01366,JOB00465,2026-08-19,2.567398119122257,0.7,9.5,2.0,2,0.0,1650.0,1550.0,-0.06060606060606061,True,True,True,True,True,considering
INT002787,ACT004812,CAN01910,JOB00482,2026-08-19,2.567398119122257,0.7,7.8,4.0,4,0.0,3300.0,2750.0,-0.16666666666666666,True,True,False,True,False,decline
INT002788,ACT004812,CAN01910,JOB00055,2026-08-19,2.567398119122257,0.7,7.8,4.0,5,-1.0,3300.0,2850.0,-0.13636363636363635,True,True,True,True,False,apply
INT002789,ACT000779,CAN00314,JOB00711,2026-08-20,2.567398119122257,0.7,9.0,1.0,1,0.0,1350.0,1200.0,-0.1111111111111111,True,True,True,True,False,considering
INT002790,ACT000779,CAN00314,JOB00411,2026-08-20,2.567398119122257,0.7,9.8,1.0,2,-1.0,1350.0,1400.0,0.037037037037037035,True,True,True,True,False,apply
INT002791,ACT002069,CAN00831,JOB00472,2026-08-20,2.567398119122257,0.7,11.0,1.0,1,0.0,1250.0,1300.0,0.04,True,True,True,True,False,apply
INT002792,ACT002069,CAN00831,JOB00086,2026-08-20,2.567398119122257,0.7,10.2,1.0,1,0.0,1250.0,1200.0,-0.04,True,True,True,True,False,apply
INT002793,ACT002590,CAN01031,JOB00296,2026-08-20,2.567398119122257,0.7,8.2,1.0,1,0.0,1450.0,1400.0,-0.034482758620689655,True,True,False,False,True,apply
INT002794,ACT002768,CAN01101,JOB00601,2026-08-20,2.567398119122257,0.7,9.0,3.0,3,0.0,2250.0,2150.0,-0.044444444444444446,True,True,False,True,True,considering
INT002795,ACT003000,CAN01190,JOB00645,2026-08-20,2.567398119122257,0.7,8.3,4.0,4,0.0,3350.0,3050.0,-0.08955223880597014,True,True,False,True,True,decline
INT002796,ACT002189,CAN00876,JOB00484,2026-08-21,2.567398119122257,0.7,9.0,3.0,4,-1.0,3100.0,3000.0,-0.03225806451612903,True,True,True,True,False,considering
INT002797,ACT002884,CAN01145,JOB00621,2026-08-21,2.567398119122257,0.7,7.5,4.0,4,0.0,1850.0,2100.0,0.13513513513513514,False,True,True,True,False,decline
INT002798,ACT003199,CAN01266,JOB00333,2026-08-21,2.567398119122257,0.7,9.0,1.0,1,0.0,1350.0,1200.0,-0.1111111111111111,True,True,True,True,False,decline
INT002799,ACT003567,CAN01415,JOB00180,2026-08-21,2.567398119122257,0.7,8.3,3.0,4,-1.0,3300.0,3000.0,-0.09090909090909091,True,True,True,True,True,apply
INT002800,ACT000095,CAN00037,JOB00129,2026-08-22,2.567398119122257,0.7,7.8,4.0,4,0.0,3250.0,2850.0,-0.12307692307692308,True,True,False,True,True,decline
INT002801,ACT001409,CAN00555,JOB00440,2026-08-22,2.567398119122257,0.7,9.0,4.0,4,0.0,2400.0,2050.0,-0.14583333333333334,True,True,True,True,True,considering
INT002802,ACT001409,CAN00555,JOB00787,2026-08-22,2.567398119122257,0.7,9.5,4.0,4,0.0,2400.0,2200.0,-0.08333333333333333,True,True,True,True,False,apply
INT002803,ACT001924,CAN00770,JOB00748,2026-08-22,2.567398119122257,0.7,6.3,4.0,5,-1.0,2400.0,3300.0,0.375,False,True,True,True,False,considering
INT002804,ACT001924,CAN00770,JOB00455,2026-08-22,2.567398119122257,0.7,6.3,4.0,5,-1.0,2400.0,3200.0,0.3333333333333333,False,True,True,True,False,apply
INT002805,ACT001924,CAN00770,JOB00175,2026-08-22,2.567398119122257,0.7,5.5,4.0,4,0.0,2400.0,3200.0,0.3333333333333333,False,True,False,False,True,apply
INT002806,ACT003086,CAN01222,JOB00784,2026-08-22,2.567398119122257,0.7,8.3,3.0,4,-1.0,2300.0,2150.0,-0.06521739130434782,True,True,True,True,False,decline
INT002807,ACT003561,CAN01413,JOB00536,2026-08-22,2.567398119122257,0.7,9.0,4.0,4,0.0,3400.0,2950.0,-0.1323529411764706,True,True,True,True,False,apply
INT002808,ACT003561,CAN01413,JOB00244,2026-08-22,2.567398119122257,0.7,9.5,4.0,4,0.0,3400.0,3150.0,-0.07352941176470588,True,True,True,True,False,apply
INT002809,ACT003752,CAN01489,JOB00426,2026-08-22,2.567398119122257,0.7,9.0,1.0,2,-1.0,1400.0,1350.0,-0.03571428571428571,True,True,True,True,False,apply
INT002810,ACT000530,CAN00215,JOB00480,2026-08-23,2.567398119122257,0.7,7.5,5.0,4,1.0,2750.0,3150.0,0.14545454545454545,False,True,True,True,False,apply
INT002811,ACT000530,CAN00215,JOB00379,2026-08-23,2.567398119122257,0.7,7.5,5.0,5,0.0,2750.0,3250.0,0.18181818181818182,False,True,True,True,False,considering
INT002812,ACT001300,CAN00509,JOB00778,2026-08-23,2.567398119122257,0.7,10.2,2.0,2,0.0,1650.0,1600.0,-0.030303030303030304,True,True,True,True,False,apply
INT002813,ACT001423,CAN00562,JOB00432,2026-08-23,2.567398119122257,0.7,9.0,2.0,3,-1.0,2200.0,2100.0,-0.045454545454545456,True,True,True,True,True,apply
INT002814,ACT001423,CAN00562,JOB00601,2026-08-23,2.567398119122257,0.7,9.0,2.0,3,-1.0,2200.0,2150.0,-0.022727272727272728,True,True,True,True,True,apply
INT002815,ACT001497,CAN00592,JOB00704,2026-08-24,2.567398119122257,0.7,6.2,,2,,1650.0,1800.0,0.09090909090909091,True,True,False,False,True,apply
INT002816,ACT001614,CAN00644,JOB00365,2026-08-24,2.567398119122257,0.7,9.5,4.0,4,0.0,2550.0,2300.0,-0.09803921568627451,True,True,True,True,False,apply
INT002817,ACT004681,CAN01860,JOB00085,2026-08-24,2.567398119122257,0.7,6.2,,2,,1450.0,1500.0,0.034482758620689655,True,True,False,False,True,considering
INT002818,ACT004681,CAN01860,JOB00794,2026-08-24,2.567398119122257,0.7,6.2,,2,,1450.0,1450.0,0.0,True,True,False,False,True,apply
INT002819,ACT004724,CAN01875,JOB00180,2026-08-24,2.567398119122257,0.7,9.0,4.0,4,0.0,3350.0,3000.0,-0.1044776119402985,True,True,True,True,True,apply
INT002820,ACT000660,CAN00265,JOB00085,2026-08-25,2.567398119122257,0.7,9.0,1.0,2,-1.0,1550.0,1500.0,-0.03225806451612903,True,True,True,True,False,decline
INT002821,ACT000908,CAN00362,JOB00321,2026-08-25,2.567398119122257,0.7,5.5,3.0,3,0.0,2150.0,2900.0,0.3488372093023256,False,True,False,False,True,apply
INT002822,ACT000908,CAN00362,JOB00479,2026-08-25,2.567398119122257,0.7,5.5,3.0,3,0.0,2150.0,3000.0,0.3953488372093023,False,True,False,False,False,apply
INT002823,ACT000908,CAN00362,JOB00155,2026-08-25,2.567398119122257,0.7,4.3,3.0,4,-1.0,2150.0,3000.0,0.3953488372093023,False,True,False,False,True,considering
INT002824,ACT001418,CAN00560,JOB00581,2026-08-25,2.567398119122257,0.7,9.0,1.0,1,0.0,1450.0,1450.0,0.0,True,True,False,False,False,apply
INT002825,ACT000418,CAN00168,JOB00537,2026-08-26,2.567398119122257,0.7,7.5,4.0,4,0.0,2300.0,3000.0,0.30434782608695654,False,True,True,True,False,apply
INT002826,ACT001951,CAN00781,JOB00516,2026-08-26,2.567398119122257,0.7,9.5,5.0,4,1.0,3500.0,3150.0,-0.1,True,True,True,True,False,apply
INT002827,ACT001951,CAN00781,JOB00558,2026-08-26,2.567398119122257,0.7,9.0,5.0,4,1.0,3500.0,2900.0,-0.17142857142857143,True,True,True,True,False,apply
INT002828,ACT002144,CAN00859,JOB00560,2026-08-26,2.567398119122257,0.7,9.8,1.0,2,-1.0,1300.0,1300.0,0.0,True,True,True,True,False,considering
INT002829,ACT002355,CAN00940,JOB00410,2026-08-26,2.567398119122257,0.7,7.5,2.0,2,0.0,1600.0,1500.0,-0.0625,True,True,False,False,False,apply
INT002830,ACT004440,CAN01762,JOB00682,2026-08-26,2.567398119122257,0.7,7.5,1.0,1,0.0,1450.0,1350.0,-0.06896551724137931,True,True,False,False,False,apply
INT002831,ACT004440,CAN01762,JOB00791,2026-08-26,2.567398119122257,0.7,8.2,1.0,1,0.0,1450.0,1400.0,-0.034482758620689655,True,True,False,False,True,decline
INT002832,ACT004750,CAN01885,JOB00457,2026-08-26,2.567398119122257,0.7,9.0,3.0,3,0.0,3300.0,3200.0,-0.030303030303030304,True,True,False,True,False,apply
INT002833,ACT004750,CAN01885,JOB00771,2026-08-26,2.567398119122257,0.7,9.8,3.0,4,-1.0,3300.0,3300.0,0.0,True,True,True,True,False,apply
INT002834,ACT000054,CAN00022,JOB00513,2026-08-27,2.567398119122257,0.7,9.8,2.0,2,0.0,1550.0,1550.0,0.0,True,True,False,True,False,considering
INT002835,ACT000054,CAN00022,JOB00046,2026-08-27,2.567398119122257,0.7,9.0,2.0,1,1.0,1550.0,1300.0,-0.16129032258064516,True,True,True,True,True,considering
INT002836,ACT001028,CAN00407,JOB00441,2026-08-27,2.567398119122257,0.7,9.8,1.0,1,0.0,1350.0,1450.0,0.07407407407407407,True,True,False,True,False,apply
INT002837,ACT001028,CAN00407,JOB00486,2026-08-27,2.567398119122257,0.7,9.8,1.0,1,0.0,1350.0,1350.0,0.0,True,True,False,True,True,apply
INT002838,ACT003270,CAN01297,JOB00175,2026-08-27,2.567398119122257,0.7,9.0,5.0,4,1.0,3650.0,3200.0,-0.1232876712328767,True,True,True,True,True,apply
INT002839,ACT004602,CAN01829,JOB00631,2026-08-27,2.567398119122257,0.7,6.7,5.0,5,0.0,3050.0,2900.0,-0.04918032786885246,False,True,True,True,True,apply
INT002840,ACT000824,CAN00331,JOB00345,2026-08-28,2.567398119122257,0.7,11.0,1.0,1,0.0,1300.0,1300.0,0.0,True,True,True,True,True,apply
INT002841,ACT000824,CAN00331,JOB00791,2026-08-28,2.567398119122257,0.7,9.0,1.0,1,0.0,1300.0,1400.0,0.07692307692307693,True,True,False,False,False,apply
INT002842,ACT001472,CAN00582,JOB00775,2026-08-28,2.567398119122257,0.7,6.2,,2,,1650.0,1450.0,-0.12121212121212122,True,True,True,True,True,considering
INT002843,ACT002603,CAN01035,JOB00553,2026-08-28,2.567398119122257,0.7,9.0,2.0,2,0.0,1550.0,1350.0,-0.12903225806451613,True,True,True,True,False,apply
INT002844,ACT004571,CAN01817,JOB00410,2026-08-28,2.567398119122257,0.7,9.8,1.0,2,-1.0,1350.0,1500.0,0.1111111111111111,True,True,True,True,False,decline
INT002845,ACT001161,CAN00457,JOB00369,2026-08-29,2.567398119122257,0.7,9.8,1.0,1,0.0,1200.0,1250.0,0.041666666666666664,True,True,False,True,False,decline
INT002846,ACT001161,CAN00457,JOB00382,2026-08-29,2.567398119122257,0.7,11.0,1.0,1,0.0,1200.0,1200.0,0.0,True,True,True,True,True,apply
INT002847,ACT004610,CAN01832,JOB00616,2026-08-29,2.567398119122257,0.7,9.0,2.0,2,0.0,1600.0,1550.0,-0.03125,True,True,False,True,False,apply
INT002848,ACT004373,CAN01738,JOB00085,2026-08-30,2.567398119122257,0.7,9.0,2.0,2,0.0,1550.0,1500.0,-0.03225806451612903,True,True,False,True,False,apply
INT002849,ACT001171,CAN00461,JOB00410,2026-08-31,2.567398119122257,0.7,9.8,2.0,2,0.0,1500.0,1500.0,0.0,True,True,False,True,False,apply
INT002850,ACT001171,CAN00461,JOB00333,2026-08-31,2.567398119122257,0.7,9.0,2.0,1,1.0,1500.0,1200.0,-0.2,True,True,True,True,False,apply
INT002851,ACT001384,CAN00544,JOB00085,2026-08-31,2.567398119122257,0.7,8.2,,2,,1400.0,1500.0,0.07142857142857142,True,True,True,True,False,considering
INT002852,ACT003181,CAN01259,JOB00667,2026-08-31,2.567398119122257,0.7,9.5,3.0,2,1.0,2300.0,2150.0,-0.06521739130434782,True,True,True,True,False,considering
INT002853,ACT003449,CAN01368,JOB00774,2026-08-31,2.567398119122257,0.7,9.0,1.0,1,0.0,1250.0,1350.0,0.08,True,True,False,False,False,apply
INT002854,ACT003449,CAN01368,JOB00046,2026-08-31,2.567398119122257,0.7,9.0,1.0,1,0.0,1250.0,1300.0,0.04,True,True,False,False,False,decline
INT002855,ACT000790,CAN00318,JOB00465,2026-09-01,2.6834680745751527,0.7,9.0,3.0,2,1.0,1800.0,1550.0,-0.1388888888888889,True,True,True,True,False,apply
INT002856,ACT000790,CAN00318,JOB00212,2026-09-01,2.6834680745751527,0.7,9.0,3.0,2,1.0,1800.0,1450.0,-0.19444444444444445,True,True,True,True,True,apply
INT002857,ACT002591,CAN01031,JOB00588,2026-09-01,2.6834680745751527,0.7,8.2,1.0,1,0.0,1450.0,1400.0,-0.034482758620689655,True,True,False,False,False,apply
INT002858,ACT003006,CAN01192,JOB00376,2026-09-01,2.6834680745751527,0.7,9.0,3.0,4,-1.0,2650.0,2600.0,-0.018867924528301886,True,True,True,True,True,considering
INT002859,ACT003067,CAN01215,JOB00617,2026-09-01,2.6834680745751527,0.7,9.0,4.0,4,0.0,3350.0,2850.0,-0.14925373134328357,True,True,True,True,False,decline
INT002860,ACT003067,CAN01215,JOB00459,2026-09-01,2.6834680745751527,0.7,7.8,4.0,3,1.0,3350.0,2750.0,-0.1791044776119403,True,True,False,True,False,apply
INT002861,ACT003067,CAN01215,JOB00540,2026-09-01,2.6834680745751527,0.7,8.3,4.0,5,-1.0,3350.0,3050.0,-0.08955223880597014,True,True,True,True,False,apply
INT002862,ACT004608,CAN01831,JOB00365,2026-09-01,2.6834680745751527,0.7,9.8,3.0,4,-1.0,2300.0,2300.0,0.0,True,True,True,True,False,considering
INT002863,ACT004608,CAN01831,JOB00421,2026-09-01,2.6834680745751527,0.7,9.5,3.0,3,0.0,2300.0,2100.0,-0.08695652173913043,True,True,True,True,True,apply
INT002864,ACT000025,CAN00010,JOB00500,2026-09-02,2.6834680745751527,0.7,6.3,3.0,4,-1.0,2250.0,2350.0,0.044444444444444446,False,True,True,True,False,considering
INT002865,ACT000025,CAN00010,JOB00506,2026-09-02,2.6834680745751527,0.7,6.3,3.0,3,0.0,2250.0,2300.0,0.022222222222222223,False,True,False,True,False,decline
INT002866,ACT000025,CAN00010,JOB00155,2026-09-02,2.6834680745751527,0.7,6.3,3.0,4,-1.0,2250.0,3000.0,0.3333333333333333,False,True,True,True,True,considering
INT002867,ACT001327,CAN00519,JOB00547,2026-09-02,2.6834680745751527,0.7,10.2,3.0,3,0.0,2200.0,2100.0,-0.045454545454545456,True,True,True,True,False,apply
INT002868,ACT004397,CAN01748,JOB00699,2026-09-02,2.6834680745751527,0.7,9.0,4.0,4,0.0,3500.0,2850.0,-0.18571428571428572,True,True,True,True,False,considering
INT002869,ACT000460,CAN00187,JOB00432,2026-09-03,2.6834680745751527,0.7,7.5,3.0,3,0.0,1950.0,2100.0,0.07692307692307693,False,True,True,True,False,apply
INT002870,ACT000460,CAN00187,JOB00547,2026-09-03,2.6834680745751527,0.7,7.5,3.0,3,0.0,1950.0,2100.0,0.07692307692307693,False,True,True,True,True,apply
INT002871,ACT002930,CAN01162,JOB00598,2026-09-03,2.6834680745751527,0.7,9.5,3.0,3,0.0,2450.0,2250.0,-0.08163265306122448,True,True,True,True,True,apply
INT002872,ACT000531,CAN00215,JOB00770,2026-09-04,2.6834680745751527,0.7,7.5,5.0,3,2.0,2750.0,3050.0,0.10909090909090909,False,True,True,True,True,apply
INT002873,ACT003872,CAN01539,JOB00217,2026-09-04,2.6834680745751527,0.7,9.0,4.0,4,0.0,3300.0,2700.0,-0.18181818181818182,True,True,True,True,True,apply
INT002874,ACT002187,CAN00875,JOB00608,2026-09-05,2.6834680745751527,0.7,5.0,4.0,3,1.0,3000.0,2150.0,-0.2833333333333333,False,True,True,True,False,considering
INT002875,ACT003806,CAN01511,JOB00469,2026-09-05,2.6834680745751527,0.7,9.8,3.0,4,-1.0,2250.0,2450.0,0.08888888888888889,True,True,True,True,False,apply
INT002876,ACT004164,CAN01651,JOB00449,2026-09-05,2.6834680745751527,0.7,9.0,4.0,4,0.0,2400.0,2150.0,-0.10416666666666667,True,True,True,True,False,apply
INT002877,ACT001952,CAN00781,JOB00476,2026-09-06,2.6834680745751527,0.7,8.3,5.0,5,0.0,3500.0,3250.0,-0.07142857142857142,True,True,False,True,False,apply
INT002878,ACT002395,CAN00955,JOB00359,2026-09-06,2.6834680745751527,0.7,10.2,3.0,3,0.0,2400.0,2300.0,-0.041666666666666664,True,True,True,True,False,apply
INT002879,ACT002769,CAN01101,JOB00282,2026-09-06,2.6834680745751527,0.7,9.5,3.0,3,0.0,2250.0,2050.0,-0.08888888888888889,True,True,True,True,True,apply
INT002880,ACT002769,CAN01101,JOB00679,2026-09-06,2.6834680745751527,0.7,8.6,3.0,4,-1.0,2250.0,2300.0,0.022222222222222223,True,True,False,True,False,apply
INT002881,ACT003687,CAN01461,JOB00601,2026-09-06,2.6834680745751527,0.7,9.8,2.0,3,-1.0,1950.0,2150.0,0.10256410256410256,True,True,True,True,True,apply
INT002882,ACT004038,CAN01602,JOB00616,2026-09-06,2.6834680745751527,0.7,9.5,2.0,2,0.0,1650.0,1550.0,-0.06060606060606061,True,True,True,True,True,apply
INT002883,ACT004038,CAN01602,JOB00575,2026-09-06,2.6834680745751527,0.7,9.0,2.0,1,1.0,1650.0,1350.0,-0.18181818181818182,True,True,True,True,True,apply
INT002884,ACT004038,CAN01602,JOB00085,2026-09-06,2.6834680745751527,0.7,9.5,2.0,2,0.0,1650.0,1500.0,-0.09090909090909091,True,True,True,True,False,considering
INT002885,ACT001419,CAN00560,JOB00554,2026-09-08,2.6834680745751527,0.7,9.0,1.0,1,0.0,1450.0,1500.0,0.034482758620689655,True,True,False,False,False,apply
INT002886,ACT001419,CAN00560,JOB00441,2026-09-08,2.6834680745751527,0.7,9.0,1.0,1,0.0,1450.0,1450.0,0.0,True,True,False,False,True,considering
INT002887,ACT001301,CAN00509,JOB00462,2026-09-09,2.6834680745751527,0.7,9.5,2.0,2,0.0,1650.0,1550.0,-0.06060606060606061,True,True,True,True,False,apply
INT002888,ACT001424,CAN00562,JOB00187,2026-09-09,2.6834680745751527,0.7,8.2,2.0,4,-2.0,2200.0,2200.0,0.0,True,True,True,True,False,apply
INT002889,ACT002015,CAN00807,JOB00575,2026-09-09,2.6834680745751527,0.7,11.0,1.0,1,0.0,1350.0,1350.0,0.0,True,True,True,True,True,apply
INT002890,ACT002138,CAN00857,JOB00480,2026-09-09,2.6834680745751527,0.7,6.3,4.0,4,0.0,3100.0,3150.0,0.016129032258064516,False,True,False,True,False,considering
INT002891,ACT002608,CAN01038,JOB00516,2026-09-09,2.6834680745751527,0.7,7.5,4.0,4,0.0,3500.0,3150.0,-0.1,True,True,False,False,False,considering
INT002892,ACT002608,CAN01038,JOB00180,2026-09-09,2.6834680745751527,0.7,7.0,4.0,4,0.0,3500.0,3000.0,-0.14285714285714285,True,True,False,False,False,apply
INT002893,ACT001279,CAN00500,JOB00411,2026-09-10,2.6834680745751527,0.7,6.2,,2,,1450.0,1400.0,-0.034482758620689655,True,True,False,True,False,considering
INT002894,ACT001385,CAN00544,JOB00775,2026-09-10,2.6834680745751527,0.7,8.2,,2,,1400.0,1450.0,0.03571428571428571,True,True,True,True,True,considering
INT002895,ACT002190,CAN00876,JOB00536,2026-09-10,2.6834680745751527,0.7,9.0,3.0,4,-1.0,3100.0,2950.0,-0.04838709677419355,True,True,True,True,False,apply
INT002896,ACT003563,CAN01414,JOB00601,2026-09-10,2.6834680745751527,0.7,9.8,2.0,3,-1.0,2100.0,2150.0,0.023809523809523808,True,True,True,True,True,apply
INT002897,ACT003563,CAN01414,JOB00797,2026-09-10,2.6834680745751527,0.7,9.8,2.0,3,-1.0,2100.0,2150.0,0.023809523809523808,True,True,True,True,False,considering
INT002898,ACT004789,CAN01901,JOB00411,2026-09-10,2.6834680745751527,0.7,9.8,1.0,2,-1.0,1400.0,1400.0,0.0,True,True,True,True,False,considering
INT002899,ACT004789,CAN01901,JOB00027,2026-09-10,2.6834680745751527,0.7,8.3,1.0,1,0.0,1400.0,1300.0,-0.07142857142857142,True,True,False,True,True,apply
INT002900,ACT004789,CAN01901,JOB00410,2026-09-10,2.6834680745751527,0.7,8.6,1.0,2,-1.0,1400.0,1500.0,0.07142857142857142,True,True,False,True,True,decline
INT002901,ACT003443,CAN01366,JOB00063,2026-09-11,2.6834680745751527,0.7,10.2,2.0,2,0.0,1650.0,1600.0,-0.030303030303030304,True,True,True,True,False,apply
INT002902,ACT001201,CAN00472,JOB00046,2026-09-12,2.6834680745751527,0.7,11.0,1.0,1,0.0,1200.0,1300.0,0.08333333333333333,True,True,True,True,True,considering
INT002903,ACT001890,CAN00756,JOB00480,2026-09-12,2.6834680745751527,0.7,7.8,4.0,4,0.0,3600.0,3150.0,-0.125,True,True,False,True,False,apply
INT002904,ACT002356,CAN00940,JOB00682,2026-09-12,2.6834680745751527,0.7,9.0,2.0,1,1.0,1600.0,1350.0,-0.15625,True,True,True,True,True,apply
INT002905,ACT002356,CAN00940,JOB00658,2026-09-12,2.6834680745751527,0.7,9.0,2.0,2,0.0,1600.0,1300.0,-0.1875,True,True,True,True,False,apply
INT002906,ACT000461,CAN00187,JOB00797,2026-09-13,2.6834680745751527,0.7,7.5,3.0,3,0.0,1950.0,2150.0,0.10256410256410256,False,True,True,True,True,apply
INT002907,ACT000909,CAN00362,JOB00023,2026-09-13,2.6834680745751527,0.7,4.3,3.0,4,-1.0,2150.0,2900.0,0.3488372093023256,False,True,False,False,False,considering
INT002908,ACT001662,CAN00662,JOB00513,2026-09-13,2.6834680745751527,0.7,7.0,2.0,2,0.0,1800.0,1550.0,-0.1388888888888889,True,True,False,False,False,considering
INT002909,ACT004084,CAN01622,JOB00415,2026-09-13,2.6834680745751527,0.7,8.6,2.0,3,-1.0,2100.0,2300.0,0.09523809523809523,True,True,False,True,True,apply
INT002910,ACT000224,CAN00087,JOB00142,2026-09-14,2.6834680745751527,0.7,7.0,4.0,4,0.0,3750.0,3050.0,-0.18666666666666668,True,True,False,False,False,apply
INT002911,ACT002682,CAN01069,JOB00622,2026-09-14,2.6834680745751527,0.7,9.8,1.0,2,-1.0,1400.0,1450.0,0.03571428571428571,True,True,True,True,True,apply
INT002912,ACT003224,CAN01278,JOB00668,2026-09-14,2.6834680745751527,0.7,10.2,2.0,2,0.0,1650.0,1600.0,-0.030303030303030304,True,True,True,True,True,decline
INT002913,ACT004398,CAN01748,JOB00459,2026-09-15,2.6834680745751527,0.7,8.5,4.0,3,1.0,3500.0,2750.0,-0.21428571428571427,True,True,True,True,False,decline
INT002914,ACT001141,CAN00450,JOB00580,2026-09-16,2.6834680745751527,0.7,9.0,5.0,5,0.0,3400.0,2900.0,-0.14705882352941177,True,True,True,True,False,apply
INT002915,ACT001141,CAN00450,JOB00429,2026-09-16,2.6834680745751527,0.7,9.0,5.0,5,0.0,3400.0,2800.0,-0.17647058823529413,True,True,True,True,False,considering
INT002916,ACT002563,CAN01020,JOB00771,2026-09-16,2.6834680745751527,0.7,7.5,5.0,4,1.0,2150.0,3300.0,0.5348837209302325,False,True,True,True,True,apply
INT002917,ACT002563,CAN01020,JOB00432,2026-09-16,2.6834680745751527,0.7,6.7,3.0,3,0.0,2150.0,2100.0,-0.023255813953488372,False,True,True,True,True,considering
INT002918,ACT002665,CAN01062,JOB00462,2026-09-16,2.6834680745751527,0.7,4.0,2.0,2,0.0,1900.0,1550.0,-0.18421052631578946,False,False,True,True,True,apply
INT002919,ACT003256,CAN01291,JOB00046,2026-09-16,2.6834680745751527,0.7,9.0,2.0,1,1.0,1600.0,1300.0,-0.1875,True,True,True,True,False,considering
INT002920,ACT003256,CAN01291,JOB00513,2026-09-16,2.6834680745751527,0.7,9.0,2.0,2,0.0,1600.0,1550.0,-0.03125,True,True,False,True,True,considering
INT002921,ACT001345,CAN00527,JOB00085,2026-09-17,2.6834680745751527,0.7,11.0,2.0,2,0.0,1500.0,1500.0,0.0,True,True,True,True,True,apply
INT002922,ACT001345,CAN00527,JOB00589,2026-09-17,2.6834680745751527,0.7,9.5,2.0,2,0.0,1500.0,1350.0,-0.1,True,True,True,True,False,apply
INT002923,ACT002899,CAN01151,JOB00429,2026-09-17,2.6834680745751527,0.7,9.0,5.0,5,0.0,3450.0,2800.0,-0.18840579710144928,True,True,True,True,True,apply
INT002924,ACT002899,CAN01151,JOB00161,2026-09-17,2.6834680745751527,0.7,9.0,5.0,5,0.0,3450.0,2800.0,-0.18840579710144928,True,True,True,True,False,considering
INT002925,ACT002899,CAN01151,JOB00699,2026-09-17,2.6834680745751527,0.7,9.0,5.0,4,1.0,3450.0,2850.0,-0.17391304347826086,True,True,True,True,False,apply
INT002926,ACT004572,CAN01817,JOB00791,2026-09-17,2.6834680745751527,0.7,11.0,1.0,1,0.0,1350.0,1400.0,0.037037037037037035,True,True,True,True,False,apply
INT002927,ACT000112,CAN00043,JOB00732,2026-09-18,2.6834680745751527,0.7,9.8,1.0,2,-1.0,1600.0,1600.0,0.0,True,True,True,True,True,considering
INT002928,ACT000344,CAN00137,JOB00795,2026-09-18,2.6834680745751527,0.7,3.2,2.0,4,-2.0,2650.0,2450.0,-0.07547169811320754,False,True,True,True,False,decline
INT002929,ACT001953,CAN00781,JOB00549,2026-09-18,2.6834680745751527,0.7,8.3,5.0,5,0.0,3500.0,3200.0,-0.08571428571428572,True,True,False,True,True,apply
INT002930,ACT002892,CAN01148,JOB00726,2026-09-18,2.6834680745751527,0.7,9.0,2.0,3,-1.0,2400.0,2350.0,-0.020833333333333332,True,True,True,True,False,decline
INT002931,ACT002971,CAN01178,JOB00160,2026-09-18,2.6834680745751527,0.7,9.0,1.0,2,-1.0,1350.0,1300.0,-0.037037037037037035,True,True,True,True,False,apply
INT002932,ACT002109,CAN00846,JOB00333,2026-09-19,2.6834680745751527,0.7,10.2,1.0,1,0.0,1250.0,1200.0,-0.04,True,True,True,True,False,considering
INT002933,ACT002347,CAN00937,JOB00160,2026-09-19,2.6834680745751527,0.7,9.8,1.0,2,-1.0,1300.0,1300.0,0.0,True,True,True,True,False,considering
INT002934,ACT003650,CAN01449,JOB00360,2026-09-19,2.6834680745751527,0.7,2.7,,2,,1900.0,2150.0,0.13157894736842105,False,True,False,False,True,apply
INT002935,ACT003650,CAN01449,JOB00529,2026-09-19,2.6834680745751527,0.7,2.7,,2,,1900.0,2200.0,0.15789473684210525,False,True,False,False,True,considering
INT002936,ACT000271,CAN00105,JOB00575,2026-09-20,2.6834680745751527,0.7,10.2,1.0,1,0.0,1400.0,1350.0,-0.03571428571428571,True,True,True,True,True,decline
INT002937,ACT000271,CAN00105,JOB00736,2026-09-20,2.6834680745751527,0.7,10.2,1.0,1,0.0,1400.0,1350.0,-0.03571428571428571,True,True,True,True,True,decline
INT002938,ACT000085,CAN00034,JOB00622,2026-09-21,2.6834680745751527,0.7,9.0,2.0,2,0.0,1750.0,1450.0,-0.17142857142857143,True,True,True,True,False,considering
INT002939,ACT001030,CAN00407,JOB00511,2026-09-22,2.6834680745751527,0.7,9.8,1.0,1,0.0,1350.0,1400.0,0.037037037037037035,True,True,False,True,True,apply
INT002940,ACT001480,CAN00586,JOB00426,2026-09-22,2.6834680745751527,0.7,9.0,2.0,2,0.0,1350.0,1350.0,0.0,True,True,False,False,False,considering
INT002941,ACT001480,CAN00586,JOB00472,2026-09-22,2.6834680745751527,0.7,10.2,2.0,1,1.0,1350.0,1300.0,-0.037037037037037035,True,True,True,True,False,apply
INT002942,ACT003425,CAN01360,JOB00800,2026-09-22,2.6834680745751527,0.7,7.5,4.0,4,0.0,3100.0,2800.0,-0.0967741935483871,True,True,False,False,False,apply
INT002943,ACT003425,CAN01360,JOB00138,2026-09-22,2.6834680745751527,0.7,9.0,4.0,4,0.0,3100.0,2750.0,-0.11290322580645161,True,True,True,True,True,apply
INT002944,ACT003425,CAN01360,JOB00662,2026-09-22,2.6834680745751527,0.7,8.2,4.0,4,0.0,3100.0,2950.0,-0.04838709677419355,True,True,False,False,False,apply
INT002945,ACT004649,CAN01848,JOB00668,2026-09-22,2.6834680745751527,0.7,9.8,1.0,2,-1.0,1600.0,1600.0,0.0,True,True,True,True,True,apply
INT002946,ACT003068,CAN01215,JOB00662,2026-09-23,2.6834680745751527,0.7,9.0,4.0,4,0.0,3350.0,2950.0,-0.11940298507462686,True,True,True,True,False,considering
INT002947,ACT003068,CAN01215,JOB00551,2026-09-23,2.6834680745751527,0.7,7.8,4.0,4,0.0,3350.0,2850.0,-0.14925373134328357,True,True,False,True,False,apply
INT002948,ACT003068,CAN01215,JOB00620,2026-09-23,2.6834680745751527,0.7,7.8,4.0,4,0.0,3350.0,2750.0,-0.1791044776119403,True,True,False,True,False,apply
INT002949,ACT000453,CAN00184,JOB00797,2026-09-24,2.6834680745751527,0.7,10.2,3.0,3,0.0,2200.0,2150.0,-0.022727272727272728,True,True,True,True,True,decline
INT002950,ACT002357,CAN00940,JOB00426,2026-09-24,2.6834680745751527,0.7,7.0,2.0,2,0.0,1600.0,1350.0,-0.15625,True,True,False,False,True,apply
INT002951,ACT002931,CAN01162,JOB00096,2026-09-24,2.6834680745751527,0.7,9.5,3.0,3,0.0,2450.0,2250.0,-0.08163265306122448,True,True,True,True,False,apply
INT002952,ACT003182,CAN01259,JOB00608,2026-09-24,2.6834680745751527,0.7,9.5,3.0,3,0.0,2300.0,2150.0,-0.06521739130434782,True,True,True,True,False,apply
INT002953,ACT004753,CAN01886,JOB00372,2026-09-24,2.6834680745751527,0.7,2.3,2.0,2,0.0,2550.0,1500.0,-0.4117647058823529,False,False,False,True,False,decline
INT002954,ACT004753,CAN01886,JOB00063,2026-09-24,2.6834680745751527,0.7,2.3,2.0,2,0.0,2550.0,1600.0,-0.37254901960784315,False,False,False,True,False,decline
INT002955,ACT004753,CAN01886,JOB00352,2026-09-24,2.6834680745751527,0.7,2.3,2.0,2,0.0,2550.0,1450.0,-0.43137254901960786,False,False,False,True,True,apply
INT002956,ACT000361,CAN00146,JOB00513,2026-09-25,2.6834680745751527,0.7,7.8,1.0,2,-1.0,1500.0,1550.0,0.03333333333333333,True,True,False,False,False,apply
INT002957,ACT001381,CAN00543,JOB00371,2026-09-25,2.6834680745751527,0.7,11.0,2.0,2,0.0,1550.0,1550.0,0.0,True,True,True,True,False,considering
INT002958,ACT001381,CAN00543,JOB00513,2026-09-25,2.6834680745751527,0.7,11.0,2.0,2,0.0,1550.0,1550.0,0.0,True,True,True,True,False,apply
INT002959,ACT002564,CAN01020,JOB00684,2026-09-25,2.6834680745751527,0.7,6.3,3.0,4,-1.0,2150.0,2400.0,0.11627906976744186,False,True,True,True,True,considering
INT002960,ACT002564,CAN01020,JOB00601,2026-09-25,2.6834680745751527,0.7,7.5,3.0,3,0.0,2150.0,2150.0,0.0,False,True,True,True,True,considering
INT002961,ACT000404,CAN00163,JOB00778,2026-09-26,2.6834680745751527,0.7,9.8,1.0,2,-1.0,1550.0,1600.0,0.03225806451612903,True,True,True,True,False,considering
INT002962,ACT003221,CAN01276,JOB00415,2026-09-26,2.6834680745751527,0.7,5.0,4.0,3,1.0,3050.0,2300.0,-0.2459016393442623,False,True,True,True,False,decline
INT002963,ACT004221,CAN01674,JOB00459,2026-09-26,2.6834680745751527,0.7,9.5,3.0,3,0.0,3000.0,2750.0,-0.08333333333333333,True,True,True,True,True,decline
INT002964,ACT001142,CAN00450,JOB00129,2026-09-27,2.6834680745751527,0.7,9.0,5.0,4,1.0,3400.0,2850.0,-0.16176470588235295,True,True,True,True,False,considering
INT002965,ACT001372,CAN00538,JOB00373,2026-09-27,2.6834680745751527,0.7,9.5,4.0,4,0.0,2450.0,2250.0,-0.08163265306122448,True,True,True,True,False,considering
INT002966,ACT003823,CAN01519,JOB00456,2026-09-27,2.6834680745751527,0.7,9.8,1.0,2,-1.0,1450.0,1700.0,0.1724137931034483,True,True,True,True,False,apply
INT002967,ACT003823,CAN01519,JOB00063,2026-09-27,2.6834680745751527,0.7,9.8,1.0,2,-1.0,1450.0,1600.0,0.10344827586206896,True,True,True,True,False,apply
INT002968,ACT002938,CAN01165,JOB00751,2026-09-28,2.6834680745751527,0.7,11.0,1.0,1,0.0,1400.0,1400.0,0.0,True,True,True,True,False,considering
INT002969,ACT002938,CAN01165,JOB00383,2026-09-28,2.6834680745751527,0.7,11.0,1.0,1,0.0,1400.0,1400.0,0.0,True,True,True,True,True,apply
INT002970,ACT004009,CAN01590,JOB00554,2026-09-28,2.6834680745751527,0.7,9.0,1.0,1,0.0,1400.0,1500.0,0.07142857142857142,True,True,False,False,False,apply
INT002971,ACT004039,CAN01602,JOB00736,2026-09-28,2.6834680745751527,0.7,9.0,2.0,1,1.0,1650.0,1350.0,-0.18181818181818182,True,True,True,True,True,apply
INT002972,ACT001358,CAN00533,JOB00524,2026-09-29,2.6834680745751527,0.7,10.2,3.0,3,0.0,2250.0,2200.0,-0.022222222222222223,True,True,True,True,True,apply
INT002973,ACT002091,CAN00840,JOB00415,2026-09-29,2.6834680745751527,0.7,7.0,2.0,3,-1.0,2350.0,2300.0,-0.02127659574468085,True,True,False,False,True,apply
INT002974,ACT002129,CAN00853,JOB00441,2026-09-29,2.6834680745751527,0.7,9.0,2.0,1,1.0,1650.0,1450.0,-0.12121212121212122,True,True,True,True,True,apply
INT002975,ACT002139,CAN00857,JOB00180,2026-09-30,2.6834680745751527,0.7,5.5,4.0,4,0.0,3100.0,3000.0,-0.03225806451612903,False,True,False,True,False,considering
INT002976,ACT003688,CAN01461,JOB00624,2026-09-30,2.6834680745751527,0.7,8.6,2.0,3,-1.0,1950.0,2000.0,0.02564102564102564,True,True,False,True,True,apply
INT002977,ACT003688,CAN01461,JOB00263,2026-09-30,2.6834680745751527,0.7,8.6,2.0,3,-1.0,1950.0,2000.0,0.02564102564102564,True,True,False,True,False,decline
