application_id,candidate_id,job_id,visit_date,planned_decision_date,decision_delay,desired_hourly_wage,offered_hourly_wage,wage_shortfall_rate,candidate_skill_level,required_skill_level,skill_gap,intent_to_visit_days,intent_to_decision_days,post_visit_withdrawal_probability,post_visit_withdrawal,placement_probability,final_state
APP000004,CAN00412,JOB00042,2025-04-11,2025-04-17,6,1700.0,1600.0,0.058823529411764705,2.0,2,0.0,7,13,0.13,False,0.7299999999999999,placed
APP000009,CAN00239,JOB00322,2025-04-12,2025-04-18,6,3300.0,3000.0,0.09090909090909091,4.0,5,-1.0,4,10,0.13,False,0.6699999999999999,placed
APP000005,CAN00788,JOB00186,2025-04-14,2025-04-20,6,3100.0,2000.0,0.3548387096774194,3.0,3,0.0,10,16,0.21000000000000002,False,0.6,final_rejected
APP000007,CAN00200,JOB00042,2025-04-15,2025-04-21,6,1450.0,1600.0,0.0,2.0,2,0.0,8,14,0.11,False,0.0,slot_filled
APP000018,CAN01137,JOB00348,2025-04-19,2025-04-23,4,1700.0,1400.0,0.17647058823529413,3.0,2,1.0,6,10,0.16,False,0.65,placed
APP000015,CAN00848,JOB00109,2025-04-18,2025-04-24,6,2250.0,2050.0,0.08888888888888889,4.0,3,1.0,7,13,0.13,False,0.7299999999999999,placed
APP000031,CAN00354,JOB00137,2025-04-22,2025-04-27,5,3450.0,3100.0,0.10144927536231885,5.0,4,1.0,3,8,0.13,False,0.73,final_rejected
APP000039,CAN00823,JOB00319,2025-04-27,2025-04-28,1,2250.0,2050.0,0.08888888888888889,3.0,3,0.0,7,8,0.08,False,0.7799999999999999,placed
APP000024,CAN01305,JOB00309,2025-04-24,2025-05-01,7,1200.0,1200.0,0.0,1.0,1,0.0,7,14,0.11,False,0.85,placed
APP000037,CAN00713,JOB00264,2025-04-27,2025-05-01,4,1250.0,1200.0,0.04,1.0,1,0.0,7,11,0.08,False,0.7999999999999999,placed
APP000027,CAN01194,JOB00264,2025-04-29,2025-05-01,2,1850.0,1200.0,0.35135135135135137,1.0,1,0.0,11,13,0.16,True,,post_visit_withdrawal
APP000046,CAN01312,JOB00186,2025-04-29,2025-05-01,2,2300.0,2000.0,0.13043478260869565,4.0,3,1.0,5,7,0.11,False,0.73,final_rejected
APP000026,CAN00498,JOB00087,2025-04-26,2025-05-02,6,2800.0,2650.0,0.05357142857142857,4.0,4,0.0,8,14,0.13,False,0.7299999999999999,placed
APP000053,CAN01877,JOB00316,2025-04-29,2025-05-02,3,1250.0,1400.0,0.0,1.0,2,-1.0,4,7,0.06,False,0.79,placed
APP000028,CAN00583,JOB00316,2025-05-01,2025-05-03,2,1300.0,1400.0,0.0,,2,,12,14,0.08,False,0.67,placed
APP000035,CAN00615,JOB00309,2025-05-02,2025-05-03,1,1400.0,1200.0,0.14285714285714285,1.0,1,0.0,12,13,0.13,False,0.6799999999999999,placed
APP000033,CAN00354,JOB00186,2025-04-29,2025-05-04,5,3450.0,2000.0,0.42028985507246375,4.0,3,1.0,9,14,0.16,False,0.6,placed
APP000058,CAN00200,JOB00311,2025-05-03,2025-05-04,1,1450.0,1650.0,0.0,2.0,2,0.0,6,7,0.06,True,,post_visit_withdrawal
APP000048,CAN01714,JOB00243,2025-05-02,2025-05-07,5,1500.0,1600.0,0.0,1.0,2,-1.0,8,13,0.08,False,0.74,placed
APP000050,CAN01227,JOB00162,2025-05-02,2025-05-07,5,1700.0,1600.0,0.058823529411764705,2.0,2,0.0,7,12,0.1,False,0.7299999999999999,placed
APP000057,CAN01438,JOB00069,2025-05-03,2025-05-08,5,2200.0,2550.0,0.0,4.0,3,1.0,6,11,0.08,False,0.85,placed
APP000056,CAN00063,JOB00111,2025-05-06,2025-05-09,3,2950.0,2950.0,0.0,3.0,4,-1.0,9,12,0.06,False,0.74,placed
APP000054,CAN00485,JOB00311,2025-05-07,2025-05-09,2,1300.0,1650.0,0.0,1.0,2,-1.0,11,13,0.08,False,0.74,placed
APP000068,CAN01119,JOB00309,2025-05-06,2025-05-10,4,1350.0,1200.0,0.1111111111111111,2.0,1,1.0,6,10,0.13,False,0.0,slot_filled
APP000086,CAN00777,JOB00124,2025-05-09,2025-05-10,1,2350.0,2950.0,0.0,5.0,3,2.0,5,6,0.06,False,0.9,final_rejected
APP000072,CAN01544,JOB00158,2025-05-07,2025-05-12,5,3100.0,2750.0,0.11290322580645161,4.0,3,1.0,6,11,0.13,False,0.6799999999999999,placed
APP000064,CAN01232,JOB00261,2025-05-09,2025-05-12,3,2300.0,2200.0,0.043478260869565216,3.0,3,0.0,10,13,0.08,False,0.7999999999999999,placed
APP000065,CAN01804,JOB00042,2025-05-06,2025-05-13,7,1950.0,1600.0,0.1794871794871795,2.0,2,0.0,7,14,0.19,False,0.0,slot_filled
APP000097,CAN00787,JOB00348,2025-05-12,2025-05-13,1,1250.0,1400.0,0.0,2.0,2,0.0,7,8,0.06,False,0.9,placed
APP000062,CAN01273,JOB00038,2025-05-07,2025-05-14,7,2250.0,2000.0,0.1111111111111111,3.0,3,0.0,9,16,0.16,False,0.6799999999999999,placed
APP000074,CAN01477,JOB00301,2025-05-12,2025-05-16,4,1200.0,1200.0,0.0,1.0,1,0.0,11,15,0.1,False,0.85,placed
APP000087,CAN00777,JOB00007,2025-05-12,2025-05-18,6,2350.0,2250.0,0.0425531914893617,3.0,3,0.0,8,14,0.11,False,0.7999999999999999,final_rejected
APP000091,CAN00961,JOB00082,2025-05-13,2025-05-18,5,3600.0,3200.0,0.1111111111111111,5.0,4,1.0,9,14,0.13,False,0.6799999999999999,placed
APP000115,CAN01195,JOB00259,2025-05-17,2025-05-18,1,1250.0,1200.0,0.04,1.0,1,0.0,6,7,0.06,False,0.85,final_rejected
APP000102,CAN00939,JOB00243,2025-05-17,2025-05-20,3,1600.0,1600.0,0.0,2.0,2,0.0,10,13,0.08,False,0.85,placed
APP000113,CAN00052,JOB00261,2025-05-18,2025-05-20,2,2400.0,2200.0,0.08333333333333333,4.0,3,1.0,8,10,0.08,False,0.0,slot_filled
APP000080,CAN01071,JOB00276,2025-05-14,2025-05-21,7,2200.0,2200.0,0.0,3.0,3,0.0,12,19,0.13,False,0.79,placed
APP000112,CAN00017,JOB00108,2025-05-17,2025-05-22,5,2800.0,2200.0,0.21428571428571427,3.0,3,0.0,7,12,0.16,False,0.6,placed
APP000104,CAN00783,JOB00098,2025-05-19,2025-05-23,4,1200.0,1200.0,0.0,1.0,1,0.0,11,15,0.1,False,0.85,final_rejected
APP000119,CAN00906,JOB00200,2025-05-19,2025-05-23,4,1250.0,1200.0,0.04,1.0,1,0.0,6,10,0.08,False,0.85,placed
APP000121,CAN01303,JOB00269,2025-05-21,2025-05-23,2,1250.0,1450.0,0.0,1.0,1,0.0,7,9,0.06,False,0.9,placed
APP000125,CAN00106,JOB00276,2025-05-22,2025-05-24,2,1200.0,2200.0,0.0,3.0,3,0.0,8,10,0.06,False,0.0,slot_filled
APP000122,CAN00726,JOB00298,2025-05-19,2025-05-26,7,1350.0,1250.0,0.07407407407407407,1.0,1,0.0,5,12,0.13,False,0.7299999999999999,placed
APP000139,CAN00591,JOB00042,2025-05-24,2025-05-26,2,1600.0,1600.0,0.0,2.0,2,0.0,8,10,0.06,False,0.0,slot_filled
APP000148,CAN01168,JOB00105,2025-05-25,2025-05-26,1,1450.0,1550.0,0.0,2.0,2,0.0,7,8,0.06,False,0.9,final_rejected
APP000109,CAN01843,JOB00068,2025-05-20,2025-05-27,7,1200.0,1350.0,0.0,1.0,1,0.0,11,18,0.13,False,0.79,placed
APP000131,CAN00039,JOB00283,2025-05-23,2025-05-27,4,1300.0,1500.0,0.0,,2,,8,12,0.08,True,,post_visit_withdrawal
APP000132,CAN00591,JOB00311,2025-05-25,2025-05-27,2,1600.0,1650.0,0.0,2.0,2,0.0,10,12,0.08,False,0.0,slot_filled
APP000141,CAN01593,JOB00072,2025-05-24,2025-05-28,4,1650.0,1550.0,0.06060606060606061,3.0,2,1.0,8,12,0.1,False,0.7299999999999999,placed
APP000144,CAN01745,JOB00216,2025-05-24,2025-05-29,5,1500.0,1500.0,0.0,2.0,2,0.0,7,12,0.08,True,,post_visit_withdrawal
APP000135,CAN01032,JOB00108,2025-05-25,2025-05-29,4,2250.0,2200.0,0.022222222222222223,3.0,3,0.0,10,14,0.1,False,0.7999999999999999,placed
APP000168,CAN00635,JOB00276,2025-05-30,2025-05-31,1,2500.0,2200.0,0.12,3.0,3,0.0,7,8,0.11,False,0.0,slot_filled
APP000155,CAN01119,JOB00269,2025-05-30,2025-06-01,2,1350.0,1450.0,0.0,2.0,1,1.0,10,12,0.08,False,0.0,slot_filled
APP000160,CAN00258,JOB00327,2025-05-28,2025-06-02,5,2150.0,2100.0,0.023255813953488372,2.0,3,-1.0,7,12,0.08,False,0.69,final_rejected
APP000161,CAN01119,JOB00098,2025-05-29,2025-06-03,5,1350.0,1200.0,0.1111111111111111,2.0,1,1.0,8,13,0.13,False,0.6799999999999999,placed
APP000150,CAN00048,JOB00109,2025-05-30,2025-06-03,4,2300.0,2050.0,0.10869565217391304,3.0,3,0.0,11,15,0.15,True,,post_visit_withdrawal
APP000170,CAN00159,JOB00200,2025-06-01,2025-06-03,2,1400.0,1200.0,0.14285714285714285,1.0,1,0.0,8,10,0.11,False,0.73,final_rejected
APP000146,CAN00052,JOB00097,2025-05-30,2025-06-05,6,2400.0,2200.0,0.08333333333333333,4.0,4,0.0,12,18,0.15000000000000002,True,,post_visit_withdrawal
APP000162,CAN01922,JOB00007,2025-06-03,2025-06-06,3,2250.0,2250.0,0.0,3.0,3,0.0,13,16,0.08,True,,post_visit_withdrawal
APP000185,CAN00537,JOB00177,2025-06-03,2025-06-06,3,3100.0,2750.0,0.11290322580645161,4.0,4,0.0,6,9,0.11,False,0.73,final_rejected
APP000194,CAN01706,JOB00127,2025-06-05,2025-06-06,1,2000.0,2200.0,0.0,2.0,3,-1.0,6,7,0.06,False,0.79,placed
APP000173,CAN00344,JOB00243,2025-06-02,2025-06-07,5,1550.0,1600.0,0.0,3.0,2,1.0,9,14,0.08,False,0.0,slot_filled
APP000198,CAN01921,JOB00300,2025-06-06,2025-06-07,1,3400.0,3100.0,0.08823529411764706,4.0,5,-1.0,6,7,0.08,False,0.6699999999999999,placed
APP000181,CAN01008,JOB00097,2025-06-06,2025-06-08,2,2400.0,2200.0,0.08333333333333333,4.0,4,0.0,11,13,0.1,False,0.7299999999999999,placed
APP000189,CAN00602,JOB00281,2025-06-07,2025-06-09,2,2300.0,1900.0,0.17391304347826086,4.0,3,1.0,8,10,0.14,False,0.65,placed
APP000178,CAN00558,JOB00086,2025-06-04,2025-06-10,6,1200.0,1200.0,0.0,1.0,1,0.0,10,16,0.13,False,0.85,placed
APP000186,CAN00929,JOB00327,2025-06-06,2025-06-10,4,2150.0,2100.0,0.023255813953488372,3.0,3,0.0,8,12,0.08,False,0.7999999999999999,placed
APP000177,CAN01040,JOB00342,2025-06-06,2025-06-11,5,2300.0,2150.0,0.06521739130434782,4.0,3,1.0,12,17,0.12000000000000001,False,0.6699999999999999,placed
APP000196,CAN00887,JOB00068,2025-06-09,2025-06-13,4,1350.0,1350.0,0.0,1.0,1,0.0,9,13,0.08,False,0.0,slot_filled
APP000193,CAN01690,JOB00276,2025-06-07,2025-06-14,7,2300.0,2200.0,0.043478260869565216,4.0,3,1.0,8,15,0.11,False,0.0,slot_filled
APP000207,CAN01115,JOB00281,2025-06-10,2025-06-14,4,2150.0,1900.0,0.11627906976744186,3.0,3,0.0,7,11,0.13,False,0.6799999999999999,placed
APP000213,CAN01882,JOB00257,2025-06-09,2025-06-16,7,1300.0,1350.0,0.0,1.0,1,0.0,4,11,0.11,False,0.85,placed
APP000217,CAN01525,JOB00269,2025-06-13,2025-06-16,3,1200.0,1450.0,0.0,1.0,1,0.0,7,10,0.06,False,0.0,slot_filled
APP000235,CAN00891,JOB00316,2025-06-15,2025-06-16,1,1300.0,1400.0,0.0,1.0,2,-1.0,5,6,0.06,False,0.0,slot_filled
APP000195,CAN00106,JOB00327,2025-06-12,2025-06-19,7,1200.0,2100.0,0.0,3.0,3,0.0,13,20,0.13,False,0.79,placed
APP000216,CAN01175,JOB00269,2025-06-12,2025-06-19,7,1300.0,1450.0,0.0,1.0,1,0.0,6,13,0.11,True,,post_visit_withdrawal
APP000224,CAN00405,JOB00243,2025-06-15,2025-06-20,5,1500.0,1600.0,0.0,2.0,2,0.0,7,12,0.08,False,0.0,slot_filled
APP000223,CAN00881,JOB00237,2025-06-16,2025-06-20,4,1500.0,2400.0,0.0,4.0,4,0.0,9,13,0.08,False,0.85,placed
APP000237,CAN01648,JOB00254,2025-06-18,2025-06-20,2,2400.0,2300.0,0.041666666666666664,2.0,3,-1.0,8,10,0.06,False,0.74,placed
APP000212,CAN01881,JOB00311,2025-06-14,2025-06-21,7,1550.0,1650.0,0.0,2.0,2,0.0,9,16,0.11,True,,post_visit_withdrawal
APP000233,CAN01343,JOB00038,2025-06-17,2025-06-21,4,2000.0,2000.0,0.0,3.0,3,0.0,7,11,0.08,False,0.0,slot_filled
APP000225,CAN00405,JOB00112,2025-06-18,2025-06-21,3,1500.0,1500.0,0.0,2.0,2,0.0,10,13,0.08,False,0.85,placed
APP000248,CAN01536,JOB00261,2025-06-18,2025-06-21,3,2250.0,2200.0,0.022222222222222223,2.0,3,-1.0,4,7,0.06,False,0.0,slot_filled
APP000239,CAN01047,JOB00315,2025-06-18,2025-06-22,4,2550.0,2700.0,0.0,4.0,4,0.0,7,11,0.08,False,0.85,placed
APP000226,CAN01864,JOB00111,2025-06-19,2025-06-22,3,2000.0,2950.0,0.0,4.0,4,0.0,11,14,0.08,False,0.85,placed
APP000231,CAN00614,JOB00068,2025-06-22,2025-06-23,1,1300.0,1350.0,0.0,1.0,1,0.0,12,13,0.08,False,0.0,slot_filled
APP000244,CAN00357,JOB00017,2025-06-21,2025-06-24,3,2000.0,2900.0,0.0,4.0,4,0.0,9,12,0.06,False,0.85,placed
APP000245,CAN01899,JOB00087,2025-06-20,2025-06-25,5,2950.0,2650.0,0.1016949152542373,4.0,4,0.0,8,13,0.13,True,,post_visit_withdrawal
APP000253,CAN01731,JOB00068,2025-06-20,2025-06-25,5,1500.0,1350.0,0.1,2.0,1,1.0,3,8,0.13,False,0.0,slot_filled
APP000232,CAN01066,JOB00035,2025-06-21,2025-06-25,4,3350.0,3150.0,0.05970149253731343,4.0,4,0.0,11,15,0.12000000000000001,False,0.7299999999999999,placed
APP000222,CAN01445,JOB00311,2025-06-19,2025-06-26,7,1700.0,1650.0,0.029411764705882353,3.0,2,1.0,12,19,0.13,False,0.0,slot_filled
APP000230,CAN00004,JOB00276,2025-06-20,2025-06-26,6,1750.0,2200.0,0.0,4.0,3,1.0,10,16,0.13,False,0.0,slot_filled
APP000251,CAN01428,JOB00237,2025-06-22,2025-06-26,4,2200.0,2400.0,0.0,3.0,4,-1.0,6,10,0.08,False,0.0,slot_filled
APP000252,CAN00616,JOB00257,2025-06-23,2025-06-28,5,1200.0,1350.0,0.0,1.0,1,0.0,6,11,0.08,False,0.0,slot_filled
APP000259,CAN00852,JOB00273,2025-06-26,2025-06-28,2,1200.0,1250.0,0.0,1.0,1,0.0,9,11,0.06,False,0.85,placed
APP000258,CAN00621,JOB00106,2025-06-26,2025-06-30,4,2150.0,2050.0,0.046511627906976744,2.0,3,-1.0,9,13,0.08,False,0.69,placed
APP000261,CAN01023,JOB00218,2025-06-25,2025-07-01,6,1850.0,1800.0,0.02702702702702703,2.0,3,-1.0,8,14,0.11,False,0.69,placed
APP000278,CAN00113,JOB00269,2025-06-26,2025-07-01,5,1200.0,1450.0,0.0,1.0,1,0.0,5,10,0.08,True,,post_visit_withdrawal
APP000284,CAN01387,JOB00254,2025-06-29,2025-07-01,2,2350.0,2300.0,0.02127659574468085,3.0,3,0.0,6,8,0.06,False,0.85,placed
APP000267,CAN00227,JOB00113,2025-06-28,2025-07-02,4,1250.0,1450.0,0.0,1.0,1,0.0,9,13,0.08,True,,post_visit_withdrawal
APP000285,CAN01098,JOB00278,2025-06-29,2025-07-04,5,1450.0,1500.0,0.0,2.0,2,0.0,6,11,0.08,False,0.85,placed
APP000270,CAN00953,JOB00042,2025-06-30,2025-07-04,4,1850.0,1600.0,0.13513513513513514,3.0,2,1.0,11,15,0.15,False,0.0,slot_filled
APP000300,CAN00223,JOB00072,2025-07-02,2025-07-04,2,1400.0,1550.0,0.0,2.0,2,0.0,7,9,0.06,False,0.0,slot_filled
APP000307,CAN01166,JOB00119,2025-07-03,2025-07-06,3,3200.0,3000.0,0.0625,3.0,3,0.0,7,10,0.08,False,0.7799999999999999,final_rejected
APP000263,CAN01135,JOB00259,2025-06-30,2025-07-07,7,1200.0,1200.0,0.0,1.0,1,0.0,12,19,0.13,False,0.79,placed
APP000286,CAN01767,JOB00097,2025-06-30,2025-07-07,7,2400.0,2200.0,0.08333333333333333,4.0,4,0.0,7,14,0.13,False,0.7299999999999999,placed
APP000297,CAN00089,JOB00018,2025-07-02,2025-07-07,5,1350.0,1450.0,0.0,1.0,1,0.0,7,12,0.08,True,,post_visit_withdrawal
APP000302,CAN01725,JOB00010,2025-07-04,2025-07-08,4,2400.0,2250.0,0.0625,3.0,3,0.0,9,13,0.1,True,,post_visit_withdrawal
APP000304,CAN00774,JOB00230,2025-07-05,2025-07-08,3,1950.0,2000.0,0.0,2.0,3,-1.0,10,13,0.08,False,0.74,placed
APP000317,CAN01633,JOB00153,2025-07-05,2025-07-08,3,3000.0,2750.0,0.08333333333333333,4.0,4,0.0,7,10,0.08,False,0.7799999999999999,final_rejected
APP000287,CAN01799,JOB00109,2025-07-06,2025-07-08,2,2200.0,2050.0,0.06818181818181818,3.0,3,0.0,13,15,0.1,False,0.7299999999999999,placed
APP000303,CAN01881,JOB00166,2025-07-02,2025-07-09,7,1550.0,1550.0,0.0,2.0,3,-1.0,7,14,0.11,False,0.74,placed
APP000318,CAN01633,JOB00306,2025-07-05,2025-07-09,4,3000.0,2900.0,0.03333333333333333,4.0,4,0.0,7,11,0.08,True,,post_visit_withdrawal
APP000328,CAN01251,JOB00086,2025-07-06,2025-07-09,3,1200.0,1200.0,0.0,1.0,1,0.0,5,8,0.06,False,0.0,slot_filled
APP000311,CAN01364,JOB00065,2025-07-03,2025-07-10,7,2050.0,2050.0,0.0,2.0,3,-1.0,7,14,0.11,False,0.74,placed
APP000323,CAN01251,JOB00252,2025-07-06,2025-07-10,4,1200.0,1200.0,0.0,1.0,1,0.0,6,10,0.08,False,0.9,placed
APP000312,CAN01924,JOB00327,2025-07-07,2025-07-10,3,1900.0,2100.0,0.0,3.0,3,0.0,11,14,0.08,True,,post_visit_withdrawal
APP000332,CAN01466,JOB00342,2025-07-08,2025-07-11,3,2150.0,2150.0,0.0,3.0,3,0.0,6,9,0.06,False,0.9,placed
APP000346,CAN01079,JOB00200,2025-07-10,2025-07-11,1,1300.0,1200.0,0.07692307692307693,2.0,1,1.0,6,7,0.08,False,0.7799999999999999,placed
APP000321,CAN00227,JOB00178,2025-07-07,2025-07-12,5,1250.0,1300.0,0.0,1.0,1,0.0,9,14,0.08,False,0.85,placed
APP000353,CAN01308,JOB00252,2025-07-11,2025-07-12,1,1200.0,1200.0,0.0,1.0,1,0.0,6,7,0.06,False,0.0,slot_filled
APP000356,CAN00580,JOB00259,2025-07-11,2025-07-12,1,1350.0,1200.0,0.1111111111111111,2.0,1,1.0,5,6,0.11,False,0.0,slot_filled
APP000325,CAN01456,JOB00017,2025-07-12,2025-07-13,1,3050.0,2900.0,0.04918032786885246,4.0,4,0.0,11,12,0.08,False,0.7999999999999999,final_rejected
APP000348,CAN01548,JOB00320,2025-07-12,2025-07-13,1,2300.0,2250.0,0.021739130434782608,3.0,3,0.0,8,9,0.06,True,,post_visit_withdrawal
APP000320,CAN00476,JOB00068,2025-07-10,2025-07-14,4,1200.0,1350.0,0.0,1.0,1,0.0,12,16,0.1,True,,post_visit_withdrawal
APP000326,CAN01484,JOB00203,2025-07-09,2025-07-16,7,1350.0,1200.0,0.1111111111111111,1.0,1,0.0,8,15,0.16,False,0.6799999999999999,placed
APP000331,CAN00953,JOB00105,2025-07-13,2025-07-17,4,1850.0,1550.0,0.16216216216216217,3.0,2,1.0,11,15,0.18,False,0.6,placed
APP000355,CAN00326,JOB00112,2025-07-14,2025-07-17,3,1600.0,1500.0,0.0625,2.0,2,0.0,8,11,0.08,False,0.0,slot_filled
APP000341,CAN00594,JOB00113,2025-07-15,2025-07-18,3,1350.0,1450.0,0.0,2.0,1,1.0,11,14,0.08,False,0.85,placed
APP000365,CAN01758,JOB00224,2025-07-15,2025-07-18,3,1850.0,2000.0,0.0,2.0,3,-1.0,6,9,0.06,False,0.79,final_rejected
APP000377,CAN01442,JOB00011,2025-07-15,2025-07-19,4,1200.0,1200.0,0.0,1.0,1,0.0,3,7,0.08,False,0.9,placed
APP000349,CAN00896,JOB00243,2025-07-14,2025-07-20,6,1500.0,1600.0,0.0,2.0,2,0.0,9,15,0.11,False,0.0,slot_filled
APP000359,CAN01761,JOB00035,2025-07-14,2025-07-20,6,3400.0,3150.0,0.07352941176470588,5.0,4,1.0,8,14,0.13,False,0.0,slot_filled
APP000339,CAN00078,JOB00057,2025-07-15,2025-07-20,5,3200.0,3000.0,0.0625,4.0,4,0.0,11,16,0.12000000000000001,True,,post_visit_withdrawal
APP000388,CAN00185,JOB00090,2025-07-21,2025-07-22,1,1550.0,1300.0,0.16129032258064516,2.0,1,1.0,6,7,0.14,False,0.65,placed
APP000367,CAN00530,JOB00235,2025-07-23,2025-07-24,1,3200.0,3050.0,0.046875,3.0,4,-1.0,13,14,0.08,False,0.69,final_rejected
APP000352,CAN01217,JOB00254,2025-07-18,2025-07-25,7,2350.0,2300.0,0.02127659574468085,3.0,3,0.0,13,20,0.13,False,0.0,slot_filled
APP000391,CAN00346,JOB00108,2025-07-23,2025-07-25,2,2350.0,2200.0,0.06382978723404255,4.0,3,1.0,8,10,0.08,False,0.0,slot_filled
APP000401,CAN01554,JOB00281,2025-07-24,2025-07-25,1,2000.0,1900.0,0.05,3.0,3,0.0,7,8,0.08,False,0.0,slot_filled
APP000369,CAN00812,JOB00172,2025-07-20,2025-07-26,6,2150.0,2200.0,0.0,3.0,3,0.0,10,16,0.13,False,0.85,final_rejected
APP000395,CAN00842,JOB00090,2025-07-25,2025-07-26,1,1500.0,1300.0,0.13333333333333333,2.0,1,1.0,9,10,0.11,False,0.73,placed
APP000385,CAN01120,JOB00049,2025-07-22,2025-07-28,6,1450.0,1500.0,0.0,2.0,2,0.0,8,14,0.11,False,0.85,placed
APP000382,CAN00005,JOB00178,2025-07-24,2025-07-28,4,1400.0,1300.0,0.07142857142857142,1.0,1,0.0,11,15,0.12000000000000001,True,,post_visit_withdrawal
APP000387,CAN01588,JOB00320,2025-07-25,2025-07-28,3,2100.0,2250.0,0.0,2.0,3,-1.0,11,14,0.08,False,0.74,placed
APP000370,CAN00086,JOB00243,2025-07-24,2025-07-29,5,1450.0,1600.0,0.0,2.0,2,0.0,13,18,0.1,False,0.0,slot_filled
APP000389,CAN00246,JOB00273,2025-07-25,2025-07-30,5,1250.0,1250.0,0.0,1.0,1,0.0,10,15,0.1,False,0.85,placed
APP000393,CAN00580,JOB00011,2025-07-26,2025-08-01,6,1350.0,1200.0,0.1111111111111111,2.0,1,1.0,10,16,0.18,True,,post_visit_withdrawal
APP000407,CAN00987,JOB00072,2025-07-27,2025-08-01,5,3000.0,1550.0,0.48333333333333334,3.0,2,1.0,7,12,0.16,False,0.0,slot_filled
APP000420,CAN01744,JOB00105,2025-07-30,2025-08-01,2,1500.0,1550.0,0.0,2.0,2,0.0,8,10,0.06,False,0.9,final_rejected
APP000437,CAN01627,JOB00079,2025-07-31,2025-08-01,1,3050.0,3000.0,0.01639344262295082,4.0,4,0.0,6,7,0.06,False,0.85,placed
APP000404,CAN00763,JOB00320,2025-07-26,2025-08-02,7,2350.0,2250.0,0.0425531914893617,3.0,3,0.0,8,15,0.11,False,0.7999999999999999,placed
APP000397,CAN01507,JOB00090,2025-07-27,2025-08-02,6,1250.0,1300.0,0.0,1.0,1,0.0,11,17,0.13,False,0.0,slot_filled
APP000410,CAN00671,JOB00340,2025-07-30,2025-08-02,3,1200.0,1300.0,0.0,1.0,1,0.0,10,13,0.08,False,0.85,placed
APP000400,CAN00078,JOB00017,2025-07-27,2025-08-03,7,3200.0,2900.0,0.09375,4.0,4,0.0,10,17,,True,,post_visit_withdrawal_existing_search_end
APP000402,CAN00086,JOB00112,2025-07-27,2025-08-03,7,1450.0,1500.0,0.0,2.0,2,0.0,9,16,0.11,False,0.0,slot_filled
APP000421,CAN01768,JOB00028,2025-07-28,2025-08-03,6,1250.0,1300.0,0.0,1.0,1,0.0,6,12,0.11,True,,post_visit_withdrawal
APP000412,CAN00223,JOB00049,2025-07-29,2025-08-03,5,1400.0,1500.0,0.0,2.0,2,0.0,9,14,0.08,False,0.85,placed
APP000425,CAN01942,JOB00072,2025-07-31,2025-08-03,3,1600.0,1550.0,0.03125,2.0,2,0.0,8,11,0.06,True,,post_visit_withdrawal
APP000433,CAN01425,JOB00111,2025-08-02,2025-08-03,1,3250.0,2950.0,0.09230769230769231,4.0,4,0.0,8,9,0.08,False,0.7799999999999999,placed
APP000411,CAN00901,JOB00200,2025-07-30,2025-08-04,5,1450.0,1200.0,0.1724137931034483,1.0,1,0.0,10,15,0.18,False,0.0,slot_filled
APP000424,CAN00799,JOB00072,2025-08-03,2025-08-04,1,1550.0,1550.0,0.0,2.0,2,0.0,11,12,0.08,False,0.0,slot_filled
APP000438,CAN01776,JOB00177,2025-08-02,2025-08-05,3,2900.0,2750.0,0.05172413793103448,4.0,4,0.0,8,11,0.08,True,,post_visit_withdrawal
APP000418,CAN00728,JOB00068,2025-07-30,2025-08-06,7,1400.0,1350.0,0.03571428571428571,1.0,1,0.0,8,15,0.11,True,,post_visit_withdrawal
APP000429,CAN00933,JOB00112,2025-08-02,2025-08-06,4,1700.0,1500.0,0.11764705882352941,3.0,2,1.0,9,13,0.13,False,0.0,slot_filled
APP000422,CAN00122,JOB00032,2025-08-04,2025-08-06,2,2450.0,2350.0,0.04081632653061224,4.0,4,0.0,12,14,0.08,False,0.7999999999999999,final_rejected
APP000455,CAN00724,JOB00178,2025-08-04,2025-08-06,2,1300.0,1300.0,0.0,1.0,1,0.0,5,7,0.06,False,0.0,slot_filled
APP000416,CAN01847,JOB00306,2025-08-03,2025-08-07,4,3000.0,2900.0,0.03333333333333333,4.0,4,0.0,12,16,0.1,False,0.7999999999999999,placed
APP000456,CAN00724,JOB00113,2025-08-04,2025-08-08,4,1300.0,1450.0,0.0,1.0,1,0.0,5,9,0.08,False,0.9,final_rejected
APP000417,CAN00122,JOB00199,2025-08-02,2025-08-09,7,2450.0,2350.0,0.04081632653061224,4.0,4,0.0,11,18,0.13,False,0.74,placed
APP000446,CAN00619,JOB00131,2025-08-05,2025-08-09,4,2400.0,2200.0,0.08333333333333333,3.0,3,0.0,8,12,0.1,False,0.7299999999999999,final_rejected
APP000469,CAN01650,JOB00180,2025-08-09,2025-08-10,1,3000.0,3000.0,0.0,3.0,4,-1.0,8,9,0.06,False,0.79,placed
APP000459,CAN01761,JOB00151,2025-08-05,2025-08-11,6,3400.0,3350.0,0.014705882352941176,5.0,4,1.0,6,12,0.11,False,0.7999999999999999,placed
APP000484,CAN00844,JOB00243,2025-08-10,2025-08-11,1,1550.0,1600.0,0.0,2.0,2,0.0,5,6,0.06,False,0.0,slot_filled
APP000470,CAN00727,JOB00158,2025-08-11,2025-08-12,1,2700.0,2750.0,0.0,3.0,3,0.0,9,10,0.06,False,0.9,placed
APP000458,CAN01531,JOB00072,2025-08-07,2025-08-14,7,1550.0,1550.0,0.0,2.0,2,0.0,8,15,0.11,True,,post_visit_withdrawal
APP000468,CAN00439,JOB00085,2025-08-07,2025-08-14,7,1500.0,1500.0,0.0,1.0,2,-1.0,6,13,0.11,False,0.74,placed
APP000477,CAN01144,JOB00018,2025-08-10,2025-08-14,4,1600.0,1450.0,0.09375,2.0,1,1.0,6,10,0.1,False,0.7799999999999999,placed
APP000488,CAN00877,JOB00342,2025-08-13,2025-08-14,1,2100.0,2150.0,0.0,2.0,3,-1.0,8,9,0.06,False,0.0,slot_filled
APP000461,CAN01884,JOB00222,2025-08-08,2025-08-15,7,1500.0,1500.0,0.0,2.0,1,1.0,8,15,0.11,False,0.85,placed
APP000454,CAN01471,JOB00243,2025-08-09,2025-08-15,6,1550.0,1600.0,0.0,2.0,2,0.0,10,16,0.13,True,,post_visit_withdrawal
APP000464,CAN01856,JOB00259,2025-08-12,2025-08-15,3,1200.0,1200.0,0.0,2.0,1,1.0,12,15,0.08,False,0.0,slot_filled
APP000472,CAN01267,JOB00090,2025-08-12,2025-08-15,3,1300.0,1300.0,0.0,1.0,1,0.0,10,13,0.08,True,,post_visit_withdrawal
APP000479,CAN00844,JOB00062,2025-08-10,2025-08-16,6,1550.0,1600.0,0.0,2.0,2,0.0,6,12,0.11,False,0.85,placed
APP000497,CAN01617,JOB00147,2025-08-13,2025-08-17,4,2150.0,2250.0,0.0,3.0,4,-1.0,5,9,0.08,True,,post_visit_withdrawal
APP000474,CAN00346,JOB00224,2025-08-11,2025-08-18,7,2350.0,2000.0,0.14893617021276595,4.0,3,1.0,8,15,0.16,False,0.6799999999999999,placed
APP000490,CAN01363,JOB00011,2025-08-16,2025-08-18,2,1200.0,1200.0,0.0,1.0,1,0.0,10,12,0.08,False,0.85,placed
APP000514,CAN00387,JOB00062,2025-08-17,2025-08-18,1,1700.0,1600.0,0.058823529411764705,3.0,2,1.0,5,6,0.08,False,0.7799999999999999,final_rejected
APP000498,CAN00799,JOB00311,2025-08-13,2025-08-19,6,1550.0,1650.0,0.0,2.0,2,0.0,5,11,0.11,False,0.0,slot_filled
APP000503,CAN00799,JOB00062,2025-08-16,2025-08-20,4,1550.0,1600.0,0.0,2.0,2,0.0,7,11,0.08,False,0.85,placed
APP000516,CAN01261,JOB00082,2025-08-19,2025-08-21,2,3500.0,3200.0,0.08571428571428572,4.0,4,0.0,7,9,0.08,False,0.7799999999999999,placed
APP000499,CAN01321,JOB00340,2025-08-16,2025-08-22,6,1750.0,1300.0,0.2571428571428571,2.0,1,1.0,8,14,0.19,True,,post_visit_withdrawal
APP000494,CAN01744,JOB00162,2025-08-17,2025-08-22,5,1500.0,1600.0,0.0,2.0,2,0.0,10,15,0.1,False,0.0,slot_filled
APP000501,CAN00661,JOB00069,2025-08-20,2025-08-22,2,2900.0,2550.0,0.1206896551724138,3.0,3,0.0,11,13,0.13,True,,post_visit_withdrawal
APP000506,CAN00316,JOB00311,2025-08-17,2025-08-24,7,1750.0,1650.0,0.05714285714285714,2.0,2,0.0,7,14,0.13,False,0.0,slot_filled
APP000521,CAN00724,JOB00085,2025-08-19,2025-08-24,5,1300.0,1500.0,0.0,1.0,2,-1.0,5,10,0.08,False,0.79,placed
APP000523,CAN01016,JOB00009,2025-08-23,2025-08-25,2,2050.0,2100.0,0.0,3.0,2,1.0,9,11,0.06,False,0.85,placed
APP000527,CAN01585,JOB00342,2025-08-20,2025-08-26,6,2150.0,2150.0,0.0,2.0,3,-1.0,5,11,0.11,False,0.0,slot_filled
APP000509,CAN01094,JOB00278,2025-08-21,2025-08-26,5,1300.0,1500.0,0.0,1.0,2,-1.0,10,15,0.1,False,0.74,placed
APP000528,CAN01585,JOB00276,2025-08-25,2025-08-26,1,2150.0,2200.0,0.0,2.0,3,-1.0,10,11,0.08,False,0.0,slot_filled
APP000526,CAN00548,JOB00235,2025-08-26,2025-08-27,1,3350.0,3050.0,0.08955223880597014,4.0,4,0.0,11,12,0.1,False,0.7299999999999999,placed
APP000536,CAN01372,JOB00079,2025-08-26,2025-08-27,1,2500.0,3000.0,0.0,4.0,4,0.0,9,10,0.06,False,0.0,slot_filled
APP000555,CAN00869,JOB00131,2025-08-29,2025-08-31,2,2200.0,2200.0,0.0,3.0,3,0.0,8,10,0.06,False,0.9,placed
APP000566,CAN00228,JOB00108,2025-08-30,2025-08-31,1,2250.0,2200.0,0.022222222222222223,4.0,3,1.0,5,6,0.06,False,0.0,slot_filled
APP000541,CAN00928,JOB00261,2025-08-27,2025-09-01,5,2150.0,2200.0,0.0,2.0,3,-1.0,9,14,0.08,False,0.0,slot_filled
APP000547,CAN01463,JOB00163,2025-08-27,2025-09-01,5,1550.0,1550.0,0.0,3.0,2,1.0,8,13,0.08,False,0.85,final_rejected
APP000558,CAN00993,JOB00176,2025-08-30,2025-09-01,2,1400.0,1400.0,0.0,1.0,2,-1.0,8,10,0.06,True,,post_visit_withdrawal
APP000537,CAN01372,JOB00180,2025-08-29,2025-09-03,5,2500.0,3000.0,0.0,4.0,4,0.0,12,17,0.1,False,0.0,slot_filled
APP000542,CAN01396,JOB00178,2025-08-30,2025-09-04,5,1200.0,1300.0,0.0,1.0,1,0.0,12,17,0.1,False,0.0,slot_filled
APP000561,CAN01463,JOB00350,2025-08-30,2025-09-04,5,1550.0,1550.0,0.0,3.0,2,1.0,7,12,0.08,True,,post_visit_withdrawal
APP000549,CAN00981,JOB00200,2025-08-31,2025-09-05,5,1200.0,1200.0,0.0,1.0,1,0.0,11,16,0.1,False,0.0,slot_filled
APP000576,CAN01914,JOB00192,2025-09-04,2025-09-05,1,2200.0,2050.0,0.06818181818181818,3.0,3,0.0,8,9,0.08,False,0.7799999999999999,placed
APP000567,CAN01026,JOB00043,2025-09-02,2025-09-06,4,3150.0,3000.0,0.047619047619047616,4.0,5,-1.0,8,12,0.08,False,0.69,final_rejected
APP000582,CAN00639,JOB00349,2025-09-05,2025-09-06,1,1200.0,1400.0,0.0,1.0,1,0.0,7,8,0.06,False,0.9,placed
APP000543,CAN01001,JOB00167,2025-08-31,2025-09-07,7,3050.0,2650.0,0.13114754098360656,4.0,4,0.0,13,20,0.18,False,0.6199999999999999,placed
APP000579,CAN01721,JOB00005,2025-09-06,2025-09-08,2,2700.0,2250.0,0.16666666666666666,4.0,4,0.0,8,10,0.14,False,0.65,placed
APP000591,CAN00928,JOB00108,2025-09-06,2025-09-08,2,2150.0,2200.0,0.0,2.0,3,-1.0,6,8,0.06,False,0.0,slot_filled
APP000598,CAN00981,JOB00018,2025-09-07,2025-09-08,1,1200.0,1450.0,0.0,1.0,1,0.0,5,6,0.06,False,0.0,slot_filled
APP000587,CAN00664,JOB00085,2025-09-07,2025-09-09,2,1450.0,1500.0,0.0,1.0,2,-1.0,8,10,0.06,False,0.0,slot_filled
APP000574,CAN00730,JOB00299,2025-09-08,2025-09-09,1,2800.0,1900.0,0.32142857142857145,3.0,3,0.0,13,14,0.16,False,0.6,placed
APP000583,CAN01356,JOB00095,2025-09-08,2025-09-09,1,1900.0,2100.0,0.0,3.0,3,0.0,9,10,0.06,False,0.9,placed
APP000593,CAN01644,JOB00108,2025-09-08,2025-09-11,3,2050.0,2200.0,0.0,3.0,3,0.0,7,10,0.06,False,0.0,slot_filled
APP000596,CAN01902,JOB00124,2025-09-09,2025-09-12,3,3200.0,2950.0,0.078125,3.0,3,0.0,7,10,0.08,False,0.7799999999999999,placed
APP000585,CAN00561,JOB00179,2025-09-10,2025-09-13,3,1950.0,1450.0,0.2564102564102564,3.0,3,0.0,11,14,0.16,False,0.6,placed
APP000605,CAN00213,JOB00180,2025-09-11,2025-09-13,2,3150.0,3000.0,0.047619047619047616,4.0,4,0.0,8,10,0.06,False,0.0,slot_filled
APP000615,CAN01091,JOB00312,2025-09-12,2025-09-13,1,2000.0,1400.0,0.3,1.0,1,0.0,8,9,0.14,False,0.65,placed
APP000577,CAN00213,JOB00077,2025-09-08,2025-09-14,6,3150.0,2900.0,0.07936507936507936,4.0,4,0.0,11,17,0.15000000000000002,False,0.6699999999999999,placed
APP000597,CAN00051,JOB00095,2025-09-08,2025-09-15,7,2050.0,2100.0,0.0,3.0,3,0.0,6,13,0.11,False,0.85,placed
APP000594,CAN00981,JOB00271,2025-09-09,2025-09-15,6,1200.0,1200.0,0.0,1.0,1,0.0,8,14,,True,,post_visit_withdrawal_existing_search_end
APP000600,CAN01256,JOB00062,2025-09-12,2025-09-15,3,1700.0,1600.0,0.058823529411764705,3.0,2,1.0,10,13,0.1,False,0.7299999999999999,placed
APP000604,CAN01420,JOB00214,2025-09-13,2025-09-16,3,1200.0,1200.0,0.0,1.0,1,0.0,10,13,0.08,False,0.85,placed
APP000611,CAN00745,JOB00009,2025-09-14,2025-09-16,2,2300.0,2100.0,0.08695652173913043,3.0,2,1.0,10,12,0.1,False,0.0,slot_filled
APP000639,CAN00287,JOB00079,2025-09-15,2025-09-16,1,2900.0,3000.0,0.0,4.0,4,0.0,7,8,0.06,False,0.0,slot_filled
APP000622,CAN00752,JOB00302,2025-09-13,2025-09-17,4,2350.0,2150.0,0.0851063829787234,3.0,3,0.0,8,12,0.1,False,0.7299999999999999,placed
APP000634,CAN00126,JOB00064,2025-09-15,2025-09-17,2,1200.0,1200.0,0.0,1.0,1,0.0,7,9,0.06,False,0.9,placed
APP000635,CAN00492,JOB00071,2025-09-16,2025-09-17,1,1700.0,1400.0,0.17647058823529413,2.0,2,0.0,8,9,0.14,False,0.65,placed
APP000618,CAN00164,JOB00079,2025-09-16,2025-09-18,2,3100.0,3000.0,0.03225806451612903,4.0,4,0.0,11,13,0.08,False,0.0,slot_filled
APP000620,CAN00194,JOB00312,2025-09-14,2025-09-19,5,1200.0,1400.0,0.0,1.0,1,0.0,9,14,0.08,False,0.85,placed
APP000624,CAN01742,JOB00259,2025-09-14,2025-09-19,5,1250.0,1200.0,0.04,1.0,1,0.0,8,13,0.08,False,0.0,slot_filled
APP000633,CAN01915,JOB00085,2025-09-16,2025-09-19,3,1450.0,1500.0,0.0,1.0,2,-1.0,9,12,0.06,False,0.0,slot_filled
APP000647,CAN01911,JOB00228,2025-09-16,2025-09-19,3,1200.0,1600.0,0.0,,2,,7,10,0.06,True,,post_visit_withdrawal
APP000612,CAN01788,JOB00302,2025-09-17,2025-09-19,2,2500.0,2150.0,0.14,4.0,3,1.0,13,15,0.13,False,0.6799999999999999,placed
APP000619,CAN01469,JOB00107,2025-09-14,2025-09-20,6,1400.0,1400.0,0.0,1.0,1,0.0,9,15,0.11,False,0.85,placed
APP000642,CAN00287,JOB00329,2025-09-18,2025-09-20,2,2900.0,2850.0,0.017241379310344827,4.0,4,0.0,9,11,0.06,False,0.7999999999999999,final_rejected
APP000658,CAN01202,JOB00025,2025-09-18,2025-09-21,3,1200.0,1300.0,0.0,1.0,1,0.0,6,9,0.06,False,0.9,placed
APP000652,CAN00973,JOB00079,2025-09-16,2025-09-22,6,3200.0,3000.0,0.0625,4.0,4,0.0,6,12,0.13,False,0.0,slot_filled
APP000626,CAN00487,JOB00035,2025-09-18,2025-09-22,4,3350.0,3150.0,0.05970149253731343,4.0,4,0.0,11,15,0.12000000000000001,False,0.0,slot_filled
APP000651,CAN00973,JOB00104,2025-09-19,2025-09-22,3,3200.0,2950.0,0.078125,4.0,4,0.0,9,12,0.08,False,0.7299999999999999,placed
APP000621,CAN00728,JOB00312,2025-09-17,2025-09-23,6,1400.0,1400.0,0.0,1.0,1,0.0,12,18,0.13,True,,post_visit_withdrawal
APP000629,CAN00422,JOB00118,2025-09-17,2025-09-23,6,3050.0,2850.0,0.06557377049180328,5.0,5,0.0,10,16,0.15000000000000002,False,0.7299999999999999,placed
APP000653,CAN01389,JOB00123,2025-09-21,2025-09-23,2,2150.0,1950.0,0.09302325581395349,3.0,3,0.0,11,13,0.1,True,,post_visit_withdrawal
APP000643,CAN00333,JOB00062,2025-09-18,2025-09-24,6,1550.0,1600.0,0.0,2.0,2,0.0,9,15,0.11,False,0.0,slot_filled
APP000644,CAN00735,JOB00108,2025-09-21,2025-09-24,3,2300.0,2200.0,0.043478260869565216,3.0,3,0.0,12,15,0.08,False,0.0,slot_filled
APP000656,CAN01644,JOB00060,2025-09-23,2025-09-24,1,2050.0,2050.0,0.0,3.0,3,0.0,12,13,0.08,False,0.85,placed
APP000650,CAN01440,JOB00009,2025-09-21,2025-09-25,4,2050.0,2100.0,0.0,2.0,2,0.0,11,15,0.1,False,0.0,slot_filled
APP000668,CAN01888,JOB00163,2025-09-22,2025-09-25,3,1600.0,1550.0,0.03125,2.0,2,0.0,8,11,0.06,False,0.7999999999999999,placed
APP000645,CAN01341,JOB00198,2025-09-22,2025-09-27,5,2000.0,2150.0,0.0,3.0,3,0.0,13,18,0.1,False,0.79,placed
APP000665,CAN01890,JOB00340,2025-09-22,2025-09-27,5,1200.0,1300.0,0.0,1.0,1,0.0,9,14,0.08,False,0.85,placed
APP000672,CAN00411,JOB00166,2025-09-23,2025-09-27,4,1600.0,1550.0,0.03125,2.0,3,-1.0,8,12,0.08,False,0.69,placed
APP000663,CAN01503,JOB00172,2025-09-25,2025-09-27,2,2400.0,2200.0,0.08333333333333333,4.0,3,1.0,12,14,0.1,False,0.7299999999999999,placed
APP000677,CAN00638,JOB00284,2025-09-25,2025-09-27,2,2700.0,1950.0,0.2777777777777778,3.0,3,0.0,8,10,0.14,False,0.65,placed
APP000683,CAN01014,JOB00025,2025-09-25,2025-09-27,2,1300.0,1300.0,0.0,1.0,1,0.0,7,9,0.06,False,0.0,slot_filled
APP000689,CAN01766,JOB00017,2025-09-27,2025-09-28,1,2000.0,2900.0,0.0,4.0,4,0.0,8,9,0.06,False,0.9,placed
APP000678,CAN01333,JOB00214,2025-09-27,2025-09-29,2,1200.0,1200.0,0.0,1.0,1,0.0,10,12,0.08,False,0.85,placed
APP000670,CAN00531,JOB00192,2025-09-24,2025-09-30,6,2000.0,2050.0,0.0,3.0,3,0.0,9,15,0.11,True,,post_visit_withdrawal
APP000688,CAN00715,JOB00317,2025-09-26,2025-09-30,4,2350.0,2300.0,0.02127659574468085,3.0,3,0.0,7,11,0.08,False,0.7999999999999999,placed
APP000704,CAN01908,JOB00192,2025-09-27,2025-09-30,3,2100.0,2050.0,0.023809523809523808,3.0,3,0.0,6,9,0.06,False,0.85,placed
APP000715,CAN00821,JOB00095,2025-09-28,2025-10-01,3,2150.0,2100.0,0.023255813953488372,2.0,3,-1.0,4,7,0.06,False,0.0,slot_filled
APP000684,CAN01014,JOB00291,2025-09-30,2025-10-01,1,1300.0,1350.0,0.0,1.0,1,0.0,12,13,0.08,False,0.85,placed
APP000680,CAN00522,JOB00214,2025-09-26,2025-10-02,6,1200.0,1200.0,0.0,1.0,1,0.0,9,15,0.11,False,0.85,placed
APP000699,CAN00257,JOB00172,2025-09-27,2025-10-02,5,2350.0,2200.0,0.06382978723404255,3.0,3,0.0,6,11,0.1,False,0.0,slot_filled
APP000686,CAN01631,JOB00156,2025-09-29,2025-10-02,3,3300.0,3050.0,0.07575757575757576,4.0,4,0.0,11,14,0.1,True,,post_visit_withdrawal
APP000669,CAN00531,JOB00281,2025-09-27,2025-10-03,6,2000.0,1900.0,0.05,3.0,3,0.0,13,19,0.15000000000000002,False,0.0,slot_filled
APP000690,CAN01839,JOB00085,2025-09-27,2025-10-04,7,1350.0,1500.0,0.0,2.0,2,0.0,8,15,0.11,False,0.0,slot_filled
APP000695,CAN00735,JOB00295,2025-09-28,2025-10-05,7,2300.0,2200.0,0.043478260869565216,3.0,3,0.0,8,15,0.11,False,0.7999999999999999,placed
APP000716,CAN00627,JOB00099,2025-10-03,2025-10-05,2,1400.0,1350.0,0.03571428571428571,1.0,1,0.0,9,11,0.06,False,0.7999999999999999,placed
APP000709,CAN01286,JOB00304,2025-10-01,2025-10-07,6,2900.0,2600.0,0.10344827586206896,3.0,3,0.0,9,15,0.16,False,0.6799999999999999,final_rejected
APP000730,CAN00618,JOB00291,2025-10-04,2025-10-08,4,1200.0,1350.0,0.0,1.0,1,0.0,7,11,0.08,False,0.0,slot_filled
APP000723,CAN01861,JOB00295,2025-10-06,2025-10-08,2,2250.0,2200.0,0.022222222222222223,3.0,3,0.0,11,13,0.08,False,0.7999999999999999,placed
APP000691,CAN01857,JOB00100,2025-10-02,2025-10-09,7,3050.0,2750.0,0.09836065573770492,4.0,4,0.0,13,20,0.15000000000000002,False,0.6699999999999999,placed
APP000738,CAN01319,JOB00006,2025-10-05,2025-10-09,4,3550.0,3050.0,0.14084507042253522,5.0,4,1.0,7,11,0.13,False,0.6799999999999999,final_rejected
APP000737,CAN01043,JOB00338,2025-10-07,2025-10-10,3,2350.0,2250.0,0.0425531914893617,3.0,3,0.0,9,12,0.06,False,0.7999999999999999,placed
APP000728,CAN01585,JOB00341,2025-10-05,2025-10-11,6,2150.0,2050.0,0.046511627906976744,3.0,3,0.0,9,15,0.11,False,0.7999999999999999,placed
APP000717,CAN00915,JOB00198,2025-10-06,2025-10-12,6,2600.0,2150.0,0.17307692307692307,3.0,3,0.0,12,18,0.21000000000000002,False,0.54,final_rejected
APP000736,CAN01459,JOB00099,2025-10-08,2025-10-12,4,1350.0,1350.0,0.0,1.0,1,0.0,10,14,0.1,False,0.0,slot_filled
APP000731,CAN00794,JOB00252,2025-10-11,2025-10-13,2,1200.0,1200.0,0.0,1.0,1,0.0,14,16,0.11,False,0.0,slot_filled
APP000734,CAN01507,JOB00349,2025-10-08,2025-10-14,6,1250.0,1400.0,0.0,1.0,1,0.0,11,17,0.13,True,,post_visit_withdrawal
APP000722,CAN01720,JOB00025,2025-10-08,2025-10-15,7,1200.0,1300.0,0.0,1.0,1,0.0,13,20,0.13,False,0.0,slot_filled
APP000729,CAN01157,JOB00339,2025-10-09,2025-10-15,6,2950.0,2900.0,0.01694915254237288,4.0,4,0.0,12,18,0.13,False,0.74,final_rejected
APP000749,CAN00434,JOB00102,2025-10-09,2025-10-15,6,1200.0,1200.0,0.0,1.0,1,0.0,9,15,0.11,False,0.85,placed
APP000769,CAN01086,JOB00125,2025-10-09,2025-10-15,6,1300.0,1300.0,0.0,1.0,1,0.0,5,11,0.11,False,0.85,placed
APP000755,CAN00664,JOB00099,2025-10-11,2025-10-17,6,1450.0,1350.0,0.06896551724137931,1.0,1,0.0,10,16,0.15000000000000002,False,0.0,slot_filled
APP000753,CAN00551,JOB00194,2025-10-12,2025-10-17,5,1250.0,1250.0,0.0,1.0,1,0.0,11,16,0.1,False,0.85,final_rejected
APP000778,CAN01410,JOB00313,2025-10-13,2025-10-18,5,1750.0,1600.0,0.08571428571428572,3.0,2,1.0,8,13,0.1,True,,post_visit_withdrawal
APP000780,CAN01235,JOB00318,2025-10-15,2025-10-18,3,1250.0,1250.0,0.0,1.0,1,0.0,10,13,0.08,False,0.85,placed
APP000764,CAN01188,JOB00251,2025-10-16,2025-10-18,2,2500.0,2650.0,0.0,5.0,4,1.0,13,15,0.08,False,0.85,placed
APP000752,CAN00082,JOB00117,2025-10-13,2025-10-19,6,1950.0,2150.0,0.0,2.0,3,-1.0,12,18,,True,,post_visit_withdrawal_existing_search_end
APP000775,CAN00986,JOB00024,2025-10-13,2025-10-20,7,1350.0,1350.0,0.0,2.0,1,1.0,8,15,0.11,False,0.85,placed
APP000792,CAN00041,JOB00104,2025-10-18,2025-10-20,2,2800.0,2950.0,0.0,3.0,4,-1.0,11,13,0.08,False,0.0,slot_filled
APP000773,CAN01759,JOB00212,2025-10-14,2025-10-21,7,1750.0,1450.0,0.17142857142857143,3.0,2,1.0,10,17,0.21000000000000002,False,0.54,placed
APP000813,CAN00018,JOB00175,2025-10-20,2025-10-21,1,3150.0,3200.0,0.0,4.0,4,0.0,8,9,0.06,False,0.9,placed
APP000793,CAN00428,JOB00127,2025-10-16,2025-10-22,6,2550.0,2200.0,0.13725490196078433,4.0,3,1.0,9,15,0.16,False,0.0,slot_filled
APP000810,CAN00810,JOB00269,2025-10-20,2025-10-23,3,1200.0,1450.0,0.0,1.0,1,0.0,9,12,0.06,False,0.0,slot_filled
APP000804,CAN00481,JOB00102,2025-10-21,2025-10-23,2,1200.0,1200.0,0.0,,1,,12,14,0.08,False,0.0,slot_filled
APP000761,CAN00985,JOB00108,2025-10-17,2025-10-24,7,2300.0,2200.0,0.043478260869565216,3.0,3,0.0,14,21,0.16,False,0.0,slot_filled
APP000797,CAN00477,JOB00302,2025-10-20,2025-10-24,4,2150.0,2150.0,0.0,3.0,3,0.0,12,16,0.1,False,0.0,slot_filled
APP000815,CAN01285,JOB00320,2025-10-21,2025-10-24,3,2300.0,2250.0,0.021739130434782608,3.0,3,0.0,9,12,0.06,False,0.7999999999999999,placed
APP000811,CAN01892,JOB00213,2025-10-18,2025-10-25,7,3400.0,3100.0,0.08823529411764706,5.0,5,0.0,7,14,0.13,False,0.7299999999999999,final_rejected
APP000855,CAN01763,JOB00320,2025-10-25,2025-10-26,1,2350.0,2250.0,0.0425531914893617,3.0,3,0.0,5,6,0.06,True,,post_visit_withdrawal
APP000817,CAN00974,JOB00192,2025-10-21,2025-10-28,7,2000.0,2050.0,0.0,3.0,3,0.0,9,16,0.11,False,0.0,slot_filled
APP000823,CAN00335,JOB00304,2025-10-25,2025-10-29,4,2000.0,2600.0,0.0,3.0,3,0.0,12,16,0.1,False,0.85,placed
APP000832,CAN00237,JOB00248,2025-10-25,2025-10-29,4,1600.0,1650.0,0.0,2.0,2,0.0,10,14,0.1,False,0.85,placed
APP000825,CAN01700,JOB00296,2025-10-25,2025-10-31,6,1550.0,1400.0,0.0967741935483871,2.0,1,1.0,12,18,0.15000000000000002,False,0.6699999999999999,placed
APP000829,CAN00985,JOB00341,2025-10-25,2025-11-01,7,2300.0,2050.0,0.10869565217391304,3.0,3,0.0,10,17,0.18,True,,post_visit_withdrawal
APP000862,CAN00069,JOB00210,2025-10-27,2025-11-01,5,1200.0,1200.0,0.0,1.0,1,0.0,6,11,0.08,False,0.85,placed
APP000848,CAN00979,JOB00126,2025-10-31,2025-11-02,2,2050.0,2050.0,0.0,3.0,3,0.0,12,14,0.08,False,0.85,final_rejected
APP000841,CAN00195,JOB00248,2025-10-27,2025-11-03,7,1300.0,1650.0,0.0,1.0,2,-1.0,9,16,0.11,False,0.0,slot_filled
APP000846,CAN00836,JOB00349,2025-10-31,2025-11-03,3,1200.0,1400.0,0.0,2.0,1,1.0,12,15,0.08,False,0.85,placed
APP000845,CAN00674,JOB00269,2025-10-28,2025-11-04,7,1250.0,1450.0,0.0,1.0,1,0.0,9,16,0.11,False,0.0,slot_filled
APP000851,CAN00712,JOB00103,2025-10-29,2025-11-05,7,2100.0,2100.0,0.0,3.0,3,0.0,9,16,0.11,False,0.85,placed
APP000873,CAN00734,JOB00099,2025-10-30,2025-11-06,7,1300.0,1350.0,0.0,1.0,1,0.0,7,14,0.11,False,0.0,slot_filled
APP000869,CAN00826,JOB00268,2025-10-31,2025-11-06,6,2200.0,2100.0,0.045454545454545456,3.0,4,-1.0,8,14,0.11,False,0.69,placed
APP000860,CAN00281,JOB00172,2025-11-03,2025-11-06,3,2300.0,2200.0,0.043478260869565216,3.0,3,0.0,13,16,0.08,False,0.0,slot_filled
APP000871,CAN01146,JOB00078,2025-11-04,2025-11-06,2,2200.0,2100.0,0.045454545454545456,3.0,3,0.0,12,14,0.08,False,0.7999999999999999,final_rejected
APP000864,CAN01203,JOB00050,2025-10-31,2025-11-07,7,2350.0,2150.0,0.0851063829787234,4.0,2,2.0,10,17,0.15000000000000002,False,0.6699999999999999,placed
APP000853,CAN01218,JOB00219,2025-11-02,2025-11-07,5,2450.0,2200.0,0.10204081632653061,4.0,4,0.0,13,18,0.15,False,0.6199999999999999,placed
APP000876,CAN01940,JOB00326,2025-11-02,2025-11-07,5,2250.0,2050.0,0.08888888888888889,4.0,3,1.0,9,14,0.1,True,,post_visit_withdrawal
APP000907,CAN01917,JOB00067,2025-11-03,2025-11-07,4,3150.0,1550.0,0.5079365079365079,2.0,2,0.0,6,10,0.16,False,0.65,placed
APP000847,CAN00892,JOB00175,2025-11-01,2025-11-08,7,3450.0,3200.0,0.07246376811594203,4.0,4,0.0,13,20,0.15000000000000002,False,0.0,slot_filled
APP000890,CAN01410,JOB00166,2025-11-04,2025-11-08,4,1750.0,1550.0,0.11428571428571428,3.0,3,0.0,9,13,0.13,False,0.0,slot_filled
APP000878,CAN00451,JOB00102,2025-11-05,2025-11-09,4,1200.0,1200.0,0.0,1.0,1,0.0,11,15,0.1,False,0.0,slot_filled
APP000908,CAN00979,JOB00192,2025-11-08,2025-11-09,1,2050.0,2050.0,0.0,3.0,3,0.0,9,10,0.06,False,0.0,slot_filled
APP000895,CAN01410,JOB00070,2025-11-07,2025-11-13,6,1750.0,1450.0,0.17142857142857143,3.0,2,1.0,11,17,0.21000000000000002,True,,post_visit_withdrawal
APP000874,CAN00976,JOB00022,2025-11-08,2025-11-13,5,2950.0,3100.0,0.0,3.0,4,-1.0,15,20,0.13,False,0.6799999999999999,final_rejected
APP000880,CAN01319,JOB00300,2025-11-08,2025-11-13,5,3550.0,3100.0,0.1267605633802817,5.0,5,0.0,14,19,0.18,False,0.6199999999999999,placed
APP000903,CAN00517,JOB00291,2025-11-08,2025-11-13,5,1300.0,1350.0,0.0,1.0,1,0.0,11,16,0.1,False,0.0,slot_filled
APP000897,CAN00974,JOB00299,2025-11-09,2025-11-13,4,2000.0,1900.0,0.05,3.0,3,0.0,13,17,0.12000000000000001,False,0.74,placed
APP000927,CAN00288,JOB00284,2025-11-13,2025-11-14,1,2150.0,1950.0,0.09302325581395349,3.0,3,0.0,10,11,0.1,True,,post_visit_withdrawal
APP000894,CAN01410,JOB00062,2025-11-08,2025-11-15,7,1750.0,1600.0,0.08571428571428572,3.0,2,1.0,12,19,0.15000000000000002,False,0.0,slot_filled
APP000896,CAN00114,JOB00340,2025-11-08,2025-11-15,7,1200.0,1300.0,0.0,1.0,1,0.0,12,19,0.13,False,0.0,slot_filled
APP000935,CAN01078,JOB00129,2025-11-14,2025-11-15,1,2950.0,2850.0,0.03389830508474576,4.0,4,0.0,10,11,0.08,False,0.7999999999999999,placed
APP000906,CAN01803,JOB00148,2025-11-09,2025-11-16,7,2000.0,1900.0,0.05,2.0,3,-1.0,12,19,0.15000000000000002,False,0.6299999999999999,placed
APP000892,CAN01241,JOB00313,2025-11-10,2025-11-16,6,1600.0,1600.0,0.0,2.0,2,0.0,14,20,0.16,False,0.79,placed
APP000925,CAN01136,JOB00188,2025-11-12,2025-11-16,4,2200.0,2150.0,0.022727272727272728,2.0,3,-1.0,9,13,0.08,False,0.69,placed
APP000911,CAN01746,JOB00262,2025-11-15,2025-11-16,1,3050.0,2100.0,0.3114754098360656,3.0,3,0.0,15,16,0.19,False,0.6,final_rejected
APP000916,CAN01109,JOB00320,2025-11-10,2025-11-17,7,2350.0,2250.0,0.0425531914893617,3.0,3,0.0,9,16,0.11,False,0.0,slot_filled
APP000933,CAN01113,JOB00039,2025-11-14,2025-11-17,3,2150.0,2200.0,0.0,2.0,3,-1.0,10,13,0.08,False,0.74,final_rejected
APP000936,CAN01432,JOB00335,2025-11-17,2025-11-18,1,2250.0,2250.0,0.0,3.0,4,-1.0,13,14,0.08,False,0.74,placed
APP000919,CAN01046,JOB00320,2025-11-17,2025-11-19,2,2500.0,2250.0,0.1,4.0,3,1.0,15,17,0.16,False,0.0,slot_filled
APP000931,CAN00230,JOB00166,2025-11-17,2025-11-20,3,1700.0,1550.0,0.08823529411764706,3.0,3,0.0,13,16,0.1,False,0.0,slot_filled
APP000943,CAN00911,JOB00246,2025-11-16,2025-11-21,5,2000.0,1950.0,0.025,2.0,2,0.0,9,14,0.08,False,0.7999999999999999,placed
APP000945,CAN01595,JOB00024,2025-11-17,2025-11-21,4,1200.0,1350.0,0.0,1.0,1,0.0,10,14,0.1,True,,post_visit_withdrawal
APP000946,CAN01823,JOB00234,2025-11-20,2025-11-21,1,3350.0,3100.0,0.07462686567164178,4.0,4,0.0,13,14,0.1,False,0.7299999999999999,placed
APP000949,CAN01720,JOB00048,2025-11-20,2025-11-21,1,1200.0,1400.0,0.0,1.0,1,0.0,13,14,0.08,False,0.85,placed
APP000954,CAN00610,JOB00051,2025-11-17,2025-11-22,5,1250.0,1350.0,0.0,1.0,1,0.0,8,13,0.08,False,0.85,placed
APP000920,CAN01665,JOB00066,2025-11-18,2025-11-22,4,2400.0,3000.0,0.0,5.0,3,2.0,16,20,0.13,False,0.79,placed
APP000938,CAN01344,JOB00006,2025-11-18,2025-11-23,5,2100.0,3050.0,0.0,4.0,4,0.0,13,18,0.1,False,0.79,placed
APP000939,CAN01483,JOB00332,2025-11-17,2025-11-24,7,2350.0,2050.0,0.1276595744680851,4.0,3,1.0,12,19,0.18,False,0.6199999999999999,placed
APP000953,CAN01814,JOB00022,2025-11-19,2025-11-25,6,3050.0,3100.0,0.0,5.0,4,1.0,11,17,0.13,False,0.79,placed
APP000975,CAN00262,JOB00240,2025-11-24,2025-11-26,2,1700.0,2650.0,0.0,4.0,4,0.0,9,11,0.06,False,0.85,placed
APP000952,CAN00979,JOB00275,2025-11-20,2025-11-27,7,2050.0,1900.0,0.07317073170731707,3.0,3,0.0,12,19,0.15000000000000002,False,0.6699999999999999,placed
APP000960,CAN01206,JOB00103,2025-11-25,2025-11-27,2,2600.0,2100.0,0.19230769230769232,4.0,3,1.0,14,16,0.19,False,0.6,placed
APP000985,CAN00092,JOB00048,2025-11-25,2025-11-29,4,1350.0,1400.0,0.0,1.0,1,0.0,9,13,0.08,False,0.85,placed
APP000999,CAN01775,JOB00096,2025-11-28,2025-11-29,1,2350.0,2250.0,0.0425531914893617,3.0,3,0.0,9,10,0.06,False,0.85,placed
APP000963,CAN01057,JOB00278,2025-11-27,2025-11-30,3,1500.0,1500.0,0.0,2.0,2,0.0,15,18,0.11,False,0.79,placed
APP000962,CAN00870,JOB00185,2025-11-28,2025-12-02,4,1600.0,1450.0,0.09375,2.0,1,1.0,16,20,0.15,False,0.6699999999999999,placed
APP000984,CAN01699,JOB00006,2025-12-01,2025-12-02,1,3350.0,3050.0,0.08955223880597014,4.0,4,0.0,15,16,0.13,False,0.7299999999999999,placed
APP001019,CAN01584,JOB00121,2025-11-30,2025-12-03,3,2100.0,3050.0,0.0,4.0,4,0.0,7,10,0.06,False,0.9,placed
APP000987,CAN00575,JOB00024,2025-11-27,2025-12-04,7,1200.0,1350.0,0.0,1.0,1,0.0,10,17,0.13,False,0.79,placed
APP001000,CAN01785,JOB00202,2025-11-27,2025-12-04,7,1550.0,1500.0,0.03225806451612903,2.0,2,0.0,8,15,0.11,False,0.7999999999999999,placed
APP000994,CAN01621,JOB00331,2025-11-28,2025-12-04,6,3400.0,3050.0,0.10294117647058823,5.0,4,1.0,10,16,0.18,False,0.6799999999999999,placed
APP000981,CAN00871,JOB00263,2025-11-29,2025-12-06,7,1800.0,2000.0,0.0,2.0,3,-1.0,13,20,0.13,False,0.6799999999999999,placed
APP000995,CAN00114,JOB00048,2025-11-30,2025-12-06,6,1200.0,1400.0,0.0,1.0,1,0.0,11,17,0.13,False,0.0,slot_filled
APP001006,CAN01878,JOB00026,2025-12-01,2025-12-06,5,2300.0,2150.0,0.06521739130434782,3.0,3,0.0,11,16,0.12000000000000001,False,0.7299999999999999,placed
APP001015,CAN01595,JOB00027,2025-12-01,2025-12-06,5,1200.0,1300.0,0.0,1.0,1,0.0,9,14,0.08,False,0.85,final_rejected
APP000991,CAN01293,JOB00022,2025-12-04,2025-12-06,2,3550.0,3100.0,0.1267605633802817,5.0,4,1.0,16,18,0.16,True,,post_visit_withdrawal
APP001011,CAN00380,JOB00176,2025-12-04,2025-12-06,2,1450.0,1400.0,0.034482758620689655,2.0,2,0.0,13,15,0.08,False,0.7999999999999999,placed
APP001018,CAN01287,JOB00175,2025-12-04,2025-12-06,2,2050.0,3200.0,0.0,4.0,4,0.0,11,13,0.08,False,0.0,slot_filled
APP001001,CAN01242,JOB00029,2025-11-30,2025-12-07,7,1200.0,1300.0,0.0,1.0,1,0.0,11,18,0.13,True,,post_visit_withdrawal
APP000992,CAN01293,JOB00193,2025-12-01,2025-12-07,6,3550.0,3000.0,0.15492957746478872,5.0,3,2.0,13,19,0.21000000000000002,False,0.54,final_rejected
APP001021,CAN01725,JOB00247,2025-12-06,2025-12-07,1,2400.0,2150.0,0.10416666666666667,3.0,3,0.0,13,14,0.13,False,0.6799999999999999,placed
APP001025,CAN01155,JOB00248,2025-12-04,2025-12-09,5,1650.0,1650.0,0.0,3.0,2,1.0,9,14,0.08,False,0.0,slot_filled
APP001007,CAN00075,JOB00183,2025-12-03,2025-12-10,7,3000.0,2950.0,0.016666666666666666,3.0,3,0.0,13,20,0.13,False,0.74,placed
APP001033,CAN00406,JOB00006,2025-12-09,2025-12-12,3,3550.0,3050.0,0.14084507042253522,4.0,4,0.0,11,14,0.13,False,0.0,slot_filled
APP001047,CAN00226,JOB00136,2025-12-11,2025-12-14,3,2550.0,2100.0,0.17647058823529413,4.0,4,0.0,9,12,0.14,False,0.6,placed
APP001054,CAN01548,JOB00033,2025-12-13,2025-12-14,1,2300.0,2350.0,0.0,3.0,3,0.0,9,10,0.06,False,0.9,placed
APP001043,CAN00123,JOB00027,2025-12-13,2025-12-15,2,1350.0,1300.0,0.037037037037037035,1.0,1,0.0,12,14,0.08,False,0.7999999999999999,placed
APP001031,CAN00406,JOB00089,2025-12-10,2025-12-17,7,3550.0,3150.0,0.11267605633802817,4.0,4,0.0,13,20,0.18,False,0.6199999999999999,placed
APP001035,CAN01751,JOB00259,2025-12-12,2025-12-17,5,1250.0,1200.0,0.04,2.0,1,1.0,14,19,0.13,False,0.0,slot_filled
APP001049,CAN01007,JOB00092,2025-12-12,2025-12-17,5,1250.0,1200.0,0.04,1.0,1,0.0,10,15,0.1,False,0.7999999999999999,placed
APP001052,CAN00923,JOB00343,2025-12-16,2025-12-17,1,1450.0,1200.0,0.1724137931034483,2.0,1,1.0,13,14,0.16,False,0.6,final_rejected
APP001041,CAN01390,JOB00329,2025-12-12,2025-12-18,6,3150.0,2850.0,0.09523809523809523,4.0,4,0.0,12,18,0.15000000000000002,True,,post_visit_withdrawal
APP001063,CAN01369,JOB00294,2025-12-16,2025-12-19,3,3150.0,2800.0,0.1111111111111111,4.0,4,0.0,10,13,,True,,post_visit_withdrawal_existing_search_end
APP001048,CAN01180,JOB00165,2025-12-18,2025-12-19,1,3300.0,3050.0,0.07575757575757576,4.0,4,0.0,16,17,0.13,False,0.6699999999999999,placed
APP001078,CAN01524,JOB00303,2025-12-19,2025-12-21,2,2300.0,2100.0,0.08695652173913043,3.0,3,0.0,9,11,0.08,False,0.7299999999999999,final_rejected
APP001055,CAN00103,JOB00092,2025-12-20,2025-12-21,1,1200.0,1200.0,0.0,1.0,1,0.0,15,16,0.11,False,0.85,placed
APP001077,CAN01595,JOB00133,2025-12-20,2025-12-22,2,1200.0,1200.0,0.0,1.0,1,0.0,10,12,0.08,False,0.85,placed
APP001053,CAN01121,JOB00100,2025-12-16,2025-12-23,7,2100.0,2750.0,0.0,4.0,4,0.0,12,19,0.13,False,0.79,final_rejected
APP001061,CAN00891,JOB00343,2025-12-17,2025-12-24,7,1300.0,1200.0,0.07692307692307693,1.0,1,0.0,12,19,0.15000000000000002,False,0.6699999999999999,placed
APP001066,CAN01163,JOB00175,2025-12-17,2025-12-24,7,3150.0,3200.0,0.0,4.0,4,0.0,10,17,0.13,False,0.0,slot_filled
APP001036,CAN00920,JOB00096,2025-12-18,2025-12-24,6,1800.0,2250.0,0.0,3.0,3,0.0,19,25,0.16,False,0.0,slot_filled
APP001073,CAN00759,JOB00185,2025-12-23,2025-12-24,1,1600.0,1450.0,0.09375,2.0,1,1.0,13,14,0.1,False,0.0,slot_filled
APP001084,CAN01104,JOB00021,2025-12-22,2025-12-25,3,1250.0,1300.0,0.0,1.0,1,0.0,11,14,0.08,False,0.85,placed
APP001060,CAN00600,JOB00002,2025-12-20,2025-12-27,7,1500.0,1500.0,0.0,2.0,2,0.0,15,22,0.16,False,0.79,final_rejected
APP001062,CAN00131,JOB00207,2025-12-20,2025-12-27,7,1200.0,1250.0,0.0,1.0,1,0.0,14,21,0.16,False,0.79,placed
APP001067,CAN01452,JOB00026,2025-12-21,2025-12-27,6,2300.0,2150.0,0.06521739130434782,4.0,3,1.0,14,20,0.18,False,0.6699999999999999,placed
APP001081,CAN01546,JOB00013,2025-12-26,2025-12-29,3,1200.0,1250.0,0.0,1.0,1,0.0,15,18,0.11,False,0.79,final_rejected
APP001086,CAN00867,JOB00201,2025-12-28,2025-12-29,1,1350.0,1300.0,0.037037037037037035,2.0,1,1.0,16,17,0.11,False,0.74,final_rejected
APP001101,CAN01298,JOB00247,2025-12-29,2025-12-30,1,2200.0,2150.0,0.022727272727272728,3.0,3,0.0,12,13,0.08,False,0.0,slot_filled
APP001064,CAN01632,JOB00026,2025-12-24,2025-12-31,7,2300.0,2150.0,0.06521739130434782,2.0,3,-1.0,18,25,0.18,True,,post_visit_withdrawal
APP001070,CAN01905,JOB00234,2025-12-24,2025-12-31,7,1950.0,3100.0,0.0,4.0,4,0.0,16,23,0.16,True,,post_visit_withdrawal
APP001092,CAN01835,JOB00170,2025-12-26,2025-12-31,5,2350.0,2100.0,0.10638297872340426,4.0,3,1.0,13,18,0.15,False,0.6199999999999999,placed
APP001076,CAN00203,JOB00063,2025-12-26,2026-01-01,6,1600.0,1600.0,0.0,3.0,2,1.0,16,22,0.16,False,0.79,placed
APP001106,CAN01381,JOB00247,2025-12-31,2026-01-02,2,2200.0,2150.0,0.022727272727272728,3.0,3,0.0,12,14,0.08,True,,post_visit_withdrawal
APP001131,CAN00275,JOB00015,2025-12-31,2026-01-02,2,3150.0,3000.0,0.047619047619047616,4.0,4,0.0,6,8,0.06,False,0.85,placed
APP001097,CAN01546,JOB00202,2025-12-28,2026-01-03,6,1200.0,1500.0,0.0,1.0,2,-1.0,12,18,0.13,False,0.0,slot_filled
APP001107,CAN00970,JOB00078,2025-12-31,2026-01-06,6,2350.0,2100.0,0.10638297872340426,4.0,3,1.0,11,17,0.18,False,0.6199999999999999,placed
APP001124,CAN01163,JOB00232,2026-01-02,2026-01-06,4,3150.0,2950.0,0.06349206349206349,4.0,3,1.0,9,13,0.1,False,0.7299999999999999,placed
APP001111,CAN01949,JOB00187,2026-01-03,2026-01-06,3,2250.0,2200.0,0.022222222222222223,4.0,4,0.0,12,15,0.08,True,,post_visit_withdrawal
APP001157,CAN00151,JOB00265,2026-01-05,2026-01-06,1,1350.0,1350.0,0.0,2.0,2,0.0,5,6,0.06,False,0.9,placed
APP001110,CAN01406,JOB00103,2026-01-04,2026-01-07,3,2100.0,2100.0,0.0,2.0,3,-1.0,14,17,0.11,False,0.6799999999999999,final_rejected
APP001113,CAN01505,JOB00089,2026-01-06,2026-01-07,1,3450.0,3150.0,0.08695652173913043,5.0,4,1.0,15,16,0.13,True,,post_visit_withdrawal
APP001115,CAN00453,JOB00291,2026-01-01,2026-01-08,7,1300.0,1350.0,0.0,1.0,1,0.0,9,16,0.11,True,,post_visit_withdrawal
APP001133,CAN01530,JOB00085,2026-01-06,2026-01-10,4,1600.0,1500.0,0.0625,2.0,2,0.0,12,16,0.12000000000000001,False,0.0,slot_filled
APP001142,CAN00897,JOB00155,2026-01-09,2026-01-10,1,3400.0,3000.0,0.11764705882352941,5.0,4,1.0,12,13,0.13,False,0.6799999999999999,placed
APP001129,CAN01426,JOB00143,2026-01-06,2026-01-11,5,2000.0,1950.0,0.025,3.0,3,0.0,13,18,0.1,False,0.74,placed
APP001164,CAN01871,JOB00247,2026-01-10,2026-01-11,1,2350.0,2150.0,0.0851063829787234,3.0,3,0.0,9,10,0.08,True,,post_visit_withdrawal
APP001122,CAN00931,JOB00138,2026-01-06,2026-01-12,6,3050.0,2750.0,0.09836065573770492,4.0,4,0.0,13,19,0.15000000000000002,False,0.6699999999999999,placed
APP001136,CAN01228,JOB00003,2026-01-08,2026-01-13,5,1250.0,1250.0,0.0,2.0,1,1.0,13,18,0.1,False,0.79,placed
APP001147,CAN00165,JOB00165,2026-01-08,2026-01-13,5,3350.0,3050.0,0.08955223880597014,5.0,4,1.0,10,15,0.12000000000000001,False,0.7299999999999999,placed
APP001148,CAN00839,JOB00085,2026-01-12,2026-01-13,1,1350.0,1500.0,0.0,1.0,2,-1.0,14,15,0.11,False,0.0,slot_filled
APP001141,CAN01459,JOB00184,2026-01-08,2026-01-14,6,1350.0,1450.0,0.0,1.0,1,0.0,12,18,0.13,False,0.79,final_rejected
APP001144,CAN01546,JOB00048,2026-01-08,2026-01-14,6,1200.0,1400.0,0.0,1.0,1,0.0,11,17,0.13,False,0.0,slot_filled
APP001169,CAN01560,JOB00194,2026-01-11,2026-01-14,3,1200.0,1250.0,0.0,1.0,1,0.0,9,12,0.06,False,0.85,placed
APP001152,CAN01381,JOB00127,2026-01-11,2026-01-17,6,2200.0,2200.0,0.0,3.0,3,0.0,12,18,0.13,False,0.0,slot_filled
APP001163,CAN01871,JOB00040,2026-01-15,2026-01-17,2,2350.0,2200.0,0.06382978723404255,3.0,4,-1.0,14,16,0.13,False,0.6199999999999999,placed
APP001153,CAN01304,JOB00184,2026-01-11,2026-01-18,7,1450.0,1450.0,0.0,1.0,1,0.0,12,19,0.13,False,0.79,placed
APP001145,CAN01087,JOB00083,2026-01-13,2026-01-18,5,1800.0,1500.0,0.16666666666666666,3.0,2,1.0,16,21,0.21,True,,post_visit_withdrawal
APP001162,CAN01540,JOB00027,2026-01-15,2026-01-20,5,1350.0,1300.0,0.037037037037037035,2.0,1,1.0,14,19,0.13,False,0.0,slot_filled
APP001191,CAN01068,JOB00207,2026-01-17,2026-01-22,5,1300.0,1250.0,0.038461538461538464,1.0,1,0.0,10,15,0.1,False,0.7999999999999999,placed
APP001201,CAN00007,JOB00101,2026-01-20,2026-01-22,2,2450.0,2300.0,0.061224489795918366,4.0,4,0.0,10,12,0.1,False,0.7299999999999999,placed
APP001192,CAN00414,JOB00265,2026-01-21,2026-01-22,1,1400.0,1350.0,0.03571428571428571,2.0,2,0.0,14,15,0.11,False,0.7999999999999999,placed
APP001190,CAN01195,JOB00003,2026-01-18,2026-01-25,7,1250.0,1250.0,0.0,1.0,1,0.0,12,19,0.13,True,,post_visit_withdrawal
APP001186,CAN01949,JOB00126,2026-01-21,2026-01-25,4,2250.0,2050.0,0.08888888888888889,4.0,3,1.0,16,20,0.15,False,0.6699999999999999,placed
APP001185,CAN00478,JOB00159,2026-01-19,2026-01-26,7,1250.0,1250.0,0.0,1.0,1,0.0,14,21,0.16,False,0.79,final_rejected
APP001207,CAN01281,JOB00048,2026-01-23,2026-01-26,3,1350.0,1400.0,0.0,1.0,1,0.0,12,15,0.08,False,0.0,slot_filled
APP001195,CAN01525,JOB00255,2026-01-20,2026-01-27,7,1200.0,1400.0,0.0,1.0,1,0.0,13,20,0.13,False,0.79,final_rejected
APP001224,CAN01326,JOB00027,2026-01-28,2026-01-29,1,1200.0,1300.0,0.0,1.0,1,0.0,13,14,0.08,False,0.0,slot_filled
APP001249,CAN01338,JOB00238,2026-01-28,2026-01-30,2,2200.0,3150.0,0.0,3.0,3,0.0,7,9,0.06,False,0.9,placed
APP001206,CAN01918,JOB00207,2026-01-25,2026-01-31,6,1200.0,1250.0,0.0,1.0,1,0.0,14,20,0.16,False,0.79,placed
APP001233,CAN01749,JOB00277,2026-01-30,2026-02-01,2,2250.0,2150.0,0.044444444444444446,2.0,3,-1.0,13,15,0.08,False,0.69,placed
APP001237,CAN01480,JOB00238,2026-01-30,2026-02-02,3,3450.0,3150.0,0.08695652173913043,3.0,3,0.0,12,15,0.1,False,0.0,slot_filled
APP001234,CAN01290,JOB00324,2026-01-29,2026-02-04,6,1500.0,1500.0,0.0,2.0,2,0.0,12,18,0.13,False,0.79,placed
APP001222,CAN00015,JOB00256,2026-01-31,2026-02-04,4,1650.0,1450.0,0.12121212121212122,2.0,2,0.0,16,20,0.18,False,0.6199999999999999,placed
APP001273,CAN01281,JOB00046,2026-02-03,2026-02-04,1,1350.0,1300.0,0.037037037037037035,1.0,1,0.0,8,9,0.06,False,0.85,placed
APP001243,CAN00053,JOB00048,2026-01-30,2026-02-05,6,1300.0,1400.0,0.0,1.0,1,0.0,10,16,0.13,False,0.0,slot_filled
APP001223,CAN00647,JOB00184,2026-01-31,2026-02-05,5,1400.0,1450.0,0.0,1.0,1,0.0,16,21,0.13,False,0.79,placed
APP001244,CAN00808,JOB00159,2026-02-02,2026-02-09,7,1500.0,1250.0,0.16666666666666666,1.0,1,0.0,13,20,0.21000000000000002,False,0.54,placed
APP001271,CAN00780,JOB00592,2026-02-05,2026-02-09,4,1750.0,1600.0,0.08571428571428572,3.0,3,0.0,11,15,0.12000000000000001,False,0.7299999999999999,placed
APP001262,CAN00183,JOB00135,2026-02-04,2026-02-10,6,2650.0,2050.0,0.22641509433962265,4.0,3,1.0,11,17,0.21000000000000002,False,0.54,placed
APP001286,CAN01191,JOB00181,2026-02-10,2026-02-11,1,2450.0,2150.0,0.12244897959183673,3.0,3,0.0,13,14,0.13,True,,post_visit_withdrawal
APP001248,CAN01204,JOB00045,2026-02-06,2026-02-12,6,1850.0,1400.0,0.24324324324324326,2.0,2,0.0,16,22,0.24,False,0.54,placed
APP001300,CAN00975,JOB00126,2026-02-07,2026-02-12,5,2150.0,2050.0,0.046511627906976744,2.0,3,-1.0,8,13,0.08,True,,post_visit_withdrawal
APP001265,CAN01516,JOB00004,2026-02-07,2026-02-13,6,2000.0,2200.0,0.0,3.0,3,0.0,14,20,0.16,False,0.79,placed
APP001241,CAN00435,JOB00608,2026-02-08,2026-02-13,5,2250.0,2150.0,0.044444444444444446,3.0,3,0.0,20,25,0.16,False,0.6799999999999999,placed
APP001283,CAN00152,JOB00328,2026-02-11,2026-02-13,2,1350.0,1350.0,0.0,1.0,1,0.0,14,16,0.11,False,0.85,placed
APP001285,CAN01191,JOB00497,2026-02-12,2026-02-13,1,2450.0,2350.0,0.04081632653061224,3.0,3,0.0,15,16,0.11,False,0.7999999999999999,placed
APP001306,CAN00148,JOB00219,2026-02-12,2026-02-15,3,2300.0,2200.0,0.043478260869565216,3.0,4,-1.0,11,14,0.08,False,0.0,slot_filled
APP001268,CAN00027,JOB00212,2026-02-13,2026-02-15,2,1450.0,1450.0,0.0,2.0,2,0.0,19,21,0.11,True,,post_visit_withdrawal
APP001303,CAN01444,JOB00297,2026-02-14,2026-02-15,1,1750.0,1500.0,0.14285714285714285,2.0,2,0.0,15,16,0.16,True,,post_visit_withdrawal
APP001272,CAN00737,JOB00330,2026-02-09,2026-02-16,7,2250.0,1850.0,0.17777777777777778,3.0,3,0.0,14,21,0.24,False,0.54,final_rejected
APP001296,CAN01865,JOB00291,2026-02-12,2026-02-16,4,1400.0,1350.0,0.03571428571428571,1.0,1,0.0,14,18,0.13,False,0.0,slot_filled
APP001266,CAN00569,JOB00763,2026-02-12,2026-02-17,5,3700.0,2950.0,0.20270270270270271,5.0,4,1.0,18,23,0.21,False,0.48,final_rejected
APP001289,CAN01705,JOB00552,2026-02-11,2026-02-18,7,2100.0,2050.0,0.023809523809523808,3.0,3,0.0,14,21,0.16,False,0.74,placed
APP001335,CAN01855,JOB00523,2026-02-19,2026-02-20,1,3000.0,2250.0,0.25,2.0,3,-1.0,12,13,0.16,False,0.49,final_rejected
APP001336,CAN01399,JOB00497,2026-02-19,2026-02-21,2,2400.0,2350.0,0.020833333333333332,3.0,3,0.0,12,14,0.08,False,0.7999999999999999,placed
APP001324,CAN01592,JOB00003,2026-02-18,2026-02-22,4,1300.0,1250.0,0.038461538461538464,1.0,1,0.0,13,17,0.1,False,0.74,placed
APP001331,CAN01403,JOB00143,2026-02-19,2026-02-22,3,2050.0,1950.0,0.04878048780487805,3.0,3,0.0,13,16,0.08,False,0.0,slot_filled
APP001321,CAN01336,JOB00070,2026-02-20,2026-02-22,2,1800.0,1450.0,0.19444444444444445,2.0,2,0.0,15,17,0.19,False,0.54,final_rejected
APP001334,CAN01403,JOB00036,2026-02-21,2026-02-23,2,2050.0,1950.0,0.04878048780487805,3.0,3,0.0,14,16,0.11,False,0.7999999999999999,placed
APP001329,CAN01181,JOB00385,2026-02-21,2026-02-24,3,1600.0,1350.0,0.15625,2.0,1,1.0,15,18,0.19,False,0.54,final_rejected
APP001345,CAN01740,JOB00096,2026-02-22,2026-02-25,3,2300.0,2250.0,0.021739130434782608,3.0,3,0.0,14,17,0.11,False,0.0,slot_filled
APP001340,CAN00514,JOB00030,2026-02-19,2026-02-26,7,2350.0,2150.0,0.0851063829787234,3.0,3,0.0,11,18,0.15000000000000002,False,0.6699999999999999,placed
APP001326,CAN01777,JOB00691,2026-02-21,2026-02-26,5,3450.0,3150.0,0.08695652173913043,4.0,4,0.0,16,21,0.15,False,0.6699999999999999,final_rejected
APP001315,CAN00206,JOB00523,2026-02-20,2026-02-27,7,2250.0,2250.0,0.0,3.0,3,0.0,17,24,0.16,False,0.73,placed
APP001322,CAN01552,JOB00552,2026-02-22,2026-02-27,5,1900.0,2050.0,0.0,3.0,3,0.0,17,22,0.13,False,0.79,placed
APP001318,CAN00115,JOB00324,2026-02-23,2026-02-27,4,1400.0,1500.0,0.0,2.0,2,0.0,19,23,0.13,False,0.0,slot_filled
APP001367,CAN00470,JOB00026,2026-02-26,2026-02-27,1,2150.0,2150.0,0.0,4.0,3,1.0,12,13,0.08,False,0.0,slot_filled
APP001320,CAN01482,JOB00184,2026-02-21,2026-02-28,7,1400.0,1450.0,0.0,1.0,1,0.0,17,24,0.16,False,0.73,placed
APP001317,CAN00053,JOB00274,2026-02-23,2026-02-28,5,1300.0,1200.0,0.07692307692307693,1.0,1,0.0,19,24,0.15,False,0.6099999999999999,final_rejected
APP001369,CAN01682,JOB00411,2026-02-26,2026-02-28,2,1400.0,1400.0,0.0,1.0,2,-1.0,12,14,0.08,False,0.74,placed
APP001357,CAN00936,JOB00096,2026-02-27,2026-03-03,4,2300.0,2250.0,0.021739130434782608,2.0,3,-1.0,16,20,0.13,False,0.0,slot_filled
APP001377,CAN01777,JOB00017,2026-02-28,2026-03-04,4,3450.0,2900.0,0.15942028985507245,4.0,4,0.0,12,16,0.18,False,0.0,slot_filled
APP001373,CAN00656,JOB00640,2026-03-02,2026-03-05,3,1250.0,1450.0,0.0,3.0,2,1.0,15,18,0.11,False,0.79,final_rejected
APP001383,CAN00263,JOB00288,2026-03-04,2026-03-05,1,1650.0,1700.0,0.0,2.0,2,0.0,14,15,0.11,False,0.85,placed
APP001363,CAN00590,JOB00003,2026-03-03,2026-03-06,3,3100.0,1250.0,0.5967741935483871,1.0,1,0.0,18,21,0.19,False,0.54,final_rejected
APP001406,CAN00064,JOB00634,2026-03-04,2026-03-06,2,2600.0,2200.0,0.15384615384615385,3.0,3,0.0,9,11,0.14,True,,post_visit_withdrawal
APP001371,CAN00650,JOB00047,2026-03-01,2026-03-07,6,1500.0,1500.0,0.0,2.0,2,0.0,14,20,0.16,False,0.79,placed
APP001368,CAN00471,JOB00205,2026-03-02,2026-03-09,7,2400.0,1900.0,0.20833333333333334,3.0,2,1.0,16,23,0.24,False,0.48,final_rejected
APP001376,CAN01437,JOB00003,2026-03-04,2026-03-10,6,1250.0,1250.0,0.0,1.0,1,0.0,16,22,0.16,True,,post_visit_withdrawal
APP001384,CAN01231,JOB00073,2026-03-05,2026-03-10,5,2650.0,2150.0,0.18867924528301888,4.0,3,1.0,15,20,0.21,True,,post_visit_withdrawal
APP001402,CAN00118,JOB00366,2026-03-06,2026-03-10,4,2650.0,2300.0,0.1320754716981132,3.0,3,0.0,12,16,0.15,False,0.6799999999999999,placed
APP001414,CAN00204,JOB00265,2026-03-10,2026-03-14,4,1550.0,1350.0,0.12903225806451613,2.0,2,0.0,14,18,0.18,False,0.0,slot_filled
APP001413,CAN00204,JOB00160,2026-03-11,2026-03-14,3,1550.0,1300.0,0.16129032258064516,2.0,2,0.0,15,18,0.19,False,0.54,placed
APP001419,CAN00502,JOB00651,2026-03-15,2026-03-17,2,3150.0,2750.0,0.12698412698412698,4.0,4,0.0,17,19,0.16,False,0.6199999999999999,final_rejected
APP001429,CAN01717,JOB00523,2026-03-16,2026-03-17,1,2400.0,2250.0,0.0625,3.0,3,0.0,17,18,0.13,False,0.0,slot_filled
APP001423,CAN01481,JOB00573,2026-03-11,2026-03-18,7,1200.0,1250.0,0.0,2.0,2,0.0,13,20,0.13,False,0.79,placed
APP001435,CAN01638,JOB00016,2026-03-11,2026-03-18,7,1950.0,2300.0,0.0,4.0,3,1.0,11,18,0.13,False,0.79,placed
APP001433,CAN01507,JOB00611,2026-03-13,2026-03-19,6,1250.0,1500.0,0.0,1.0,2,-1.0,14,20,0.16,True,,post_visit_withdrawal
APP001434,CAN00364,JOB00752,2026-03-14,2026-03-19,5,1350.0,1350.0,0.0,1.0,1,0.0,14,19,0.13,False,0.79,placed
APP001420,CAN00038,JOB00296,2026-03-13,2026-03-20,7,1400.0,1400.0,0.0,1.0,1,0.0,15,22,0.16,False,0.0,slot_filled
APP001426,CAN01110,JOB00727,2026-03-16,2026-03-20,4,3350.0,3200.0,0.04477611940298507,4.0,4,0.0,17,21,0.13,False,0.74,placed
APP001445,CAN01365,JOB00026,2026-03-20,2026-03-21,1,2050.0,2150.0,0.0,4.0,3,1.0,17,18,0.11,False,0.0,slot_filled
APP001468,CAN00460,JOB00552,2026-03-20,2026-03-21,1,2250.0,2050.0,0.08888888888888889,2.0,3,-1.0,13,14,0.1,False,0.0,slot_filled
APP001442,CAN01784,JOB00799,2026-03-19,2026-03-22,3,1200.0,1300.0,0.0,1.0,1,0.0,17,20,0.11,True,,post_visit_withdrawal
APP001447,CAN00590,JOB00221,2026-03-19,2026-03-24,5,3100.0,1200.0,0.6129032258064516,1.0,1,0.0,16,21,0.21,False,0.54,placed
APP001474,CAN01342,JOB00409,2026-03-21,2026-03-24,3,2250.0,2900.0,0.0,4.0,4,0.0,12,15,0.08,False,0.85,placed
APP001452,CAN01777,JOB00130,2026-03-22,2026-03-24,2,3450.0,2900.0,0.15942028985507245,4.0,4,0.0,18,20,0.19,False,0.54,placed
APP001476,CAN00490,JOB00696,2026-03-21,2026-03-25,4,3200.0,3100.0,0.03125,4.0,4,0.0,12,16,0.1,False,0.7999999999999999,placed
APP001484,CAN01661,JOB00414,2026-03-21,2026-03-26,5,2500.0,2250.0,0.1,4.0,3,1.0,11,16,0.15,False,0.7299999999999999,final_rejected
APP001467,CAN00108,JOB00534,2026-03-22,2026-03-29,7,2500.0,2200.0,0.12,3.0,3,0.0,15,22,0.21000000000000002,True,,post_visit_withdrawal
APP001473,CAN01827,JOB00288,2026-03-25,2026-03-29,4,1700.0,1700.0,0.0,3.0,2,1.0,17,21,0.13,False,0.0,slot_filled
APP001521,CAN01581,JOB00527,2026-03-26,2026-03-29,3,2500.0,2250.0,0.1,3.0,3,0.0,10,13,0.13,False,0.7299999999999999,placed
APP001495,CAN00597,JOB00033,2026-03-27,2026-03-29,2,2550.0,2350.0,0.0784313725490196,3.0,3,0.0,15,17,0.13,False,0.6699999999999999,final_rejected
APP001520,CAN01549,JOB00085,2026-03-27,2026-03-29,2,1500.0,1500.0,0.0,2.0,2,0.0,11,13,0.08,False,0.0,slot_filled
APP001472,CAN00112,JOB00206,2026-03-24,2026-03-30,6,1350.0,1350.0,0.0,1.0,1,0.0,16,22,0.16,False,0.79,placed
APP001489,CAN01093,JOB00238,2026-03-25,2026-03-30,5,3500.0,3150.0,0.1,4.0,3,1.0,14,19,0.18,False,0.0,slot_filled
APP001491,CAN00067,JOB00368,2026-03-29,2026-03-30,1,1400.0,1350.0,0.03571428571428571,2.0,2,0.0,18,19,0.11,False,0.74,placed
APP001494,CAN00072,JOB00766,2026-03-29,2026-03-31,2,2250.0,2100.0,0.06666666666666667,3.0,3,0.0,17,19,0.13,False,0.6699999999999999,placed
APP001519,CAN01784,JOB00265,2026-03-28,2026-04-01,4,1200.0,1350.0,0.0,,2,,12,16,0.1,False,0.0,slot_filled
APP001518,CAN01265,JOB00368,2026-03-31,2026-04-01,1,1250.0,1350.0,0.0,2.0,2,0.0,15,16,0.11,False,0.85,placed
APP001488,CAN00597,JOB00096,2026-03-28,2026-04-02,5,2550.0,2250.0,0.11764705882352941,3.0,3,0.0,17,22,0.18,False,0.0,slot_filled
APP001515,CAN01248,JOB00083,2026-03-28,2026-04-04,7,1800.0,1500.0,0.16666666666666666,2.0,2,0.0,13,20,0.21000000000000002,True,,post_visit_withdrawal
APP001524,CAN01108,JOB00396,2026-03-30,2026-04-04,5,1850.0,2200.0,0.0,3.0,3,0.0,14,19,0.13,False,0.79,placed
APP001549,CAN01697,JOB00696,2026-04-03,2026-04-04,1,3200.0,3100.0,0.03125,3.0,4,-1.0,14,15,0.11,False,0.0,slot_filled
APP001530,CAN00625,JOB00771,2026-04-02,2026-04-05,3,3550.0,3300.0,0.07042253521126761,4.0,4,0.0,16,19,0.13,False,0.6699999999999999,final_rejected
APP001544,CAN01825,JOB00597,2026-04-02,2026-04-05,3,1200.0,1350.0,0.0,1.0,1,0.0,14,17,0.11,False,0.79,placed
APP001577,CAN01246,JOB00344,2026-04-03,2026-04-05,2,2400.0,1950.0,0.1875,4.0,3,1.0,11,13,0.16,True,,post_visit_withdrawal
APP001560,CAN00901,JOB00611,2026-04-04,2026-04-05,1,1450.0,1500.0,0.0,1.0,2,-1.0,14,15,0.11,False,0.74,placed
APP001534,CAN00458,JOB00445,2026-04-02,2026-04-06,4,1500.0,1300.0,0.13333333333333333,1.0,1,0.0,16,20,0.18,False,0.6199999999999999,placed
APP001576,CAN01122,JOB00288,2026-04-03,2026-04-06,3,1600.0,1700.0,0.0,2.0,2,0.0,11,14,0.08,False,0.0,slot_filled
APP001545,CAN01903,JOB00771,2026-04-04,2026-04-07,3,3550.0,3300.0,0.07042253521126761,4.0,4,0.0,16,19,0.13,False,0.6699999999999999,final_rejected
APP001536,CAN00872,JOB00392,2026-04-03,2026-04-08,5,1300.0,1500.0,0.0,2.0,3,-1.0,17,22,0.13,False,0.6799999999999999,final_rejected
APP001567,CAN01614,JOB00017,2026-04-04,2026-04-08,4,2450.0,2900.0,0.0,4.0,4,0.0,13,17,0.1,False,0.0,slot_filled
APP001539,CAN00889,JOB00096,2026-04-02,2026-04-09,7,3300.0,2250.0,0.3181818181818182,4.0,3,1.0,15,22,0.24,False,0.0,slot_filled
APP001578,CAN01386,JOB00640,2026-04-05,2026-04-09,4,2000.0,1450.0,0.275,3.0,2,1.0,13,17,0.18,False,0.54,placed
APP001585,CAN01624,JOB00132,2026-04-04,2026-04-11,7,2400.0,2050.0,0.14583333333333334,3.0,3,0.0,10,17,0.18,True,,post_visit_withdrawal
APP001586,CAN00425,JOB00600,2026-04-09,2026-04-11,2,1200.0,1300.0,0.0,1.0,2,-1.0,15,17,0.11,False,0.6799999999999999,final_rejected
APP001587,CAN01457,JOB00499,2026-04-09,2026-04-11,2,1300.0,1250.0,0.038461538461538464,1.0,1,0.0,15,17,0.11,False,0.74,placed
APP001601,CAN01468,JOB00630,2026-04-11,2026-04-12,1,3000.0,2950.0,0.016666666666666666,4.0,5,-1.0,15,16,0.11,False,0.69,placed
APP001588,CAN01070,JOB00464,2026-04-08,2026-04-13,5,2350.0,3350.0,0.0,4.0,4,0.0,13,18,0.1,False,0.79,placed
APP001574,CAN00375,JOB00799,2026-04-10,2026-04-13,3,1300.0,1300.0,0.0,1.0,1,0.0,18,21,0.11,False,0.79,placed
APP001615,CAN01939,JOB00385,2026-04-12,2026-04-15,3,1450.0,1350.0,0.06896551724137931,1.0,1,0.0,13,16,0.1,False,0.7299999999999999,final_rejected
APP001605,CAN00345,JOB00063,2026-04-14,2026-04-15,1,1900.0,1600.0,0.15789473684210525,3.0,2,1.0,16,17,0.19,False,0.54,final_rejected
APP001613,CAN00219,JOB00450,2026-04-10,2026-04-16,6,2400.0,2250.0,0.0625,4.0,3,1.0,11,17,0.15000000000000002,False,0.6699999999999999,placed
APP001612,CAN01324,JOB00755,2026-04-12,2026-04-16,4,2750.0,2250.0,0.18181818181818182,4.0,3,1.0,13,17,0.18,False,0.54,placed
APP001621,CAN00409,JOB00371,2026-04-16,2026-04-19,3,1500.0,1550.0,0.0,1.0,2,-1.0,16,19,0.11,False,0.6799999999999999,placed
APP001598,CAN01837,JOB00771,2026-04-17,2026-04-19,2,2150.0,3300.0,0.0,5.0,4,1.0,21,23,0.14,False,0.73,placed
APP001597,CAN01154,JOB00175,2026-04-15,2026-04-20,5,3550.0,3200.0,0.09859154929577464,4.0,4,0.0,19,24,0.15,False,0.0,slot_filled
APP001618,CAN01603,JOB00727,2026-04-16,2026-04-20,4,1450.0,3200.0,0.0,4.0,4,0.0,17,21,0.13,False,0.0,slot_filled
APP001639,CAN01637,JOB00132,2026-04-18,2026-04-20,2,2500.0,2050.0,0.18,4.0,3,1.0,15,17,0.19,False,0.54,placed
APP001667,CAN01107,JOB00725,2026-04-19,2026-04-21,2,1300.0,1450.0,0.0,2.0,1,1.0,11,13,0.08,False,0.85,placed
APP001624,CAN01083,JOB00155,2026-04-15,2026-04-22,7,2250.0,3000.0,0.0,4.0,4,0.0,14,21,0.16,False,0.0,slot_filled
APP001664,CAN00761,JOB00725,2026-04-18,2026-04-22,4,1200.0,1450.0,0.0,1.0,1,0.0,10,14,0.1,False,0.0,slot_filled
APP001663,CAN01928,JOB00400,2026-04-21,2026-04-22,1,1250.0,1600.0,0.0,1.0,3,-2.0,14,15,0.11,False,0.67,final_rejected
APP001610,CAN01526,JOB00534,2026-04-17,2026-04-23,6,2150.0,2200.0,0.0,2.0,3,-1.0,19,25,0.16,True,,post_visit_withdrawal
APP001659,CAN01690,JOB00734,2026-04-19,2026-04-23,4,2300.0,2250.0,0.021739130434782608,4.0,4,0.0,13,17,0.1,True,,post_visit_withdrawal
APP001638,CAN01523,JOB00347,2026-04-22,2026-04-23,1,1450.0,1550.0,0.0,1.0,2,-1.0,19,20,0.11,False,0.6799999999999999,final_rejected
APP001644,CAN00248,JOB00600,2026-04-20,2026-04-24,4,1350.0,1300.0,0.037037037037037035,,2,,16,20,0.13,False,0.56,placed
APP001676,CAN00837,JOB00439,2026-04-21,2026-04-24,3,1500.0,1500.0,0.0,2.0,2,0.0,12,15,0.08,False,0.85,placed
APP001617,CAN00286,JOB00387,2026-04-18,2026-04-25,7,3550.0,3000.0,0.15492957746478872,5.0,4,1.0,19,26,0.24,True,,post_visit_withdrawal
APP001660,CAN00393,JOB00577,2026-04-22,2026-04-25,3,2450.0,2250.0,0.08163265306122448,4.0,3,1.0,15,18,0.13,False,0.6699999999999999,final_rejected
APP001630,CAN01083,JOB00165,2026-04-22,2026-04-26,4,2250.0,3050.0,0.0,4.0,4,0.0,20,24,0.16,False,0.0,slot_filled
APP001678,CAN00648,JOB00693,2026-04-23,2026-04-26,3,1700.0,1550.0,0.08823529411764706,2.0,2,0.0,13,16,0.1,True,,post_visit_withdrawal
APP001680,CAN00890,JOB00159,2026-04-24,2026-04-26,2,1300.0,1250.0,0.038461538461538464,1.0,1,0.0,14,16,0.11,False,0.7999999999999999,placed
APP001645,CAN00643,JOB00610,2026-04-20,2026-04-27,7,1450.0,1450.0,0.0,1.0,2,-1.0,16,23,0.16,True,,post_visit_withdrawal
APP001652,CAN00481,JOB00607,2026-04-20,2026-04-27,7,1200.0,1300.0,0.0,1.0,1,0.0,15,22,0.16,True,,post_visit_withdrawal
APP001695,CAN01945,JOB00462,2026-04-24,2026-04-27,3,1650.0,1550.0,0.06060606060606061,2.0,2,0.0,13,16,0.1,False,0.7299999999999999,placed
APP001715,CAN00365,JOB00709,2026-04-21,2026-04-28,7,1200.0,1200.0,0.0,1.0,1,0.0,7,14,0.11,False,0.85,placed
APP001692,CAN01727,JOB00563,2026-04-22,2026-04-28,6,1300.0,1650.0,0.0,1.0,3,-2.0,11,17,0.13,False,0.6100000000000001,placed
APP001691,CAN01654,JOB00570,2026-04-25,2026-04-29,4,1400.0,1350.0,0.03571428571428571,2.0,2,0.0,14,18,0.13,False,0.74,placed
APP001700,CAN01849,JOB00499,2026-04-28,2026-04-29,1,1400.0,1250.0,0.10714285714285714,1.0,1,0.0,16,17,0.16,False,0.6199999999999999,placed
APP001675,CAN00020,JOB00652,2026-04-25,2026-04-30,5,2400.0,2150.0,0.10416666666666667,3.0,3,0.0,16,21,0.18,True,,post_visit_withdrawal
APP001697,CAN00654,JOB00396,2026-04-28,2026-04-30,2,2300.0,2200.0,0.043478260869565216,3.0,3,0.0,16,18,0.11,False,0.0,slot_filled
APP001689,CAN01606,JOB00710,2026-04-29,2026-04-30,1,3250.0,3150.0,0.03076923076923077,4.0,5,-1.0,18,19,0.11,False,0.6299999999999999,final_rejected
APP001671,CAN01143,JOB00594,2026-04-29,2026-05-01,2,2350.0,2150.0,0.0851063829787234,3.0,3,0.0,20,22,0.16,False,0.6699999999999999,final_rejected
APP001670,CAN00761,JOB00003,2026-04-25,2026-05-02,7,1200.0,1250.0,0.0,1.0,1,0.0,16,23,0.16,True,,post_visit_withdrawal
APP001742,CAN00193,JOB00450,2026-04-27,2026-05-02,5,2500.0,2250.0,0.1,3.0,3,0.0,9,14,0.13,False,0.7299999999999999,placed
APP001719,CAN00327,JOB00217,2026-05-01,2026-05-02,1,3300.0,2700.0,0.18181818181818182,4.0,4,0.0,16,17,0.19,True,,post_visit_withdrawal
APP001688,CAN00749,JOB00743,2026-04-27,2026-05-04,7,1400.0,1550.0,0.0,1.0,2,-1.0,16,23,,True,,post_visit_withdrawal_existing_search_end
APP001717,CAN01140,JOB00718,2026-04-30,2026-05-05,5,1850.0,2250.0,0.0,2.0,3,-1.0,16,21,0.13,False,0.6799999999999999,placed
APP001718,CAN01942,JOB00462,2026-04-30,2026-05-05,5,1600.0,1550.0,0.03125,2.0,2,0.0,16,21,0.13,False,0.0,slot_filled
APP001747,CAN01818,JOB00635,2026-05-04,2026-05-05,1,1750.0,1700.0,0.02857142857142857,2.0,3,-1.0,15,16,0.11,False,0.69,placed
APP001711,CAN00141,JOB00652,2026-05-03,2026-05-06,3,2100.0,2150.0,0.0,2.0,3,-1.0,19,22,0.11,False,0.6799999999999999,placed
APP001739,CAN00347,JOB00385,2026-05-01,2026-05-08,7,1400.0,1350.0,0.03571428571428571,1.0,1,0.0,13,20,0.13,False,0.74,placed
APP001760,CAN00963,JOB00364,2026-05-04,2026-05-08,4,1400.0,1400.0,0.0,2.0,2,0.0,12,16,0.1,False,0.85,final_rejected
APP001762,CAN01816,JOB00238,2026-05-05,2026-05-08,3,1900.0,3150.0,0.0,5.0,3,2.0,12,15,0.08,False,0.0,slot_filled
APP001761,CAN01790,JOB00657,2026-05-06,2026-05-08,2,2150.0,2250.0,0.0,2.0,3,-1.0,13,15,0.08,False,0.74,placed
APP001748,CAN00158,JOB00360,2026-05-04,2026-05-09,5,2650.0,2150.0,0.18867924528301888,3.0,2,1.0,14,19,0.21,False,0.54,final_rejected
APP001757,CAN00643,JOB00371,2026-05-05,2026-05-09,4,1450.0,1550.0,0.0,1.0,2,-1.0,13,17,0.1,False,0.6799999999999999,final_rejected
APP001729,CAN01295,JOB00603,2026-05-06,2026-05-09,3,1350.0,1350.0,0.0,1.0,1,0.0,20,23,0.14,False,0.73,placed
APP001773,CAN01393,JOB00799,2026-05-08,2026-05-09,1,1700.0,1300.0,0.23529411764705882,1.0,1,0.0,13,14,0.16,False,0.6,final_rejected
APP001758,CAN01815,JOB00085,2026-05-07,2026-05-10,3,1450.0,1500.0,0.0,,2,,15,18,0.11,False,0.0,slot_filled
APP001749,CAN01240,JOB00462,2026-05-09,2026-05-10,1,1550.0,1550.0,0.0,1.0,2,-1.0,19,20,0.11,False,0.0,slot_filled
APP001766,CAN01609,JOB00709,2026-05-08,2026-05-11,3,1450.0,1200.0,0.1724137931034483,1.0,1,0.0,15,18,0.19,True,,post_visit_withdrawal
APP001754,CAN00288,JOB00625,2026-05-10,2026-05-12,2,2150.0,2750.0,0.0,4.0,3,1.0,19,21,0.11,False,0.79,placed
APP001781,CAN01580,JOB00656,2026-05-10,2026-05-13,3,1300.0,1200.0,0.07692307692307693,1.0,1,0.0,14,17,0.13,False,0.6699999999999999,placed
APP001767,CAN01645,JOB00633,2026-05-09,2026-05-15,6,1350.0,1300.0,0.037037037037037035,2.0,2,0.0,16,22,0.16,False,0.74,final_rejected
APP001792,CAN00581,JOB00656,2026-05-12,2026-05-15,3,1300.0,1200.0,0.07692307692307693,1.0,1,0.0,15,18,0.13,False,0.6699999999999999,final_rejected
APP001774,CAN01458,JOB00297,2026-05-14,2026-05-17,3,1850.0,1500.0,0.1891891891891892,2.0,2,0.0,19,22,0.19,False,0.54,placed
APP001820,CAN00651,JOB00657,2026-05-14,2026-05-18,4,2150.0,2250.0,0.0,3.0,3,0.0,11,15,0.1,False,0.0,slot_filled
APP001821,CAN00233,JOB00783,2026-05-17,2026-05-18,1,2850.0,3200.0,0.0,4.0,4,0.0,13,14,0.08,False,0.85,placed
APP001788,CAN00652,JOB00713,2026-05-12,2026-05-19,7,2200.0,2350.0,0.0,2.0,3,-1.0,15,22,0.16,False,0.6799999999999999,placed
APP001782,CAN00714,JOB00744,2026-05-14,2026-05-19,5,1400.0,1400.0,0.0,,2,,17,22,0.13,False,0.6100000000000001,placed
APP001797,CAN00694,JOB00401,2026-05-16,2026-05-21,5,1400.0,1450.0,0.0,1.0,1,0.0,18,23,0.13,False,0.73,final_rejected
APP001843,CAN00731,JOB00436,2026-05-19,2026-05-23,4,1550.0,1500.0,0.03225806451612903,2.0,2,0.0,11,15,0.1,True,,post_visit_withdrawal
APP001812,CAN00618,JOB00689,2026-05-17,2026-05-24,7,1200.0,1250.0,0.0,1.0,1,0.0,16,23,0.16,False,0.73,placed
APP001816,CAN00932,JOB00187,2026-05-19,2026-05-24,5,2350.0,2200.0,0.06382978723404255,4.0,4,0.0,16,21,0.15,True,,post_visit_withdrawal
APP001830,CAN00174,JOB00635,2026-05-19,2026-05-24,5,1800.0,1700.0,0.05555555555555555,3.0,3,0.0,14,19,0.15,True,,post_visit_withdrawal
APP001810,CAN01642,JOB00371,2026-05-20,2026-05-24,4,1350.0,1550.0,0.0,2.0,2,0.0,19,23,0.13,False,0.73,placed
APP001857,CAN01392,JOB00681,2026-05-20,2026-05-24,4,1900.0,1950.0,0.0,,2,,11,15,0.1,False,0.67,placed
APP001801,CAN01081,JOB00414,2026-05-21,2026-05-24,3,2100.0,2250.0,0.0,3.0,3,0.0,22,25,0.14,False,0.73,placed
APP001836,CAN00580,JOB00685,2026-05-22,2026-05-25,3,1350.0,1200.0,0.1111111111111111,2.0,1,1.0,16,19,0.16,True,,post_visit_withdrawal
APP001849,CAN01891,JOB00727,2026-05-22,2026-05-25,3,3500.0,3200.0,0.08571428571428572,4.0,4,0.0,14,17,0.13,False,0.0,slot_filled
APP001827,CAN01655,JOB00689,2026-05-23,2026-05-26,3,1300.0,1250.0,0.038461538461538464,1.0,1,0.0,19,22,0.11,False,0.74,placed
APP001858,CAN00245,JOB00470,2026-05-25,2026-05-26,1,2250.0,2300.0,0.0,2.0,3,-1.0,15,16,0.11,False,0.74,final_rejected
APP001877,CAN01537,JOB00017,2026-05-23,2026-05-27,4,2050.0,2900.0,0.0,4.0,4,0.0,10,14,0.1,False,0.0,slot_filled
APP001884,CAN01322,JOB00694,2026-05-25,2026-05-27,2,2700.0,2450.0,0.09259259259259259,4.0,4,0.0,10,12,0.1,False,0.7299999999999999,placed
APP001859,CAN00245,JOB00672,2026-05-23,2026-05-28,5,2250.0,2250.0,0.0,2.0,3,-1.0,13,18,0.1,False,0.6799999999999999,final_rejected
APP001847,CAN01393,JOB00607,2026-05-23,2026-05-29,6,1700.0,1300.0,0.23529411764705882,1.0,1,0.0,15,21,0.24,False,0.54,placed
APP001878,CAN01537,JOB00023,2026-05-27,2026-05-29,2,2050.0,2900.0,0.0,4.0,4,0.0,14,16,0.11,True,,post_visit_withdrawal
APP001883,CAN00128,JOB00462,2026-05-28,2026-05-29,1,1450.0,1550.0,0.0,1.0,2,-1.0,13,14,0.08,False,0.0,slot_filled
APP001856,CAN01841,JOB00003,2026-05-24,2026-05-30,6,1200.0,1250.0,0.0,1.0,1,0.0,15,21,0.16,False,0.79,placed
APP001879,CAN00524,JOB00234,2026-05-27,2026-05-31,4,3600.0,3100.0,0.1388888888888889,4.0,4,0.0,13,17,0.15,False,0.0,slot_filled
APP001853,CAN01034,JOB00391,2026-05-27,2026-06-01,5,1400.0,1400.0,0.0,2.0,2,0.0,18,23,0.13,False,0.73,placed
APP001874,CAN00359,JOB00495,2026-05-28,2026-06-01,4,2300.0,2150.0,0.06521739130434782,3.0,3,0.0,15,19,0.15,True,,post_visit_withdrawal
APP001917,CAN01760,JOB00798,2026-06-02,2026-06-04,2,1750.0,1750.0,0.0,2.0,3,-1.0,11,13,0.08,False,0.74,placed
APP001882,CAN01570,JOB00023,2026-05-29,2026-06-05,7,3450.0,2900.0,0.15942028985507245,4.0,4,0.0,15,22,0.24,False,0.54,placed
APP001875,CAN00359,JOB00450,2026-06-01,2026-06-05,4,2300.0,2250.0,0.021739130434782608,3.0,3,0.0,19,23,0.13,False,0.0,slot_filled
APP001889,CAN01074,JOB00402,2026-06-01,2026-06-05,4,2800.0,3000.0,0.0,4.0,4,0.0,16,20,0.13,False,0.79,placed
APP001890,CAN01103,JOB00462,2026-06-01,2026-06-05,4,2600.0,1550.0,0.40384615384615385,,2,,16,20,0.21,True,,post_visit_withdrawal
APP001928,CAN01827,JOB00789,2026-06-04,2026-06-06,2,1700.0,1500.0,0.11764705882352941,3.0,2,1.0,13,15,0.13,False,0.6799999999999999,placed
APP001901,CAN01793,JOB00657,2026-06-05,2026-06-06,1,2250.0,2250.0,0.0,3.0,3,0.0,17,18,0.11,False,0.0,slot_filled
APP001900,CAN00001,JOB00462,2026-06-03,2026-06-08,5,1750.0,1550.0,0.11428571428571428,2.0,2,0.0,15,20,0.18,True,,post_visit_withdrawal
APP001894,CAN01933,JOB00127,2026-06-06,2026-06-08,2,2600.0,2200.0,0.15384615384615385,4.0,3,1.0,20,22,0.22000000000000003,False,0.0,slot_filled
APP001897,CAN00001,JOB00732,2026-06-06,2026-06-08,2,1750.0,1600.0,0.08571428571428572,2.0,2,0.0,19,21,0.13,True,,post_visit_withdrawal
APP001907,CAN00721,JOB00601,2026-06-03,2026-06-09,6,2500.0,2150.0,0.14,4.0,3,1.0,14,20,0.21000000000000002,True,,post_visit_withdrawal
APP001909,CAN00512,JOB00366,2026-06-07,2026-06-11,4,2250.0,2300.0,0.0,3.0,3,0.0,18,22,0.13,True,,post_visit_withdrawal
APP001914,CAN00068,JOB00577,2026-06-07,2026-06-11,4,2250.0,2250.0,0.0,3.0,3,0.0,17,21,0.13,False,0.79,final_rejected
APP001936,CAN00309,JOB00785,2026-06-07,2026-06-11,4,2200.0,2100.0,0.045454545454545456,3.0,3,0.0,14,18,0.13,True,,post_visit_withdrawal
APP001960,CAN01641,JOB00321,2026-06-10,2026-06-11,1,2250.0,2900.0,0.0,3.0,3,0.0,14,15,0.11,False,0.85,placed
APP001930,CAN00099,JOB00404,2026-06-10,2026-06-12,2,2550.0,2200.0,0.13725490196078433,3.0,3,0.0,18,20,0.16,False,0.6199999999999999,final_rejected
APP001945,CAN00169,JOB00381,2026-06-10,2026-06-12,2,1650.0,1650.0,0.0,3.0,3,0.0,16,18,0.11,False,0.79,placed
APP001937,CAN00819,JOB00391,2026-06-09,2026-06-13,4,1400.0,1400.0,0.0,1.0,2,-1.0,16,20,0.13,False,0.6799999999999999,final_rejected
APP001963,CAN00006,JOB00798,2026-06-10,2026-06-13,3,1700.0,1750.0,0.0,2.0,3,-1.0,14,17,0.11,False,0.0,slot_filled
APP001944,CAN00088,JOB00513,2026-06-11,2026-06-13,2,1650.0,1550.0,0.06060606060606061,2.0,2,0.0,17,19,0.13,False,0.6699999999999999,final_rejected
APP001954,CAN00454,JOB00175,2026-06-11,2026-06-13,2,3350.0,3200.0,0.04477611940298507,3.0,4,-1.0,15,17,0.11,True,,post_visit_withdrawal
APP001924,CAN00451,JOB00647,2026-06-08,2026-06-14,6,1300.0,1250.0,0.038461538461538464,1.0,1,0.0,17,23,0.16,False,0.6799999999999999,placed
APP001976,CAN01441,JOB00620,2026-06-10,2026-06-14,4,3450.0,2750.0,0.2028985507246377,5.0,4,1.0,12,16,0.18,False,0.6,placed
APP001946,CAN00883,JOB00371,2026-06-11,2026-06-14,3,1200.0,1550.0,0.0,1.0,2,-1.0,17,20,0.11,False,0.6799999999999999,placed
APP001922,CAN00577,JOB00798,2026-06-08,2026-06-15,7,1700.0,1750.0,0.0,2.0,3,-1.0,17,24,0.16,False,0.0,slot_filled
APP001923,CAN00286,JOB00463,2026-06-10,2026-06-15,5,3550.0,3150.0,0.11267605633802817,5.0,5,0.0,19,24,0.18,False,0.5599999999999999,placed
APP001955,CAN00524,JOB00771,2026-06-11,2026-06-16,5,3600.0,3300.0,0.08333333333333333,4.0,4,0.0,15,20,0.15,False,0.6699999999999999,final_rejected
APP001970,CAN01710,JOB00611,2026-06-11,2026-06-17,6,1450.0,1500.0,0.0,1.0,2,-1.0,14,20,0.16,True,,post_visit_withdrawal
APP001958,CAN00971,JOB00073,2026-06-11,2026-06-18,7,2500.0,2150.0,0.14,3.0,3,0.0,15,22,0.21000000000000002,True,,post_visit_withdrawal
APP001999,CAN00951,JOB00466,2026-06-19,2026-06-21,2,2400.0,1500.0,0.375,,2,,17,19,0.19,False,0.36000000000000004,placed
APP002015,CAN01055,JOB00752,2026-06-17,2026-06-22,5,1400.0,1350.0,0.03571428571428571,1.0,1,0.0,10,15,0.1,False,0.7999999999999999,final_rejected
APP002001,CAN00099,JOB00676,2026-06-17,2026-06-23,6,2550.0,2050.0,0.19607843137254902,3.0,3,0.0,14,20,0.24,False,0.54,placed
APP001990,CAN00577,JOB00358,2026-06-18,2026-06-24,6,1700.0,1350.0,0.20588235294117646,2.0,1,1.0,17,23,0.24,False,0.48,final_rejected
APP002020,CAN01514,JOB00426,2026-06-20,2026-06-24,4,1350.0,1350.0,0.0,2.0,2,0.0,12,16,0.1,False,0.85,placed
APP002011,CAN01647,JOB00598,2026-06-21,2026-06-25,4,2150.0,2250.0,0.0,3.0,3,0.0,16,20,0.13,False,0.79,placed
APP002030,CAN00094,JOB00401,2026-06-23,2026-06-25,2,1500.0,1450.0,0.03333333333333333,1.0,1,0.0,12,14,0.08,False,0.7999999999999999,placed
APP002019,CAN00994,JOB00127,2026-06-20,2026-06-26,6,1950.0,2200.0,0.0,3.0,3,0.0,12,18,0.13,True,,post_visit_withdrawal
APP002026,CAN00566,JOB00579,2026-06-24,2026-06-28,4,1650.0,1550.0,0.06060606060606061,3.0,3,0.0,15,19,0.15,False,0.6699999999999999,placed
APP002033,CAN00668,JOB00085,2026-06-24,2026-06-29,5,1650.0,1500.0,0.09090909090909091,2.0,2,0.0,13,18,0.12000000000000001,False,0.0,slot_filled
APP002036,CAN00254,JOB00486,2026-06-27,2026-06-30,3,1350.0,1350.0,0.0,1.0,1,0.0,16,19,0.11,False,0.79,placed
APP002035,CAN01491,JOB00736,2026-06-24,2026-07-01,7,1350.0,1350.0,0.0,1.0,1,0.0,13,20,0.13,False,0.79,placed
APP002029,CAN00646,JOB00657,2026-06-25,2026-07-01,6,2550.0,2250.0,0.11764705882352941,3.0,3,0.0,15,21,0.21000000000000002,False,0.0,slot_filled
APP002045,CAN00044,JOB00515,2026-06-27,2026-07-02,5,3900.0,3300.0,0.15384615384615385,5.0,5,0.0,14,19,0.21,False,0.54,placed
APP002041,CAN01041,JOB00766,2026-06-30,2026-07-02,2,2200.0,2100.0,0.045454545454545456,3.0,3,0.0,18,20,0.11,False,0.74,final_rejected
APP002032,CAN00371,JOB00023,2026-06-27,2026-07-03,6,3450.0,2900.0,0.15942028985507245,4.0,4,0.0,16,22,0.24,False,0.0,slot_filled
APP002082,CAN00740,JOB00612,2026-07-02,2026-07-05,3,1250.0,1200.0,0.04,1.0,1,0.0,15,18,0.11,False,0.74,placed
APP002102,CAN01897,JOB00612,2026-07-03,2026-07-05,2,1350.0,1200.0,0.1111111111111111,,1,,15,17,0.16,False,0.0,slot_filled
APP002097,CAN01015,JOB00371,2026-07-02,2026-07-06,4,1450.0,1550.0,0.0,2.0,2,0.0,14,18,0.13,False,0.0,slot_filled
APP002101,CAN01784,JOB00616,2026-07-04,2026-07-06,2,1200.0,1550.0,0.0,1.0,2,-1.0,16,18,0.11,False,0.6799999999999999,placed
APP002071,CAN00690,JOB00187,2026-07-01,2026-07-07,6,2450.0,2200.0,0.10204081632653061,4.0,4,0.0,15,21,0.21000000000000002,False,0.6199999999999999,placed
APP002091,CAN00689,JOB00525,2026-07-02,2026-07-07,5,1500.0,1500.0,0.0,2.0,2,0.0,14,19,0.13,True,,post_visit_withdrawal
APP002083,CAN00945,JOB00401,2026-07-03,2026-07-07,4,1200.0,1450.0,0.0,1.0,1,0.0,16,20,0.13,False,0.79,placed
APP002141,CAN00218,JOB00747,2026-07-06,2026-07-07,1,3550.0,3000.0,0.15492957746478872,5.0,4,1.0,12,13,0.16,False,0.6,placed
APP002104,CAN00917,JOB00005,2026-07-01,2026-07-08,7,2150.0,2250.0,0.0,4.0,4,0.0,12,19,0.13,False,0.0,slot_filled
APP002111,CAN00942,JOB00598,2026-07-04,2026-07-08,4,1550.0,2250.0,0.0,3.0,3,0.0,15,19,0.13,False,0.0,slot_filled
APP002128,CAN01587,JOB00027,2026-07-07,2026-07-09,2,1200.0,1300.0,0.0,1.0,1,0.0,15,17,0.11,False,0.0,slot_filled
APP002134,CAN00100,JOB00217,2026-07-08,2026-07-09,1,3300.0,2700.0,0.18181818181818182,4.0,4,0.0,15,16,0.19,False,0.6,placed
APP002154,CAN01550,JOB00647,2026-07-08,2026-07-09,1,1200.0,1250.0,0.0,1.0,1,0.0,11,12,0.08,False,0.85,placed
APP002063,CAN00990,JOB00152,2026-07-04,2026-07-10,6,2700.0,2200.0,0.18518518518518517,3.0,3,0.0,19,25,0.24,False,0.48,placed
APP002127,CAN00084,JOB00259,2026-07-05,2026-07-10,5,1450.0,1200.0,0.1724137931034483,1.0,1,0.0,13,18,0.18,False,0.0,slot_filled
APP002094,CAN00908,JOB00445,2026-07-06,2026-07-10,4,1300.0,1300.0,0.0,1.0,1,0.0,18,22,0.13,False,0.79,final_rejected
APP002113,CAN00577,JOB00704,2026-07-06,2026-07-11,5,1700.0,1800.0,0.0,2.0,2,0.0,16,21,0.13,True,,post_visit_withdrawal
APP002122,CAN00285,JOB00457,2026-07-06,2026-07-11,5,3350.0,3200.0,0.04477611940298507,4.0,3,1.0,15,20,0.13,False,0.74,placed
APP002135,CAN00667,JOB00445,2026-07-09,2026-07-11,2,1300.0,1300.0,0.0,1.0,1,0.0,16,18,0.11,False,0.79,placed
APP002151,CAN01719,JOB00612,2026-07-08,2026-07-12,4,1400.0,1200.0,0.14285714285714285,1.0,1,0.0,12,16,0.15,False,0.0,slot_filled
APP002152,CAN01123,JOB00774,2026-07-11,2026-07-12,1,1400.0,1350.0,0.03571428571428571,1.0,1,0.0,14,15,0.11,False,0.7999999999999999,placed
APP002171,CAN01820,JOB00736,2026-07-12,2026-07-13,1,1300.0,1350.0,0.0,1.0,1,0.0,13,14,0.08,False,0.85,placed
APP002160,CAN01160,JOB00409,2026-07-10,2026-07-16,6,3200.0,2900.0,0.09375,4.0,4,0.0,12,18,0.15000000000000002,False,0.6699999999999999,placed
APP002145,CAN00992,JOB00547,2026-07-11,2026-07-17,6,2100.0,2100.0,0.0,3.0,3,0.0,16,22,0.16,False,0.79,placed
APP002170,CAN00242,JOB00472,2026-07-16,2026-07-18,2,1200.0,1300.0,0.0,1.0,1,0.0,17,19,0.11,False,0.79,final_rejected
APP002191,CAN01010,JOB00073,2026-07-16,2026-07-18,2,1950.0,2150.0,0.0,2.0,3,-1.0,14,16,0.11,False,0.74,placed
APP002161,CAN01734,JOB00694,2026-07-15,2026-07-19,4,2650.0,2450.0,0.07547169811320754,4.0,4,0.0,17,21,0.15,False,0.6699999999999999,final_rejected
APP002210,CAN00528,JOB00360,2026-07-15,2026-07-19,4,2500.0,2150.0,0.14,3.0,2,1.0,11,15,0.15,False,0.6799999999999999,final_rejected
APP002180,CAN01671,JOB00774,2026-07-16,2026-07-20,4,1300.0,1350.0,0.0,1.0,1,0.0,16,20,0.13,False,0.0,slot_filled
APP002216,CAN01133,JOB00282,2026-07-17,2026-07-22,5,2700.0,2050.0,0.24074074074074073,4.0,3,1.0,13,18,,True,,post_visit_withdrawal_existing_search_end
APP002260,CAN01255,JOB00598,2026-07-21,2026-07-23,2,2050.0,2250.0,0.0,3.0,3,0.0,12,14,0.08,False,0.0,slot_filled
APP002230,CAN00467,JOB00771,2026-07-22,2026-07-23,1,3500.0,3300.0,0.05714285714285714,4.0,4,0.0,16,17,0.13,False,0.6699999999999999,placed
APP002213,CAN01126,JOB00462,2026-07-18,2026-07-24,6,1550.0,1550.0,0.0,1.0,2,-1.0,14,20,0.16,False,0.0,slot_filled
APP002237,CAN01672,JOB00409,2026-07-21,2026-07-26,5,3550.0,2900.0,0.18309859154929578,5.0,4,1.0,14,19,0.21,False,0.54,placed
APP002217,CAN00707,JOB00647,2026-07-23,2026-07-26,3,1200.0,1250.0,0.0,1.0,1,0.0,19,22,0.11,False,0.79,final_rejected
APP002255,CAN01733,JOB00345,2026-07-25,2026-07-26,1,1300.0,1300.0,0.0,1.0,1,0.0,16,17,0.11,False,0.79,placed
APP002197,CAN00058,JOB00577,2026-07-21,2026-07-27,6,2300.0,2250.0,0.021739130434782608,3.0,3,0.0,18,24,0.16,False,0.6799999999999999,final_rejected
APP002229,CAN01150,JOB00046,2026-07-22,2026-07-27,5,1350.0,1300.0,0.037037037037037035,1.0,1,0.0,16,21,0.13,False,0.0,slot_filled
APP002194,CAN00907,JOB00664,2026-07-21,2026-07-28,7,2100.0,2250.0,0.0,3.0,4,-1.0,19,26,0.16,True,,post_visit_withdrawal
APP002207,CAN01611,JOB00578,2026-07-21,2026-07-28,7,1550.0,1600.0,0.0,2.0,2,0.0,18,25,0.16,False,0.73,placed
APP002223,CAN01863,JOB00791,2026-07-23,2026-07-28,5,1350.0,1400.0,0.0,1.0,1,0.0,18,23,0.13,False,0.73,placed
APP002254,CAN01579,JOB00508,2026-07-23,2026-07-28,5,2600.0,2400.0,0.07692307692307693,4.0,4,0.0,14,19,0.15,False,0.6699999999999999,placed
APP002212,CAN00954,JOB00085,2026-07-23,2026-07-29,6,1550.0,1500.0,0.03225806451612903,2.0,2,0.0,19,25,0.16,False,0.0,slot_filled
APP002221,CAN01515,JOB00534,2026-07-23,2026-07-29,6,2300.0,2200.0,0.043478260869565216,3.0,3,0.0,18,24,0.16,False,0.6799999999999999,placed
APP002242,CAN00980,JOB00347,2026-07-24,2026-07-29,5,1500.0,1550.0,0.0,2.0,2,0.0,16,21,0.13,False,0.79,placed
APP002248,CAN00620,JOB00583,2026-07-27,2026-07-30,3,2100.0,3100.0,0.0,4.0,4,0.0,19,22,0.11,False,0.79,placed
APP002258,CAN00001,JOB00704,2026-07-29,2026-07-31,2,1750.0,1800.0,0.0,2.0,2,0.0,20,22,0.14,False,0.79,final_rejected
APP002267,CAN01671,JOB00486,2026-07-30,2026-07-31,1,1300.0,1350.0,0.0,1.0,1,0.0,19,20,0.11,False,0.79,placed
APP002281,CAN00212,JOB00695,2026-07-29,2026-08-01,3,3600.0,3050.0,0.1527777777777778,3.0,3,0.0,15,18,0.19,False,0.54,final_rejected
APP002268,CAN01853,JOB00404,2026-07-30,2026-08-01,2,2300.0,2200.0,0.043478260869565216,3.0,3,0.0,19,21,0.11,False,0.74,placed
APP002282,CAN00212,JOB00175,2026-07-30,2026-08-01,2,3600.0,3200.0,0.1111111111111111,3.0,4,-1.0,16,18,0.16,False,0.0,slot_filled
APP002263,CAN00773,JOB00129,2026-07-31,2026-08-02,2,3050.0,2850.0,0.06557377049180328,4.0,4,0.0,21,23,0.16,False,0.6099999999999999,placed
APP002270,CAN01249,JOB00611,2026-07-31,2026-08-02,2,1650.0,1500.0,0.09090909090909091,2.0,2,0.0,19,21,0.13,True,,post_visit_withdrawal
APP002312,CAN00056,JOB00736,2026-08-02,2026-08-03,1,2150.0,1350.0,0.37209302325581395,,1,,15,16,0.19,False,0.0,slot_filled
APP002285,CAN01923,JOB00598,2026-07-28,2026-08-04,7,2550.0,2250.0,0.11764705882352941,3.0,3,0.0,14,21,0.21000000000000002,False,0.0,slot_filled
APP002291,CAN01883,JOB00085,2026-07-30,2026-08-05,6,1450.0,1500.0,0.0,1.0,2,-1.0,15,21,0.16,False,0.0,slot_filled
APP002286,CAN01330,JOB00488,2026-08-02,2026-08-05,3,1200.0,1300.0,0.0,1.0,1,0.0,18,21,0.11,False,0.79,placed
APP002308,CAN01634,JOB00490,2026-08-02,2026-08-06,4,2500.0,2300.0,0.08,3.0,3,0.0,15,19,0.15,False,0.6699999999999999,final_rejected
APP002327,CAN01207,JOB00746,2026-08-01,2026-08-07,6,2050.0,2300.0,0.0,4.0,4,0.0,12,18,0.13,False,0.79,placed
APP002317,CAN01948,JOB00410,2026-08-02,2026-08-07,5,1350.0,1500.0,0.0,2.0,2,0.0,14,19,0.13,False,0.79,placed
APP002334,CAN01499,JOB00513,2026-08-04,2026-08-07,3,1700.0,1550.0,0.08823529411764706,2.0,2,0.0,14,17,0.13,False,0.6699999999999999,placed
APP002333,CAN00903,JOB00679,2026-08-06,2026-08-07,1,2500.0,2300.0,0.08,4.0,4,0.0,16,17,0.13,False,0.6699999999999999,final_rejected
APP002306,CAN00440,JOB00532,2026-08-02,2026-08-08,6,2600.0,2250.0,0.1346153846153846,3.0,3,0.0,15,21,0.21000000000000002,False,0.6199999999999999,final_rejected
APP002314,CAN01349,JOB00369,2026-08-02,2026-08-08,6,1200.0,1250.0,0.0,1.0,1,0.0,15,21,0.16,False,0.79,placed
APP002330,CAN00491,JOB00401,2026-08-02,2026-08-08,6,1450.0,1450.0,0.0,1.0,1,0.0,12,18,0.13,True,,post_visit_withdrawal
APP002296,CAN00919,JOB00796,2026-08-03,2026-08-08,5,3400.0,3100.0,0.08823529411764706,5.0,4,1.0,18,23,0.15,False,0.6099999999999999,placed
APP002323,CAN00491,JOB00752,2026-08-06,2026-08-08,2,1450.0,1350.0,0.06896551724137931,1.0,1,0.0,17,19,0.13,False,0.6699999999999999,final_rejected
APP002307,CAN01320,JOB00415,2026-08-03,2026-08-09,6,2300.0,2300.0,0.0,3.0,3,0.0,16,22,0.16,False,0.79,final_rejected
APP002321,CAN00905,JOB00647,2026-08-03,2026-08-10,7,1550.0,1250.0,0.1935483870967742,2.0,1,1.0,14,21,0.24,False,0.54,final_rejected
APP002325,CAN00277,JOB00369,2026-08-04,2026-08-10,6,1250.0,1250.0,0.0,1.0,1,0.0,15,21,0.16,False,0.79,final_rejected
APP002331,CAN01394,JOB00402,2026-08-05,2026-08-10,5,3250.0,3000.0,0.07692307692307693,4.0,4,0.0,15,20,0.15,False,0.6699999999999999,placed
APP002347,CAN00691,JOB00604,2026-08-07,2026-08-10,3,2400.0,2250.0,0.0625,3.0,4,-1.0,16,19,0.13,False,0.5599999999999998,placed
APP002345,CAN01875,JOB00645,2026-08-08,2026-08-11,3,3350.0,3050.0,0.08955223880597014,4.0,4,0.0,17,20,0.13,False,0.6699999999999999,final_rejected
APP002388,CAN01368,JOB00575,2026-08-10,2026-08-11,1,1250.0,1350.0,0.0,1.0,1,0.0,13,14,0.08,False,0.85,placed
APP002393,CAN01284,JOB00508,2026-08-10,2026-08-11,1,2600.0,2400.0,0.07692307692307693,4.0,4,0.0,13,14,0.1,False,0.7299999999999999,placed
APP002335,CAN01875,JOB00796,2026-08-07,2026-08-12,5,3350.0,3100.0,0.07462686567164178,4.0,4,0.0,17,22,0.15,True,,post_visit_withdrawal
APP002372,CAN00486,JOB00369,2026-08-08,2026-08-12,4,1300.0,1250.0,0.038461538461538464,2.0,1,1.0,14,18,0.13,False,0.74,placed
APP002346,CAN00624,JOB00347,2026-08-07,2026-08-13,6,1900.0,1550.0,0.18421052631578946,3.0,2,1.0,16,22,0.24,True,,post_visit_withdrawal
APP002332,CAN01852,JOB00786,2026-08-09,2026-08-15,6,3300.0,2750.0,0.16666666666666666,4.0,5,-1.0,19,25,0.24,False,0.37,final_rejected
APP002380,CAN01634,JOB00470,2026-08-13,2026-08-15,2,2500.0,2300.0,0.08,3.0,3,0.0,17,19,0.13,False,0.6699999999999999,placed
APP002348,CAN00021,JOB00695,2026-08-09,2026-08-16,7,2250.0,3050.0,0.0,4.0,3,1.0,18,25,0.16,False,0.73,placed
APP002369,CAN00475,JOB00728,2026-08-13,2026-08-16,3,1600.0,1550.0,0.03125,1.0,1,0.0,19,22,0.11,False,0.74,placed
APP002401,CAN00404,JOB00524,2026-08-13,2026-08-16,3,2350.0,2200.0,0.06382978723404255,4.0,3,1.0,15,18,0.13,False,0.6699999999999999,placed
APP002392,CAN00440,JOB00490,2026-08-14,2026-08-16,2,2600.0,2300.0,0.11538461538461539,3.0,3,0.0,17,19,0.16,False,0.6199999999999999,placed
APP002382,CAN01190,JOB00446,2026-08-11,2026-08-18,7,3350.0,2950.0,0.11940298507462686,4.0,4,0.0,15,22,0.21000000000000002,False,0.6199999999999999,placed
APP002373,CAN01026,JOB00446,2026-08-12,2026-08-18,6,3150.0,2950.0,0.06349206349206349,4.0,4,0.0,18,24,0.18,False,0.0,slot_filled
APP002365,CAN00851,JOB00505,2026-08-12,2026-08-19,7,1300.0,1350.0,0.0,1.0,1,0.0,18,25,,True,,post_visit_withdrawal_existing_search_end
APP002425,CAN00155,JOB00421,2026-08-15,2026-08-19,4,2300.0,2100.0,0.08695652173913043,3.0,3,0.0,13,17,0.12000000000000001,False,0.6699999999999999,placed
APP002436,CAN00989,JOB00476,2026-08-15,2026-08-20,5,3600.0,3250.0,0.09722222222222222,5.0,5,0.0,12,17,0.12000000000000001,False,0.6699999999999999,placed
APP002447,CAN01850,JOB00557,2026-08-16,2026-08-20,4,2100.0,2250.0,0.0,3.0,3,0.0,13,17,0.1,False,0.79,final_rejected
APP002434,CAN01430,JOB00503,2026-08-18,2026-08-20,2,2350.0,2150.0,0.0851063829787234,3.0,3,0.0,16,18,0.13,False,0.6699999999999999,final_rejected
APP002416,CAN00081,JOB00684,2026-08-14,2026-08-21,7,2300.0,2400.0,0.0,4.0,4,0.0,13,20,0.13,False,0.79,placed
APP002412,CAN00483,JOB00376,2026-08-18,2026-08-21,3,2500.0,2600.0,0.0,3.0,4,-1.0,18,21,0.11,False,0.6799999999999999,placed
APP002440,CAN00835,JOB00704,2026-08-18,2026-08-21,3,1750.0,1800.0,0.0,2.0,2,0.0,15,18,0.11,False,0.79,placed
APP002463,CAN01771,JOB00375,2026-08-20,2026-08-21,1,2250.0,2200.0,0.022222222222222223,4.0,4,0.0,15,16,0.11,False,0.7999999999999999,placed
APP002395,CAN00429,JOB00505,2026-08-16,2026-08-22,6,1450.0,1350.0,0.06896551724137931,1.0,1,0.0,18,24,0.18,False,0.6099999999999999,placed
APP002423,CAN01793,JOB00684,2026-08-16,2026-08-23,7,2250.0,2400.0,0.0,3.0,4,-1.0,15,22,0.16,False,0.6799999999999999,placed
APP002408,CAN01055,JOB00575,2026-08-18,2026-08-23,5,1400.0,1350.0,0.03571428571428571,1.0,1,0.0,19,24,0.13,False,0.6799999999999999,placed
APP002449,CAN00555,JOB00547,2026-08-18,2026-08-23,5,2400.0,2100.0,0.125,4.0,3,1.0,14,19,0.18,False,0.6199999999999999,placed
APP002417,CAN00372,JOB00138,2026-08-20,2026-08-25,5,2000.0,2750.0,0.0,4.0,4,0.0,19,24,0.13,False,0.0,slot_filled
APP002468,CAN00903,JOB00684,2026-08-20,2026-08-26,6,2500.0,2400.0,0.04,4.0,4,0.0,13,19,0.13,False,0.0,slot_filled
APP002481,CAN01734,JOB00367,2026-08-20,2026-08-26,6,2650.0,1750.0,0.33962264150943394,2.0,3,-1.0,11,17,0.21000000000000002,True,,post_visit_withdrawal
APP002482,CAN00265,JOB00371,2026-08-25,2026-08-26,1,1550.0,1550.0,0.0,1.0,2,-1.0,15,16,0.11,False,0.0,slot_filled
APP002460,CAN00212,JOB00457,2026-08-22,2026-08-28,6,3600.0,3200.0,0.1111111111111111,3.0,3,0.0,17,23,0.21000000000000002,False,0.5599999999999999,placed
APP002487,CAN00360,JOB00711,2026-08-27,2026-08-29,2,1200.0,1200.0,0.0,1.0,1,0.0,16,18,0.11,False,0.79,placed
APP002480,CAN00544,JOB00395,2026-08-24,2026-08-30,6,1400.0,2050.0,0.0,3.0,3,0.0,15,21,0.16,False,0.79,final_rejected
APP002489,CAN00830,JOB00441,2026-08-28,2026-08-30,2,1350.0,1450.0,0.0,1.0,1,0.0,17,19,0.11,True,,post_visit_withdrawal
APP002511,CAN00028,JOB00455,2026-08-31,2026-09-01,1,3400.0,3200.0,0.058823529411764705,3.0,5,-2.0,16,17,0.13,False,0.48999999999999994,placed
APP002477,CAN01883,JOB00441,2026-08-26,2026-09-02,7,1450.0,1450.0,0.0,1.0,1,0.0,17,24,0.16,True,,post_visit_withdrawal
APP002488,CAN00632,JOB00487,2026-08-27,2026-09-02,6,2550.0,2200.0,0.13725490196078433,4.0,4,0.0,16,22,0.21000000000000002,True,,post_visit_withdrawal
APP002519,CAN01222,JOB00784,2026-08-31,2026-09-02,2,2300.0,2150.0,0.06521739130434782,3.0,4,-1.0,16,18,0.13,False,0.5599999999999998,placed
APP002508,CAN01617,JOB00591,2026-09-02,2026-09-03,1,2150.0,2150.0,0.0,3.0,3,0.0,19,20,0.11,False,0.79,final_rejected
APP002486,CAN01694,JOB00369,2026-09-01,2026-09-04,3,1250.0,1250.0,0.0,1.0,1,0.0,21,24,0.14,False,0.0,slot_filled
APP002521,CAN01461,JOB00413,2026-09-02,2026-09-04,2,1950.0,2050.0,0.0,2.0,3,-1.0,17,19,0.11,False,0.6799999999999999,final_rejected
APP002501,CAN01753,JOB00575,2026-09-02,2026-09-05,3,1400.0,1350.0,0.03571428571428571,1.0,1,0.0,20,23,0.14,False,0.6799999999999999,placed
APP002505,CAN00314,JOB00408,2026-08-30,2026-09-06,7,1350.0,1200.0,0.1111111111111111,1.0,1,0.0,16,23,0.21000000000000002,False,0.5599999999999999,placed
APP002512,CAN00612,JOB00774,2026-08-31,2026-09-06,6,1750.0,1350.0,0.22857142857142856,1.0,1,0.0,16,22,0.24,False,0.0,slot_filled
APP002536,CAN01346,JOB00515,2026-09-03,2026-09-08,5,2450.0,3300.0,0.0,5.0,5,0.0,16,21,0.13,False,0.0,slot_filled
APP002526,CAN00372,JOB00217,2026-09-03,2026-09-09,6,2000.0,2700.0,0.0,4.0,4,0.0,17,23,0.16,True,,post_visit_withdrawal
APP002545,CAN00609,JOB00441,2026-09-05,2026-09-09,4,1200.0,1450.0,0.0,1.0,1,0.0,16,20,0.13,False,0.79,placed
APP002565,CAN01413,JOB00536,2026-09-04,2026-09-10,6,3400.0,2950.0,0.1323529411764706,4.0,4,0.0,12,18,0.18,False,0.6199999999999999,placed
APP002549,CAN01031,JOB00296,2026-09-06,2026-09-10,4,1450.0,1400.0,0.034482758620689655,1.0,1,0.0,16,20,0.13,False,0.0,slot_filled
APP002558,CAN00770,JOB00455,2026-09-06,2026-09-10,4,2400.0,3200.0,0.0,4.0,5,-1.0,15,19,0.13,False,0.6799999999999999,placed
APP002588,CAN00362,JOB00479,2026-09-07,2026-09-10,3,2150.0,3000.0,0.0,3.0,3,0.0,12,15,0.08,False,0.85,placed
APP002561,CAN01489,JOB00426,2026-09-07,2026-09-11,4,1400.0,1350.0,0.03571428571428571,1.0,2,-1.0,16,20,0.13,False,0.6299999999999999,placed
APP002570,CAN01795,JOB00588,2026-09-09,2026-09-11,2,1400.0,1400.0,0.0,1.0,1,0.0,17,19,0.11,False,0.79,final_rejected
APP002593,CAN01885,JOB00457,2026-09-10,2026-09-11,1,3300.0,3200.0,0.030303030303030304,3.0,3,0.0,15,16,0.11,False,0.0,slot_filled
APP002551,CAN00232,JOB00560,2026-09-11,2026-09-12,1,1400.0,1300.0,0.07142857142857142,2.0,2,0.0,21,22,0.16,False,0.6699999999999999,placed
APP002576,CAN00591,JOB00367,2026-09-07,2026-09-14,7,1550.0,1750.0,0.0,2.0,3,-1.0,14,21,0.16,True,,post_visit_withdrawal
APP002572,CAN00215,JOB00480,2026-09-09,2026-09-15,6,2750.0,3150.0,0.0,5.0,4,1.0,16,22,0.16,False,0.79,final_rejected
APP002636,CAN01215,JOB00459,2026-09-14,2026-09-15,1,3350.0,2750.0,0.1791044776119403,4.0,3,1.0,13,14,0.16,True,,post_visit_withdrawal
APP002600,CAN00407,JOB00441,2026-09-12,2026-09-16,4,1350.0,1450.0,0.0,1.0,1,0.0,16,20,0.13,False,0.79,placed
APP002619,CAN01195,JOB00760,2026-09-15,2026-09-18,3,1250.0,1450.0,0.0,1.0,3,-2.0,17,20,0.11,False,0.6100000000000001,placed
APP002637,CAN01831,JOB00421,2026-09-15,2026-09-18,3,2300.0,2100.0,0.08695652173913043,3.0,3,0.0,14,17,0.13,True,,post_visit_withdrawal
APP002635,CAN00318,JOB00465,2026-09-17,2026-09-18,1,1800.0,1550.0,0.1388888888888889,3.0,2,1.0,16,17,0.16,False,0.6199999999999999,placed
APP002645,CAN01031,JOB00588,2026-09-18,2026-09-19,1,1450.0,1400.0,0.034482758620689655,1.0,1,0.0,16,17,0.11,True,,post_visit_withdrawal
APP002621,CAN00457,JOB00382,2026-09-14,2026-09-20,6,1200.0,1200.0,0.0,1.0,1,0.0,15,21,0.16,False,0.79,placed
APP002646,CAN01215,JOB00540,2026-09-15,2026-09-20,5,3350.0,3050.0,0.08955223880597014,4.0,5,-1.0,13,18,0.12000000000000001,False,0.5599999999999998,placed
APP002612,CAN00331,JOB00791,2026-09-17,2026-09-20,3,1300.0,1400.0,0.0,1.0,1,0.0,19,22,0.11,False,0.79,placed
APP002598,CAN00168,JOB00537,2026-09-16,2026-09-21,5,2300.0,3000.0,0.0,4.0,4,0.0,20,25,0.16,False,0.73,final_rejected
APP002642,CAN01602,JOB00588,2026-09-16,2026-09-21,5,1650.0,1400.0,0.15151515151515152,2.0,1,1.0,15,20,0.21,False,0.54,final_rejected
APP002651,CAN00187,JOB00547,2026-09-16,2026-09-21,5,1950.0,2100.0,0.0,3.0,3,0.0,13,18,0.1,False,0.0,slot_filled
APP002599,CAN00940,JOB00410,2026-09-15,2026-09-22,7,1600.0,1500.0,0.0625,2.0,2,0.0,19,26,0.18,False,0.6099999999999999,final_rejected
APP002613,CAN01035,JOB00553,2026-09-17,2026-09-23,6,1550.0,1350.0,0.12903225806451613,2.0,2,0.0,19,25,0.21000000000000002,False,0.5599999999999999,placed
APP002647,CAN00519,JOB00547,2026-09-17,2026-09-23,6,2200.0,2100.0,0.045454545454545456,3.0,3,0.0,15,21,0.16,False,0.0,slot_filled
APP002672,CAN01101,JOB00282,2026-09-21,2026-09-23,2,2250.0,2050.0,0.08888888888888889,3.0,3,0.0,15,17,0.13,False,0.6699999999999999,placed
APP002658,CAN00215,JOB00770,2026-09-19,2026-09-25,6,2750.0,3050.0,0.0,5.0,3,2.0,15,21,0.16,False,0.79,placed
APP002673,CAN01602,JOB00616,2026-09-23,2026-09-25,2,1650.0,1550.0,0.06060606060606061,2.0,2,0.0,17,19,0.13,False,0.0,slot_filled
APP002712,CAN00940,JOB00682,2026-09-25,2026-09-26,1,1600.0,1350.0,0.15625,2.0,1,1.0,13,14,0.16,False,0.6,final_rejected
APP002688,CAN01897,JOB00494,2026-09-25,2026-09-27,2,1350.0,1200.0,0.1111111111111111,,1,,17,19,0.16,False,0.44,placed
APP002706,CAN01901,JOB00027,2026-09-25,2026-09-27,2,1400.0,1300.0,0.07142857142857142,1.0,1,0.0,14,16,0.13,False,0.0,slot_filled
APP002689,CAN00560,JOB00554,2026-09-26,2026-09-27,1,1450.0,1500.0,0.0,1.0,1,0.0,17,18,0.11,True,,post_visit_withdrawal
APP002674,CAN01602,JOB00575,2026-09-23,2026-09-28,5,1650.0,1350.0,0.18181818181818182,2.0,1,1.0,17,22,0.21,False,0.0,slot_filled
APP002690,CAN00509,JOB00462,2026-09-23,2026-09-29,6,1650.0,1550.0,0.06060606060606061,2.0,2,0.0,14,20,0.18,False,0.0,slot_filled
APP002696,CAN00660,JOB00668,2026-09-28,2026-09-30,2,3950.0,1600.0,0.5949367088607594,,2,,19,21,0.19,False,0.36000000000000004,final_rejected
APP002698,CAN00887,JOB00554,2026-09-25,2026-10-01,6,1350.0,1500.0,0.0,1.0,1,0.0,16,22,0.16,False,,right_censored_before_decision
APP002705,CAN01414,JOB00601,2026-09-29,2026-10-04,5,2100.0,2150.0,0.0,2.0,3,-1.0,18,23,0.13,False,,right_censored_before_decision
APP002721,CAN00831,JOB00494,2026-09-29,2026-10-04,5,1250.0,1200.0,0.04,1.0,1,0.0,16,21,0.13,False,,right_censored_before_decision
