application_id,candidate_id,job_id,recommendation_date,intent_to_recommend_days,recommendation_to_schedule_days,schedule_to_visit_days,recommendation_to_visit_days,ca_workload_ratio,wage_shortfall_rate,candidate_skill_level,required_skill_level,skill_gap,post_recommendation_withdrawal_probability,post_recommendation_withdrawal,withdrawal_date,process_state,visit_continue_probability
APP000004,CAN00412,JOB00042,2025-04-06,2,1,4,5,0.4246823956442831,0.058823529411764705,2.0,2,0.0,0.09000000000000001,False,,completed,0.82
APP000005,CAN00788,JOB00186,2025-04-06,2,3,5,8,0.4246823956442831,0.3548387096774194,3.0,3,0.0,0.15,False,,completed,0.82
APP000007,CAN00200,JOB00042,2025-04-07,0,2,6,8,0.4246823956442831,0.0,2.0,2,0.0,0.09,False,,completed,0.82
APP000009,CAN00239,JOB00322,2025-04-09,1,1,2,3,0.4246823956442831,0.09090909090909091,4.0,5,-1.0,0.07,False,,completed,0.72
APP000010,CAN00599,JOB00322,2025-04-10,2,1,4,5,0.4246823956442831,0.03225806451612903,4.0,5,-1.0,0.07,False,,completed,0.72
APP000012,CAN01205,JOB00075,2025-04-10,1,2,5,7,0.4246823956442831,0.0,3.0,4,-1.0,0.09,True,2025-04-13,withdrawn_after_schedule,
APP000015,CAN00848,JOB00109,2025-04-11,0,1,6,7,0.4246823956442831,0.08888888888888889,4.0,3,1.0,0.11000000000000001,False,,completed,0.82
APP000017,CAN00866,JOB00137,2025-04-13,1,1,3,4,0.4246823956442831,0.07462686567164178,4.0,4,0.0,0.07,False,,completed,0.82
APP000018,CAN01137,JOB00348,2025-04-14,1,1,4,5,0.4246823956442831,0.17647058823529413,3.0,2,1.0,0.13,False,,completed,0.82
APP000019,CAN01137,JOB00042,2025-04-17,3,3,4,7,0.4246823956442831,0.058823529411764705,3.0,2,1.0,0.13,False,,completed,0.82
APP000020,CAN01147,JOB00209,2025-04-15,1,4,3,7,0.4246823956442831,0.047619047619047616,4.0,5,-1.0,0.09,True,2025-04-19,withdrawn_after_schedule,
APP000022,CAN01477,JOB00264,2025-04-15,0,4,6,10,0.4246823956442831,0.0,1.0,1,0.0,0.11,False,,completed,0.82
APP000024,CAN01305,JOB00309,2025-04-18,1,1,5,6,0.4246823956442831,0.0,1.0,1,0.0,0.07,False,,completed,0.82
APP000026,CAN00498,JOB00087,2025-04-18,0,2,6,8,0.4246823956442831,0.05357142857142857,4.0,4,0.0,0.11000000000000001,False,,completed,0.82
APP000027,CAN01194,JOB00264,2025-04-19,1,3,7,10,0.4246823956442831,0.35135135135135137,1.0,1,0.0,0.16999999999999998,False,,completed,0.82
APP000028,CAN00583,JOB00316,2025-04-22,3,4,5,9,0.4246823956442831,0.0,,2,,0.13,False,,completed,0.6
APP000031,CAN00354,JOB00137,2025-04-19,0,1,2,3,0.4246823956442831,0.10144927536231885,5.0,4,1.0,0.09,False,,completed,0.82
APP000033,CAN00354,JOB00186,2025-04-22,2,1,6,7,0.4246823956442831,0.42028985507246375,4.0,3,1.0,0.15,False,,completed,0.82
APP000034,CAN00615,JOB00252,2025-04-21,1,4,7,11,0.4246823956442831,0.14285714285714285,1.0,1,0.0,0.15,True,2025-04-23,withdrawn_before_schedule,
APP000035,CAN00615,JOB00309,2025-04-21,1,4,7,11,0.4246823956442831,0.14285714285714285,1.0,1,0.0,0.15,False,,completed,0.82
APP000036,CAN00713,JOB00301,2025-04-22,2,3,7,10,0.4246823956442831,0.04,1.0,1,0.0,0.11,False,,completed,0.82
APP000037,CAN00713,JOB00264,2025-04-20,0,1,6,7,0.4246823956442831,0.04,1.0,1,0.0,0.09,False,,completed,0.82
APP000039,CAN00823,JOB00319,2025-04-20,0,1,6,7,0.4246823956442831,0.08888888888888889,3.0,3,0.0,0.11000000000000001,False,,completed,0.82
APP000040,CAN00615,JOB00203,2025-04-22,1,4,5,9,0.4246823956442831,0.14285714285714285,1.0,1,0.0,0.15,False,,completed,0.82
APP000041,CAN00823,JOB00276,2025-04-24,3,3,3,6,0.4246823956442831,0.022222222222222223,3.0,3,0.0,0.09000000000000001,False,,completed,0.82
APP000042,CAN00056,JOB00075,2025-04-23,1,4,4,8,0.4246823956442831,0.0,3.0,4,-1.0,0.09,False,,completed,0.72
APP000044,CAN00639,JOB00293,2025-04-26,3,4,3,7,0.4246823956442831,0.0,,1,,0.11000000000000001,False,,completed,0.6
APP000045,CAN01212,JOB00264,2025-04-25,2,4,7,11,0.4246823956442831,0.22580645161290322,1.0,1,0.0,0.16999999999999998,True,2025-05-04,withdrawn_after_schedule,
APP000046,CAN01312,JOB00186,2025-04-24,0,2,3,5,0.4246823956442831,0.13043478260869565,4.0,3,1.0,0.11,False,,completed,0.82
APP000048,CAN01714,JOB00243,2025-04-25,1,2,5,7,0.4246823956442831,0.0,1.0,2,-1.0,0.09,False,,completed,0.72
APP000049,CAN01877,JOB00252,2025-04-24,0,4,6,10,0.4246823956442831,0.04,1.0,1,0.0,0.11,False,,completed,0.82
APP000050,CAN01227,JOB00162,2025-04-26,1,4,2,6,0.4246823956442831,0.058823529411764705,2.0,2,0.0,0.09000000000000001,False,,completed,0.82
APP000053,CAN01877,JOB00316,2025-04-26,1,1,2,3,0.4246823956442831,0.0,1.0,2,-1.0,0.05,False,,completed,0.72
APP000054,CAN00485,JOB00311,2025-04-28,2,3,6,9,0.4246823956442831,0.0,1.0,2,-1.0,0.11,False,,completed,0.72
APP000056,CAN00063,JOB00111,2025-04-27,0,4,5,9,0.4246823956442831,0.0,3.0,4,-1.0,0.11,False,,completed,0.72
APP000057,CAN01438,JOB00069,2025-04-29,2,1,3,4,0.4246823956442831,0.0,4.0,3,1.0,0.05,False,,completed,0.82
APP000058,CAN00200,JOB00311,2025-04-29,2,1,3,4,0.4246823956442831,0.0,2.0,2,0.0,0.05,False,,completed,0.82
APP000059,CAN01095,JOB00007,2025-04-27,0,4,7,11,0.4246823956442831,0.0,2.0,3,-1.0,0.11,False,,completed,0.72
APP000062,CAN01273,JOB00038,2025-04-29,1,3,5,8,0.4246823956442831,0.1111111111111111,3.0,3,0.0,0.13,False,,completed,0.82
APP000063,CAN00713,JOB00293,2025-04-29,0,2,6,8,0.4246823956442831,0.04,1.0,1,0.0,0.09,False,,completed,0.82
APP000064,CAN01232,JOB00261,2025-04-30,1,4,5,9,0.4246823956442831,0.043478260869565216,3.0,3,0.0,0.11,False,,completed,0.82
APP000065,CAN01804,JOB00042,2025-05-01,2,2,3,5,0.5771324863883848,0.1794871794871795,2.0,2,0.0,0.13,False,,completed,0.82
APP000066,CAN00729,JOB00319,2025-05-02,3,3,4,7,0.5771324863883848,0.10869565217391304,3.0,3,0.0,0.15,True,2025-05-06,withdrawn_after_schedule,
APP000068,CAN01119,JOB00309,2025-05-01,1,2,3,5,0.5771324863883848,0.1111111111111111,2.0,1,1.0,0.11,False,,completed,0.82
APP000072,CAN01544,JOB00158,2025-05-02,1,2,3,5,0.5771324863883848,0.11290322580645161,4.0,3,1.0,0.11,False,,completed,0.82
APP000074,CAN01477,JOB00301,2025-05-03,2,3,6,9,0.5771324863883848,0.0,1.0,1,0.0,0.11,False,,completed,0.82
APP000075,CAN01059,JOB00254,2025-05-03,2,3,6,9,0.5771324863883848,0.0,3.0,3,0.0,0.11,False,,completed,0.82
APP000080,CAN01071,JOB00276,2025-05-04,2,4,6,10,0.5771324863883848,0.0,3.0,3,0.0,0.11,False,,completed,0.82
APP000085,CAN00615,JOB00301,2025-05-05,1,1,5,6,0.5771324863883848,0.14285714285714285,1.0,1,0.0,0.11,False,,completed,0.82
APP000086,CAN00777,JOB00124,2025-05-06,2,1,2,3,0.5771324863883848,0.0,5.0,3,2.0,0.05,False,,completed,0.82
APP000087,CAN00777,JOB00007,2025-05-04,0,4,4,8,0.5771324863883848,0.0425531914893617,3.0,3,0.0,0.09,False,,completed,0.82
APP000089,CAN01599,JOB00111,2025-05-05,1,2,6,8,0.5771324863883848,0.078125,4.0,4,0.0,0.11000000000000001,False,,completed,0.82
APP000090,CAN01649,JOB00254,2025-05-05,1,1,7,8,0.5771324863883848,0.0,3.0,3,0.0,0.09,False,,completed,0.82
APP000091,CAN00961,JOB00082,2025-05-07,3,2,4,6,0.5771324863883848,0.1111111111111111,5.0,4,1.0,0.13,False,,completed,0.82
APP000095,CAN01296,JOB00041,2025-05-07,2,4,6,10,0.5771324863883848,0.06557377049180328,3.0,4,-1.0,0.13,False,,completed,0.72
APP000096,CAN00029,JOB00316,2025-05-06,1,1,4,5,0.5771324863883848,0.0,1.0,2,-1.0,0.07,False,,completed,0.72
APP000097,CAN00787,JOB00348,2025-05-06,1,4,2,6,0.5771324863883848,0.0,2.0,2,0.0,0.07,False,,completed,0.82
APP000102,CAN00939,JOB00243,2025-05-09,2,2,6,8,0.5771324863883848,0.0,2.0,2,0.0,0.09,False,,completed,0.82
APP000104,CAN00783,JOB00098,2025-05-09,1,4,6,10,0.5771324863883848,0.0,1.0,1,0.0,0.11,False,,completed,0.82
APP000106,CAN01477,JOB00216,2025-05-10,2,4,2,6,0.5771324863883848,0.0,,2,,0.07,False,,completed,0.6
APP000107,CAN00039,JOB00316,2025-05-11,2,4,6,10,0.5771324863883848,0.0,,2,,0.11,False,,completed,0.6
APP000109,CAN01843,JOB00068,2025-05-11,2,2,7,9,0.5771324863883848,0.0,1.0,1,0.0,0.11,False,,completed,0.82
APP000111,CAN01095,JOB00237,2025-05-12,2,4,2,6,0.5771324863883848,0.0,2.0,4,-2.0,0.07,False,,completed,0.6
APP000112,CAN00017,JOB00108,2025-05-13,3,2,2,4,0.5771324863883848,0.21428571428571427,3.0,3,0.0,0.13,False,,completed,0.82
APP000113,CAN00052,JOB00261,2025-05-12,2,2,4,6,0.5771324863883848,0.08333333333333333,4.0,3,1.0,0.09000000000000001,False,,completed,0.82
APP000114,CAN00052,JOB00108,2025-05-12,2,1,2,3,0.5771324863883848,0.08333333333333333,4.0,3,1.0,0.07,False,,completed,0.82
APP000115,CAN01195,JOB00259,2025-05-11,0,2,4,6,0.5771324863883848,0.04,1.0,1,0.0,0.07,False,,completed,0.82
APP000117,CAN00639,JOB00098,2025-05-15,2,4,2,6,0.5771324863883848,0.0,,1,,0.07,False,,completed,0.6
APP000119,CAN00906,JOB00200,2025-05-13,0,1,5,6,0.5771324863883848,0.04,1.0,1,0.0,0.07,False,,completed,0.82
APP000121,CAN01303,JOB00269,2025-05-15,1,1,5,6,0.5771324863883848,0.0,1.0,1,0.0,0.07,False,,completed,0.82
APP000122,CAN00726,JOB00298,2025-05-15,1,1,3,4,0.5771324863883848,0.07407407407407407,1.0,1,0.0,0.07,False,,completed,0.82
APP000124,CAN00978,JOB00010,2025-05-16,2,1,4,5,0.5771324863883848,0.08163265306122448,3.0,3,0.0,0.09000000000000001,False,,completed,0.82
APP000125,CAN00106,JOB00276,2025-05-16,2,2,4,6,0.5771324863883848,0.0,3.0,3,0.0,0.07,False,,completed,0.82
APP000129,CAN00939,JOB00311,2025-05-16,1,3,2,5,0.5771324863883848,0.0,2.0,2,0.0,0.07,False,,completed,0.82
APP000131,CAN00039,JOB00283,2025-05-16,1,4,3,7,0.5771324863883848,0.0,,2,,0.09,False,,completed,0.6
APP000132,CAN00591,JOB00311,2025-05-16,1,4,5,9,0.5771324863883848,0.0,2.0,2,0.0,0.11,False,,completed,0.82
APP000133,CAN00961,JOB00137,2025-05-18,3,1,2,3,0.5771324863883848,0.1388888888888889,5.0,4,1.0,0.11,False,,completed,0.82
APP000135,CAN01032,JOB00108,2025-05-18,3,2,5,7,0.5771324863883848,0.022222222222222223,3.0,3,0.0,0.11000000000000001,False,,completed,0.82
APP000136,CAN01032,JOB00261,2025-05-16,1,1,7,8,0.5771324863883848,0.022222222222222223,3.0,3,0.0,0.09,False,,completed,0.82
APP000137,CAN00239,JOB00057,2025-05-18,2,4,7,11,0.5771324863883848,0.09090909090909091,4.0,4,0.0,0.13,True,2025-05-22,withdrawn_after_schedule,
APP000138,CAN00344,JOB00105,2025-05-18,2,4,4,8,0.5771324863883848,0.0,3.0,2,1.0,0.09,False,,completed,0.82
APP000139,CAN00591,JOB00042,2025-05-17,1,2,5,7,0.5771324863883848,0.0,2.0,2,0.0,0.09,False,,completed,0.82
APP000141,CAN01593,JOB00072,2025-05-18,2,4,2,6,0.5771324863883848,0.06060606060606061,3.0,2,1.0,0.09000000000000001,False,,completed,0.82
APP000142,CAN01359,JOB00270,2025-05-16,0,4,3,7,0.5771324863883848,0.1016949152542373,4.0,4,0.0,0.13,True,2025-05-20,withdrawn_after_schedule,
APP000143,CAN01125,JOB00269,2025-05-18,1,3,3,6,0.5771324863883848,0.0,1.0,1,0.0,0.07,False,,completed,0.82
APP000144,CAN01745,JOB00216,2025-05-17,0,4,3,7,0.5771324863883848,0.0,2.0,2,0.0,0.09,False,,completed,0.82
APP000145,CAN01745,JOB00042,2025-05-17,0,2,6,8,0.5771324863883848,0.0,2.0,2,0.0,0.09,False,,completed,0.82
APP000146,CAN00052,JOB00097,2025-05-20,2,3,7,10,0.5771324863883848,0.08333333333333333,4.0,4,0.0,0.13,False,,completed,0.82
APP000147,CAN01071,JOB00327,2025-05-19,1,3,7,10,0.5771324863883848,0.045454545454545456,3.0,3,0.0,0.11,False,,completed,0.82
APP000148,CAN01168,JOB00105,2025-05-20,2,1,4,5,0.5771324863883848,0.0,2.0,2,0.0,0.07,False,,completed,0.82
APP000150,CAN00048,JOB00109,2025-05-20,1,4,6,10,0.5771324863883848,0.10869565217391304,3.0,3,0.0,0.15,False,,completed,0.82
APP000153,CAN00541,JOB00269,2025-05-22,2,4,7,11,0.5771324863883848,0.03333333333333333,1.0,1,0.0,0.11,False,,completed,0.82
APP000154,CAN01119,JOB00316,2025-05-22,2,4,4,8,0.5771324863883848,0.0,2.0,2,0.0,0.09,False,,completed,0.82
APP000155,CAN01119,JOB00269,2025-05-21,1,3,6,9,0.5771324863883848,0.0,2.0,1,1.0,0.11,False,,completed,0.82
APP000157,CAN00726,JOB00068,2025-05-23,3,3,6,9,0.5771324863883848,0.0,1.0,1,0.0,0.13,False,,completed,0.82
APP000160,CAN00258,JOB00327,2025-05-22,1,3,3,6,0.5771324863883848,0.023255813953488372,2.0,3,-1.0,0.07,False,,completed,0.72
APP000161,CAN01119,JOB00098,2025-05-21,0,4,4,8,0.5771324863883848,0.1111111111111111,2.0,1,1.0,0.13,False,,completed,0.82
APP000162,CAN01922,JOB00007,2025-05-23,2,4,7,11,0.5771324863883848,0.0,3.0,3,0.0,0.11,False,,completed,0.82
APP000167,CAN00231,JOB00252,2025-05-25,2,2,6,8,0.5771324863883848,0.0,1.0,1,0.0,0.09,False,,completed,0.82
APP000168,CAN00635,JOB00276,2025-05-25,2,3,2,5,0.5771324863883848,0.12,3.0,3,0.0,0.11,False,,completed,0.82
APP000169,CAN01032,JOB00106,2025-05-23,0,3,3,6,0.5771324863883848,0.08888888888888889,3.0,3,0.0,0.09000000000000001,False,,completed,0.82
APP000170,CAN00159,JOB00200,2025-05-25,1,4,3,7,0.5771324863883848,0.14285714285714285,1.0,1,0.0,0.13,False,,completed,0.82
APP000171,CAN00159,JOB00298,2025-05-25,1,2,5,7,0.5771324863883848,0.10714285714285714,1.0,1,0.0,0.13,True,2025-05-29,withdrawn_after_schedule,
APP000172,CAN00399,JOB00042,2025-05-26,2,4,7,11,0.5771324863883848,0.13513513513513514,3.0,2,1.0,0.15,False,,completed,0.82
APP000173,CAN00344,JOB00243,2025-05-27,3,4,2,6,0.5771324863883848,0.0,3.0,2,1.0,0.09000000000000001,False,,completed,0.82
APP000177,CAN01040,JOB00342,2025-05-27,2,3,7,10,0.5771324863883848,0.06521739130434782,4.0,3,1.0,0.13,False,,completed,0.82
APP000178,CAN00558,JOB00086,2025-05-27,2,4,4,8,0.5771324863883848,0.0,1.0,1,0.0,0.09,False,,completed,0.82
APP000181,CAN01008,JOB00097,2025-05-28,2,3,6,9,0.5771324863883848,0.08333333333333333,4.0,4,0.0,0.13,False,,completed,0.82
APP000182,CAN00357,JOB00111,2025-05-26,0,1,5,6,0.5771324863883848,0.0,4.0,4,0.0,0.07,False,,completed,0.82
APP000183,CAN01843,JOB00038,2025-05-28,1,3,4,7,0.5771324863883848,0.0,3.0,3,0.0,0.09,True,2025-06-01,withdrawn_after_schedule,
APP000185,CAN00537,JOB00177,2025-05-30,2,2,2,4,0.5771324863883848,0.11290322580645161,4.0,4,0.0,0.09,False,,completed,0.82
APP000186,CAN00929,JOB00327,2025-05-30,1,3,4,7,0.5771324863883848,0.023255813953488372,3.0,3,0.0,0.09,False,,completed,0.82
APP000187,CAN01792,JOB00269,2025-05-29,0,3,4,7,0.5771324863883848,0.0,1.0,1,0.0,0.09,True,2025-06-02,withdrawn_after_schedule,
APP000189,CAN00602,JOB00281,2025-05-31,1,4,3,7,0.5771324863883848,0.17391304347826086,4.0,3,1.0,0.15,False,,completed,0.82
APP000192,CAN01506,JOB00266,2025-05-31,1,4,6,10,0.5771324863883848,0.04838709677419355,4.0,4,0.0,0.11,False,,completed,0.82
APP000193,CAN01690,JOB00276,2025-06-01,2,2,4,6,0.7277676950998185,0.043478260869565216,4.0,3,1.0,0.07,False,,completed,0.82
APP000194,CAN01706,JOB00127,2025-06-01,2,1,3,4,0.7277676950998185,0.0,2.0,3,-1.0,0.05,False,,completed,0.72
APP000195,CAN00106,JOB00327,2025-06-01,2,4,7,11,0.7277676950998185,0.0,3.0,3,0.0,0.11,False,,completed,0.82
APP000196,CAN00887,JOB00068,2025-06-03,3,4,2,6,0.7277676950998185,0.0,1.0,1,0.0,0.09000000000000001,False,,completed,0.82
APP000197,CAN01921,JOB00035,2025-05-31,0,2,3,5,0.5771324863883848,0.07352941176470588,4.0,4,0.0,0.09000000000000001,False,,completed,0.82
APP000198,CAN01921,JOB00300,2025-05-31,0,4,2,6,0.5771324863883848,0.08823529411764706,4.0,5,-1.0,0.09000000000000001,False,,completed,0.72
APP000200,CAN00143,JOB00273,2025-06-02,2,3,3,6,0.7277676950998185,0.16666666666666666,2.0,1,1.0,0.13,True,2025-06-04,withdrawn_before_schedule,
APP000201,CAN00485,JOB00081,2025-06-03,3,2,4,6,0.7277676950998185,0.0,1.0,2,-1.0,0.09000000000000001,False,,completed,0.72
APP000207,CAN01115,JOB00281,2025-06-05,2,3,2,5,0.7277676950998185,0.11627906976744186,3.0,3,0.0,0.11,False,,completed,0.82
APP000208,CAN00216,JOB00266,2025-06-05,2,3,7,10,0.7277676950998185,0.0,3.0,4,-1.0,0.11,False,,completed,0.72
APP000209,CAN00231,JOB00098,2025-06-04,0,2,7,9,0.7277676950998185,0.0,1.0,1,0.0,0.11,False,,completed,0.82
APP000212,CAN01881,JOB00311,2025-06-06,1,3,5,8,0.7277676950998185,0.0,2.0,2,0.0,0.09,False,,completed,0.82
APP000213,CAN01882,JOB00257,2025-06-06,1,1,2,3,0.7277676950998185,0.0,1.0,1,0.0,0.05,False,,completed,0.82
APP000215,CAN00616,JOB00293,2025-06-08,2,1,5,6,0.7277676950998185,0.0,1.0,1,0.0,0.07,True,2025-06-12,withdrawn_after_schedule,
APP000216,CAN01175,JOB00269,2025-06-06,0,3,3,6,0.7277676950998185,0.0,1.0,1,0.0,0.07,False,,completed,0.82
APP000217,CAN01525,JOB00269,2025-06-06,0,4,3,7,0.7277676950998185,0.0,1.0,1,0.0,0.09,False,,completed,0.82
APP000222,CAN01445,JOB00311,2025-06-09,2,4,6,10,0.7277676950998185,0.029411764705882353,3.0,2,1.0,0.11,False,,completed,0.82
APP000223,CAN00881,JOB00237,2025-06-07,0,2,7,9,0.7277676950998185,0.0,4.0,4,0.0,0.11,False,,completed,0.82
APP000224,CAN00405,JOB00243,2025-06-09,1,2,4,6,0.7277676950998185,0.0,2.0,2,0.0,0.07,False,,completed,0.82
APP000225,CAN00405,JOB00112,2025-06-08,0,4,6,10,0.7277676950998185,0.0,2.0,2,0.0,0.11,False,,completed,0.82
APP000226,CAN01864,JOB00111,2025-06-08,0,4,7,11,0.7277676950998185,0.0,4.0,4,0.0,0.11,False,,completed,0.82
APP000230,CAN00004,JOB00276,2025-06-11,1,4,5,9,0.7277676950998185,0.0,4.0,3,1.0,0.11,False,,completed,0.82
APP000231,CAN00614,JOB00068,2025-06-12,2,3,7,10,0.7277676950998185,0.0,1.0,1,0.0,0.11,False,,completed,0.82
APP000232,CAN01066,JOB00035,2025-06-12,2,2,7,9,0.7277676950998185,0.05970149253731343,4.0,4,0.0,0.13,False,,completed,0.82
APP000233,CAN01343,JOB00038,2025-06-13,3,2,2,4,0.7277676950998185,0.0,3.0,3,0.0,0.07,False,,completed,0.82
APP000234,CAN01706,JOB00320,2025-06-12,2,4,2,6,0.7277676950998185,0.0,2.0,3,-1.0,0.07,False,,completed,0.72
APP000235,CAN00891,JOB00316,2025-06-11,1,2,2,4,0.7277676950998185,0.0,1.0,2,-1.0,0.05,False,,completed,0.72
APP000237,CAN01648,JOB00254,2025-06-11,1,4,3,7,0.7277676950998185,0.041666666666666664,2.0,3,-1.0,0.09,False,,completed,0.72
APP000239,CAN01047,JOB00315,2025-06-13,2,3,2,5,0.7277676950998185,0.0,4.0,4,0.0,0.07,False,,completed,0.82
APP000242,CAN00167,JOB00018,2025-06-12,0,4,6,10,0.7277676950998185,0.0,,1,,0.11,False,,completed,0.6
APP000244,CAN00357,JOB00017,2025-06-15,3,2,4,6,0.7277676950998185,0.0,4.0,4,0.0,0.09000000000000001,False,,completed,0.82
APP000245,CAN01899,JOB00087,2025-06-13,1,3,4,7,0.7277676950998185,0.1016949152542373,4.0,4,0.0,0.13,False,,completed,0.82
APP000247,CAN00991,JOB00230,2025-06-14,0,4,7,11,0.7277676950998185,0.16666666666666666,4.0,3,1.0,0.16999999999999998,False,,completed,0.82
APP000248,CAN01536,JOB00261,2025-06-14,0,1,3,4,0.7277676950998185,0.022222222222222223,2.0,3,-1.0,0.05,False,,completed,0.72
APP000251,CAN01428,JOB00237,2025-06-16,0,4,2,6,0.7277676950998185,0.0,3.0,4,-1.0,0.07,False,,completed,0.72
APP000252,CAN00616,JOB00257,2025-06-17,0,1,5,6,0.7277676950998185,0.0,1.0,1,0.0,0.07,False,,completed,0.82
APP000253,CAN01731,JOB00068,2025-06-17,0,1,2,3,0.7277676950998185,0.1,2.0,1,1.0,0.09,False,,completed,0.82
APP000254,CAN01731,JOB00178,2025-06-18,1,3,5,8,0.7277676950998185,0.13333333333333333,2.0,1,1.0,0.13,False,,completed,0.82
APP000255,CAN01845,JOB00106,2025-06-18,1,1,6,7,0.7277676950998185,0.046511627906976744,2.0,3,-1.0,0.09,True,2025-06-19,withdrawn_after_schedule,
APP000258,CAN00621,JOB00106,2025-06-18,1,1,7,8,0.7277676950998185,0.046511627906976744,2.0,3,-1.0,0.09,False,,completed,0.72
APP000259,CAN00852,JOB00273,2025-06-20,3,1,5,6,0.7277676950998185,0.0,1.0,1,0.0,0.09000000000000001,False,,completed,0.82
APP000260,CAN00852,JOB00252,2025-06-19,2,4,7,11,0.7277676950998185,0.0,1.0,1,0.0,0.11,False,,completed,0.82
APP000261,CAN01023,JOB00218,2025-06-19,2,2,4,6,0.7277676950998185,0.02702702702702703,2.0,3,-1.0,0.07,False,,completed,0.72
APP000263,CAN01135,JOB00259,2025-06-21,3,2,7,9,0.7277676950998185,0.0,1.0,1,0.0,0.13,False,,completed,0.82
APP000267,CAN00227,JOB00113,2025-06-22,3,3,3,6,0.7277676950998185,0.0,1.0,1,0.0,0.09000000000000001,False,,completed,0.82
APP000270,CAN00953,JOB00042,2025-06-20,1,3,7,10,0.7277676950998185,0.13513513513513514,3.0,2,1.0,0.15,False,,completed,0.82
APP000278,CAN00113,JOB00269,2025-06-22,1,2,2,4,0.7277676950998185,0.0,1.0,1,0.0,0.05,False,,completed,0.82
APP000279,CAN01654,JOB00113,2025-06-22,0,3,7,10,0.7277676950998185,0.0,2.0,1,1.0,0.11,False,,completed,0.82
APP000283,CAN01387,JOB00010,2025-06-23,1,1,4,5,0.7277676950998185,0.0425531914893617,3.0,3,0.0,0.07,True,2025-06-24,withdrawn_after_schedule,
APP000284,CAN01387,JOB00254,2025-06-23,0,2,4,6,0.7277676950998185,0.02127659574468085,3.0,3,0.0,0.07,False,,completed,0.82
APP000285,CAN01098,JOB00278,2025-06-26,3,1,2,3,0.7277676950998185,0.0,2.0,2,0.0,0.07,False,,completed,0.82
APP000286,CAN01767,JOB00097,2025-06-24,1,2,4,6,0.7277676950998185,0.08333333333333333,4.0,4,0.0,0.09000000000000001,False,,completed,0.82
APP000287,CAN01799,JOB00109,2025-06-26,3,4,6,10,0.7277676950998185,0.06818181818181818,3.0,3,0.0,0.15000000000000002,False,,completed,0.82
APP000288,CAN01799,JOB00261,2025-06-26,3,2,5,7,0.7277676950998185,0.0,3.0,3,0.0,0.11000000000000001,False,,completed,0.82
APP000291,CAN00891,JOB00309,2025-06-25,1,1,4,5,0.7277676950998185,0.07692307692307693,1.0,1,0.0,0.09000000000000001,False,,completed,0.82
APP000292,CAN01098,JOB00311,2025-06-25,1,3,7,10,0.7277676950998185,0.0,2.0,2,0.0,0.11,False,,completed,0.82
APP000294,CAN00823,JOB00259,2025-06-25,1,3,2,5,0.7277676950998185,0.4666666666666667,,1,,0.13,False,,completed,0.6
APP000297,CAN00089,JOB00018,2025-06-25,0,4,3,7,0.7277676950998185,0.0,1.0,1,0.0,0.09,False,,completed,0.82
APP000300,CAN00223,JOB00072,2025-06-27,2,3,2,5,0.7277676950998185,0.0,2.0,2,0.0,0.07,False,,completed,0.82
APP000301,CAN01706,JOB00289,2025-06-28,3,2,5,7,0.7277676950998185,0.0,2.0,2,0.0,0.11000000000000001,False,,completed,0.82
APP000302,CAN01725,JOB00010,2025-06-27,2,1,6,7,0.7277676950998185,0.0625,3.0,3,0.0,0.11000000000000001,False,,completed,0.82
APP000303,CAN01881,JOB00166,2025-06-25,0,4,3,7,0.7277676950998185,0.0,2.0,3,-1.0,0.09,False,,completed,0.72
APP000304,CAN00774,JOB00230,2025-06-27,2,3,5,8,0.7277676950998185,0.0,2.0,3,-1.0,0.09,False,,completed,0.72
APP000305,CAN00223,JOB00168,2025-06-26,0,1,2,3,0.7277676950998185,0.0,2.0,3,-1.0,0.05,False,,completed,0.72
APP000307,CAN01166,JOB00119,2025-06-26,0,2,5,7,0.7277676950998185,0.0625,3.0,3,0.0,0.11000000000000001,False,,completed,0.82
APP000311,CAN01364,JOB00065,2025-06-27,1,2,4,6,0.7277676950998185,0.0,2.0,3,-1.0,0.07,False,,completed,0.72
APP000312,CAN01924,JOB00327,2025-06-27,1,3,7,10,0.7277676950998185,0.0,3.0,3,0.0,0.11,False,,completed,0.82
APP000317,CAN01633,JOB00153,2025-06-28,0,1,6,7,0.7277676950998185,0.08333333333333333,4.0,4,0.0,0.11000000000000001,False,,completed,0.82
APP000318,CAN01633,JOB00306,2025-06-29,1,2,4,6,0.7277676950998185,0.03333333333333333,4.0,4,0.0,0.07,False,,completed,0.82
APP000319,CAN01856,JOB00264,2025-06-29,1,1,5,6,0.7277676950998185,0.0,2.0,1,1.0,0.07,False,,completed,0.82
APP000320,CAN00476,JOB00068,2025-06-30,2,3,7,10,0.7277676950998185,0.0,1.0,1,0.0,0.11,False,,completed,0.82
APP000321,CAN00227,JOB00178,2025-07-01,3,4,2,6,0.8620689655172414,0.0,1.0,1,0.0,0.09000000000000001,False,,completed,0.82
APP000323,CAN01251,JOB00252,2025-07-03,3,1,2,3,0.8620689655172414,0.0,1.0,1,0.0,0.07,False,,completed,0.82
APP000325,CAN01456,JOB00017,2025-07-04,3,1,7,8,0.8620689655172414,0.04918032786885246,4.0,4,0.0,0.11000000000000001,False,,completed,0.82
APP000326,CAN01484,JOB00203,2025-07-04,3,2,3,5,0.8620689655172414,0.1111111111111111,1.0,1,0.0,0.13,False,,completed,0.82
APP000328,CAN01251,JOB00086,2025-07-02,1,1,3,4,0.8620689655172414,0.0,1.0,1,0.0,0.05,False,,completed,0.82
APP000329,CAN00246,JOB00269,2025-07-03,1,4,5,9,0.8620689655172414,0.0,1.0,1,0.0,0.11,True,2025-07-09,withdrawn_after_schedule,
APP000330,CAN00671,JOB00018,2025-07-03,1,2,3,5,0.8620689655172414,0.0,1.0,1,0.0,0.07,False,,completed,0.82
APP000331,CAN00953,JOB00105,2025-07-04,2,2,7,9,0.8620689655172414,0.16216216216216217,3.0,2,1.0,0.16999999999999998,False,,completed,0.82
APP000332,CAN01466,JOB00342,2025-07-03,1,2,3,5,0.8620689655172414,0.0,3.0,3,0.0,0.07,False,,completed,0.82
APP000335,CAN01283,JOB00124,2025-07-04,1,4,3,7,0.8620689655172414,0.06349206349206349,3.0,3,0.0,0.11000000000000001,True,2025-07-06,withdrawn_before_schedule,
APP000339,CAN00078,JOB00057,2025-07-06,2,3,6,9,0.8620689655172414,0.0625,4.0,4,0.0,0.13,False,,completed,0.82
APP000341,CAN00594,JOB00113,2025-07-05,1,4,6,10,0.8620689655172414,0.0,2.0,1,1.0,0.11,False,,completed,0.82
APP000342,CAN01008,JOB00120,2025-07-06,2,3,6,9,0.8620689655172414,0.1875,4.0,2,2.0,0.16999999999999998,False,,completed,0.82
APP000343,CAN01500,JOB00146,2025-07-06,2,3,6,9,0.8620689655172414,0.17391304347826086,3.0,3,0.0,0.16999999999999998,False,,completed,0.82
APP000345,CAN00896,JOB00105,2025-07-05,1,4,6,10,0.8620689655172414,0.0,2.0,2,0.0,0.11,True,2025-07-10,withdrawn_after_schedule,
APP000346,CAN01079,JOB00200,2025-07-04,0,2,4,6,0.8620689655172414,0.07692307692307693,2.0,1,1.0,0.09000000000000001,False,,completed,0.82
APP000347,CAN01118,JOB00319,2025-07-05,1,1,4,5,0.8620689655172414,0.046511627906976744,3.0,3,0.0,0.07,True,2025-07-08,withdrawn_after_schedule,
APP000348,CAN01548,JOB00320,2025-07-07,3,3,2,5,0.8620689655172414,0.021739130434782608,3.0,3,0.0,0.09000000000000001,False,,completed,0.82
APP000349,CAN00896,JOB00243,2025-07-06,1,4,4,8,0.8620689655172414,0.0,2.0,2,0.0,0.09,False,,completed,0.82
APP000350,CAN00271,JOB00106,2025-07-05,0,1,7,8,0.8620689655172414,0.0,2.0,3,-1.0,0.09,False,,completed,0.72
APP000352,CAN01217,JOB00254,2025-07-07,2,4,7,11,0.8620689655172414,0.02127659574468085,3.0,3,0.0,0.11,False,,completed,0.82
APP000353,CAN01308,JOB00252,2025-07-05,0,2,4,6,0.8620689655172414,0.0,1.0,1,0.0,0.07,False,,completed,0.82
APP000355,CAN00326,JOB00112,2025-07-06,0,3,5,8,0.8620689655172414,0.0625,2.0,2,0.0,0.11000000000000001,False,,completed,0.82
APP000356,CAN00580,JOB00259,2025-07-08,2,1,2,3,0.8620689655172414,0.1111111111111111,2.0,1,1.0,0.09,False,,completed,0.82
APP000359,CAN01761,JOB00035,2025-07-07,1,4,3,7,0.8620689655172414,0.07352941176470588,5.0,4,1.0,0.11000000000000001,False,,completed,0.82
APP000363,CAN00271,JOB00151,2025-07-09,1,2,2,4,0.8620689655172414,0.0,3.0,4,-1.0,0.05,False,,completed,0.72
APP000364,CAN01251,JOB00269,2025-07-12,3,1,2,3,0.8620689655172414,0.0,1.0,1,0.0,0.07,False,,completed,0.82
APP000365,CAN01758,JOB00224,2025-07-11,2,2,2,4,0.8620689655172414,0.0,2.0,3,-1.0,0.05,False,,completed,0.72
APP000366,CAN00530,JOB00124,2025-07-11,1,3,2,5,0.8620689655172414,0.078125,3.0,3,0.0,0.09000000000000001,False,,completed,0.82
APP000367,CAN00530,JOB00235,2025-07-12,2,4,7,11,0.8620689655172414,0.046875,3.0,4,-1.0,0.11,False,,completed,0.72
APP000369,CAN00812,JOB00172,2025-07-12,2,4,4,8,0.8620689655172414,0.0,3.0,3,0.0,0.09,False,,completed,0.82
APP000370,CAN00086,JOB00243,2025-07-13,2,4,7,11,0.8620689655172414,0.0,2.0,2,0.0,0.11,False,,completed,0.82
APP000371,CAN00661,JOB00306,2025-07-11,0,1,5,6,0.8620689655172414,0.0,3.0,4,-1.0,0.07,False,,completed,0.72
APP000375,CAN01512,JOB00342,2025-07-11,0,3,4,7,0.8620689655172414,0.0,2.0,3,-1.0,0.09,False,,completed,0.72
APP000377,CAN01442,JOB00011,2025-07-12,0,1,2,3,0.8620689655172414,0.0,1.0,1,0.0,0.05,False,,completed,0.82
APP000379,CAN00541,JOB00011,2025-07-13,1,4,6,10,0.8620689655172414,0.2,1.0,1,0.0,0.16999999999999998,True,2025-07-21,withdrawn_after_schedule,
APP000381,CAN01364,JOB00007,2025-07-15,2,2,7,9,0.8620689655172414,0.0,2.0,3,-1.0,0.11,False,,completed,0.72
APP000382,CAN00005,JOB00178,2025-07-14,1,4,6,10,0.8620689655172414,0.07142857142857142,1.0,1,0.0,0.13,False,,completed,0.82
APP000383,CAN00322,JOB00035,2025-07-15,2,1,3,4,0.8620689655172414,0.0,4.0,4,0.0,0.05,False,,completed,0.82
APP000384,CAN01236,JOB00200,2025-07-14,0,2,3,5,0.8620689655172414,0.14285714285714285,2.0,1,1.0,0.11,False,,completed,0.82
APP000385,CAN01120,JOB00049,2025-07-15,1,1,6,7,0.8620689655172414,0.0,2.0,2,0.0,0.09,False,,completed,0.82
APP000387,CAN01588,JOB00320,2025-07-14,0,4,7,11,0.8620689655172414,0.0,2.0,3,-1.0,0.11,False,,completed,0.72
APP000388,CAN00185,JOB00090,2025-07-16,1,1,4,5,0.8620689655172414,0.16129032258064516,2.0,1,1.0,0.13,False,,completed,0.82
APP000389,CAN00246,JOB00273,2025-07-16,1,3,6,9,0.8620689655172414,0.0,1.0,1,0.0,0.11,False,,completed,0.82
APP000391,CAN00346,JOB00108,2025-07-16,1,2,5,7,0.8620689655172414,0.06382978723404255,4.0,3,1.0,0.11000000000000001,False,,completed,0.82
APP000392,CAN00346,JOB00249,2025-07-18,2,1,3,4,0.8620689655172414,0.0851063829787234,4.0,3,1.0,0.07,False,,completed,0.82
APP000393,CAN00580,JOB00011,2025-07-18,2,1,7,8,0.8620689655172414,0.1111111111111111,2.0,1,1.0,0.13,False,,completed,0.82
APP000394,CAN00594,JOB00340,2025-07-18,2,2,6,8,0.8620689655172414,0.037037037037037035,2.0,1,1.0,0.09,False,,completed,0.82
APP000395,CAN00842,JOB00090,2025-07-18,2,2,5,7,0.8620689655172414,0.13333333333333333,2.0,1,1.0,0.13,False,,completed,0.82
APP000397,CAN01507,JOB00090,2025-07-17,1,4,6,10,0.8620689655172414,0.0,1.0,1,0.0,0.11,False,,completed,0.82
APP000398,CAN01203,JOB00292,2025-07-18,1,2,4,6,0.8620689655172414,0.1276595744680851,4.0,3,1.0,0.11,False,,completed,0.82
APP000399,CAN01856,JOB00028,2025-07-18,1,1,2,3,0.8620689655172414,0.0,2.0,1,1.0,0.05,True,2025-07-20,withdrawn_after_schedule,
APP000400,CAN00078,JOB00017,2025-07-19,2,2,6,8,0.8620689655172414,0.09375,4.0,4,0.0,0.11000000000000001,False,,completed,0.82
APP000401,CAN01554,JOB00281,2025-07-18,1,1,5,6,0.8620689655172414,0.05,3.0,3,0.0,0.09000000000000001,False,,completed,0.82
APP000402,CAN00086,JOB00112,2025-07-19,1,4,4,8,0.8620689655172414,0.0,2.0,2,0.0,0.09,False,,completed,0.82
APP000404,CAN00763,JOB00320,2025-07-19,1,1,6,7,0.8620689655172414,0.0425531914893617,3.0,3,0.0,0.09,False,,completed,0.82
APP000405,CAN01251,JOB00011,2025-07-22,3,3,2,5,0.8620689655172414,0.0,1.0,1,0.0,0.09000000000000001,False,,completed,0.82
APP000407,CAN00987,JOB00072,2025-07-21,1,1,5,6,0.8620689655172414,0.48333333333333334,3.0,2,1.0,0.13,False,,completed,0.82
APP000408,CAN01251,JOB00028,2025-07-22,2,4,7,11,0.8620689655172414,0.0,1.0,1,0.0,0.11,False,,completed,0.82
APP000409,CAN01761,JOB00137,2025-07-21,1,2,5,7,0.8620689655172414,0.08823529411764706,5.0,4,1.0,0.11000000000000001,True,2025-07-22,withdrawn_before_schedule,
APP000410,CAN00671,JOB00340,2025-07-21,1,3,6,9,0.8620689655172414,0.0,1.0,1,0.0,0.11,False,,completed,0.82
APP000411,CAN00901,JOB00200,2025-07-21,1,2,7,9,0.8620689655172414,0.1724137931034483,1.0,1,0.0,0.16999999999999998,False,,completed,0.82
APP000412,CAN00223,JOB00049,2025-07-21,1,1,7,8,0.8620689655172414,0.0,2.0,2,0.0,0.09,False,,completed,0.82
APP000414,CAN01905,JOB00281,2025-07-23,2,1,4,5,0.8620689655172414,0.0,2.0,3,-1.0,0.07,True,2025-07-28,withdrawn_after_schedule,
APP000416,CAN01847,JOB00306,2025-07-23,1,4,7,11,0.8620689655172414,0.03333333333333333,4.0,4,0.0,0.11,False,,completed,0.82
APP000417,CAN00122,JOB00199,2025-07-24,2,2,7,9,0.8620689655172414,0.04081632653061224,4.0,4,0.0,0.11,False,,completed,0.82
APP000418,CAN00728,JOB00068,2025-07-24,2,3,3,6,0.8620689655172414,0.03571428571428571,1.0,1,0.0,0.07,False,,completed,0.82
APP000420,CAN01744,JOB00105,2025-07-24,2,2,4,6,0.8620689655172414,0.0,2.0,2,0.0,0.07,False,,completed,0.82
APP000421,CAN01768,JOB00028,2025-07-22,0,1,5,6,0.8620689655172414,0.0,1.0,1,0.0,0.07,False,,completed,0.82
APP000422,CAN00122,JOB00032,2025-07-26,3,3,6,9,0.8620689655172414,0.04081632653061224,4.0,4,0.0,0.13,False,,completed,0.82
APP000423,CAN00422,JOB00280,2025-07-23,0,3,4,7,0.8620689655172414,0.09836065573770492,5.0,4,1.0,0.11000000000000001,False,,completed,0.82
APP000424,CAN00799,JOB00072,2025-07-24,1,3,7,10,0.8620689655172414,0.0,2.0,2,0.0,0.11,False,,completed,0.82
APP000425,CAN01942,JOB00072,2025-07-24,1,4,3,7,0.8620689655172414,0.03125,2.0,2,0.0,0.09,False,,completed,0.82
APP000429,CAN00933,JOB00112,2025-07-25,1,2,6,8,0.8620689655172414,0.11764705882352941,3.0,2,1.0,0.13,False,,completed,0.82
APP000431,CAN01541,JOB00243,2025-07-25,1,3,5,8,0.8620689655172414,0.0,1.0,2,-1.0,0.09,False,,completed,0.72
APP000433,CAN01425,JOB00111,2025-07-27,2,1,5,6,0.8620689655172414,0.09230769230769231,4.0,4,0.0,0.09000000000000001,False,,completed,0.82
APP000437,CAN01627,JOB00079,2025-07-27,2,1,3,4,0.8620689655172414,0.01639344262295082,4.0,4,0.0,0.05,False,,completed,0.82
APP000438,CAN01776,JOB00177,2025-07-27,2,2,4,6,0.8620689655172414,0.05172413793103448,4.0,4,0.0,0.09000000000000001,False,,completed,0.82
APP000440,CAN01776,JOB00129,2025-07-27,1,1,6,7,0.8620689655172414,0.017241379310344827,4.0,4,0.0,0.09,True,2025-07-29,withdrawn_after_schedule,
APP000441,CAN00185,JOB00113,2025-07-28,2,3,7,10,0.8620689655172414,0.06451612903225806,2.0,1,1.0,0.13,False,,completed,0.82
APP000446,CAN00619,JOB00131,2025-07-28,0,4,4,8,0.8620689655172414,0.08333333333333333,3.0,3,0.0,0.11000000000000001,False,,completed,0.82
APP000448,CAN00537,JOB00161,2025-07-30,2,4,6,10,0.8620689655172414,0.0967741935483871,4.0,5,-1.0,0.13,False,,completed,0.72
APP000454,CAN01471,JOB00243,2025-08-02,3,2,5,7,1.0,0.0,2.0,2,0.0,0.11000000000000001,False,,completed,0.82
APP000455,CAN00724,JOB00178,2025-07-30,0,1,4,5,0.8620689655172414,0.0,1.0,1,0.0,0.07,False,,completed,0.82
APP000456,CAN00724,JOB00113,2025-08-01,2,1,2,3,1.0,0.0,1.0,1,0.0,0.05,False,,completed,0.82
APP000458,CAN01531,JOB00072,2025-07-30,0,1,7,8,0.8620689655172414,0.0,2.0,2,0.0,0.09,False,,completed,0.82
APP000459,CAN01761,JOB00151,2025-08-01,2,2,2,4,1.0,0.014705882352941176,5.0,4,1.0,0.05,False,,completed,0.82
APP000460,CAN01082,JOB00129,2025-07-31,0,3,6,9,0.8620689655172414,0.0,5.0,4,1.0,0.11,False,,completed,0.82
APP000461,CAN01884,JOB00222,2025-08-01,1,3,4,7,1.0,0.0,2.0,1,1.0,0.09,False,,completed,0.82
APP000462,CAN00246,JOB00011,2025-08-01,1,1,3,4,1.0,0.04,1.0,1,0.0,0.05,False,,completed,0.82
APP000463,CAN00923,JOB00160,2025-08-01,1,2,4,6,1.0,0.10344827586206896,2.0,2,0.0,0.11,False,,completed,0.82
APP000464,CAN01856,JOB00259,2025-08-02,2,4,6,10,1.0,0.0,2.0,1,1.0,0.11,False,,completed,0.82
APP000465,CAN00246,JOB00252,2025-08-03,2,3,7,10,1.0,0.04,1.0,1,0.0,0.11,False,,completed,0.82
APP000467,CAN00340,JOB00178,2025-08-02,1,1,2,3,1.0,0.0,1.0,1,0.0,0.05,False,,completed,0.82
APP000468,CAN00439,JOB00085,2025-08-02,1,1,4,5,1.0,0.0,1.0,2,-1.0,0.07,False,,completed,0.72
APP000469,CAN01650,JOB00180,2025-08-02,1,3,4,7,1.0,0.0,3.0,4,-1.0,0.09,False,,completed,0.72
APP000470,CAN00727,JOB00158,2025-08-02,0,2,7,9,1.0,0.0,3.0,3,0.0,0.11,False,,completed,0.82
APP000471,CAN00842,JOB00085,2025-08-03,1,3,7,10,1.0,0.0,2.0,2,0.0,0.11,False,,completed,0.82
APP000472,CAN01267,JOB00090,2025-08-04,2,1,7,8,1.0,0.0,1.0,1,0.0,0.09,False,,completed,0.82
APP000473,CAN00842,JOB00113,2025-08-03,0,4,3,7,1.0,0.03333333333333333,2.0,1,1.0,0.09,True,2025-08-04,withdrawn_before_schedule,
APP000474,CAN00346,JOB00224,2025-08-05,2,3,3,6,1.0,0.14893617021276595,4.0,3,1.0,0.11,False,,completed,0.82
APP000475,CAN01620,JOB00113,2025-08-03,0,3,5,8,1.0,0.0,2.0,1,1.0,0.09,False,,completed,0.82
APP000476,CAN01144,JOB00176,2025-08-05,1,1,7,8,1.0,0.125,2.0,2,0.0,0.13,False,,completed,0.82
APP000477,CAN01144,JOB00018,2025-08-05,1,3,2,5,1.0,0.09375,2.0,1,1.0,0.09000000000000001,False,,completed,0.82
APP000478,CAN01620,JOB00018,2025-08-05,1,2,6,8,1.0,0.0,2.0,1,1.0,0.09,True,2025-08-12,withdrawn_after_schedule,
APP000479,CAN00844,JOB00062,2025-08-05,1,3,2,5,1.0,0.0,2.0,2,0.0,0.07,False,,completed,0.82
APP000480,CAN00844,JOB00350,2025-08-05,1,4,2,6,1.0,0.0,2.0,2,0.0,0.07,False,,completed,0.82
APP000484,CAN00844,JOB00243,2025-08-05,0,1,4,5,1.0,0.0,2.0,2,0.0,0.07,False,,completed,0.82
APP000488,CAN00877,JOB00342,2025-08-07,2,2,4,6,1.0,0.0,2.0,3,-1.0,0.07,False,,completed,0.72
APP000490,CAN01363,JOB00011,2025-08-09,3,4,3,7,1.0,0.0,1.0,1,0.0,0.11000000000000001,False,,completed,0.82
APP000493,CAN00333,JOB00072,2025-08-08,1,1,3,4,1.0,0.0,2.0,2,0.0,0.05,False,,completed,0.82
APP000494,CAN01744,JOB00162,2025-08-09,2,3,5,8,1.0,0.0,2.0,2,0.0,0.09,False,,completed,0.82
APP000497,CAN01617,JOB00147,2025-08-09,1,2,2,4,1.0,0.0,3.0,4,-1.0,0.05,False,,completed,0.72
APP000498,CAN00799,JOB00311,2025-08-08,0,1,4,5,1.0,0.0,2.0,2,0.0,0.07,False,,completed,0.82
APP000499,CAN01321,JOB00340,2025-08-09,1,1,6,7,1.0,0.2571428571428571,2.0,1,1.0,0.15,False,,completed,0.82
APP000500,CAN01463,JOB00072,2025-08-09,1,2,2,4,1.0,0.0,3.0,2,1.0,0.05,True,2025-08-13,withdrawn_after_schedule,
APP000501,CAN00661,JOB00069,2025-08-10,1,4,6,10,1.0,0.1206896551724138,3.0,3,0.0,0.15,False,,completed,0.82
APP000503,CAN00799,JOB00062,2025-08-09,0,4,3,7,1.0,0.0,2.0,2,0.0,0.09,False,,completed,0.82
APP000504,CAN00799,JOB00350,2025-08-11,2,3,7,10,1.0,0.0,2.0,2,0.0,0.11,False,,completed,0.82
APP000506,CAN00316,JOB00311,2025-08-10,0,2,5,7,1.0,0.05714285714285714,2.0,2,0.0,0.11000000000000001,False,,completed,0.82
APP000509,CAN01094,JOB00278,2025-08-12,1,4,5,9,1.0,0.0,1.0,2,-1.0,0.11,False,,completed,0.72
APP000511,CAN00816,JOB00036,2025-08-12,0,4,6,10,1.0,0.0,3.0,3,0.0,0.11,True,2025-08-21,withdrawn_after_schedule,
APP000513,CAN01425,JOB00180,2025-08-13,1,3,7,10,1.0,0.07692307692307693,4.0,4,0.0,0.13,False,,completed,0.82
APP000514,CAN00387,JOB00062,2025-08-13,1,1,3,4,1.0,0.058823529411764705,3.0,2,1.0,0.07,False,,completed,0.82
APP000516,CAN01261,JOB00082,2025-08-12,0,1,6,7,1.0,0.08571428571428572,4.0,4,0.0,0.11000000000000001,False,,completed,0.82
APP000517,CAN01261,JOB00151,2025-08-13,1,3,4,7,1.0,0.04285714285714286,4.0,4,0.0,0.09,False,,completed,0.82
APP000518,CAN00244,JOB00090,2025-08-15,3,4,6,10,1.0,0.0,1.0,1,0.0,0.13,False,,completed,0.82
APP000519,CAN01884,JOB00049,2025-08-15,2,2,5,7,1.0,0.0,2.0,2,0.0,0.09,False,,completed,0.82
APP000520,CAN01092,JOB00072,2025-08-14,1,4,7,11,1.0,0.0,2.0,2,0.0,0.11,True,2025-08-20,withdrawn_after_schedule,
APP000521,CAN00724,JOB00085,2025-08-14,0,2,3,5,1.0,0.0,1.0,2,-1.0,0.07,False,,completed,0.72
APP000523,CAN01016,JOB00009,2025-08-15,1,4,4,8,1.0,0.0,3.0,2,1.0,0.09,False,,completed,0.82
APP000524,CAN00340,JOB00340,2025-08-15,0,2,7,9,1.0,0.0,1.0,1,0.0,0.11,False,,completed,0.82
APP000526,CAN00548,JOB00235,2025-08-17,2,3,6,9,1.0,0.08955223880597014,4.0,4,0.0,0.13,False,,completed,0.82
APP000527,CAN01585,JOB00342,2025-08-16,1,2,2,4,1.0,0.0,2.0,3,-1.0,0.05,False,,completed,0.72
APP000528,CAN01585,JOB00276,2025-08-18,3,1,6,7,1.0,0.0,2.0,3,-1.0,0.11000000000000001,False,,completed,0.72
APP000529,CAN01617,JOB00097,2025-08-18,3,1,5,6,1.0,0.0,3.0,4,-1.0,0.09000000000000001,False,,completed,0.72
APP000531,CAN00548,JOB00151,2025-08-18,2,2,7,9,1.0,0.0,4.0,4,0.0,0.11,False,,completed,0.82
APP000532,CAN01617,JOB00108,2025-08-18,2,2,7,9,1.0,0.0,3.0,3,0.0,0.11,True,2025-08-26,withdrawn_after_schedule,
APP000533,CAN00727,JOB00304,2025-08-18,2,3,6,9,1.0,0.037037037037037035,3.0,3,0.0,0.11,True,2025-08-24,withdrawn_after_schedule,
APP000535,CAN00360,JOB00028,2025-08-19,2,2,7,9,1.0,0.0,1.0,1,0.0,0.11,False,,completed,0.82
APP000536,CAN01372,JOB00079,2025-08-18,1,2,6,8,1.0,0.0,4.0,4,0.0,0.09,False,,completed,0.82
APP000537,CAN01372,JOB00180,2025-08-20,3,2,7,9,1.0,0.0,4.0,4,0.0,0.13,False,,completed,0.82
APP000538,CAN01396,JOB00018,2025-08-17,0,3,7,10,1.0,0.0,1.0,1,0.0,0.11,True,2025-08-21,withdrawn_after_schedule,
APP000539,CAN01662,JOB00131,2025-08-17,0,2,4,6,1.0,0.0,3.0,3,0.0,0.07,False,,completed,0.82
APP000541,CAN00928,JOB00261,2025-08-19,1,2,6,8,1.0,0.0,2.0,3,-1.0,0.09,False,,completed,0.72
APP000542,CAN01396,JOB00178,2025-08-20,2,3,7,10,1.0,0.0,1.0,1,0.0,0.11,False,,completed,0.82
APP000543,CAN01001,JOB00167,2025-08-20,2,4,7,11,1.0,0.13114754098360656,4.0,4,0.0,0.15,False,,completed,0.82
APP000545,CAN01744,JOB00072,2025-08-21,3,4,4,8,1.0,0.0,2.0,2,0.0,0.11000000000000001,False,,completed,0.82
APP000547,CAN01463,JOB00163,2025-08-19,0,1,7,8,1.0,0.0,3.0,2,1.0,0.09,False,,completed,0.82
APP000549,CAN00981,JOB00200,2025-08-21,1,4,6,10,1.0,0.0,1.0,1,0.0,0.11,False,,completed,0.82
APP000553,CAN00724,JOB00090,2025-08-23,2,3,6,9,1.0,0.0,1.0,1,0.0,0.11,True,2025-08-24,withdrawn_before_schedule,
APP000555,CAN00869,JOB00131,2025-08-21,0,3,5,8,1.0,0.0,3.0,3,0.0,0.09,False,,completed,0.82
APP000556,CAN00844,JOB00162,2025-08-22,1,4,4,8,1.0,0.0,2.0,2,0.0,0.09,False,,completed,0.82
APP000557,CAN01585,JOB00052,2025-08-25,4,1,2,3,1.0,0.11627906976744186,2.0,2,0.0,0.11,True,2025-08-26,withdrawn_after_schedule,
APP000558,CAN00993,JOB00176,2025-08-22,0,3,5,8,1.0,0.0,1.0,2,-1.0,0.09,False,,completed,0.72
APP000561,CAN01463,JOB00350,2025-08-23,0,1,6,7,1.0,0.0,3.0,2,1.0,0.09,False,,completed,0.82
APP000562,CAN01202,JOB00273,2025-08-25,1,3,3,6,1.0,0.0,,1,,0.07,False,,completed,0.6
APP000563,CAN01628,JOB00295,2025-08-24,0,3,5,8,1.0,0.0,3.0,3,0.0,0.09,False,,completed,0.82
APP000566,CAN00228,JOB00108,2025-08-25,0,2,3,5,1.0,0.022222222222222223,4.0,3,1.0,0.07,False,,completed,0.82
APP000567,CAN01026,JOB00043,2025-08-26,1,1,6,7,1.0,0.047619047619047616,4.0,5,-1.0,0.09,False,,completed,0.72
APP000570,CAN00492,JOB00248,2025-08-27,1,3,7,10,1.0,0.029411764705882353,2.0,2,0.0,0.11,False,,completed,0.82
APP000573,CAN01914,JOB00299,2025-08-27,1,4,6,10,1.0,0.13636363636363635,3.0,3,0.0,0.15,False,,completed,0.82
APP000574,CAN00730,JOB00299,2025-08-28,2,4,7,11,1.0,0.32142857142857145,3.0,3,0.0,0.16999999999999998,False,,completed,0.82
APP000575,CAN00487,JOB00006,2025-08-29,2,1,6,7,1.0,0.08955223880597014,4.0,4,0.0,0.11000000000000001,True,2025-09-04,withdrawn_after_schedule,
APP000576,CAN01914,JOB00192,2025-08-27,0,1,7,8,1.0,0.06818181818181818,3.0,3,0.0,0.11000000000000001,False,,completed,0.82
APP000577,CAN00213,JOB00077,2025-08-30,2,3,6,9,1.0,0.07936507936507936,4.0,4,0.0,0.13,False,,completed,0.82
APP000579,CAN01721,JOB00005,2025-08-31,2,3,3,6,1.0,0.16666666666666666,4.0,4,0.0,0.13,False,,completed,0.82
APP000582,CAN00639,JOB00349,2025-08-31,2,1,4,5,1.0,0.0,1.0,1,0.0,0.07,False,,completed,0.82
APP000583,CAN01356,JOB00095,2025-08-31,1,2,6,8,1.0,0.0,3.0,3,0.0,0.09,False,,completed,0.82
APP000585,CAN00561,JOB00179,2025-09-01,2,3,6,9,1.1506352087114338,0.2564102564102564,3.0,3,0.0,0.16999999999999998,False,,completed,0.82
APP000587,CAN00664,JOB00085,2025-08-31,1,1,6,7,1.0,0.0,1.0,2,-1.0,0.09,False,,completed,0.72
APP000591,CAN00928,JOB00108,2025-08-31,0,4,2,6,1.0,0.0,2.0,3,-1.0,0.07,False,,completed,0.72
APP000593,CAN01644,JOB00108,2025-09-03,2,2,3,5,1.1506352087114338,0.0,3.0,3,0.0,0.07,False,,completed,0.82
APP000594,CAN00981,JOB00271,2025-09-02,1,1,6,7,1.1506352087114338,0.0,1.0,1,0.0,0.09,False,,completed,0.82
APP000596,CAN01902,JOB00124,2025-09-04,2,1,4,5,1.1506352087114338,0.078125,3.0,3,0.0,0.09000000000000001,False,,completed,0.82
APP000597,CAN00051,JOB00095,2025-09-03,1,2,3,5,1.1506352087114338,0.0,3.0,3,0.0,0.07,False,,completed,0.82
APP000598,CAN00981,JOB00018,2025-09-02,0,2,3,5,1.1506352087114338,0.0,1.0,1,0.0,0.07,False,,completed,0.82
APP000599,CAN01256,JOB00243,2025-09-03,1,5,2,7,1.1506352087114338,0.058823529411764705,3.0,2,1.0,0.11000000000000001,False,,completed,0.82
APP000600,CAN01256,JOB00062,2025-09-03,1,2,7,9,1.1506352087114338,0.058823529411764705,3.0,2,1.0,0.13,False,,completed,0.82
APP000601,CAN01420,JOB00144,2025-09-02,0,3,5,8,1.1506352087114338,0.0,1.0,1,0.0,0.09,False,,completed,0.82
APP000602,CAN00614,JOB00225,2025-09-06,4,3,4,7,1.1506352087114338,0.1111111111111111,1.0,1,0.0,0.15,False,,completed,0.82
APP000604,CAN01420,JOB00214,2025-09-05,2,4,4,8,1.1506352087114338,0.0,1.0,1,0.0,0.09,False,,completed,0.82
APP000605,CAN00213,JOB00180,2025-09-05,2,4,2,6,1.1506352087114338,0.047619047619047616,4.0,4,0.0,0.07,False,,completed,0.82
APP000607,CAN00993,JOB00018,2025-09-07,4,3,4,7,1.1506352087114338,0.0,1.0,1,0.0,0.11000000000000001,True,2025-09-13,withdrawn_after_schedule,
APP000609,CAN01788,JOB00005,2025-09-06,3,1,2,3,1.1506352087114338,0.1,4.0,4,0.0,0.11,False,,completed,0.82
APP000610,CAN00727,JOB00294,2025-09-06,3,5,5,10,1.1506352087114338,0.0,3.0,4,-1.0,0.13,False,,completed,0.72
APP000611,CAN00745,JOB00009,2025-09-08,4,2,4,6,1.1506352087114338,0.08695652173913043,3.0,2,1.0,0.11000000000000001,False,,completed,0.82
APP000612,CAN01788,JOB00302,2025-09-08,4,4,5,9,1.1506352087114338,0.14,4.0,3,1.0,0.16999999999999998,False,,completed,0.82
APP000615,CAN01091,JOB00312,2025-09-05,1,1,6,7,1.1506352087114338,0.3,1.0,1,0.0,0.15,False,,completed,0.82
APP000617,CAN01428,JOB00338,2025-09-08,4,5,6,11,1.1506352087114338,0.0,3.0,3,0.0,0.13,False,,completed,0.82
APP000618,CAN00164,JOB00079,2025-09-08,3,4,4,8,1.1506352087114338,0.03225806451612903,4.0,4,0.0,0.11000000000000001,False,,completed,0.82
APP000619,CAN01469,JOB00107,2025-09-06,1,4,4,8,1.1506352087114338,0.0,1.0,1,0.0,0.09,False,,completed,0.82
APP000620,CAN00194,JOB00312,2025-09-08,3,2,4,6,1.1506352087114338,0.0,1.0,1,0.0,0.09000000000000001,False,,completed,0.82
APP000621,CAN00728,JOB00312,2025-09-07,2,5,5,10,1.1506352087114338,0.0,1.0,1,0.0,0.11,False,,completed,0.82
APP000622,CAN00752,JOB00302,2025-09-08,3,2,3,5,1.1506352087114338,0.0851063829787234,3.0,3,0.0,0.11000000000000001,False,,completed,0.82
APP000623,CAN01742,JOB00125,2025-09-09,3,1,2,3,1.1506352087114338,0.0,1.0,1,0.0,0.07,True,2025-09-11,withdrawn_after_schedule,
APP000624,CAN01742,JOB00259,2025-09-08,2,3,3,6,1.1506352087114338,0.04,1.0,1,0.0,0.07,False,,completed,0.82
APP000626,CAN00487,JOB00035,2025-09-09,2,5,4,9,1.1506352087114338,0.05970149253731343,4.0,4,0.0,0.13,False,,completed,0.82
APP000629,CAN00422,JOB00118,2025-09-09,2,4,4,8,1.1506352087114338,0.06557377049180328,5.0,5,0.0,0.11000000000000001,False,,completed,0.82
APP000630,CAN00939,JOB00228,2025-09-10,3,4,6,10,1.1506352087114338,0.0,2.0,2,0.0,0.13,False,,completed,0.82
APP000633,CAN01915,JOB00085,2025-09-08,1,5,3,8,1.1506352087114338,0.0,1.0,2,-1.0,0.09,False,,completed,0.72
APP000634,CAN00126,JOB00064,2025-09-10,2,3,2,5,1.1506352087114338,0.0,1.0,1,0.0,0.07,False,,completed,0.82
APP000635,CAN00492,JOB00071,2025-09-08,0,4,4,8,1.1506352087114338,0.17647058823529413,2.0,2,0.0,0.15,False,,completed,0.82
APP000636,CAN01213,JOB00311,2025-09-09,1,1,4,5,1.1506352087114338,0.0,3.0,2,1.0,0.07,False,,completed,0.82
APP000639,CAN00287,JOB00079,2025-09-09,1,3,3,6,1.1506352087114338,0.0,4.0,4,0.0,0.07,False,,completed,0.82
APP000640,CAN00724,JOB00099,2025-09-14,6,4,2,6,1.1506352087114338,0.0,1.0,1,0.0,0.12000000000000001,False,,completed,0.82
APP000641,CAN01079,JOB00064,2025-09-10,2,4,3,7,1.1506352087114338,0.07692307692307693,1.0,1,0.0,0.11000000000000001,False,,completed,0.82
APP000642,CAN00287,JOB00329,2025-09-10,1,6,2,8,1.1506352087114338,0.017241379310344827,4.0,4,0.0,0.09,False,,completed,0.82
APP000643,CAN00333,JOB00062,2025-09-10,1,5,3,8,1.1506352087114338,0.0,2.0,2,0.0,0.09,False,,completed,0.82
APP000644,CAN00735,JOB00108,2025-09-11,2,6,4,10,1.1506352087114338,0.043478260869565216,3.0,3,0.0,0.11,False,,completed,0.82
APP000645,CAN01341,JOB00198,2025-09-13,4,3,6,9,1.1506352087114338,0.0,3.0,3,0.0,0.13,False,,completed,0.82
APP000646,CAN00817,JOB00198,2025-09-12,3,3,7,10,1.1506352087114338,0.0,3.0,3,0.0,0.13,True,2025-09-22,withdrawn_after_schedule,
APP000647,CAN01911,JOB00228,2025-09-11,2,2,3,5,1.1506352087114338,0.0,,2,,0.07,False,,completed,0.6
APP000648,CAN01142,JOB00073,2025-09-13,3,1,2,3,1.1506352087114338,0.0851063829787234,4.0,3,1.0,0.09000000000000001,False,,completed,0.82
APP000649,CAN01341,JOB00095,2025-09-11,1,4,7,11,1.1506352087114338,0.0,4.0,3,1.0,0.11,False,,completed,0.82
APP000650,CAN01440,JOB00009,2025-09-13,3,3,5,8,1.1506352087114338,0.0,2.0,2,0.0,0.11000000000000001,False,,completed,0.82
APP000651,CAN00973,JOB00104,2025-09-14,4,3,2,5,1.1506352087114338,0.078125,4.0,4,0.0,0.11000000000000001,False,,completed,0.82
APP000652,CAN00973,JOB00079,2025-09-11,1,3,2,5,1.1506352087114338,0.0625,4.0,4,0.0,0.09000000000000001,False,,completed,0.82
APP000653,CAN01389,JOB00123,2025-09-14,4,3,4,7,1.1506352087114338,0.09302325581395349,3.0,3,0.0,0.13,False,,completed,0.82
APP000654,CAN00665,JOB00064,2025-09-13,2,5,6,11,1.1506352087114338,0.04,1.0,1,0.0,0.11,False,,completed,0.82
APP000656,CAN01644,JOB00060,2025-09-14,3,4,5,9,1.1506352087114338,0.0,3.0,3,0.0,0.13,False,,completed,0.82
APP000658,CAN01202,JOB00025,2025-09-13,1,1,4,5,1.1506352087114338,0.0,1.0,1,0.0,0.07,False,,completed,0.82
APP000659,CAN01251,JOB00313,2025-09-16,4,2,4,6,1.1506352087114338,0.0,,2,,0.09000000000000001,False,,completed,0.6
APP000660,CAN00600,JOB00311,2025-09-14,1,6,2,8,1.1506352087114338,0.0,2.0,2,0.0,0.09,False,,completed,0.82
APP000663,CAN01503,JOB00172,2025-09-15,2,3,7,10,1.1506352087114338,0.08333333333333333,4.0,3,1.0,0.13,False,,completed,0.82
APP000664,CAN00820,JOB00071,2025-09-16,3,4,6,10,1.1506352087114338,0.06666666666666667,1.0,2,-1.0,0.15000000000000002,True,2025-09-26,withdrawn_after_schedule,
APP000665,CAN01890,JOB00340,2025-09-14,1,4,4,8,1.1506352087114338,0.0,1.0,1,0.0,0.09,False,,completed,0.82
APP000666,CAN00695,JOB00349,2025-09-17,4,2,7,9,1.1506352087114338,0.0,1.0,1,0.0,0.13,True,2025-09-24,withdrawn_after_schedule,
APP000667,CAN00799,JOB00212,2025-09-14,1,2,2,4,1.1506352087114338,0.06451612903225806,2.0,2,0.0,0.07,False,,completed,0.82
APP000668,CAN01888,JOB00163,2025-09-17,3,2,3,5,1.1506352087114338,0.03125,2.0,2,0.0,0.09000000000000001,False,,completed,0.82
APP000669,CAN00531,JOB00281,2025-09-17,3,4,6,10,1.1506352087114338,0.05,3.0,3,0.0,0.15000000000000002,False,,completed,0.82
APP000670,CAN00531,JOB00192,2025-09-15,0,2,7,9,1.1506352087114338,0.0,3.0,3,0.0,0.11,False,,completed,0.82
APP000671,CAN00411,JOB00243,2025-09-21,6,4,6,10,1.1506352087114338,0.0,2.0,2,0.0,0.16,False,,completed,0.82
APP000672,CAN00411,JOB00166,2025-09-16,1,4,3,7,1.1506352087114338,0.03125,2.0,3,-1.0,0.09,False,,completed,0.72
APP000676,CAN01333,JOB00024,2025-09-18,2,3,7,10,1.1506352087114338,0.0,1.0,1,0.0,0.11,False,,completed,0.82
APP000677,CAN00638,JOB00284,2025-09-18,1,4,3,7,1.1506352087114338,0.2777777777777778,3.0,3,0.0,0.15,False,,completed,0.82
APP000678,CAN01333,JOB00214,2025-09-19,2,3,5,8,1.1506352087114338,0.0,1.0,1,0.0,0.09,False,,completed,0.82
APP000680,CAN00522,JOB00214,2025-09-20,3,3,3,6,1.1506352087114338,0.0,1.0,1,0.0,0.09000000000000001,False,,completed,0.82
APP000681,CAN01157,JOB00154,2025-09-20,3,4,3,7,1.1506352087114338,0.0,4.0,4,0.0,0.11000000000000001,False,,completed,0.82
APP000683,CAN01014,JOB00025,2025-09-19,1,2,4,6,1.1506352087114338,0.0,1.0,1,0.0,0.07,False,,completed,0.82
APP000684,CAN01014,JOB00291,2025-09-20,2,4,6,10,1.1506352087114338,0.0,1.0,1,0.0,0.11,False,,completed,0.82
APP000686,CAN01631,JOB00156,2025-09-21,3,3,5,8,1.1506352087114338,0.07575757575757576,4.0,4,0.0,0.13,False,,completed,0.82
APP000688,CAN00715,JOB00317,2025-09-19,0,4,3,7,1.1506352087114338,0.02127659574468085,3.0,3,0.0,0.09,False,,completed,0.82
APP000689,CAN01766,JOB00017,2025-09-21,2,3,3,6,1.1506352087114338,0.0,4.0,4,0.0,0.07,False,,completed,0.82
APP000690,CAN01839,JOB00085,2025-09-22,3,3,2,5,1.1506352087114338,0.0,2.0,2,0.0,0.09000000000000001,False,,completed,0.82
APP000691,CAN01857,JOB00100,2025-09-23,4,3,6,9,1.1506352087114338,0.09836065573770492,4.0,4,0.0,0.15000000000000002,False,,completed,0.82
APP000695,CAN00735,JOB00295,2025-09-21,1,3,4,7,1.1506352087114338,0.043478260869565216,3.0,3,0.0,0.09,False,,completed,0.82
APP000699,CAN00257,JOB00172,2025-09-22,1,2,3,5,1.1506352087114338,0.06382978723404255,3.0,3,0.0,0.09000000000000001,False,,completed,0.82
APP000700,CAN00973,JOB00244,2025-09-24,3,2,2,4,1.1506352087114338,0.015625,4.0,4,0.0,0.07,False,,completed,0.82
APP000701,CAN01410,JOB00179,2025-09-25,4,3,6,9,1.1506352087114338,0.17142857142857143,3.0,3,0.0,0.19,False,,completed,0.82
APP000704,CAN01908,JOB00192,2025-09-23,2,2,2,4,1.1506352087114338,0.023809523809523808,3.0,3,0.0,0.05,False,,completed,0.82
APP000707,CAN01503,JOB00020,2025-09-24,2,2,3,5,1.1506352087114338,0.16666666666666666,4.0,3,1.0,0.13,False,,completed,0.82
APP000708,CAN01902,JOB00175,2025-09-24,2,1,6,7,1.1506352087114338,0.0,3.0,4,-1.0,0.09,False,,completed,0.72
APP000709,CAN01286,JOB00304,2025-09-24,2,2,5,7,1.1506352087114338,0.10344827586206896,3.0,3,0.0,0.13,False,,completed,0.82
APP000710,CAN01046,JOB00338,2025-09-26,3,1,4,5,1.1506352087114338,0.1,4.0,3,1.0,0.13,True,2025-09-30,withdrawn_after_schedule,
APP000715,CAN00821,JOB00095,2025-09-24,0,1,3,4,1.1506352087114338,0.023255813953488372,2.0,3,-1.0,0.05,False,,completed,0.72
APP000716,CAN00627,JOB00099,2025-09-26,2,3,4,7,1.1506352087114338,0.03571428571428571,1.0,1,0.0,0.09,False,,completed,0.82
APP000717,CAN00915,JOB00198,2025-09-27,3,5,4,9,1.1506352087114338,0.17307692307692307,3.0,3,0.0,0.19,False,,completed,0.82
APP000720,CAN00228,JOB00147,2025-09-26,1,3,4,7,1.1506352087114338,0.0,4.0,4,0.0,0.09,False,,completed,0.82
APP000721,CAN00522,JOB00024,2025-09-27,2,3,5,8,1.1506352087114338,0.0,1.0,1,0.0,0.09,False,,completed,0.82
APP000722,CAN01720,JOB00025,2025-09-30,5,4,4,8,1.1506352087114338,0.0,1.0,1,0.0,0.14,False,,completed,0.82
APP000723,CAN01861,JOB00295,2025-09-26,1,3,7,10,1.1506352087114338,0.022222222222222223,3.0,3,0.0,0.11,False,,completed,0.82
APP000724,CAN00522,JOB00098,2025-10-01,5,3,7,10,1.2921960072595282,0.0,1.0,1,0.0,0.16,False,,completed,0.82
APP000725,CAN01861,JOB00147,2025-09-27,1,2,7,9,1.1506352087114338,0.0,3.0,4,-1.0,0.11,False,,completed,0.72
APP000727,CAN01157,JOB00118,2025-09-27,1,4,4,8,1.1506352087114338,0.03389830508474576,4.0,5,-1.0,0.09,False,,completed,0.72
APP000728,CAN01585,JOB00341,2025-09-29,3,1,5,6,1.1506352087114338,0.046511627906976744,3.0,3,0.0,0.09000000000000001,False,,completed,0.82
APP000729,CAN01157,JOB00339,2025-09-29,2,3,7,10,1.1506352087114338,0.01694915254237288,4.0,4,0.0,0.11,False,,completed,0.82
APP000730,CAN00618,JOB00291,2025-09-29,2,1,4,5,1.1506352087114338,0.0,1.0,1,0.0,0.07,False,,completed,0.82
APP000731,CAN00794,JOB00252,2025-09-30,3,7,4,11,1.1506352087114338,0.0,1.0,1,0.0,0.13,False,,completed,0.82
APP000734,CAN01507,JOB00349,2025-10-01,4,2,5,7,1.2921960072595282,0.0,1.0,1,0.0,0.11000000000000001,False,,completed,0.82
APP000736,CAN01459,JOB00099,2025-09-29,1,3,6,9,1.1506352087114338,0.0,1.0,1,0.0,0.11,False,,completed,0.82
APP000737,CAN01043,JOB00338,2025-09-30,2,4,3,7,1.1506352087114338,0.0425531914893617,3.0,3,0.0,0.09,False,,completed,0.82
APP000738,CAN01319,JOB00006,2025-09-29,1,3,3,6,1.1506352087114338,0.14084507042253522,5.0,4,1.0,0.11,False,,completed,0.82
APP000740,CAN00742,JOB00228,2025-10-05,6,4,4,8,1.2921960072595282,0.0,2.0,2,0.0,0.14,True,2025-10-09,withdrawn_after_schedule,
APP000741,CAN01043,JOB00032,2025-10-03,4,3,3,6,1.2921960072595282,0.0,3.0,4,-1.0,0.09000000000000001,False,,completed,0.72
APP000746,CAN01888,JOB00062,2025-10-01,1,2,2,4,1.2921960072595282,0.0,2.0,2,0.0,0.05,False,,completed,0.82
APP000749,CAN00434,JOB00102,2025-10-02,2,2,5,7,1.2921960072595282,0.0,1.0,1,0.0,0.09,False,,completed,0.82
APP000750,CAN01356,JOB00191,2025-10-03,3,3,5,8,1.2921960072595282,0.0,3.0,3,0.0,0.11000000000000001,False,,completed,0.82
APP000751,CAN00213,JOB00155,2025-10-02,2,3,2,5,1.2921960072595282,0.047619047619047616,4.0,4,0.0,0.07,False,,completed,0.82
APP000752,CAN00082,JOB00117,2025-10-04,3,3,6,9,1.2921960072595282,0.0,2.0,3,-1.0,0.13,False,,completed,0.72
APP000753,CAN00551,JOB00194,2025-10-02,1,4,6,10,1.2921960072595282,0.0,1.0,1,0.0,0.11,False,,completed,0.82
APP000755,CAN00664,JOB00099,2025-10-04,3,1,6,7,1.2921960072595282,0.06896551724137931,1.0,1,0.0,0.13,False,,completed,0.82
APP000760,CAN01082,JOB00029,2025-10-03,1,3,4,7,1.2921960072595282,0.5094339622641509,,1,,0.15,True,2025-10-08,withdrawn_after_schedule,
APP000761,CAN00985,JOB00108,2025-10-07,4,3,7,10,1.2921960072595282,0.043478260869565216,3.0,3,0.0,0.13,False,,completed,0.82
APP000762,CAN00195,JOB00185,2025-10-06,3,3,2,5,1.2921960072595282,0.0,1.0,1,0.0,0.09000000000000001,False,,completed,0.82
APP000764,CAN01188,JOB00251,2025-10-05,2,4,7,11,1.2921960072595282,0.0,5.0,4,1.0,0.11,False,,completed,0.82
APP000765,CAN01310,JOB00055,2025-10-06,3,3,2,5,1.2921960072595282,0.0,4.0,5,-1.0,0.09000000000000001,False,,completed,0.72
APP000769,CAN01086,JOB00125,2025-10-06,2,1,2,3,1.2921960072595282,0.0,1.0,1,0.0,0.05,False,,completed,0.82
APP000770,CAN01188,JOB00008,2025-10-06,2,2,6,8,1.2921960072595282,0.0,5.0,4,1.0,0.09,False,,completed,0.82
APP000771,CAN01763,JOB00198,2025-10-06,2,2,6,8,1.2921960072595282,0.0851063829787234,3.0,3,0.0,0.11000000000000001,False,,completed,0.82
APP000772,CAN00237,JOB00243,2025-10-08,4,2,7,9,1.2921960072595282,0.0,2.0,2,0.0,0.13,True,2025-10-16,withdrawn_after_schedule,
APP000773,CAN01759,JOB00212,2025-10-05,1,2,7,9,1.2921960072595282,0.17142857142857143,3.0,2,1.0,0.16999999999999998,False,,completed,0.82
APP000775,CAN00986,JOB00024,2025-10-09,4,1,3,4,1.2921960072595282,0.0,2.0,1,1.0,0.07,False,,completed,0.82
APP000777,CAN01759,JOB00283,2025-10-06,1,5,5,10,1.2921960072595282,0.14285714285714285,3.0,2,1.0,0.15,False,,completed,0.82
APP000778,CAN01410,JOB00313,2025-10-06,1,3,4,7,1.2921960072595282,0.08571428571428572,3.0,2,1.0,0.11000000000000001,False,,completed,0.82
APP000780,CAN01235,JOB00318,2025-10-08,3,5,2,7,1.2921960072595282,0.0,1.0,1,0.0,0.11000000000000001,False,,completed,0.82
APP000784,CAN01902,JOB00006,2025-10-08,2,4,3,7,1.2921960072595282,0.046875,3.0,4,-1.0,0.09,True,2025-10-09,withdrawn_before_schedule,
APP000785,CAN01670,JOB00001,2025-10-08,2,5,5,10,1.2921960072595282,0.08823529411764706,2.0,3,-1.0,0.13,False,,completed,0.72
APP000787,CAN01188,JOB00055,2025-10-11,5,2,3,5,1.2921960072595282,0.0,5.0,5,0.0,0.12000000000000001,False,,completed,0.82
APP000789,CAN00281,JOB00150,2025-10-08,1,5,2,7,1.2921960072595282,0.13043478260869565,3.0,2,1.0,0.13,True,2025-10-12,withdrawn_before_schedule,
APP000790,CAN01319,JOB00175,2025-10-11,4,2,7,9,1.2921960072595282,0.09859154929577464,5.0,4,1.0,0.15000000000000002,False,,completed,0.82
APP000792,CAN00041,JOB00104,2025-10-09,2,3,6,9,1.2921960072595282,0.0,3.0,4,-1.0,0.11,False,,completed,0.72
APP000793,CAN00428,JOB00127,2025-10-11,4,2,3,5,1.2921960072595282,0.13725490196078433,4.0,3,1.0,0.13,False,,completed,0.82
APP000796,CAN01014,JOB00029,2025-10-12,4,2,2,4,1.2921960072595282,0.0,1.0,1,0.0,0.07,False,,completed,0.82
APP000797,CAN00477,JOB00302,2025-10-12,4,2,6,8,1.2921960072595282,0.0,3.0,3,0.0,0.11000000000000001,False,,completed,0.82
APP000800,CAN00477,JOB00127,2025-10-12,3,3,2,5,1.2921960072595282,0.0,3.0,3,0.0,0.09000000000000001,False,,completed,0.82
APP000803,CAN01940,JOB00126,2025-10-12,3,5,7,12,1.2921960072595282,0.08888888888888889,4.0,3,1.0,0.15000000000000002,True,2025-10-16,withdrawn_before_schedule,
APP000804,CAN00481,JOB00102,2025-10-12,3,4,5,9,1.2921960072595282,0.0,,1,,0.13,False,,completed,0.6
APP000805,CAN01237,JOB00062,2025-10-12,2,1,4,5,1.2921960072595282,0.0,2.0,2,0.0,0.07,False,,completed,0.82
APP000806,CAN01626,JOB00172,2025-10-12,2,3,4,7,1.2921960072595282,0.0,3.0,3,0.0,0.09,False,,completed,0.82
APP000807,CAN01898,JOB00210,2025-10-14,4,3,4,7,1.2921960072595282,0.04,1.0,1,0.0,0.11000000000000001,False,,completed,0.82
APP000810,CAN00810,JOB00269,2025-10-15,4,2,3,5,1.2921960072595282,0.0,1.0,1,0.0,0.09000000000000001,False,,completed,0.82
APP000811,CAN01892,JOB00213,2025-10-13,2,1,4,5,1.2921960072595282,0.08823529411764706,5.0,5,0.0,0.09000000000000001,False,,completed,0.82
APP000813,CAN00018,JOB00175,2025-10-15,3,2,3,5,1.2921960072595282,0.0,4.0,4,0.0,0.09000000000000001,False,,completed,0.82
APP000814,CAN01285,JOB00139,2025-10-16,4,3,6,9,1.2921960072595282,0.06521739130434782,3.0,2,1.0,0.15000000000000002,False,,completed,0.82
APP000815,CAN01285,JOB00320,2025-10-15,3,2,4,6,1.2921960072595282,0.021739130434782608,3.0,3,0.0,0.09000000000000001,False,,completed,0.82
APP000817,CAN00974,JOB00192,2025-10-16,4,3,2,5,1.2921960072595282,0.0,3.0,3,0.0,0.09000000000000001,False,,completed,0.82
APP000818,CAN01470,JOB00108,2025-10-17,5,2,2,4,1.2921960072595282,0.0,3.0,3,0.0,0.1,False,,completed,0.82
APP000823,CAN00335,JOB00304,2025-10-14,1,4,7,11,1.2921960072595282,0.0,3.0,3,0.0,0.11,False,,completed,0.82
APP000824,CAN00587,JOB00135,2025-10-13,0,4,6,10,1.2921960072595282,0.046511627906976744,3.0,3,0.0,0.11,False,,completed,0.82
APP000825,CAN01700,JOB00296,2025-10-17,4,4,4,8,1.2921960072595282,0.0967741935483871,2.0,1,1.0,0.13,False,,completed,0.82
APP000826,CAN00335,JOB00121,2025-10-16,2,1,5,6,1.2921960072595282,0.0,5.0,4,1.0,0.07,False,,completed,0.82
APP000828,CAN01333,JOB00029,2025-10-16,2,4,3,7,1.2921960072595282,0.0,1.0,1,0.0,0.09,False,,completed,0.82
APP000829,CAN00985,JOB00341,2025-10-17,2,2,6,8,1.2921960072595282,0.10869565217391304,3.0,3,0.0,0.13,False,,completed,0.82
APP000830,CAN00986,JOB00011,2025-10-18,3,3,2,5,1.2921960072595282,0.1111111111111111,2.0,1,1.0,0.13,True,2025-10-19,withdrawn_before_schedule,
APP000832,CAN00237,JOB00248,2025-10-17,2,3,5,8,1.2921960072595282,0.0,2.0,2,0.0,0.09,False,,completed,0.82
APP000838,CAN01908,JOB00103,2025-10-20,3,2,6,8,1.2921960072595282,0.0,3.0,3,0.0,0.11000000000000001,False,,completed,0.82
APP000839,CAN01908,JOB00126,2025-10-17,0,4,7,11,1.2921960072595282,0.023809523809523808,3.0,3,0.0,0.11,False,,completed,0.82
APP000841,CAN00195,JOB00248,2025-10-22,4,3,2,5,1.2921960072595282,0.0,1.0,2,-1.0,0.09000000000000001,False,,completed,0.72
APP000845,CAN00674,JOB00269,2025-10-21,2,2,5,7,1.2921960072595282,0.0,1.0,1,0.0,0.09,False,,completed,0.82
APP000846,CAN00836,JOB00349,2025-10-20,1,5,6,11,1.2921960072595282,0.0,2.0,1,1.0,0.11,False,,completed,0.82
APP000847,CAN00892,JOB00175,2025-10-20,1,5,7,12,1.2921960072595282,0.07246376811594203,4.0,4,0.0,0.13,False,,completed,0.82
APP000848,CAN00979,JOB00126,2025-10-20,1,5,6,11,1.2921960072595282,0.0,3.0,3,0.0,0.11,False,,completed,0.82
APP000851,CAN00712,JOB00103,2025-10-25,5,2,2,4,1.2921960072595282,0.0,3.0,3,0.0,0.1,False,,completed,0.82
APP000853,CAN01218,JOB00219,2025-10-26,6,5,2,7,1.2921960072595282,0.10204081632653061,4.0,4,0.0,0.18000000000000002,False,,completed,0.82
APP000854,CAN01285,JOB00009,2025-10-23,3,4,5,9,1.2921960072595282,0.08695652173913043,3.0,2,1.0,0.15000000000000002,False,,completed,0.82
APP000855,CAN01763,JOB00320,2025-10-21,1,2,2,4,1.2921960072595282,0.0425531914893617,3.0,3,0.0,0.05,False,,completed,0.82
APP000856,CAN00357,JOB00034,2025-10-24,4,1,7,8,1.2921960072595282,0.0,4.0,4,0.0,0.11000000000000001,False,,completed,0.82
APP000857,CAN01529,JOB00210,2025-10-24,4,4,5,9,1.2921960072595282,0.0,1.0,1,0.0,0.13,True,2025-10-25,withdrawn_before_schedule,
APP000860,CAN00281,JOB00172,2025-10-24,3,3,7,10,1.2921960072595282,0.043478260869565216,3.0,3,0.0,0.13,False,,completed,0.82
APP000862,CAN00069,JOB00210,2025-10-21,0,4,2,6,1.2921960072595282,0.0,1.0,1,0.0,0.07,False,,completed,0.82
APP000863,CAN01700,JOB00085,2025-10-24,3,6,4,10,1.2921960072595282,0.03225806451612903,2.0,2,0.0,0.13,False,,completed,0.82
APP000864,CAN01203,JOB00050,2025-10-24,3,3,4,7,1.2921960072595282,0.0851063829787234,4.0,2,2.0,0.13,False,,completed,0.82
APP000866,CAN01709,JOB00027,2025-10-28,6,4,3,7,1.2921960072595282,0.0,1.0,1,0.0,0.14,True,2025-10-30,withdrawn_before_schedule,
APP000868,CAN00299,JOB00048,2025-10-28,6,4,5,9,1.2921960072595282,0.0,1.0,1,0.0,0.16,True,2025-10-30,withdrawn_before_schedule,
APP000869,CAN00826,JOB00268,2025-10-26,3,2,3,5,1.2921960072595282,0.045454545454545456,3.0,4,-1.0,0.09000000000000001,False,,completed,0.72
APP000871,CAN01146,JOB00078,2025-10-26,3,4,5,9,1.2921960072595282,0.045454545454545456,3.0,3,0.0,0.13,False,,completed,0.82
APP000872,CAN01146,JOB00341,2025-10-28,5,4,4,8,1.2921960072595282,0.06818181818181818,3.0,3,0.0,0.16,False,,completed,0.82
APP000873,CAN00734,JOB00099,2025-10-24,1,3,3,6,1.2921960072595282,0.0,1.0,1,0.0,0.07,False,,completed,0.82
APP000874,CAN00976,JOB00022,2025-10-27,3,6,6,12,1.2921960072595282,0.0,3.0,4,-1.0,0.13,False,,completed,0.72
APP000875,CAN01929,JOB00160,2025-10-30,6,1,7,8,1.2921960072595282,0.037037037037037035,2.0,2,0.0,0.14,False,,completed,0.82
APP000876,CAN01940,JOB00326,2025-10-28,4,2,3,5,1.2921960072595282,0.08888888888888889,4.0,3,1.0,0.11000000000000001,False,,completed,0.82
APP000877,CAN00580,JOB00102,2025-10-28,4,4,6,10,1.2921960072595282,0.1111111111111111,2.0,1,1.0,0.16999999999999998,True,2025-11-05,withdrawn_after_schedule,
APP000878,CAN00451,JOB00102,2025-10-29,4,1,6,7,1.2921960072595282,0.0,1.0,1,0.0,0.11000000000000001,False,,completed,0.82
APP000880,CAN01319,JOB00300,2025-10-27,2,6,6,12,1.2921960072595282,0.1267605633802817,5.0,5,0.0,0.15,False,,completed,0.82
APP000883,CAN01043,JOB00317,2025-10-27,2,5,4,9,1.2921960072595282,0.02127659574468085,3.0,3,0.0,0.11,False,,completed,0.82
APP000884,CAN01043,JOB00139,2025-10-26,1,4,4,8,1.2921960072595282,0.0851063829787234,3.0,2,1.0,0.11000000000000001,False,,completed,0.82
APP000888,CAN01043,JOB00016,2025-10-29,3,1,7,8,1.2921960072595282,0.02127659574468085,3.0,3,0.0,0.11000000000000001,False,,completed,0.82
APP000889,CAN01384,JOB00024,2025-10-28,2,3,2,5,1.2921960072595282,0.0,1.0,1,0.0,0.07,False,,completed,0.82
APP000890,CAN01410,JOB00166,2025-10-29,3,3,3,6,1.2921960072595282,0.11428571428571428,3.0,3,0.0,0.13,False,,completed,0.82
APP000892,CAN01241,JOB00313,2025-10-31,4,5,5,10,1.2921960072595282,0.0,2.0,2,0.0,0.13,False,,completed,0.82
APP000894,CAN01410,JOB00062,2025-10-29,2,6,4,10,1.2921960072595282,0.08571428571428572,3.0,2,1.0,0.13,False,,completed,0.82
APP000895,CAN01410,JOB00070,2025-10-28,1,6,4,10,1.2921960072595282,0.17142857142857143,3.0,2,1.0,0.16999999999999998,False,,completed,0.82
APP000896,CAN00114,JOB00340,2025-10-28,1,4,7,11,1.2921960072595282,0.0,1.0,1,0.0,0.11,False,,completed,0.82
APP000897,CAN00974,JOB00299,2025-10-28,1,6,6,12,1.2921960072595282,0.05,3.0,3,0.0,0.13,False,,completed,0.82
APP000901,CAN00008,JOB00166,2025-10-31,3,4,5,9,1.2921960072595282,0.0,2.0,3,-1.0,0.13,False,,completed,0.72
APP000903,CAN00517,JOB00291,2025-10-30,2,4,5,9,1.2921960072595282,0.0,1.0,1,0.0,0.11,False,,completed,0.82
APP000906,CAN01803,JOB00148,2025-11-01,4,5,3,8,1.4210526315789473,0.05,2.0,3,-1.0,0.13,False,,completed,0.72
APP000907,CAN01917,JOB00067,2025-10-28,0,3,3,6,1.2921960072595282,0.5079365079365079,2.0,2,0.0,0.13,False,,completed,0.82
APP000908,CAN00979,JOB00192,2025-11-03,4,2,3,5,1.4210526315789473,0.0,3.0,3,0.0,0.09000000000000001,False,,completed,0.82
APP000911,CAN01746,JOB00262,2025-11-05,5,6,4,10,1.4210526315789473,0.3114754098360656,3.0,3,0.0,0.22,False,,completed,0.82
APP000912,CAN01268,JOB00129,2025-11-04,3,4,7,11,1.4210526315789473,0.06557377049180328,4.0,4,0.0,0.15000000000000002,False,,completed,0.82
APP000913,CAN01470,JOB00295,2025-11-03,2,6,3,9,1.4210526315789473,0.0,3.0,3,0.0,0.11,True,2025-11-10,withdrawn_after_schedule,
APP000914,CAN01916,JOB00260,2025-11-03,2,1,7,8,1.4210526315789473,0.2833333333333333,3.0,3,0.0,0.15,True,2025-11-09,withdrawn_after_schedule,
APP000916,CAN01109,JOB00320,2025-11-03,2,3,4,7,1.4210526315789473,0.0425531914893617,3.0,3,0.0,0.09,False,,completed,0.82
APP000919,CAN01046,JOB00320,2025-11-06,4,4,7,11,1.4210526315789473,0.1,4.0,3,1.0,0.16999999999999998,False,,completed,0.82
APP000920,CAN01665,JOB00066,2025-11-07,5,4,7,11,1.4210526315789473,0.0,5.0,3,2.0,0.16,False,,completed,0.82
APP000921,CAN00018,JOB00234,2025-11-04,2,3,4,7,1.4210526315789473,0.015873015873015872,4.0,4,0.0,0.09,False,,completed,0.82
APP000923,CAN01171,JOB00175,2025-11-02,0,7,4,11,1.4210526315789473,0.08571428571428572,4.0,4,0.0,0.13,False,,completed,0.82
APP000925,CAN01136,JOB00188,2025-11-05,2,2,5,7,1.4210526315789473,0.022727272727272728,2.0,3,-1.0,0.09,False,,completed,0.72
APP000926,CAN01218,JOB00050,2025-11-06,3,1,6,7,1.4210526315789473,0.12244897959183673,4.0,2,2.0,0.15,False,,completed,0.82
APP000927,CAN00288,JOB00284,2025-11-07,4,2,4,6,1.4210526315789473,0.09302325581395349,3.0,3,0.0,0.11000000000000001,False,,completed,0.82
APP000929,CAN01138,JOB00155,2025-11-06,3,2,7,9,1.4210526315789473,0.0625,4.0,4,0.0,0.15000000000000002,True,2025-11-08,withdrawn_after_schedule,
APP000930,CAN01350,JOB00253,2025-11-09,6,4,5,9,1.4210526315789473,0.07142857142857142,2.0,2,0.0,0.18,True,2025-11-10,withdrawn_before_schedule,
APP000931,CAN00230,JOB00166,2025-11-09,5,1,7,8,1.4210526315789473,0.08823529411764706,3.0,3,0.0,0.16,False,,completed,0.82
APP000932,CAN00288,JOB00036,2025-11-07,3,2,7,9,1.4210526315789473,0.09302325581395349,3.0,3,0.0,0.15000000000000002,False,,completed,0.82
APP000933,CAN01113,JOB00039,2025-11-07,3,4,3,7,1.4210526315789473,0.0,2.0,3,-1.0,0.11000000000000001,False,,completed,0.72
APP000935,CAN01078,JOB00129,2025-11-07,3,1,6,7,1.4210526315789473,0.03389830508474576,4.0,4,0.0,0.11000000000000001,False,,completed,0.82
APP000936,CAN01432,JOB00335,2025-11-07,3,3,7,10,1.4210526315789473,0.0,3.0,4,-1.0,0.13,False,,completed,0.72
APP000938,CAN01344,JOB00006,2025-11-07,2,4,7,11,1.4210526315789473,0.0,4.0,4,0.0,0.11,False,,completed,0.82
APP000939,CAN01483,JOB00332,2025-11-07,2,4,6,10,1.4210526315789473,0.1276595744680851,4.0,3,1.0,0.15,False,,completed,0.82
APP000943,CAN00911,JOB00246,2025-11-09,2,5,2,7,1.4210526315789473,0.025,2.0,2,0.0,0.09,False,,completed,0.82
APP000945,CAN01595,JOB00024,2025-11-10,3,2,5,7,1.4210526315789473,0.0,1.0,1,0.0,0.11000000000000001,False,,completed,0.82
APP000946,CAN01823,JOB00234,2025-11-10,3,3,7,10,1.4210526315789473,0.07462686567164178,4.0,4,0.0,0.15000000000000002,False,,completed,0.82
APP000949,CAN01720,JOB00048,2025-11-12,5,1,7,8,1.4210526315789473,0.0,1.0,1,0.0,0.14,False,,completed,0.82
APP000950,CAN00708,JOB00039,2025-11-10,2,5,7,12,1.4210526315789473,0.10204081632653061,3.0,3,0.0,0.15,False,,completed,0.82
APP000951,CAN00708,JOB00009,2025-11-11,3,2,6,8,1.4210526315789473,0.14285714285714285,3.0,2,1.0,0.15,False,,completed,0.82
APP000952,CAN00979,JOB00275,2025-11-13,5,3,4,7,1.4210526315789473,0.07317073170731707,3.0,3,0.0,0.16,False,,completed,0.82
APP000953,CAN01814,JOB00022,2025-11-10,2,4,5,9,1.4210526315789473,0.0,5.0,4,1.0,0.11,False,,completed,0.82
APP000954,CAN00610,JOB00051,2025-11-10,1,3,4,7,1.4210526315789473,0.0,1.0,1,0.0,0.09,False,,completed,0.82
APP000955,CAN00610,JOB00048,2025-11-13,4,4,5,9,1.4210526315789473,0.0,1.0,1,0.0,0.13,False,,completed,0.82
APP000958,CAN01752,JOB00314,2025-11-15,5,6,5,11,1.4210526315789473,0.0,2.0,3,-1.0,0.16,True,2025-11-26,withdrawn_after_schedule,
APP000960,CAN01206,JOB00103,2025-11-15,4,3,7,10,1.4210526315789473,0.19230769230769232,4.0,3,1.0,0.19,False,,completed,0.82
APP000962,CAN00870,JOB00185,2025-11-17,5,5,6,11,1.4210526315789473,0.09375,2.0,1,1.0,0.18,False,,completed,0.82
APP000963,CAN01057,JOB00278,2025-11-14,2,7,6,13,1.4210526315789473,0.0,2.0,2,0.0,0.11,False,,completed,0.82
APP000965,CAN01057,JOB00002,2025-11-17,4,4,5,9,1.4210526315789473,0.0,2.0,2,0.0,0.13,False,,completed,0.82
APP000967,CAN00016,JOB00332,2025-11-17,4,1,6,7,1.4210526315789473,0.046511627906976744,3.0,3,0.0,0.11000000000000001,True,2025-11-23,withdrawn_after_schedule,
APP000970,CAN01078,JOB00154,2025-11-17,3,3,3,6,1.4210526315789473,0.0,4.0,4,0.0,0.09000000000000001,False,,completed,0.82
APP000971,CAN01814,JOB00017,2025-11-22,8,6,6,12,1.4210526315789473,0.04918032786885246,4.0,4,0.0,0.19,False,,completed,0.82
APP000975,CAN00262,JOB00240,2025-11-17,2,4,3,7,1.4210526315789473,0.0,4.0,4,0.0,0.09,False,,completed,0.82
APP000977,CAN00526,JOB00214,2025-11-21,6,2,4,6,1.4210526315789473,0.0,,1,,0.12000000000000001,True,2025-11-26,withdrawn_after_schedule,
APP000981,CAN00871,JOB00263,2025-11-22,6,2,5,7,1.4210526315789473,0.0,2.0,3,-1.0,0.14,False,,completed,0.72
APP000983,CAN01218,JOB00073,2025-11-18,2,4,7,11,1.4210526315789473,0.12244897959183673,4.0,3,1.0,0.15,False,,completed,0.82
APP000984,CAN01699,JOB00006,2025-11-19,3,5,7,12,1.4210526315789473,0.08955223880597014,4.0,4,0.0,0.15000000000000002,False,,completed,0.82
APP000985,CAN00092,JOB00048,2025-11-17,1,4,4,8,1.4210526315789473,0.0,1.0,1,0.0,0.09,False,,completed,0.82
APP000987,CAN00575,JOB00024,2025-11-19,2,6,2,8,1.4210526315789473,0.0,1.0,1,0.0,0.09,False,,completed,0.82
APP000988,CAN01452,JOB00078,2025-11-22,5,6,6,12,1.4210526315789473,0.08695652173913043,4.0,3,1.0,0.18,True,2025-12-02,withdrawn_after_schedule,
APP000989,CAN00365,JOB00214,2025-11-18,0,3,7,10,1.4210526315789473,0.0,1.0,1,0.0,0.11,True,2025-11-19,withdrawn_before_schedule,
APP000990,CAN00114,JOB00291,2025-11-21,3,2,3,5,1.4210526315789473,0.0,1.0,1,0.0,0.09000000000000001,False,,completed,0.82
APP000991,CAN01293,JOB00022,2025-11-23,5,7,4,11,1.4210526315789473,0.1267605633802817,5.0,4,1.0,0.2,False,,completed,0.82
APP000992,CAN01293,JOB00193,2025-11-23,5,6,2,8,1.4210526315789473,0.15492957746478872,5.0,3,2.0,0.2,False,,completed,0.82
APP000993,CAN00109,JOB00159,2025-11-25,7,3,3,6,1.4210526315789473,0.0,1.0,1,0.0,0.15,True,2025-11-26,withdrawn_before_schedule,
APP000994,CAN01621,JOB00331,2025-11-20,2,2,6,8,1.4210526315789473,0.10294117647058823,5.0,4,1.0,0.13,False,,completed,0.82
APP000995,CAN00114,JOB00048,2025-11-21,2,3,6,9,1.4210526315789473,0.0,1.0,1,0.0,0.11,False,,completed,0.82
APP000996,CAN00979,JOB00263,2025-11-25,6,3,2,5,1.4210526315789473,0.024390243902439025,3.0,3,0.0,0.12000000000000001,False,,completed,0.82
APP000997,CAN01171,JOB00121,2025-11-22,3,3,4,7,1.4210526315789473,0.12857142857142856,4.0,4,0.0,0.15,True,2025-11-28,withdrawn_after_schedule,
APP000998,CAN01171,JOB00022,2025-11-20,1,4,6,10,1.4210526315789473,0.11428571428571428,4.0,4,0.0,0.15,False,,completed,0.82
APP000999,CAN01775,JOB00096,2025-11-21,2,4,3,7,1.4210526315789473,0.0425531914893617,3.0,3,0.0,0.09,False,,completed,0.82
APP001000,CAN01785,JOB00202,2025-11-22,3,2,3,5,1.4210526315789473,0.03225806451612903,2.0,2,0.0,0.09000000000000001,False,,completed,0.82
APP001001,CAN01242,JOB00029,2025-11-21,2,4,5,9,1.4210526315789473,0.0,1.0,1,0.0,0.11,False,,completed,0.82
APP001002,CAN00575,JOB00091,2025-11-21,2,5,7,12,1.4210526315789473,0.0,1.0,1,0.0,0.11,False,,completed,0.82
APP001005,CAN01252,JOB00187,2025-11-24,4,3,3,6,1.4210526315789473,0.0,4.0,4,0.0,0.09000000000000001,True,2025-11-28,withdrawn_after_schedule,
APP001006,CAN01878,JOB00026,2025-11-24,4,3,4,7,1.4210526315789473,0.06521739130434782,3.0,3,0.0,0.13,False,,completed,0.82
APP001007,CAN00075,JOB00183,2025-11-28,8,2,3,5,1.4210526315789473,0.016666666666666666,3.0,3,0.0,0.15,False,,completed,0.82
APP001011,CAN00380,JOB00176,2025-11-26,5,4,4,8,1.4210526315789473,0.034482758620689655,2.0,2,0.0,0.14,False,,completed,0.82
APP001013,CAN00927,JOB00148,2025-11-24,3,1,4,5,1.4210526315789473,0.05,2.0,3,-1.0,0.11000000000000001,False,,completed,0.72
APP001015,CAN01595,JOB00027,2025-11-23,1,3,5,8,1.4210526315789473,0.0,1.0,1,0.0,0.09,False,,completed,0.82
APP001017,CAN00870,JOB00063,2025-11-28,5,4,2,6,1.4210526315789473,0.0,2.0,2,0.0,0.12000000000000001,False,,completed,0.82
APP001018,CAN01287,JOB00175,2025-11-25,2,6,3,9,1.4210526315789473,0.0,4.0,4,0.0,0.11,False,,completed,0.82
APP001019,CAN01584,JOB00121,2025-11-25,2,1,4,5,1.4210526315789473,0.0,4.0,4,0.0,0.07,False,,completed,0.82
APP001021,CAN01725,JOB00247,2025-11-28,5,5,3,8,1.4210526315789473,0.10416666666666667,3.0,3,0.0,0.18000000000000002,False,,completed,0.82
APP001023,CAN01814,JOB00305,2025-11-25,1,7,5,12,1.4210526315789473,0.03278688524590164,4.0,4,0.0,0.11,False,,completed,0.82
APP001025,CAN01155,JOB00248,2025-11-27,2,2,5,7,1.4210526315789473,0.0,3.0,2,1.0,0.09,False,,completed,0.82
APP001026,CAN00523,JOB00085,2025-11-27,2,4,6,10,1.4210526315789473,0.0,2.0,2,0.0,0.11,False,,completed,0.82
APP001027,CAN01057,JOB00063,2025-11-26,1,1,2,3,1.4210526315789473,0.0,2.0,2,0.0,0.05,False,,completed,0.82
APP001031,CAN00406,JOB00089,2025-11-30,3,3,7,10,1.4210526315789473,0.11267605633802817,4.0,4,0.0,0.16999999999999998,False,,completed,0.82
APP001033,CAN00406,JOB00006,2025-12-02,4,2,5,7,1.5426497277676952,0.14084507042253522,4.0,4,0.0,0.15,False,,completed,0.82
APP001034,CAN01483,JOB00050,2025-12-01,3,2,2,4,1.5426497277676952,0.0851063829787234,4.0,2,2.0,0.09000000000000001,True,2025-12-03,withdrawn_after_schedule,
APP001035,CAN01751,JOB00259,2025-12-03,5,2,7,9,1.5426497277676952,0.04,2.0,1,1.0,0.16,False,,completed,0.82
APP001036,CAN00920,JOB00096,2025-12-06,7,7,5,12,1.5426497277676952,0.0,3.0,3,0.0,0.19,False,,completed,0.82
APP001041,CAN01390,JOB00329,2025-12-02,2,4,6,10,1.5426497277676952,0.09523809523809523,4.0,4,0.0,0.13,False,,completed,0.82
APP001043,CAN00123,JOB00027,2025-12-05,4,3,5,8,1.5426497277676952,0.037037037037037035,1.0,1,0.0,0.11000000000000001,False,,completed,0.82
APP001045,CAN00157,JOB00063,2025-12-03,2,4,7,11,1.5426497277676952,0.0,2.0,2,0.0,0.11,False,,completed,0.82
APP001047,CAN00226,JOB00136,2025-12-07,5,2,2,4,1.5426497277676952,0.17647058823529413,4.0,4,0.0,0.16,False,,completed,0.82
APP001048,CAN01180,JOB00165,2025-12-08,6,3,7,10,1.5426497277676952,0.07575757575757576,4.0,4,0.0,0.18,False,,completed,0.82
APP001049,CAN01007,JOB00092,2025-12-06,4,4,2,6,1.5426497277676952,0.04,1.0,1,0.0,0.09000000000000001,False,,completed,0.82
APP001051,CAN01785,JOB00012,2025-12-05,2,3,2,5,1.5426497277676952,0.06451612903225806,2.0,2,0.0,0.09000000000000001,True,2025-12-06,withdrawn_before_schedule,
APP001052,CAN00923,JOB00343,2025-12-07,4,6,3,9,1.5426497277676952,0.1724137931034483,2.0,1,1.0,0.19,False,,completed,0.82
APP001053,CAN01121,JOB00100,2025-12-09,5,4,3,7,1.5426497277676952,0.0,4.0,4,0.0,0.14,False,,completed,0.82
APP001054,CAN01548,JOB00033,2025-12-05,1,5,3,8,1.5426497277676952,0.0,3.0,3,0.0,0.09,False,,completed,0.82
APP001055,CAN00103,JOB00092,2025-12-08,3,7,5,12,1.5426497277676952,0.0,1.0,1,0.0,0.13,False,,completed,0.82
APP001057,CAN01369,JOB00129,2025-12-12,7,1,4,5,1.5426497277676952,0.09523809523809523,4.0,4,0.0,0.17,False,,completed,0.82
APP001060,CAN00600,JOB00002,2025-12-11,6,5,4,9,1.5426497277676952,0.0,2.0,2,0.0,0.16,False,,completed,0.82
APP001061,CAN00891,JOB00343,2025-12-11,6,3,3,6,1.5426497277676952,0.07692307692307693,1.0,1,0.0,0.14,False,,completed,0.82
APP001062,CAN00131,JOB00207,2025-12-10,4,4,6,10,1.5426497277676952,0.0,1.0,1,0.0,0.13,False,,completed,0.82
APP001063,CAN01369,JOB00294,2025-12-08,2,3,5,8,1.5426497277676952,0.1111111111111111,4.0,4,0.0,0.13,False,,completed,0.82
APP001064,CAN01632,JOB00026,2025-12-12,6,6,6,12,1.5426497277676952,0.06521739130434782,2.0,3,-1.0,0.18,False,,completed,0.72
APP001066,CAN01163,JOB00175,2025-12-10,3,4,3,7,1.5426497277676952,0.0,4.0,4,0.0,0.11000000000000001,False,,completed,0.82
APP001067,CAN01452,JOB00026,2025-12-09,2,7,5,12,1.5426497277676952,0.06521739130434782,4.0,3,1.0,0.13,False,,completed,0.82
APP001070,CAN01905,JOB00234,2025-12-15,7,7,2,9,1.5426497277676952,0.0,4.0,4,0.0,0.19,False,,completed,0.82
APP001073,CAN00759,JOB00185,2025-12-14,4,2,7,9,1.5426497277676952,0.09375,2.0,1,1.0,0.15000000000000002,False,,completed,0.82
APP001076,CAN00203,JOB00063,2025-12-12,2,7,7,14,1.5426497277676952,0.0,3.0,2,1.0,0.11,False,,completed,0.82
APP001077,CAN01595,JOB00133,2025-12-12,2,6,2,8,1.5426497277676952,0.0,1.0,1,0.0,0.09,False,,completed,0.82
APP001078,CAN01524,JOB00303,2025-12-14,4,3,2,5,1.5426497277676952,0.08695652173913043,3.0,3,0.0,0.11000000000000001,False,,completed,0.82
APP001079,CAN00123,JOB00133,2025-12-16,5,2,2,4,1.5426497277676952,0.1111111111111111,1.0,1,0.0,0.14,False,,completed,0.82
APP001080,CAN00123,JOB00221,2025-12-18,7,7,4,11,1.5426497277676952,0.1111111111111111,1.0,1,0.0,0.22999999999999998,True,2025-12-23,withdrawn_before_schedule,
APP001081,CAN01546,JOB00013,2025-12-18,7,5,3,8,1.5426497277676952,0.0,1.0,1,0.0,0.17,False,,completed,0.82
APP001084,CAN01104,JOB00021,2025-12-14,3,3,5,8,1.5426497277676952,0.0,1.0,1,0.0,0.11000000000000001,False,,completed,0.82
APP001086,CAN00867,JOB00201,2025-12-17,5,4,7,11,1.5426497277676952,0.037037037037037035,2.0,1,1.0,0.16,False,,completed,0.82
APP001087,CAN00499,JOB00127,2025-12-15,3,3,7,10,1.5426497277676952,0.0,2.0,3,-1.0,0.13,False,,completed,0.72
APP001090,CAN00755,JOB00126,2025-12-19,6,4,2,6,1.5426497277676952,0.0,3.0,3,0.0,0.12000000000000001,True,2025-12-23,withdrawn_after_schedule,
APP001092,CAN01835,JOB00170,2025-12-18,5,3,5,8,1.5426497277676952,0.10638297872340426,4.0,3,1.0,0.18000000000000002,False,,completed,0.82
APP001096,CAN01384,JOB00013,2025-12-19,3,2,7,9,1.5426497277676952,0.0,1.0,1,0.0,0.13,True,2025-12-20,withdrawn_before_schedule,
APP001097,CAN01546,JOB00202,2025-12-18,2,4,6,10,1.5426497277676952,0.0,1.0,2,-1.0,0.11,False,,completed,0.72
APP001100,CAN01632,JOB00341,2025-12-20,3,1,4,5,1.5426497277676952,0.10869565217391304,2.0,3,-1.0,0.13,False,,completed,0.72
APP001101,CAN01298,JOB00247,2025-12-21,4,2,6,8,1.5426497277676952,0.022727272727272728,3.0,3,0.0,0.11000000000000001,False,,completed,0.82
APP001103,CAN01751,JOB00333,2025-12-22,4,3,7,10,1.5426497277676952,0.04,2.0,1,1.0,0.13,False,,completed,0.82
APP001105,CAN00420,JOB00201,2025-12-20,1,5,6,11,1.5426497277676952,0.0,1.0,1,0.0,0.11,False,,completed,0.82
APP001106,CAN01381,JOB00247,2025-12-23,4,6,2,8,1.5426497277676952,0.022727272727272728,3.0,3,0.0,0.11000000000000001,False,,completed,0.82
APP001107,CAN00970,JOB00078,2025-12-23,3,6,2,8,1.5426497277676952,0.10638297872340426,4.0,3,1.0,0.15,False,,completed,0.82
APP001110,CAN01406,JOB00103,2025-12-25,4,4,6,10,1.5426497277676952,0.0,2.0,3,-1.0,0.13,False,,completed,0.72
APP001111,CAN01949,JOB00187,2025-12-24,2,4,6,10,1.5426497277676952,0.022222222222222223,4.0,4,0.0,0.11,False,,completed,0.82
APP001112,CAN01505,JOB00287,2025-12-28,6,4,3,7,1.5426497277676952,0.10144927536231885,5.0,4,1.0,0.18000000000000002,False,,completed,0.82
APP001113,CAN01505,JOB00089,2025-12-25,3,5,7,12,1.5426497277676952,0.08695652173913043,5.0,4,1.0,0.15000000000000002,False,,completed,0.82
APP001115,CAN00453,JOB00291,2025-12-24,1,3,5,8,1.5426497277676952,0.0,1.0,1,0.0,0.09,False,,completed,0.82
APP001119,CAN00845,JOB00282,2025-12-29,5,2,5,7,1.5426497277676952,0.0,3.0,3,0.0,0.14,True,2026-01-05,withdrawn_after_schedule,
APP001122,CAN00931,JOB00138,2025-12-30,6,4,3,7,1.5426497277676952,0.09836065573770492,4.0,4,0.0,0.16,False,,completed,0.82
APP001123,CAN01163,JOB00287,2025-12-28,4,2,6,8,1.5426497277676952,0.015873015873015872,4.0,4,0.0,0.11000000000000001,False,,completed,0.82
APP001124,CAN01163,JOB00232,2025-12-25,1,1,7,8,1.5426497277676952,0.06349206349206349,4.0,3,1.0,0.11000000000000001,False,,completed,0.82
APP001127,CAN00282,JOB00330,2025-12-28,4,6,3,9,1.5426497277676952,0.0,3.0,3,0.0,0.13,False,,completed,0.82
APP001128,CAN00826,JOB00344,2026-01-01,8,3,5,8,1.6878402903811252,0.11363636363636363,3.0,3,0.0,0.21,False,,completed,0.82
APP001129,CAN01426,JOB00143,2025-12-28,4,3,6,9,1.5426497277676952,0.025,3.0,3,0.0,0.13,False,,completed,0.82
APP001131,CAN00275,JOB00015,2025-12-27,2,2,2,4,1.5426497277676952,0.047619047619047616,4.0,4,0.0,0.05,False,,completed,0.82
APP001133,CAN01530,JOB00085,2025-12-27,2,4,6,10,1.5426497277676952,0.0625,2.0,2,0.0,0.13,False,,completed,0.82
APP001134,CAN00103,JOB00267,2025-12-30,4,5,2,7,1.5426497277676952,0.0,1.0,1,0.0,0.11000000000000001,True,2026-01-02,withdrawn_before_schedule,
APP001135,CAN00103,JOB00031,2025-12-31,5,2,5,7,1.5426497277676952,0.0,1.0,1,0.0,0.14,True,2026-01-04,withdrawn_after_schedule,
APP001136,CAN01228,JOB00003,2025-12-28,2,6,5,11,1.5426497277676952,0.0,2.0,1,1.0,0.11,False,,completed,0.82
APP001141,CAN01459,JOB00184,2025-12-31,4,1,7,8,1.5426497277676952,0.0,1.0,1,0.0,0.11000000000000001,False,,completed,0.82
APP001142,CAN00897,JOB00155,2025-12-29,1,5,6,11,1.5426497277676952,0.11764705882352941,5.0,4,1.0,0.15,False,,completed,0.82
APP001144,CAN01546,JOB00048,2025-12-31,3,6,2,8,1.5426497277676952,0.0,1.0,1,0.0,0.11000000000000001,False,,completed,0.82
APP001145,CAN01087,JOB00083,2026-01-01,4,5,7,12,1.6878402903811252,0.16666666666666666,3.0,2,1.0,0.19,False,,completed,0.82
APP001147,CAN00165,JOB00165,2026-01-02,4,3,3,6,1.6878402903811252,0.08955223880597014,5.0,4,1.0,0.11000000000000001,False,,completed,0.82
APP001148,CAN00839,JOB00085,2025-12-31,2,5,7,12,1.5426497277676952,0.0,1.0,2,-1.0,0.11,False,,completed,0.72
APP001150,CAN00854,JOB00110,2026-01-03,5,3,6,9,1.6878402903811252,0.0,,2,,0.16,False,,completed,0.6
APP001152,CAN01381,JOB00127,2026-01-03,4,6,2,8,1.6878402903811252,0.0,3.0,3,0.0,0.11000000000000001,False,,completed,0.82
APP001153,CAN01304,JOB00184,2026-01-05,6,1,5,6,1.6878402903811252,0.0,1.0,1,0.0,0.12000000000000001,False,,completed,0.82
APP001157,CAN00151,JOB00265,2026-01-01,1,2,2,4,1.6878402903811252,0.0,2.0,2,0.0,0.05,False,,completed,0.82
APP001158,CAN00967,JOB00232,2026-01-03,3,4,5,9,1.6878402903811252,0.10606060606060606,4.0,3,1.0,0.16999999999999998,True,2026-01-08,withdrawn_after_schedule,
APP001159,CAN01540,JOB00201,2026-01-03,3,7,2,9,1.6878402903811252,0.037037037037037035,2.0,1,1.0,0.13,True,2026-01-10,withdrawn_after_schedule,
APP001161,CAN01721,JOB00004,2026-01-07,7,7,3,10,1.6878402903811252,0.18518518518518517,4.0,3,1.0,0.25,False,,completed,0.82
APP001162,CAN01540,JOB00027,2026-01-07,6,4,4,8,1.6878402903811252,0.037037037037037035,2.0,1,1.0,0.14,False,,completed,0.82
APP001163,CAN01871,JOB00040,2026-01-05,4,6,4,10,1.6878402903811252,0.06382978723404255,3.0,4,-1.0,0.15000000000000002,False,,completed,0.72
APP001164,CAN01871,JOB00247,2026-01-06,5,1,3,4,1.6878402903811252,0.0851063829787234,3.0,3,0.0,0.12000000000000001,False,,completed,0.82
APP001167,CAN01273,JOB00128,2026-01-06,5,2,7,9,1.6878402903811252,0.09523809523809523,3.0,3,0.0,0.18,True,2026-01-07,withdrawn_before_schedule,
APP001169,CAN01560,JOB00194,2026-01-04,2,5,2,7,1.6878402903811252,0.0,1.0,1,0.0,0.09,False,,completed,0.82
APP001170,CAN00435,JOB00335,2026-01-05,3,5,5,10,1.6878402903811252,0.0,3.0,4,-1.0,0.13,True,2026-01-15,withdrawn_after_schedule,
APP001173,CAN01785,JOB00092,2026-01-07,5,3,4,7,1.6878402903811252,0.22580645161290322,1.0,1,0.0,0.2,True,2026-01-13,withdrawn_after_schedule,
APP001175,CAN00765,JOB00127,2026-01-08,5,4,6,10,1.6878402903811252,0.0,3.0,3,0.0,0.16,True,2026-01-12,withdrawn_after_schedule,
APP001177,CAN00447,JOB00245,2026-01-10,7,5,4,9,1.6878402903811252,0.0,1.0,1,0.0,0.19,False,,completed,0.82
APP001183,CAN00589,JOB00094,2026-01-09,5,5,2,7,1.6878402903811252,0.0,4.0,4,0.0,0.14,False,,completed,0.82
APP001185,CAN00478,JOB00159,2026-01-10,5,4,5,9,1.6878402903811252,0.0,1.0,1,0.0,0.16,False,,completed,0.82
APP001186,CAN01949,JOB00126,2026-01-10,5,4,7,11,1.6878402903811252,0.08888888888888889,4.0,3,1.0,0.18,False,,completed,0.82
APP001189,CAN00103,JOB00307,2026-01-13,7,7,2,9,1.6878402903811252,0.0,1.0,1,0.0,0.19,False,,completed,0.82
APP001190,CAN01195,JOB00003,2026-01-11,5,5,2,7,1.6878402903811252,0.0,1.0,1,0.0,0.14,False,,completed,0.82
APP001191,CAN01068,JOB00207,2026-01-09,2,5,3,8,1.6878402903811252,0.038461538461538464,1.0,1,0.0,0.09,False,,completed,0.82
APP001192,CAN00414,JOB00265,2026-01-12,5,3,6,9,1.6878402903811252,0.03571428571428571,2.0,2,0.0,0.16,False,,completed,0.82
APP001195,CAN01525,JOB00255,2026-01-12,5,5,3,8,1.6878402903811252,0.0,1.0,1,0.0,0.14,False,,completed,0.82
APP001197,CAN01855,JOB00226,2026-01-14,5,5,3,8,1.6878402903811252,0.31666666666666665,2.0,2,0.0,0.2,False,,completed,0.82
APP001200,CAN00967,JOB00287,2026-01-12,2,7,6,13,1.6878402903811252,0.06060606060606061,4.0,4,0.0,0.13,False,,completed,0.82
APP001201,CAN00007,JOB00101,2026-01-12,2,3,5,8,1.6878402903811252,0.061224489795918366,4.0,4,0.0,0.11000000000000001,False,,completed,0.82
APP001203,CAN00712,JOB00205,2026-01-16,6,3,3,6,1.6878402903811252,0.09523809523809523,3.0,2,1.0,0.14,False,,completed,0.82
APP001204,CAN00877,JOB00181,2026-01-17,7,3,6,9,1.6878402903811252,0.0,2.0,3,-1.0,0.19,False,,completed,0.72
APP001206,CAN01918,JOB00207,2026-01-14,3,5,6,11,1.6878402903811252,0.0,1.0,1,0.0,0.13,False,,completed,0.82
APP001207,CAN01281,JOB00048,2026-01-16,5,5,2,7,1.6878402903811252,0.0,1.0,1,0.0,0.14,False,,completed,0.82
APP001210,CAN00670,JOB00003,2026-01-16,4,4,6,10,1.6878402903811252,0.6212121212121212,,1,,0.19,True,2026-01-24,withdrawn_after_schedule,
APP001211,CAN01079,JOB00206,2026-01-15,3,1,6,7,1.6878402903811252,0.0,2.0,1,1.0,0.11000000000000001,False,,completed,0.82
APP001214,CAN01552,JOB00123,2026-01-14,1,5,4,9,1.6878402903811252,0.0,3.0,3,0.0,0.11,False,,completed,0.82
APP001222,CAN00015,JOB00256,2026-01-21,6,3,7,10,1.6878402903811252,0.12121212121212122,2.0,2,0.0,0.2,False,,completed,0.82
APP001223,CAN00647,JOB00184,2026-01-19,4,6,6,12,1.6878402903811252,0.0,1.0,1,0.0,0.13,False,,completed,0.82
APP001224,CAN01326,JOB00027,2026-01-19,4,3,6,9,1.6878402903811252,0.0,1.0,1,0.0,0.13,False,,completed,0.82
APP001225,CAN00463,JOB00170,2026-01-16,1,4,4,8,1.6878402903811252,0.10638297872340426,4.0,3,1.0,0.13,False,,completed,0.82
APP001227,CAN01304,JOB00296,2026-01-16,1,5,3,8,1.6878402903811252,0.034482758620689655,1.0,1,0.0,0.09,False,,completed,0.82
APP001229,CAN01607,JOB00291,2026-01-18,2,4,4,8,1.6878402903811252,0.12903225806451613,2.0,1,1.0,0.13,False,,completed,0.82
APP001230,CAN01749,JOB00226,2026-01-23,7,6,2,8,1.6878402903811252,0.08888888888888889,2.0,2,0.0,0.19000000000000003,False,,completed,0.82
APP001232,CAN00357,JOB00056,2026-01-20,4,4,2,6,1.6878402903811252,0.0,4.0,4,0.0,0.09000000000000001,False,,completed,0.82
APP001233,CAN01749,JOB00277,2026-01-22,5,4,4,8,1.6878402903811252,0.044444444444444446,2.0,3,-1.0,0.14,False,,completed,0.72
APP001234,CAN01290,JOB00324,2026-01-19,2,3,7,10,1.6878402903811252,0.0,2.0,2,0.0,0.11,False,,completed,0.82
APP001237,CAN01480,JOB00238,2026-01-21,3,6,3,9,1.6878402903811252,0.08695652173913043,3.0,3,0.0,0.15000000000000002,False,,completed,0.82
APP001239,CAN00671,JOB00722,2026-01-22,4,4,4,8,1.6878402903811252,0.0,1.0,2,-1.0,0.11000000000000001,False,,completed,0.72
APP001240,CAN01560,JOB00712,2026-01-24,5,3,3,6,1.6878402903811252,0.0,1.0,1,0.0,0.12000000000000001,False,,completed,0.82
APP001241,CAN00435,JOB00608,2026-01-26,7,7,6,13,1.6878402903811252,0.044444444444444446,3.0,3,0.0,0.19,False,,completed,0.82
APP001242,CAN01208,JOB00239,2026-01-26,6,3,4,7,1.6878402903811252,0.029411764705882353,3.0,3,0.0,0.14,False,,completed,0.82
APP001243,CAN00053,JOB00048,2026-01-24,4,4,2,6,1.6878402903811252,0.0,1.0,1,0.0,0.09000000000000001,False,,completed,0.82
APP001244,CAN00808,JOB00159,2026-01-25,5,6,2,8,1.6878402903811252,0.16666666666666666,1.0,1,0.0,0.2,False,,completed,0.82
APP001247,CAN00836,JOB00337,2026-01-25,5,5,3,8,1.6878402903811252,0.0,2.0,2,0.0,0.14,True,2026-01-29,withdrawn_before_schedule,
APP001248,CAN01204,JOB00045,2026-01-28,7,5,4,9,1.6878402903811252,0.24324324324324326,2.0,2,0.0,0.25,False,,completed,0.82
APP001249,CAN01338,JOB00238,2026-01-24,3,1,3,4,1.6878402903811252,0.0,3.0,3,0.0,0.07,False,,completed,0.82
APP001253,CAN01285,JOB00592,2026-01-28,6,4,6,10,1.6878402903811252,0.30434782608695654,2.0,3,-1.0,0.22,False,,completed,0.72
APP001256,CAN00015,JOB00047,2026-01-27,4,4,6,10,1.6878402903811252,0.09090909090909091,2.0,2,0.0,0.15000000000000002,False,,completed,0.82
APP001257,CAN00478,JOB00799,2026-01-28,5,2,2,4,1.6878402903811252,0.0,1.0,1,0.0,0.1,True,2026-02-01,withdrawn_after_schedule,
APP001258,CAN00478,JOB00200,2026-01-27,4,5,7,12,1.6878402903811252,0.04,1.0,1,0.0,0.13,False,,completed,0.82
APP001261,CAN00401,JOB00308,2026-01-30,7,6,7,13,1.6878402903811252,0.15555555555555556,3.0,3,0.0,0.25,True,2026-02-05,withdrawn_after_schedule,
APP001262,CAN00183,JOB00135,2026-01-26,2,4,5,9,1.6878402903811252,0.22641509433962265,4.0,3,1.0,0.16999999999999998,False,,completed,0.82
APP001265,CAN01516,JOB00004,2026-01-30,6,4,4,8,1.6878402903811252,0.0,3.0,3,0.0,0.14,False,,completed,0.82
APP001266,CAN00569,JOB00763,2026-01-31,6,5,7,12,1.6878402903811252,0.20270270270270271,5.0,4,1.0,0.22,False,,completed,0.82
APP001268,CAN00027,JOB00212,2026-01-31,6,6,7,13,1.6878402903811252,0.0,2.0,2,0.0,0.16,False,,completed,0.82
APP001269,CAN00737,JOB00126,2026-02-01,7,4,6,10,1.8239564428312158,0.08888888888888889,3.0,3,0.0,0.21000000000000002,False,,completed,0.82
APP001271,CAN00780,JOB00592,2026-01-27,2,6,3,9,1.6878402903811252,0.08571428571428572,3.0,3,0.0,0.13,False,,completed,0.82
APP001272,CAN00737,JOB00330,2026-01-31,5,4,5,9,1.6878402903811252,0.17777777777777778,3.0,3,0.0,0.22,False,,completed,0.82
APP001273,CAN01281,JOB00046,2026-01-29,3,2,3,5,1.6878402903811252,0.037037037037037035,1.0,1,0.0,0.09000000000000001,False,,completed,0.82
APP001274,CAN00414,JOB00392,2026-02-02,7,3,3,6,1.8239564428312158,0.0,2.0,3,-1.0,0.15,True,2026-02-05,withdrawn_after_schedule,
APP001275,CAN01074,JOB00451,2026-02-01,6,2,2,4,1.8239564428312158,0.0,4.0,4,0.0,0.1,False,,completed,0.82
APP001276,CAN00377,JOB00291,2026-02-03,7,3,4,7,1.8239564428312158,0.03571428571428571,1.0,1,0.0,0.17,True,2026-02-04,withdrawn_before_schedule,
APP001278,CAN00632,JOB00136,2026-02-02,6,6,5,11,1.8239564428312158,0.17647058823529413,4.0,4,0.0,0.22,True,2026-02-04,withdrawn_before_schedule,
APP001279,CAN01224,JOB00135,2026-02-02,6,4,6,10,1.8239564428312158,0.10869565217391304,3.0,3,0.0,0.2,True,2026-02-05,withdrawn_before_schedule,
APP001282,CAN00152,JOB00291,2026-02-03,6,5,2,7,1.8239564428312158,0.0,1.0,1,0.0,0.14,False,,completed,0.82
APP001283,CAN00152,JOB00328,2026-02-01,4,3,7,10,1.8239564428312158,0.0,1.0,1,0.0,0.13,False,,completed,0.82
APP001284,CAN00456,JOB00033,2026-01-31,3,3,6,9,1.6878402903811252,0.0,3.0,3,0.0,0.13,True,2026-02-04,withdrawn_after_schedule,
APP001285,CAN01191,JOB00497,2026-02-02,5,5,5,10,1.8239564428312158,0.04081632653061224,3.0,3,0.0,0.16,False,,completed,0.82
APP001286,CAN01191,JOB00181,2026-02-03,6,5,2,7,1.8239564428312158,0.12244897959183673,3.0,3,0.0,0.18000000000000002,False,,completed,0.82
APP001288,CAN01068,JOB00133,2026-02-03,6,4,5,9,1.8239564428312158,0.07692307692307693,1.0,1,0.0,0.18,False,,completed,0.82
APP001289,CAN01705,JOB00552,2026-02-02,5,5,4,9,1.8239564428312158,0.023809523809523808,3.0,3,0.0,0.16,False,,completed,0.82
APP001290,CAN00387,JOB00561,2026-02-04,7,4,7,11,1.8239564428312158,0.08823529411764706,3.0,2,1.0,0.21000000000000002,False,,completed,0.82
APP001296,CAN01865,JOB00291,2026-02-01,3,4,7,11,1.8239564428312158,0.03571428571428571,1.0,1,0.0,0.13,False,,completed,0.82
APP001297,CAN00107,JOB00181,2026-02-05,7,7,4,11,1.8239564428312158,0.0,3.0,3,0.0,0.19,False,,completed,0.82
APP001298,CAN00337,JOB00206,2026-02-05,7,3,3,6,1.8239564428312158,0.0,2.0,1,1.0,0.15,False,,completed,0.82
APP001300,CAN00975,JOB00126,2026-02-02,3,3,2,5,1.8239564428312158,0.046511627906976744,2.0,3,-1.0,0.09000000000000001,False,,completed,0.72
APP001301,CAN01357,JOB00160,2026-02-04,5,3,6,9,1.8239564428312158,0.0,1.0,2,-1.0,0.16,False,,completed,0.72
APP001303,CAN01444,JOB00297,2026-02-05,6,4,5,9,1.8239564428312158,0.14285714285714285,2.0,2,0.0,0.2,False,,completed,0.82
APP001306,CAN00148,JOB00219,2026-02-07,6,3,2,5,1.8239564428312158,0.043478260869565216,3.0,4,-1.0,0.12000000000000001,False,,completed,0.72
APP001309,CAN01344,JOB00771,2026-02-07,6,5,5,10,1.8239564428312158,0.0,4.0,4,0.0,0.16,False,,completed,0.82
APP001315,CAN00206,JOB00523,2026-02-08,5,6,6,12,1.8239564428312158,0.0,3.0,3,0.0,0.16,False,,completed,0.82
APP001316,CAN01659,JOB00029,2026-02-06,3,2,7,9,1.8239564428312158,0.0,1.0,1,0.0,0.13,False,,completed,0.82
APP001317,CAN00053,JOB00274,2026-02-09,5,7,7,14,1.8239564428312158,0.07692307692307693,1.0,1,0.0,0.18,False,,completed,0.82
APP001318,CAN00115,JOB00324,2026-02-10,6,7,6,13,1.8239564428312158,0.0,2.0,2,0.0,0.16,False,,completed,0.82
APP001320,CAN01482,JOB00184,2026-02-09,5,5,7,12,1.8239564428312158,0.0,1.0,1,0.0,0.16,False,,completed,0.82
APP001321,CAN01336,JOB00070,2026-02-11,6,7,2,9,1.8239564428312158,0.19444444444444445,2.0,2,0.0,0.22,False,,completed,0.82
APP001322,CAN01552,JOB00552,2026-02-12,7,6,4,10,1.8239564428312158,0.0,3.0,3,0.0,0.19,False,,completed,0.82
APP001324,CAN01592,JOB00003,2026-02-11,6,4,3,7,1.8239564428312158,0.038461538461538464,1.0,1,0.0,0.14,False,,completed,0.82
APP001325,CAN00118,JOB00050,2026-02-08,3,4,5,9,1.8239564428312158,0.18867924528301888,3.0,2,1.0,0.19,False,,completed,0.82
APP001326,CAN01777,JOB00691,2026-02-13,8,1,7,8,1.8239564428312158,0.08695652173913043,4.0,4,0.0,0.19000000000000003,False,,completed,0.82
APP001329,CAN01181,JOB00385,2026-02-09,3,6,6,12,1.8239564428312158,0.15625,2.0,1,1.0,0.19,False,,completed,0.82
APP001331,CAN01403,JOB00143,2026-02-13,7,2,4,6,1.8239564428312158,0.04878048780487805,3.0,3,0.0,0.15,False,,completed,0.82
APP001333,CAN00066,JOB00341,2026-02-10,3,7,6,13,1.8239564428312158,0.16326530612244897,3.0,3,0.0,0.19,True,2026-02-11,withdrawn_before_schedule,
APP001334,CAN01403,JOB00036,2026-02-13,6,6,2,8,1.8239564428312158,0.04878048780487805,3.0,3,0.0,0.14,False,,completed,0.82
APP001335,CAN01855,JOB00523,2026-02-13,6,4,2,6,1.8239564428312158,0.25,2.0,3,-1.0,0.18,False,,completed,0.72
APP001336,CAN01399,JOB00497,2026-02-13,6,3,3,6,1.8239564428312158,0.020833333333333332,3.0,3,0.0,0.12000000000000001,False,,completed,0.82
APP001340,CAN00514,JOB00030,2026-02-11,3,5,3,8,1.8239564428312158,0.0851063829787234,3.0,3,0.0,0.13,False,,completed,0.82
APP001341,CAN01338,JOB00232,2026-02-13,5,5,6,11,1.8239564428312158,0.0,3.0,3,0.0,0.16,False,,completed,0.82
APP001343,CAN00672,JOB00127,2026-02-13,5,4,7,11,1.8239564428312158,0.043478260869565216,3.0,3,0.0,0.16,True,2026-02-14,withdrawn_before_schedule,
APP001344,CAN00951,JOB00132,2026-02-13,5,6,7,13,1.8239564428312158,0.14583333333333334,3.0,3,0.0,0.2,True,2026-02-21,withdrawn_after_schedule,
APP001345,CAN01740,JOB00096,2026-02-15,7,3,4,7,1.8239564428312158,0.021739130434782608,3.0,3,0.0,0.17,False,,completed,0.82
APP001349,CAN00415,JOB00361,2026-02-16,6,7,5,12,1.8239564428312158,0.021739130434782608,2.0,4,-2.0,0.16,True,2026-02-26,withdrawn_after_schedule,
APP001352,CAN01269,JOB00275,2026-02-15,5,4,3,7,1.8239564428312158,0.22448979591836735,4.0,3,1.0,0.2,False,,completed,0.82
APP001357,CAN00936,JOB00096,2026-02-15,4,7,5,12,1.8239564428312158,0.021739130434782608,2.0,3,-1.0,0.13,False,,completed,0.72
APP001360,CAN00569,JOB00691,2026-02-18,6,3,2,5,1.8239564428312158,0.14864864864864866,5.0,4,1.0,0.16,True,2026-02-19,withdrawn_before_schedule,
APP001361,CAN00823,JOB00354,2026-02-18,6,1,5,6,1.8239564428312158,0.044444444444444446,3.0,3,0.0,0.12000000000000001,False,,completed,0.82
APP001362,CAN01117,JOB00793,2026-02-16,4,6,6,12,1.8239564428312158,0.04081632653061224,4.0,4,0.0,0.13,False,,completed,0.82
APP001363,CAN00590,JOB00003,2026-02-19,6,6,6,12,1.8239564428312158,0.5967741935483871,1.0,1,0.0,0.22,False,,completed,0.82
APP001364,CAN01682,JOB00092,2026-02-18,5,2,6,8,1.8239564428312158,0.14285714285714285,1.0,1,0.0,0.18000000000000002,True,2026-02-21,withdrawn_after_schedule,
APP001367,CAN00470,JOB00026,2026-02-19,5,3,4,7,1.8239564428312158,0.0,4.0,3,1.0,0.14,False,,completed,0.82
APP001368,CAN00471,JOB00205,2026-02-20,6,6,4,10,1.8239564428312158,0.20833333333333334,3.0,2,1.0,0.22,False,,completed,0.82
APP001369,CAN01682,JOB00411,2026-02-19,5,5,2,7,1.8239564428312158,0.0,1.0,2,-1.0,0.14,False,,completed,0.72
APP001371,CAN00650,JOB00047,2026-02-20,5,6,3,9,1.8239564428312158,0.0,2.0,2,0.0,0.16,False,,completed,0.82
APP001373,CAN00656,JOB00640,2026-02-21,6,5,4,9,1.8239564428312158,0.0,3.0,2,1.0,0.16,False,,completed,0.82
APP001376,CAN01437,JOB00003,2026-02-23,7,6,3,9,1.8239564428312158,0.0,1.0,1,0.0,0.19,False,,completed,0.82
APP001377,CAN01777,JOB00017,2026-02-19,3,7,2,9,1.8239564428312158,0.15942028985507245,4.0,4,0.0,0.19,False,,completed,0.82
APP001379,CAN00411,JOB00626,2026-02-22,6,5,5,10,1.8239564428312158,0.09375,2.0,1,1.0,0.18,False,,completed,0.82
APP001381,CAN00272,JOB00691,2026-02-22,5,6,7,13,1.8239564428312158,0.045454545454545456,4.0,4,0.0,0.16,False,,completed,0.82
APP001382,CAN01663,JOB00498,2026-02-23,6,4,7,11,1.8239564428312158,0.1232876712328767,5.0,5,0.0,0.2,True,2026-03-01,withdrawn_after_schedule,
APP001383,CAN00263,JOB00288,2026-02-23,5,4,5,9,1.8239564428312158,0.0,2.0,2,0.0,0.16,False,,completed,0.82
APP001384,CAN01231,JOB00073,2026-02-22,4,4,7,11,1.8239564428312158,0.18867924528301888,4.0,3,1.0,0.19,False,,completed,0.82
APP001386,CAN00825,JOB00654,2026-02-20,2,2,7,9,1.8239564428312158,0.0,4.0,5,-1.0,0.11,False,,completed,0.72
APP001393,CAN01357,JOB00499,2026-02-26,6,5,4,9,1.8239564428312158,0.038461538461538464,1.0,1,0.0,0.16,False,,completed,0.82
APP001396,CAN00763,JOB00755,2026-02-27,7,6,7,13,1.8239564428312158,0.1,3.0,3,0.0,0.22999999999999998,False,,completed,0.82
APP001401,CAN00118,JOB00170,2026-02-25,3,4,2,6,1.8239564428312158,0.20754716981132076,3.0,3,0.0,0.15,True,2026-02-28,withdrawn_before_schedule,
APP001402,CAN00118,JOB00366,2026-02-27,5,4,3,7,1.8239564428312158,0.1320754716981132,3.0,3,0.0,0.18000000000000002,False,,completed,0.82
APP001403,CAN01392,JOB00030,2026-03-01,7,6,7,13,1.9782214156079856,0.0,3.0,3,0.0,0.19,False,,completed,0.82
APP001406,CAN00064,JOB00634,2026-02-25,2,4,3,7,1.8239564428312158,0.15384615384615385,3.0,3,0.0,0.15,False,,completed,0.82
APP001412,CAN00684,JOB00378,2026-03-02,7,4,3,7,1.9782214156079856,0.0,3.0,4,-1.0,0.17,False,,completed,0.72
APP001413,CAN00204,JOB00160,2026-03-03,7,6,2,8,1.9782214156079856,0.16129032258064516,2.0,2,0.0,0.23,False,,completed,0.82
APP001414,CAN00204,JOB00265,2026-03-03,7,3,4,7,1.9782214156079856,0.12903225806451613,2.0,2,0.0,0.21,False,,completed,0.82
APP001419,CAN00502,JOB00651,2026-03-04,6,6,5,11,1.9782214156079856,0.12698412698412698,4.0,4,0.0,0.2,False,,completed,0.82
APP001420,CAN00038,JOB00296,2026-03-05,7,3,5,8,1.9782214156079856,0.0,1.0,1,0.0,0.17,False,,completed,0.82
APP001423,CAN01481,JOB00573,2026-03-02,4,6,3,9,1.9782214156079856,0.0,2.0,2,0.0,0.13,False,,completed,0.82
APP001426,CAN01110,JOB00727,2026-03-06,7,7,3,10,1.9782214156079856,0.04477611940298507,4.0,4,0.0,0.19,False,,completed,0.82
APP001429,CAN01717,JOB00523,2026-03-06,7,4,6,10,1.9782214156079856,0.0625,3.0,3,0.0,0.21000000000000002,False,,completed,0.82
APP001430,CAN01638,JOB00004,2026-03-06,7,5,2,7,1.9782214156079856,0.0,4.0,3,1.0,0.17,False,,completed,0.82
APP001431,CAN00666,JOB00669,2026-03-04,5,4,6,10,1.9782214156079856,0.058823529411764705,5.0,5,0.0,0.18,False,,completed,0.82
APP001433,CAN01507,JOB00611,2026-03-04,5,4,5,9,1.9782214156079856,0.0,1.0,2,-1.0,0.16,False,,completed,0.72
APP001434,CAN00364,JOB00752,2026-03-06,6,2,6,8,1.9782214156079856,0.0,1.0,1,0.0,0.14,False,,completed,0.82
APP001435,CAN01638,JOB00016,2026-03-05,5,4,2,6,1.9782214156079856,0.0,4.0,3,1.0,0.12000000000000001,False,,completed,0.82
APP001439,CAN00650,JOB00489,2026-03-06,4,6,2,8,1.9782214156079856,0.0,2.0,1,1.0,0.11000000000000001,False,,completed,0.82
APP001442,CAN01784,JOB00799,2026-03-08,6,5,6,11,1.9782214156079856,0.0,1.0,1,0.0,0.16,False,,completed,0.82
APP001445,CAN01365,JOB00026,2026-03-08,5,6,6,12,1.9782214156079856,0.0,4.0,3,1.0,0.16,False,,completed,0.82
APP001447,CAN00590,JOB00221,2026-03-09,6,4,6,10,1.9782214156079856,0.6129032258064516,1.0,1,0.0,0.22,False,,completed,0.82
APP001452,CAN01777,JOB00130,2026-03-10,6,6,6,12,1.9782214156079856,0.15942028985507245,4.0,4,0.0,0.22,False,,completed,0.82
APP001455,CAN00627,JOB00385,2026-03-12,8,3,4,7,1.9782214156079856,0.03571428571428571,1.0,1,0.0,0.17,False,,completed,0.82
APP001457,CAN01173,JOB00611,2026-03-12,7,5,6,11,1.9782214156079856,0.0,1.0,2,-1.0,0.19,False,,completed,0.72
APP001462,CAN01584,JOB00785,2026-03-11,6,7,6,13,1.9782214156079856,0.0,2.0,3,-1.0,0.16,False,,completed,0.72
APP001464,CAN01230,JOB00573,2026-03-12,6,4,7,11,1.9782214156079856,0.07407407407407407,,2,,0.18,False,,completed,0.6
APP001467,CAN00108,JOB00534,2026-03-13,6,4,5,9,1.9782214156079856,0.12,3.0,3,0.0,0.2,False,,completed,0.82
APP001468,CAN00460,JOB00552,2026-03-12,5,5,3,8,1.9782214156079856,0.08888888888888889,2.0,3,-1.0,0.16,False,,completed,0.72
APP001469,CAN01638,JOB00096,2026-03-14,7,6,6,12,1.9782214156079856,0.0,4.0,3,1.0,0.19,False,,completed,0.82
APP001472,CAN00112,JOB00206,2026-03-15,7,7,2,9,1.9782214156079856,0.0,1.0,1,0.0,0.19,False,,completed,0.82
APP001473,CAN01827,JOB00288,2026-03-14,6,4,7,11,1.9782214156079856,0.0,3.0,2,1.0,0.16,False,,completed,0.82
APP001474,CAN01342,JOB00409,2026-03-15,6,4,2,6,1.9782214156079856,0.0,4.0,4,0.0,0.12000000000000001,False,,completed,0.82
APP001476,CAN00490,JOB00696,2026-03-14,5,3,4,7,1.9782214156079856,0.03125,4.0,4,0.0,0.14,False,,completed,0.82
APP001484,CAN01661,JOB00414,2026-03-15,5,1,5,6,1.9782214156079856,0.1,4.0,3,1.0,0.16,False,,completed,0.82
APP001486,CAN00192,JOB00015,2026-03-15,4,4,6,10,1.9782214156079856,0.16666666666666666,5.0,4,1.0,0.19,False,,completed,0.82
APP001487,CAN01478,JOB00337,2026-03-16,5,7,7,14,1.9782214156079856,0.0,2.0,2,0.0,0.16,True,2026-03-29,withdrawn_after_schedule,
APP001488,CAN00597,JOB00096,2026-03-17,6,6,5,11,1.9782214156079856,0.11764705882352941,3.0,3,0.0,0.2,False,,completed,0.82
APP001489,CAN01093,JOB00238,2026-03-17,6,4,4,8,1.9782214156079856,0.1,4.0,3,1.0,0.18000000000000002,False,,completed,0.82
APP001491,CAN00067,JOB00368,2026-03-16,5,6,7,13,1.9782214156079856,0.03571428571428571,2.0,2,0.0,0.16,False,,completed,0.82
APP001494,CAN00072,JOB00766,2026-03-18,6,5,6,11,1.9782214156079856,0.06666666666666667,3.0,3,0.0,0.18,False,,completed,0.82
APP001495,CAN00597,JOB00033,2026-03-18,6,4,5,9,1.9782214156079856,0.0784313725490196,3.0,3,0.0,0.18,False,,completed,0.82
APP001503,CAN00772,JOB00727,2026-03-17,4,4,6,10,1.9782214156079856,0.07246376811594203,3.0,4,-1.0,0.15000000000000002,False,,completed,0.72
APP001511,CAN00597,JOB00674,2026-03-19,5,6,4,10,1.9782214156079856,0.13725490196078433,3.0,4,-1.0,0.2,True,2026-03-20,withdrawn_before_schedule,
APP001514,CAN00364,JOB00385,2026-03-21,6,3,2,5,1.9782214156079856,0.0,1.0,1,0.0,0.12000000000000001,False,,completed,0.82
APP001515,CAN01248,JOB00083,2026-03-21,6,3,4,7,1.9782214156079856,0.16666666666666666,2.0,2,0.0,0.2,False,,completed,0.82
APP001518,CAN01265,JOB00368,2026-03-22,6,3,6,9,1.9782214156079856,0.0,2.0,2,0.0,0.16,False,,completed,0.82
APP001519,CAN01784,JOB00265,2026-03-18,2,4,6,10,1.9782214156079856,0.0,,2,,0.11,False,,completed,0.6
APP001520,CAN01549,JOB00085,2026-03-17,1,5,5,10,1.9782214156079856,0.0,2.0,2,0.0,0.11,False,,completed,0.82
APP001521,CAN01581,JOB00527,2026-03-20,4,3,3,6,1.9782214156079856,0.1,3.0,3,0.0,0.13,False,,completed,0.82
APP001524,CAN01108,JOB00396,2026-03-21,5,6,3,9,1.9782214156079856,0.0,3.0,3,0.0,0.16,False,,completed,0.82
APP001527,CAN01328,JOB00489,2026-03-22,6,6,2,8,1.9782214156079856,0.0,,1,,0.14,True,2026-03-26,withdrawn_before_schedule,
APP001530,CAN00625,JOB00771,2026-03-23,6,6,4,10,1.9782214156079856,0.07042253521126761,4.0,4,0.0,0.18,False,,completed,0.82
APP001532,CAN01688,JOB00363,2026-03-21,4,5,5,10,1.9782214156079856,0.08,4.0,4,0.0,0.15000000000000002,True,2026-03-31,withdrawn_after_schedule,
APP001534,CAN00458,JOB00445,2026-03-23,6,4,6,10,1.9782214156079856,0.13333333333333333,1.0,1,0.0,0.2,False,,completed,0.82
APP001535,CAN00872,JOB00597,2026-03-23,6,3,4,7,1.9782214156079856,0.0,2.0,1,1.0,0.14,False,,completed,0.82
APP001536,CAN00872,JOB00392,2026-03-23,6,5,6,11,1.9782214156079856,0.0,2.0,3,-1.0,0.16,False,,completed,0.72
APP001537,CAN00311,JOB00717,2026-03-23,6,6,7,13,1.9782214156079856,0.023809523809523808,3.0,3,0.0,0.16,False,,completed,0.82
APP001539,CAN00889,JOB00096,2026-03-22,4,7,4,11,1.9782214156079856,0.3181818181818182,4.0,3,1.0,0.19,False,,completed,0.82
APP001544,CAN01825,JOB00597,2026-03-25,6,6,2,8,1.9782214156079856,0.0,1.0,1,0.0,0.14,False,,completed,0.82
APP001545,CAN01903,JOB00771,2026-03-24,5,7,4,11,1.9782214156079856,0.07042253521126761,4.0,4,0.0,0.18,False,,completed,0.82
APP001547,CAN00965,JOB00691,2026-03-25,5,6,2,8,1.9782214156079856,0.08695652173913043,4.0,4,0.0,0.16,False,,completed,0.82
APP001549,CAN01697,JOB00696,2026-03-24,4,4,6,10,1.9782214156079856,0.03125,3.0,4,-1.0,0.13,False,,completed,0.72
APP001550,CAN00059,JOB00630,2026-03-25,5,6,2,8,1.9782214156079856,0.04838709677419355,4.0,5,-1.0,0.14,False,,completed,0.72
APP001553,CAN01565,JOB00400,2026-03-27,6,4,5,9,1.9782214156079856,0.0,2.0,3,-1.0,0.16,False,,completed,0.72
APP001554,CAN00112,JOB00385,2026-03-26,5,3,5,8,1.9782214156079856,0.0,1.0,1,0.0,0.14,True,2026-03-28,withdrawn_before_schedule,
APP001555,CAN00350,JOB00497,2026-03-24,3,5,6,11,1.9782214156079856,0.0,3.0,3,0.0,0.13,False,,completed,0.82
APP001557,CAN00878,JOB00475,2026-03-26,5,5,5,10,1.9782214156079856,0.0,3.0,2,1.0,0.16,True,2026-04-02,withdrawn_after_schedule,
APP001560,CAN00901,JOB00611,2026-03-29,8,4,2,6,1.9782214156079856,0.0,1.0,2,-1.0,0.15,False,,completed,0.72
APP001563,CAN01660,JOB00619,2026-03-28,7,7,3,10,1.9782214156079856,0.029411764705882353,2.0,2,0.0,0.19,False,,completed,0.82
APP001566,CAN01173,JOB00200,2026-03-28,6,6,3,9,1.9782214156079856,0.1724137931034483,1.0,1,0.0,0.22,False,,completed,0.82
APP001567,CAN01614,JOB00017,2026-03-28,6,5,2,7,1.9782214156079856,0.0,4.0,4,0.0,0.14,False,,completed,0.82
APP001568,CAN01849,JOB00027,2026-03-30,8,5,6,11,1.9782214156079856,0.07142857142857142,1.0,1,0.0,0.21000000000000002,True,2026-04-03,withdrawn_before_schedule,
APP001574,CAN00375,JOB00799,2026-03-29,6,6,6,12,1.9782214156079856,0.0,1.0,1,0.0,0.16,False,,completed,0.82
APP001576,CAN01122,JOB00288,2026-03-27,4,3,4,7,1.9782214156079856,0.0,2.0,2,0.0,0.11000000000000001,False,,completed,0.82
APP001577,CAN01246,JOB00344,2026-03-27,4,5,2,7,1.9782214156079856,0.1875,4.0,3,1.0,0.17,False,,completed,0.82
APP001578,CAN01386,JOB00640,2026-03-27,4,4,5,9,1.9782214156079856,0.275,3.0,2,1.0,0.19,False,,completed,0.82
APP001579,CAN01246,JOB00767,2026-03-29,5,3,6,9,1.9782214156079856,0.0625,4.0,3,1.0,0.18,True,2026-03-30,withdrawn_before_schedule,
APP001584,CAN00072,JOB00785,2026-03-29,4,4,4,8,1.9782214156079856,0.06666666666666667,3.0,3,0.0,0.13,False,,completed,0.82
APP001585,CAN01624,JOB00132,2026-03-28,3,5,2,7,1.9782214156079856,0.14583333333333334,3.0,3,0.0,0.15,False,,completed,0.82
APP001586,CAN00425,JOB00600,2026-04-01,7,4,4,8,2.0338228015179016,0.0,1.0,2,-1.0,0.17,False,,completed,0.72
APP001587,CAN01457,JOB00499,2026-04-01,7,4,4,8,2.0338228015179016,0.038461538461538464,1.0,1,0.0,0.17,False,,completed,0.82
APP001588,CAN01070,JOB00464,2026-03-31,5,5,3,8,1.9782214156079856,0.0,4.0,4,0.0,0.14,False,,completed,0.82
APP001589,CAN00884,JOB00669,2026-04-02,7,6,6,12,2.0338228015179016,0.14666666666666667,5.0,5,0.0,0.22999999999999998,False,,completed,0.82
APP001593,CAN01445,JOB00606,2026-04-02,7,5,7,12,2.0338228015179016,0.08823529411764706,3.0,2,1.0,0.21000000000000002,False,,completed,0.82
APP001597,CAN01154,JOB00175,2026-04-02,6,6,7,13,2.0338228015179016,0.09859154929577464,4.0,4,0.0,0.18,False,,completed,0.82
APP001598,CAN01837,JOB00771,2026-04-03,7,7,7,14,2.0338228015179016,0.0,5.0,4,1.0,0.19,False,,completed,0.82
APP001601,CAN01468,JOB00630,2026-03-31,4,6,5,11,1.9782214156079856,0.016666666666666666,4.0,5,-1.0,0.13,False,,completed,0.72
APP001603,CAN00095,JOB00237,2026-04-03,6,3,3,6,2.0338228015179016,0.07692307692307693,3.0,4,-1.0,0.14,True,2026-04-04,withdrawn_before_schedule,
APP001605,CAN00345,JOB00063,2026-04-04,6,4,6,10,2.0338228015179016,0.15789473684210525,3.0,2,1.0,0.22,False,,completed,0.82
APP001606,CAN01058,JOB00152,2026-04-04,6,5,3,8,2.0338228015179016,0.06382978723404255,3.0,3,0.0,0.16,False,,completed,0.82
APP001607,CAN01093,JOB00175,2026-04-03,5,4,5,9,2.0338228015179016,0.08571428571428572,4.0,4,0.0,0.18,False,,completed,0.82
APP001610,CAN01526,JOB00534,2026-04-04,6,6,7,13,2.0338228015179016,0.0,2.0,3,-1.0,0.16,False,,completed,0.72
APP001612,CAN01324,JOB00755,2026-04-06,7,4,2,6,2.0338228015179016,0.18181818181818182,4.0,3,1.0,0.21,False,,completed,0.82
APP001613,CAN00219,JOB00450,2026-04-03,4,4,3,7,2.0338228015179016,0.0625,4.0,3,1.0,0.13,False,,completed,0.82
APP001615,CAN01939,JOB00385,2026-04-03,4,3,6,9,2.0338228015179016,0.06896551724137931,1.0,1,0.0,0.15000000000000002,False,,completed,0.82
APP001617,CAN00286,JOB00387,2026-04-05,6,6,7,13,2.0338228015179016,0.15492957746478872,5.0,4,1.0,0.22,False,,completed,0.82
APP001618,CAN01603,JOB00727,2026-04-06,7,4,6,10,2.0338228015179016,0.0,4.0,4,0.0,0.19,False,,completed,0.82
APP001620,CAN00219,JOB00361,2026-04-06,6,5,4,9,2.0338228015179016,0.0625,4.0,4,0.0,0.18,False,,completed,0.82
APP001621,CAN00409,JOB00371,2026-04-04,4,5,7,12,2.0338228015179016,0.0,1.0,2,-1.0,0.13,False,,completed,0.72
APP001622,CAN01468,JOB00731,2026-04-08,8,7,6,13,2.0338228015179016,0.03333333333333333,4.0,4,0.0,0.19,True,2026-04-14,withdrawn_before_schedule,
APP001623,CAN00255,JOB00759,2026-04-04,3,5,7,12,2.0338228015179016,0.0,5.0,4,1.0,0.13,False,,completed,0.82
APP001624,CAN01083,JOB00155,2026-04-05,4,4,6,10,2.0338228015179016,0.0,4.0,4,0.0,0.13,False,,completed,0.82
APP001629,CAN00323,JOB00601,2026-04-08,6,3,2,5,2.0338228015179016,0.10416666666666667,4.0,3,1.0,0.16,True,2026-04-10,withdrawn_before_schedule,
APP001630,CAN01083,JOB00165,2026-04-09,7,7,6,13,2.0338228015179016,0.0,4.0,4,0.0,0.19,False,,completed,0.82
APP001632,CAN01457,JOB00411,2026-04-07,5,7,3,10,2.0338228015179016,0.0,1.0,2,-1.0,0.16,False,,completed,0.72
APP001633,CAN01598,JOB00450,2026-04-08,6,6,3,9,2.0338228015179016,0.0625,3.0,3,0.0,0.18,True,2026-04-17,withdrawn_after_schedule,
APP001637,CAN01457,JOB00505,2026-04-09,6,5,5,10,2.0338228015179016,0.0,1.0,1,0.0,0.16,False,,completed,0.82
APP001638,CAN01523,JOB00347,2026-04-09,6,7,6,13,2.0338228015179016,0.0,1.0,2,-1.0,0.16,False,,completed,0.72
APP001639,CAN01637,JOB00132,2026-04-10,7,5,3,8,2.0338228015179016,0.18,4.0,3,1.0,0.23,False,,completed,0.82
APP001640,CAN00364,JOB00328,2026-04-10,7,3,2,5,2.0338228015179016,0.0,1.0,1,0.0,0.15,False,,completed,0.82
APP001641,CAN00056,JOB00366,2026-04-11,8,4,4,8,2.0338228015179016,0.0,3.0,3,0.0,0.17,False,,completed,0.82
APP001643,CAN00286,JOB00479,2026-04-08,4,6,5,11,2.0338228015179016,0.15492957746478872,5.0,3,2.0,0.19,True,2026-04-09,withdrawn_before_schedule,
APP001644,CAN00248,JOB00600,2026-04-10,6,4,6,10,2.0338228015179016,0.037037037037037035,,2,,0.16,False,,completed,0.6
APP001645,CAN00643,JOB00610,2026-04-11,7,5,4,9,2.0338228015179016,0.0,1.0,2,-1.0,0.19,False,,completed,0.72
APP001648,CAN01581,JOB00110,2026-04-11,6,6,2,8,2.0338228015179016,0.22,3.0,2,1.0,0.2,False,,completed,0.82
APP001651,CAN00282,JOB00570,2026-04-08,3,4,3,7,2.0338228015179016,0.0,,2,,0.11000000000000001,False,,completed,0.6
APP001652,CAN00481,JOB00607,2026-04-09,4,4,7,11,2.0338228015179016,0.0,1.0,1,0.0,0.13,False,,completed,0.82
APP001653,CAN00072,JOB00657,2026-04-14,8,5,3,8,2.0338228015179016,0.0,3.0,3,0.0,0.17,True,2026-04-17,withdrawn_before_schedule,
APP001659,CAN01690,JOB00734,2026-04-12,6,5,2,7,2.0338228015179016,0.021739130434782608,4.0,4,0.0,0.14,False,,completed,0.82
APP001660,CAN00393,JOB00577,2026-04-13,6,4,5,9,2.0338228015179016,0.08163265306122448,4.0,3,1.0,0.18,False,,completed,0.82
APP001663,CAN01928,JOB00400,2026-04-11,4,4,6,10,2.0338228015179016,0.0,1.0,3,-2.0,0.13,False,,completed,0.6
APP001664,CAN00761,JOB00725,2026-04-10,2,5,3,8,2.0338228015179016,0.0,1.0,1,0.0,0.09,False,,completed,0.82
APP001667,CAN01107,JOB00725,2026-04-11,3,5,3,8,2.0338228015179016,0.0,2.0,1,1.0,0.11000000000000001,False,,completed,0.82
APP001670,CAN00761,JOB00003,2026-04-12,3,6,7,13,2.0338228015179016,0.0,1.0,1,0.0,0.13,False,,completed,0.82
APP001671,CAN01143,JOB00594,2026-04-16,7,7,6,13,2.0338228015179016,0.0851063829787234,3.0,3,0.0,0.21000000000000002,False,,completed,0.82
APP001674,CAN00890,JOB00799,2026-04-14,5,6,5,11,2.0338228015179016,0.0,1.0,1,0.0,0.16,False,,completed,0.82
APP001675,CAN00020,JOB00652,2026-04-16,7,4,5,9,2.0338228015179016,0.10416666666666667,3.0,3,0.0,0.22999999999999998,False,,completed,0.82
APP001676,CAN00837,JOB00439,2026-04-14,5,4,3,7,2.0338228015179016,0.0,2.0,2,0.0,0.14,False,,completed,0.82
APP001678,CAN00648,JOB00693,2026-04-12,2,6,5,11,2.0338228015179016,0.08823529411764706,2.0,2,0.0,0.13,False,,completed,0.82
APP001679,CAN00716,JOB00206,2026-04-16,6,5,2,7,2.0338228015179016,0.0,1.0,1,0.0,0.14,False,,completed,0.82
APP001680,CAN00890,JOB00159,2026-04-15,5,7,2,9,2.0338228015179016,0.038461538461538464,1.0,1,0.0,0.16,False,,completed,0.82
APP001688,CAN00749,JOB00743,2026-04-19,8,6,2,8,2.0338228015179016,0.0,1.0,2,-1.0,0.17,False,,completed,0.72
APP001689,CAN01606,JOB00710,2026-04-19,8,3,7,10,2.0338228015179016,0.03076923076923077,4.0,5,-1.0,0.19,False,,completed,0.72
APP001691,CAN01654,JOB00570,2026-04-17,6,6,2,8,2.0338228015179016,0.03571428571428571,2.0,2,0.0,0.14,False,,completed,0.82
APP001692,CAN01727,JOB00563,2026-04-16,5,4,2,6,2.0338228015179016,0.0,1.0,3,-2.0,0.12000000000000001,False,,completed,0.6
APP001693,CAN01837,JOB00360,2026-04-18,7,6,7,13,2.0338228015179016,0.0,3.0,2,1.0,0.19,False,,completed,0.82
APP001695,CAN01945,JOB00462,2026-04-16,5,5,3,8,2.0338228015179016,0.06060606060606061,2.0,2,0.0,0.16,False,,completed,0.82
APP001696,CAN00654,JOB00527,2026-04-18,6,6,6,12,2.0338228015179016,0.021739130434782608,3.0,3,0.0,0.16,False,,completed,0.82
APP001697,CAN00654,JOB00396,2026-04-18,6,6,4,10,2.0338228015179016,0.043478260869565216,3.0,3,0.0,0.16,False,,completed,0.82
APP001698,CAN01122,JOB00606,2026-04-17,5,7,5,12,2.0338228015179016,0.03125,2.0,2,0.0,0.16,True,2026-04-20,withdrawn_before_schedule,
APP001700,CAN01849,JOB00499,2026-04-17,5,6,5,11,2.0338228015179016,0.10714285714285714,1.0,1,0.0,0.2,False,,completed,0.82
APP001701,CAN01919,JOB00181,2026-04-13,1,4,7,11,2.0338228015179016,0.18867924528301888,3.0,3,0.0,0.16999999999999998,True,2026-04-22,withdrawn_after_schedule,
APP001705,CAN01115,JOB00652,2026-04-18,6,7,7,14,2.0338228015179016,0.0,3.0,3,0.0,0.16,True,2026-04-22,withdrawn_before_schedule,
APP001707,CAN01234,JOB00045,2026-04-20,7,5,3,8,2.0338228015179016,0.17647058823529413,2.0,2,0.0,0.23,True,2026-04-21,withdrawn_before_schedule,
APP001711,CAN00141,JOB00652,2026-04-22,8,7,4,11,2.0338228015179016,0.0,2.0,3,-1.0,0.19,False,,completed,0.72
APP001712,CAN01458,JOB00779,2026-04-20,6,3,6,9,2.0338228015179016,0.16216216216216217,2.0,2,0.0,0.22,False,,completed,0.82
APP001715,CAN00365,JOB00709,2026-04-17,3,2,2,4,2.0338228015179016,0.0,1.0,1,0.0,0.07,False,,completed,0.82
APP001717,CAN01140,JOB00718,2026-04-20,6,5,5,10,2.0338228015179016,0.0,2.0,3,-1.0,0.16,False,,completed,0.72
APP001718,CAN01942,JOB00462,2026-04-21,7,5,4,9,2.0338228015179016,0.03125,2.0,2,0.0,0.19,False,,completed,0.82
APP001719,CAN00327,JOB00217,2026-04-22,7,6,3,9,2.0338228015179016,0.18181818181818182,4.0,4,0.0,0.25,False,,completed,0.82
APP001720,CAN00327,JOB00129,2026-04-21,6,7,7,14,2.0338228015179016,0.13636363636363635,4.0,4,0.0,0.2,False,,completed,0.82
APP001721,CAN00375,JOB00607,2026-04-19,4,6,5,11,2.0338228015179016,0.0,1.0,1,0.0,0.13,True,2026-04-25,withdrawn_after_schedule,
APP001725,CAN00375,JOB00401,2026-04-23,7,5,3,8,2.0338228015179016,0.0,1.0,1,0.0,0.17,False,,completed,0.82
APP001729,CAN01295,JOB00603,2026-04-23,7,7,6,13,2.0338228015179016,0.0,1.0,1,0.0,0.19,False,,completed,0.82
APP001731,CAN00779,JOB00110,2026-04-23,6,6,4,10,2.0338228015179016,0.1875,2.0,2,0.0,0.22,False,,completed,0.82
APP001734,CAN00953,JOB00462,2026-04-23,6,3,6,9,2.0338228015179016,0.11428571428571428,3.0,2,1.0,0.2,False,,completed,0.82
APP001737,CAN01191,JOB00594,2026-04-24,7,6,2,8,2.0338228015179016,0.12244897959183673,3.0,3,0.0,0.21,True,2026-04-30,withdrawn_after_schedule,
APP001739,CAN00347,JOB00385,2026-04-24,6,5,2,7,2.0338228015179016,0.03571428571428571,1.0,1,0.0,0.14,False,,completed,0.82
APP001741,CAN00932,JOB00521,2026-04-25,7,2,3,5,2.0338228015179016,0.0851063829787234,4.0,4,0.0,0.17,True,2026-04-28,withdrawn_after_schedule,
APP001742,CAN00193,JOB00450,2026-04-21,3,4,2,6,2.0338228015179016,0.1,3.0,3,0.0,0.13,False,,completed,0.82
APP001745,CAN00158,JOB00414,2026-04-26,7,5,3,8,2.0338228015179016,0.1509433962264151,3.0,3,0.0,0.23,True,2026-04-27,withdrawn_before_schedule,
APP001747,CAN01818,JOB00635,2026-04-22,3,5,7,12,2.0338228015179016,0.02857142857142857,2.0,3,-1.0,0.13,False,,completed,0.72
APP001748,CAN00158,JOB00360,2026-04-24,4,4,6,10,2.0338228015179016,0.18867924528301888,3.0,2,1.0,0.19,False,,completed,0.82
APP001749,CAN01240,JOB00462,2026-04-27,7,6,6,12,2.0338228015179016,0.0,1.0,2,-1.0,0.19,False,,completed,0.72
APP001754,CAN00288,JOB00625,2026-04-29,8,4,7,11,2.0338228015179016,0.0,4.0,3,1.0,0.19,False,,completed,0.82
APP001756,CAN01295,JOB00607,2026-04-28,6,2,7,9,2.0338228015179016,0.037037037037037035,1.0,1,0.0,0.16,False,,completed,0.82
APP001757,CAN00643,JOB00371,2026-04-28,6,4,3,7,2.0338228015179016,0.0,1.0,2,-1.0,0.14,False,,completed,0.72
APP001758,CAN01815,JOB00085,2026-04-27,5,7,3,10,2.0338228015179016,0.0,,2,,0.16,False,,completed,0.6
APP001760,CAN00963,JOB00364,2026-04-28,6,4,2,6,2.0338228015179016,0.0,2.0,2,0.0,0.12000000000000001,False,,completed,0.82
APP001761,CAN01790,JOB00657,2026-04-28,5,5,3,8,2.0338228015179016,0.0,2.0,3,-1.0,0.14,False,,completed,0.72
APP001762,CAN01816,JOB00238,2026-04-27,4,6,2,8,2.0338228015179016,0.0,5.0,3,2.0,0.11000000000000001,False,,completed,0.82
APP001766,CAN01609,JOB00709,2026-04-29,6,5,4,9,2.0338228015179016,0.1724137931034483,1.0,1,0.0,0.22,False,,completed,0.82
APP001767,CAN01645,JOB00633,2026-04-29,6,3,7,10,2.0338228015179016,0.037037037037037035,2.0,2,0.0,0.16,False,,completed,0.82
APP001773,CAN01393,JOB00799,2026-04-29,4,4,5,9,2.0338228015179016,0.23529411764705882,1.0,1,0.0,0.19,False,,completed,0.82
APP001774,CAN01458,JOB00297,2026-05-01,6,6,7,13,2.163751856129352,0.1891891891891892,2.0,2,0.0,0.22,False,,completed,0.82
APP001777,CAN00564,JOB00734,2026-04-28,3,4,6,10,2.0338228015179016,0.021739130434782608,,4,,0.13,False,,completed,0.4
APP001778,CAN01683,JOB00385,2026-05-03,7,7,2,9,2.163751856129352,0.0,1.0,1,0.0,0.19,True,2026-05-07,withdrawn_before_schedule,
APP001779,CAN00284,JOB00713,2026-05-04,8,7,6,13,2.163751856129352,0.0,3.0,3,0.0,0.19,True,2026-05-14,withdrawn_after_schedule,
APP001781,CAN01580,JOB00656,2026-04-29,3,5,6,11,2.0338228015179016,0.07692307692307693,1.0,1,0.0,0.15000000000000002,False,,completed,0.82
APP001782,CAN00714,JOB00744,2026-05-02,5,7,5,12,2.163751856129352,0.0,,2,,0.16,False,,completed,0.6
APP001788,CAN00652,JOB00713,2026-05-02,5,6,4,10,2.163751856129352,0.0,2.0,3,-1.0,0.16,False,,completed,0.72
APP001789,CAN01497,JOB00727,2026-04-29,2,6,6,12,2.0338228015179016,0.1232876712328767,4.0,4,0.0,0.15,True,2026-05-08,withdrawn_after_schedule,
APP001790,CAN01537,JOB00056,2026-05-01,4,6,7,13,2.163751856129352,0.0,4.0,4,0.0,0.13,False,,completed,0.82
APP001792,CAN00581,JOB00656,2026-05-04,7,6,2,8,2.163751856129352,0.07692307692307693,1.0,1,0.0,0.19000000000000003,False,,completed,0.82
APP001797,CAN00694,JOB00401,2026-05-05,7,5,6,11,2.163751856129352,0.0,1.0,1,0.0,0.19,False,,completed,0.82
APP001798,CAN01065,JOB00505,2026-05-05,7,5,4,9,2.163751856129352,0.0,1.0,1,0.0,0.19,False,,completed,0.82
APP001799,CAN01644,JOB00750,2026-05-05,7,6,3,9,2.163751856129352,0.0,3.0,3,0.0,0.19,True,2026-05-09,withdrawn_before_schedule,
APP001800,CAN00245,JOB00688,2026-05-06,7,6,4,10,2.163751856129352,0.0,2.0,3,-1.0,0.19,False,,completed,0.72
APP001801,CAN01081,JOB00414,2026-05-07,8,7,7,14,2.163751856129352,0.0,3.0,3,0.0,0.19,False,,completed,0.82
APP001802,CAN01450,JOB00411,2026-05-04,5,4,5,9,2.163751856129352,0.0,1.0,2,-1.0,0.16,True,2026-05-09,withdrawn_after_schedule,
APP001803,CAN01486,JOB00725,2026-05-05,6,4,5,9,2.163751856129352,0.0,1.0,1,0.0,0.16,True,2026-05-13,withdrawn_after_schedule,
APP001807,CAN00435,JOB00676,2026-05-04,4,6,2,8,2.163751856129352,0.08888888888888889,3.0,3,0.0,0.13,False,,completed,0.82
APP001809,CAN01352,JOB00689,2026-05-05,5,7,5,12,2.163751856129352,0.07407407407407407,1.0,1,0.0,0.18,False,,completed,0.82
APP001810,CAN01642,JOB00371,2026-05-07,6,7,6,13,2.163751856129352,0.0,2.0,2,0.0,0.16,False,,completed,0.82
APP001812,CAN00618,JOB00689,2026-05-08,7,4,5,9,2.163751856129352,0.0,1.0,1,0.0,0.19,False,,completed,0.82
APP001816,CAN00932,JOB00187,2026-05-08,5,4,7,11,2.163751856129352,0.06382978723404255,4.0,4,0.0,0.18,False,,completed,0.82
APP001820,CAN00651,JOB00657,2026-05-06,3,4,4,8,2.163751856129352,0.0,3.0,3,0.0,0.11000000000000001,False,,completed,0.82
APP001821,CAN00233,JOB00783,2026-05-09,5,6,2,8,2.163751856129352,0.0,4.0,4,0.0,0.14,False,,completed,0.82
APP001822,CAN00347,JOB00611,2026-05-08,4,4,3,7,2.163751856129352,0.0,1.0,2,-1.0,0.11000000000000001,False,,completed,0.72
APP001824,CAN00679,JOB00638,2026-05-12,8,5,3,8,2.163751856129352,0.4107142857142857,2.0,3,-1.0,0.23,True,2026-05-18,withdrawn_after_schedule,
APP001827,CAN01655,JOB00689,2026-05-09,5,7,7,14,2.163751856129352,0.038461538461538464,1.0,1,0.0,0.16,False,,completed,0.82
APP001830,CAN00174,JOB00635,2026-05-10,5,5,4,9,2.163751856129352,0.05555555555555555,3.0,3,0.0,0.18,False,,completed,0.82
APP001832,CAN00368,JOB00491,2026-05-13,7,5,4,9,2.163751856129352,0.0,2.0,5,-3.0,0.19,False,,completed,0.48
APP001835,CAN00095,JOB00362,2026-05-13,7,4,5,9,2.163751856129352,0.038461538461538464,3.0,4,-1.0,0.19,True,2026-05-14,withdrawn_before_schedule,
APP001836,CAN00580,JOB00685,2026-05-12,6,6,4,10,2.163751856129352,0.1111111111111111,2.0,1,1.0,0.2,False,,completed,0.82
APP001841,CAN01813,JOB00411,2026-05-12,5,7,7,14,2.163751856129352,0.0,,2,,0.16,False,,completed,0.6
APP001843,CAN00731,JOB00436,2026-05-11,3,6,2,8,2.163751856129352,0.03225806451612903,2.0,2,0.0,0.11000000000000001,False,,completed,0.82
APP001846,CAN01393,JOB00689,2026-05-14,6,3,7,10,2.163751856129352,0.2647058823529412,1.0,1,0.0,0.22,False,,completed,0.82
APP001847,CAN01393,JOB00607,2026-05-14,6,6,3,9,2.163751856129352,0.23529411764705882,1.0,1,0.0,0.22,False,,completed,0.82
APP001848,CAN01793,JOB00601,2026-05-13,5,5,6,11,2.163751856129352,0.044444444444444446,3.0,3,0.0,0.16,True,2026-05-16,withdrawn_before_schedule,
APP001849,CAN01891,JOB00727,2026-05-13,5,7,2,9,2.163751856129352,0.08571428571428572,4.0,4,0.0,0.18,False,,completed,0.82
APP001850,CAN01891,JOB00384,2026-05-12,4,4,4,8,2.163751856129352,0.1,4.0,4,0.0,0.15,False,,completed,0.82
APP001853,CAN01034,JOB00391,2026-05-16,7,5,6,11,2.163751856129352,0.0,2.0,2,0.0,0.19,False,,completed,0.82
APP001855,CAN01393,JOB00085,2026-05-14,5,7,6,13,2.163751856129352,0.11764705882352941,1.0,2,-1.0,0.2,False,,completed,0.72
APP001856,CAN01841,JOB00003,2026-05-16,7,6,2,8,2.163751856129352,0.0,1.0,1,0.0,0.17,False,,completed,0.82
APP001857,CAN01392,JOB00681,2026-05-15,6,3,2,5,2.163751856129352,0.0,,2,,0.12000000000000001,False,,completed,0.6
APP001858,CAN00245,JOB00470,2026-05-15,5,4,6,10,2.163751856129352,0.0,2.0,3,-1.0,0.16,False,,completed,0.72
APP001859,CAN00245,JOB00672,2026-05-16,6,4,3,7,2.163751856129352,0.0,2.0,3,-1.0,0.14,False,,completed,0.72
APP001860,CAN01669,JOB00741,2026-05-16,6,7,5,12,2.163751856129352,0.19696969696969696,4.0,3,1.0,0.22,False,,completed,0.82
APP001863,CAN00694,JOB00607,2026-05-18,8,3,5,8,2.163751856129352,0.07142857142857142,1.0,1,0.0,0.19000000000000003,False,,completed,0.82
APP001865,CAN01458,JOB00789,2026-05-17,7,7,2,9,2.163751856129352,0.1891891891891892,2.0,2,0.0,0.25,True,2026-05-18,withdrawn_before_schedule,
APP001873,CAN01157,JOB00587,2026-05-19,7,4,4,8,2.163751856129352,0.03389830508474576,4.0,4,0.0,0.17,True,2026-05-22,withdrawn_before_schedule,
APP001874,CAN00359,JOB00495,2026-05-18,5,5,5,10,2.163751856129352,0.06521739130434782,3.0,3,0.0,0.18,False,,completed,0.82
APP001875,CAN00359,JOB00450,2026-05-19,6,7,6,13,2.163751856129352,0.021739130434782608,3.0,3,0.0,0.16,False,,completed,0.82
APP001876,CAN00595,JOB00403,2026-05-18,5,6,2,8,2.163751856129352,0.21875,1.0,1,0.0,0.2,True,2026-05-19,withdrawn_before_schedule,
APP001877,CAN01537,JOB00017,2026-05-18,5,2,3,5,2.163751856129352,0.0,4.0,4,0.0,0.12000000000000001,False,,completed,0.82
APP001878,CAN01537,JOB00023,2026-05-19,6,6,2,8,2.163751856129352,0.0,4.0,4,0.0,0.14,False,,completed,0.82
APP001879,CAN00524,JOB00234,2026-05-19,5,5,3,8,2.163751856129352,0.1388888888888889,4.0,4,0.0,0.18000000000000002,False,,completed,0.82
APP001881,CAN00694,JOB00391,2026-05-22,8,4,3,7,2.163751856129352,0.0,1.0,2,-1.0,0.17,False,,completed,0.72
APP001882,CAN01570,JOB00023,2026-05-22,8,3,4,7,2.163751856129352,0.15942028985507245,4.0,4,0.0,0.23,False,,completed,0.82
APP001883,CAN00128,JOB00462,2026-05-20,5,3,5,8,2.163751856129352,0.0,1.0,2,-1.0,0.14,False,,completed,0.72
APP001884,CAN01322,JOB00694,2026-05-18,3,3,4,7,2.163751856129352,0.09259259259259259,4.0,4,0.0,0.13,False,,completed,0.82
APP001887,CAN01757,JOB00796,2026-05-22,6,4,4,8,2.163751856129352,0.06060606060606061,4.0,4,0.0,0.16,True,2026-05-23,withdrawn_before_schedule,
APP001888,CAN00819,JOB00398,2026-05-23,7,6,5,11,2.163751856129352,0.0,1.0,2,-1.0,0.19,True,2026-05-30,withdrawn_after_schedule,
APP001889,CAN01074,JOB00402,2026-05-19,3,6,7,13,2.163751856129352,0.0,4.0,4,0.0,0.13,False,,completed,0.82
APP001890,CAN01103,JOB00462,2026-05-23,7,3,6,9,2.163751856129352,0.40384615384615385,,2,,0.25,False,,completed,0.6
APP001894,CAN01933,JOB00127,2026-05-24,7,7,6,13,2.163751856129352,0.15384615384615385,4.0,3,1.0,0.25,False,,completed,0.82
APP001896,CAN01841,JOB00571,2026-05-24,7,5,6,11,2.163751856129352,0.0,1.0,1,0.0,0.19,False,,completed,0.82
APP001897,CAN00001,JOB00732,2026-05-24,6,7,6,13,2.163751856129352,0.08571428571428572,2.0,2,0.0,0.18,False,,completed,0.82
APP001900,CAN00001,JOB00462,2026-05-23,4,4,7,11,2.163751856129352,0.11428571428571428,2.0,2,0.0,0.16999999999999998,False,,completed,0.82
APP001901,CAN01793,JOB00657,2026-05-22,3,7,7,14,2.163751856129352,0.0,3.0,3,0.0,0.13,False,,completed,0.82
APP001907,CAN00721,JOB00601,2026-05-26,6,6,2,8,2.163751856129352,0.14,4.0,3,1.0,0.18000000000000002,False,,completed,0.82
APP001909,CAN00512,JOB00366,2026-05-27,7,5,6,11,2.163751856129352,0.0,3.0,3,0.0,0.19,False,,completed,0.82
APP001914,CAN00068,JOB00577,2026-05-27,6,5,6,11,2.163751856129352,0.0,3.0,3,0.0,0.16,False,,completed,0.82
APP001915,CAN01042,JOB00127,2026-05-28,7,5,5,10,2.163751856129352,0.0,2.0,3,-1.0,0.19,False,,completed,0.72
APP001917,CAN01760,JOB00798,2026-05-28,6,3,2,5,2.163751856129352,0.0,2.0,3,-1.0,0.12000000000000001,False,,completed,0.72
APP001919,CAN00301,JOB00651,2026-05-29,7,5,5,10,2.163751856129352,0.12698412698412698,4.0,4,0.0,0.22999999999999998,False,,completed,0.82
APP001920,CAN00301,JOB00402,2026-05-27,5,4,6,10,2.163751856129352,0.047619047619047616,4.0,4,0.0,0.16,False,,completed,0.82
APP001922,CAN00577,JOB00798,2026-05-28,6,4,7,11,2.163751856129352,0.0,2.0,3,-1.0,0.16,False,,completed,0.72
APP001923,CAN00286,JOB00463,2026-05-29,7,5,7,12,2.163751856129352,0.11267605633802817,5.0,5,0.0,0.22999999999999998,False,,completed,0.82
APP001924,CAN00451,JOB00647,2026-05-29,7,5,5,10,2.163751856129352,0.038461538461538464,1.0,1,0.0,0.19,False,,completed,0.82
APP001928,CAN01827,JOB00789,2026-05-26,4,4,5,9,2.163751856129352,0.11764705882352941,3.0,2,1.0,0.16999999999999998,False,,completed,0.82
APP001930,CAN00099,JOB00404,2026-05-27,4,7,7,14,2.163751856129352,0.13725490196078433,3.0,3,0.0,0.16999999999999998,False,,completed,0.82
APP001931,CAN00819,JOB00296,2026-05-30,7,5,3,8,2.163751856129352,0.0,1.0,1,0.0,0.17,False,,completed,0.82
APP001933,CAN01042,JOB00492,2026-05-30,7,2,5,7,2.163751856129352,0.0,2.0,3,-1.0,0.17,False,,completed,0.72
APP001934,CAN01322,JOB00430,2026-05-29,6,6,5,11,2.163751856129352,0.12962962962962962,4.0,3,1.0,0.2,False,,completed,0.82
APP001936,CAN00309,JOB00785,2026-05-29,5,5,4,9,2.163751856129352,0.045454545454545456,3.0,3,0.0,0.16,False,,completed,0.82
APP001937,CAN00819,JOB00391,2026-05-31,7,6,3,9,2.163751856129352,0.0,1.0,2,-1.0,0.19,False,,completed,0.72
APP001941,CAN00473,JOB00647,2026-05-28,4,7,5,12,2.163751856129352,0.0,1.0,1,0.0,0.13,True,2026-06-04,withdrawn_after_schedule,
APP001942,CAN00504,JOB00647,2026-05-31,7,4,3,7,2.163751856129352,0.0,1.0,1,0.0,0.17,False,,completed,0.82
APP001944,CAN00088,JOB00513,2026-05-29,4,6,7,13,2.163751856129352,0.06060606060606061,2.0,2,0.0,0.15000000000000002,False,,completed,0.82
APP001945,CAN00169,JOB00381,2026-05-31,6,4,6,10,2.163751856129352,0.0,3.0,3,0.0,0.16,False,,completed,0.82
APP001946,CAN00883,JOB00371,2026-05-29,4,6,7,13,2.163751856129352,0.0,1.0,2,-1.0,0.13,False,,completed,0.72
APP001949,CAN00174,JOB00212,2026-06-01,6,5,3,8,2.307540009899357,0.19444444444444445,3.0,2,1.0,0.2,True,2026-06-02,withdrawn_before_schedule,
APP001950,CAN01704,JOB00616,2026-05-29,3,4,3,7,2.163751856129352,0.08823529411764706,2.0,2,0.0,0.13,False,,completed,0.82
APP001952,CAN00524,JOB00448,2026-06-02,7,5,2,7,2.307540009899357,0.1388888888888889,4.0,4,0.0,0.21,False,,completed,0.82
APP001954,CAN00454,JOB00175,2026-05-30,3,5,7,12,2.163751856129352,0.04477611940298507,3.0,4,-1.0,0.13,False,,completed,0.72
APP001955,CAN00524,JOB00771,2026-06-02,6,7,2,9,2.307540009899357,0.08333333333333333,4.0,4,0.0,0.18,False,,completed,0.82
APP001958,CAN00971,JOB00073,2026-06-01,5,4,6,10,2.307540009899357,0.14,3.0,3,0.0,0.2,False,,completed,0.82
APP001959,CAN01015,JOB00401,2026-06-04,8,4,4,8,2.307540009899357,0.0,2.0,1,1.0,0.17,True,2026-06-12,withdrawn_after_schedule,
APP001960,CAN01641,JOB00321,2026-06-01,5,6,3,9,2.307540009899357,0.0,3.0,3,0.0,0.16,False,,completed,0.82
APP001962,CAN00717,JOB00741,2026-06-02,6,5,6,11,2.307540009899357,0.171875,4.0,3,1.0,0.22,False,,completed,0.82
APP001963,CAN00006,JOB00798,2026-06-03,7,4,3,7,2.307540009899357,0.0,2.0,3,-1.0,0.17,False,,completed,0.72
APP001967,CAN01061,JOB00615,2026-06-03,7,7,6,13,2.307540009899357,0.0,,5,,0.19,False,,completed,0.4
APP001969,CAN00497,JOB00732,2026-06-05,8,4,7,11,2.307540009899357,0.08571428571428572,2.0,2,0.0,0.21000000000000002,True,2026-06-16,withdrawn_after_schedule,
APP001970,CAN01710,JOB00611,2026-06-03,6,5,3,8,2.307540009899357,0.0,1.0,2,-1.0,0.14,False,,completed,0.72
APP001976,CAN01441,JOB00620,2026-06-01,3,5,4,9,2.307540009899357,0.2028985507246377,5.0,4,1.0,0.19,False,,completed,0.82
APP001981,CAN01016,JOB00795,2026-06-05,6,6,2,8,2.307540009899357,0.0,3.0,4,-1.0,0.14,False,,completed,0.72
APP001983,CAN01322,JOB00414,2026-06-06,6,6,6,12,2.307540009899357,0.16666666666666666,4.0,3,1.0,0.22,True,2026-06-16,withdrawn_after_schedule,
APP001984,CAN01757,JOB00180,2026-06-05,5,4,6,10,2.307540009899357,0.09090909090909091,4.0,4,0.0,0.18,True,2026-06-11,withdrawn_after_schedule,
APP001985,CAN01811,JOB00003,2026-06-06,6,4,3,7,2.307540009899357,0.0,1.0,1,0.0,0.14,True,2026-06-08,withdrawn_before_schedule,
APP001989,CAN01311,JOB00652,2026-06-08,7,7,4,11,2.307540009899357,0.06521739130434782,3.0,3,0.0,0.21000000000000002,True,2026-06-19,withdrawn_after_schedule,
APP001990,CAN00577,JOB00358,2026-06-06,5,7,5,12,2.307540009899357,0.20588235294117646,2.0,1,1.0,0.22,False,,completed,0.82
APP001991,CAN00577,JOB00693,2026-06-09,8,5,6,11,2.307540009899357,0.08823529411764706,2.0,2,0.0,0.21000000000000002,True,2026-06-12,withdrawn_before_schedule,
APP001993,CAN00086,JOB00798,2026-06-09,8,6,6,12,2.307540009899357,0.0,2.0,3,-1.0,0.19,False,,completed,0.72
APP001997,CAN00099,JOB00366,2026-06-10,8,6,5,11,2.307540009899357,0.09803921568627451,3.0,3,0.0,0.21000000000000002,False,,completed,0.82
APP001999,CAN00951,JOB00466,2026-06-08,6,5,6,11,2.307540009899357,0.375,,2,,0.22,False,,completed,0.6
APP002001,CAN00099,JOB00676,2026-06-08,5,3,6,9,2.307540009899357,0.19607843137254902,3.0,3,0.0,0.22,False,,completed,0.82
APP002005,CAN01641,JOB00767,2026-06-09,5,5,5,10,2.307540009899357,0.0,3.0,3,0.0,0.16,False,,completed,0.82
APP002007,CAN00321,JOB00394,2026-06-10,6,4,5,9,2.307540009899357,0.023255813953488372,4.0,3,1.0,0.16,True,2026-06-12,withdrawn_before_schedule,
APP002008,CAN00883,JOB00689,2026-06-10,5,7,4,11,2.307540009899357,0.0,1.0,1,0.0,0.16,True,2026-06-21,withdrawn_after_schedule,
APP002011,CAN01647,JOB00598,2026-06-13,8,5,3,8,2.307540009899357,0.0,3.0,3,0.0,0.17,False,,completed,0.82
APP002012,CAN01731,JOB00488,2026-06-11,6,3,5,8,2.307540009899357,0.13333333333333333,2.0,1,1.0,0.18000000000000002,True,2026-06-19,withdrawn_after_schedule,
APP002015,CAN01055,JOB00752,2026-06-09,2,5,3,8,2.307540009899357,0.03571428571428571,1.0,1,0.0,0.09,False,,completed,0.82
APP002017,CAN00690,JOB00657,2026-06-12,5,3,4,7,2.307540009899357,0.08163265306122448,4.0,3,1.0,0.16,True,2026-06-15,withdrawn_after_schedule,
APP002019,CAN00994,JOB00127,2026-06-12,4,5,3,8,2.307540009899357,0.0,3.0,3,0.0,0.11000000000000001,False,,completed,0.82
APP002020,CAN01514,JOB00426,2026-06-12,4,6,2,8,2.307540009899357,0.0,2.0,2,0.0,0.11000000000000001,False,,completed,0.82
APP002024,CAN00722,JOB00773,2026-06-16,7,5,7,12,2.307540009899357,0.0,3.0,4,-1.0,0.19,False,,completed,0.72
APP002026,CAN00566,JOB00579,2026-06-14,5,5,5,10,2.307540009899357,0.06060606060606061,3.0,3,0.0,0.18,False,,completed,0.82
APP002029,CAN00646,JOB00657,2026-06-18,8,2,5,7,2.307540009899357,0.11764705882352941,3.0,3,0.0,0.21,False,,completed,0.82
APP002030,CAN00094,JOB00401,2026-06-16,5,5,2,7,2.307540009899357,0.03333333333333333,1.0,1,0.0,0.14,False,,completed,0.82
APP002032,CAN00371,JOB00023,2026-06-18,7,7,2,9,2.307540009899357,0.15942028985507245,4.0,4,0.0,0.25,False,,completed,0.82
APP002033,CAN00668,JOB00085,2026-06-17,6,5,2,7,2.307540009899357,0.09090909090909091,2.0,2,0.0,0.16,False,,completed,0.82
APP002035,CAN01491,JOB00736,2026-06-18,7,4,2,6,2.307540009899357,0.0,1.0,1,0.0,0.15,False,,completed,0.82
APP002036,CAN00254,JOB00486,2026-06-18,7,5,4,9,2.307540009899357,0.0,1.0,1,0.0,0.19,False,,completed,0.82
APP002037,CAN00045,JOB00576,2026-06-16,5,3,4,7,2.307540009899357,0.15555555555555556,4.0,3,1.0,0.2,False,,completed,0.82
APP002038,CAN01351,JOB00402,2026-06-18,7,5,5,10,2.307540009899357,0.0,4.0,4,0.0,0.19,False,,completed,0.82
APP002039,CAN01613,JOB00765,2026-06-17,5,6,5,11,2.307540009899357,0.0,3.0,3,0.0,0.16,False,,completed,0.82
APP002040,CAN01613,JOB00577,2026-06-18,6,7,7,14,2.307540009899357,0.0,3.0,3,0.0,0.16,False,,completed,0.82
APP002041,CAN01041,JOB00766,2026-06-17,5,6,7,13,2.307540009899357,0.045454545454545456,3.0,3,0.0,0.16,False,,completed,0.82
APP002044,CAN00395,JOB00513,2026-06-19,6,5,7,12,2.307540009899357,0.0,1.0,2,-1.0,0.16,False,,completed,0.72
APP002045,CAN00044,JOB00515,2026-06-21,8,4,2,6,2.307540009899357,0.15384615384615385,5.0,5,0.0,0.21,False,,completed,0.82
APP002046,CAN01398,JOB00745,2026-06-18,5,5,7,12,2.307540009899357,0.03125,4.0,4,0.0,0.16,True,2026-06-22,withdrawn_before_schedule,
APP002047,CAN01934,JOB00027,2026-06-18,5,6,4,10,2.307540009899357,0.07142857142857142,1.0,1,0.0,0.18,True,2026-06-25,withdrawn_after_schedule,
APP002049,CAN01126,JOB00566,2026-06-19,6,4,5,9,2.307540009899357,0.12903225806451613,1.0,1,0.0,0.2,False,,completed,0.82
APP002054,CAN00301,JOB00699,2026-06-22,8,6,2,8,2.307540009899357,0.09523809523809523,4.0,4,0.0,0.19000000000000003,False,,completed,0.82
APP002055,CAN01150,JOB00794,2026-06-21,7,6,3,9,2.307540009899357,0.0,1.0,2,-1.0,0.19,True,2026-06-30,withdrawn_after_schedule,
APP002063,CAN00990,JOB00152,2026-06-21,6,7,6,13,2.307540009899357,0.18518518518518517,3.0,3,0.0,0.22,False,,completed,0.82
APP002065,CAN00882,JOB00423,2026-06-21,6,7,2,9,2.307540009899357,0.0,4.0,5,-1.0,0.16,False,,completed,0.72
APP002069,CAN01849,JOB00756,2026-06-22,7,4,4,8,2.307540009899357,0.03571428571428571,1.0,2,-1.0,0.17,False,,completed,0.72
APP002070,CAN00690,JOB00787,2026-06-24,8,6,5,11,2.307540009899357,0.10204081632653061,4.0,4,0.0,0.22999999999999998,False,,completed,0.82
APP002071,CAN00690,JOB00187,2026-06-23,7,4,4,8,2.307540009899357,0.10204081632653061,4.0,4,0.0,0.21,False,,completed,0.82
APP002072,CAN00883,JOB00488,2026-06-23,7,6,3,9,2.307540009899357,0.0,1.0,1,0.0,0.19,True,2026-06-27,withdrawn_before_schedule,
APP002074,CAN00312,JOB00472,2026-06-24,8,5,5,10,2.307540009899357,0.0,1.0,1,0.0,0.19,True,2026-06-25,withdrawn_before_schedule,
APP002075,CAN00379,JOB00095,2026-06-20,4,7,6,13,2.307540009899357,0.0,2.0,3,-1.0,0.13,False,,completed,0.72
APP002077,CAN00945,JOB00689,2026-06-23,7,4,3,7,2.307540009899357,0.0,1.0,1,0.0,0.17,False,,completed,0.82
APP002078,CAN00832,JOB00738,2026-06-24,8,6,3,9,2.307540009899357,0.02857142857142857,3.0,3,0.0,0.19,False,,completed,0.82
APP002081,CAN01841,JOB00472,2026-06-23,7,5,7,12,2.307540009899357,0.0,1.0,1,0.0,0.19,False,,completed,0.82
APP002082,CAN00740,JOB00612,2026-06-22,5,6,4,10,2.307540009899357,0.04,1.0,1,0.0,0.16,False,,completed,0.82
APP002083,CAN00945,JOB00401,2026-06-23,6,4,6,10,2.307540009899357,0.0,1.0,1,0.0,0.16,False,,completed,0.82
APP002085,CAN00100,JOB00402,2026-06-24,7,5,6,11,2.307540009899357,0.09090909090909091,4.0,4,0.0,0.21000000000000002,False,,completed,0.82
APP002087,CAN00474,JOB00457,2026-06-22,5,4,5,9,2.307540009899357,0.13513513513513514,5.0,3,2.0,0.2,False,,completed,0.82
APP002090,CAN01890,JOB00382,2026-06-25,8,6,7,13,2.307540009899357,0.0,,1,,0.19,False,,completed,0.6
APP002091,CAN00689,JOB00525,2026-06-24,6,5,3,8,2.307540009899357,0.0,2.0,2,0.0,0.14,False,,completed,0.82
APP002092,CAN01932,JOB00506,2026-06-24,6,4,5,9,2.307540009899357,0.0,3.0,3,0.0,0.16,False,,completed,0.82
APP002094,CAN00908,JOB00445,2026-06-24,6,5,7,12,2.307540009899357,0.0,1.0,1,0.0,0.16,False,,completed,0.82
APP002097,CAN01015,JOB00371,2026-06-24,6,2,6,8,2.307540009899357,0.0,2.0,2,0.0,0.14,False,,completed,0.82
APP002101,CAN01784,JOB00616,2026-06-25,7,5,4,9,2.307540009899357,0.0,1.0,2,-1.0,0.19,False,,completed,0.72
APP002102,CAN01897,JOB00612,2026-06-26,8,5,2,7,2.307540009899357,0.1111111111111111,,1,,0.21,False,,completed,0.6
APP002104,CAN00917,JOB00005,2026-06-25,6,4,2,6,2.307540009899357,0.0,4.0,4,0.0,0.12000000000000001,False,,completed,0.82
APP002105,CAN01647,JOB00524,2026-06-21,2,7,4,11,2.307540009899357,0.0,2.0,3,-1.0,0.11,False,,completed,0.72
APP002108,CAN00309,JOB00653,2026-06-27,8,7,5,12,2.307540009899357,0.0,3.0,4,-1.0,0.19,False,,completed,0.72
APP002111,CAN00942,JOB00598,2026-06-25,6,3,6,9,2.307540009899357,0.0,3.0,3,0.0,0.16,False,,completed,0.82
APP002113,CAN00577,JOB00704,2026-06-27,7,4,5,9,2.307540009899357,0.0,2.0,2,0.0,0.19,False,,completed,0.82
APP002116,CAN01481,JOB00647,2026-06-28,8,3,7,10,2.307540009899357,0.0,1.0,1,0.0,0.19,False,,completed,0.82
APP002119,CAN00994,JOB00568,2026-06-28,7,5,5,10,2.307540009899357,0.0,3.0,3,0.0,0.19,True,2026-07-07,withdrawn_after_schedule,
APP002120,CAN00796,JOB00477,2026-06-25,4,5,4,9,2.307540009899357,0.1794871794871795,3.0,3,0.0,0.19,False,,completed,0.82
APP002121,CAN01927,JOB00256,2026-06-29,8,6,7,13,2.307540009899357,0.21621621621621623,2.0,2,0.0,0.25,False,,completed,0.82
APP002122,CAN00285,JOB00457,2026-06-28,7,3,5,8,2.307540009899357,0.04477611940298507,4.0,3,1.0,0.17,False,,completed,0.82
APP002125,CAN00974,JOB00524,2026-06-27,6,4,5,9,2.307540009899357,0.0,4.0,3,1.0,0.16,True,2026-06-28,withdrawn_before_schedule,
APP002126,CAN01616,JOB00455,2026-06-29,8,7,7,14,2.307540009899357,0.0,,5,,0.19,False,,completed,0.4
APP002127,CAN00084,JOB00259,2026-06-27,5,4,4,8,2.307540009899357,0.1724137931034483,1.0,1,0.0,0.2,False,,completed,0.82
APP002128,CAN01587,JOB00027,2026-06-29,7,6,2,8,2.307540009899357,0.0,1.0,1,0.0,0.17,False,,completed,0.82
APP002129,CAN01641,JOB00601,2026-06-23,1,3,7,10,2.307540009899357,0.044444444444444446,3.0,3,0.0,0.11,False,,completed,0.82
APP002134,CAN00100,JOB00217,2026-06-28,5,5,5,10,2.307540009899357,0.18181818181818182,4.0,4,0.0,0.22,False,,completed,0.82
APP002135,CAN00667,JOB00445,2026-06-30,7,4,5,9,2.307540009899357,0.0,1.0,1,0.0,0.19,False,,completed,0.82
APP002137,CAN01013,JOB00752,2026-06-30,7,4,7,11,2.307540009899357,0.12903225806451613,1.0,1,0.0,0.22999999999999998,False,,completed,0.82
APP002138,CAN01884,JOB00778,2026-06-30,7,3,6,9,2.307540009899357,0.058823529411764705,2.0,2,0.0,0.21000000000000002,False,,completed,0.82
APP002139,CAN00482,JOB00616,2026-06-29,5,6,5,11,2.307540009899357,0.0,1.0,2,-1.0,0.16,False,,completed,0.72
APP002141,CAN00218,JOB00747,2026-06-30,6,2,4,6,2.307540009899357,0.15492957746478872,5.0,4,1.0,0.18,False,,completed,0.82
APP002143,CAN01775,JOB00508,2026-06-30,6,4,7,11,2.307540009899357,0.0,3.0,4,-1.0,0.16,False,,completed,0.72
APP002145,CAN00992,JOB00547,2026-07-02,7,5,4,9,2.4530605510641807,0.0,3.0,3,0.0,0.19,False,,completed,0.82
APP002148,CAN01594,JOB00704,2026-06-30,5,4,4,8,2.307540009899357,0.0,2.0,2,0.0,0.14,False,,completed,0.82
APP002150,CAN01613,JOB00495,2026-07-02,6,7,7,14,2.4530605510641807,0.022727272727272728,3.0,3,0.0,0.16,False,,completed,0.82
APP002151,CAN01719,JOB00612,2026-06-30,4,4,4,8,2.307540009899357,0.14285714285714285,1.0,1,0.0,0.15,False,,completed,0.82
APP002152,CAN01123,JOB00774,2026-07-02,5,6,3,9,2.4530605510641807,0.03571428571428571,1.0,1,0.0,0.16,False,,completed,0.82
APP002153,CAN01123,JOB00401,2026-07-03,6,4,5,9,2.4530605510641807,0.0,1.0,1,0.0,0.16,False,,completed,0.82
APP002154,CAN01550,JOB00647,2026-07-01,4,4,3,7,2.4530605510641807,0.0,1.0,1,0.0,0.11000000000000001,False,,completed,0.82
APP002155,CAN01550,JOB00259,2026-07-03,6,6,4,10,2.4530605510641807,0.0,1.0,1,0.0,0.16,False,,completed,0.82
APP002156,CAN01836,JOB00704,2026-07-04,7,5,4,9,2.4530605510641807,0.0,2.0,2,0.0,0.19,True,2026-07-06,withdrawn_before_schedule,
APP002158,CAN01499,JOB00486,2026-07-04,6,5,5,10,2.4530605510641807,0.20588235294117646,2.0,1,1.0,0.22,True,2026-07-09,withdrawn_after_schedule,
APP002159,CAN01160,JOB00625,2026-07-03,5,6,2,8,2.4530605510641807,0.140625,4.0,3,1.0,0.18000000000000002,False,,completed,0.82
APP002160,CAN01160,JOB00409,2026-07-04,6,4,2,6,2.4530605510641807,0.09375,4.0,4,0.0,0.14,False,,completed,0.82
APP002161,CAN01734,JOB00694,2026-07-04,6,4,7,11,2.4530605510641807,0.07547169811320754,4.0,4,0.0,0.18,False,,completed,0.82
APP002162,CAN00016,JOB00673,2026-07-05,7,5,5,10,2.4530605510641807,0.0,3.0,4,-1.0,0.19,False,,completed,0.72
APP002165,CAN00062,JOB00410,2026-07-07,8,6,2,8,2.4530605510641807,0.0,1.0,2,-1.0,0.17,False,,completed,0.72
APP002167,CAN01257,JOB00401,2026-07-06,7,3,7,10,2.4530605510641807,0.06451612903225806,1.0,1,0.0,0.21000000000000002,False,,completed,0.82
APP002169,CAN00242,JOB00369,2026-07-05,6,7,5,12,2.4530605510641807,0.0,1.0,1,0.0,0.16,False,,completed,0.82
APP002170,CAN00242,JOB00472,2026-07-05,6,5,6,11,2.4530605510641807,0.0,1.0,1,0.0,0.16,False,,completed,0.82
APP002171,CAN01820,JOB00736,2026-07-04,5,5,3,8,2.4530605510641807,0.0,1.0,1,0.0,0.14,False,,completed,0.82
APP002172,CAN00055,JOB00488,2026-07-03,4,4,3,7,2.4530605510641807,0.037037037037037035,2.0,1,1.0,0.11000000000000001,True,2026-07-04,withdrawn_before_schedule,
APP002176,CAN01863,JOB00790,2026-07-07,8,5,7,12,2.4530605510641807,0.07407407407407407,1.0,1,0.0,0.21000000000000002,True,2026-07-17,withdrawn_after_schedule,
APP002178,CAN00908,JOB00505,2026-07-06,6,6,2,8,2.4530605510641807,0.0,1.0,1,0.0,0.14,False,,completed,0.82
APP002180,CAN01671,JOB00774,2026-07-07,7,5,4,9,2.4530605510641807,0.0,1.0,1,0.0,0.19,False,,completed,0.82
APP002184,CAN01516,JOB00369,2026-07-06,6,6,5,11,2.4530605510641807,0.375,1.0,1,0.0,0.22,False,,completed,0.82
APP002185,CAN00917,JOB00598,2026-07-06,5,5,2,7,2.4530605510641807,0.0,4.0,3,1.0,0.14,False,,completed,0.82
APP002191,CAN01010,JOB00073,2026-07-08,6,6,2,8,2.4530605510641807,0.0,2.0,3,-1.0,0.14,False,,completed,0.72
APP002194,CAN00907,JOB00664,2026-07-08,6,6,7,13,2.4530605510641807,0.0,3.0,4,-1.0,0.16,False,,completed,0.72
APP002196,CAN01822,JOB00578,2026-07-07,5,4,6,10,2.4530605510641807,0.0,,2,,0.16,True,2026-07-16,withdrawn_after_schedule,
APP002197,CAN00058,JOB00577,2026-07-10,7,4,7,11,2.4530605510641807,0.021739130434782608,3.0,3,0.0,0.19,False,,completed,0.82
APP002198,CAN01010,JOB00524,2026-07-08,5,6,5,11,2.4530605510641807,0.0,2.0,3,-1.0,0.16,False,,completed,0.72
APP002201,CAN00203,JOB00732,2026-07-10,7,4,2,6,2.4530605510641807,0.0,3.0,2,1.0,0.15,False,,completed,0.82
APP002204,CAN01174,JOB00794,2026-07-09,6,5,3,8,2.4530605510641807,0.0,1.0,2,-1.0,0.14,True,2026-07-15,withdrawn_after_schedule,
APP002206,CAN01290,JOB00794,2026-07-09,6,7,6,13,2.4530605510641807,0.03333333333333333,2.0,2,0.0,0.16,True,2026-07-21,withdrawn_after_schedule,
APP002207,CAN01611,JOB00578,2026-07-08,5,6,7,13,2.4530605510641807,0.0,2.0,2,0.0,0.16,False,,completed,0.82
APP002209,CAN01766,JOB00536,2026-07-08,5,3,6,9,2.4530605510641807,0.0,4.0,4,0.0,0.16,False,,completed,0.82
APP002210,CAN00528,JOB00360,2026-07-09,5,4,2,6,2.4530605510641807,0.14,3.0,2,1.0,0.16,False,,completed,0.82
APP002212,CAN00954,JOB00085,2026-07-10,6,7,6,13,2.4530605510641807,0.03225806451612903,2.0,2,0.0,0.16,False,,completed,0.82
APP002213,CAN01126,JOB00462,2026-07-11,7,4,3,7,2.4530605510641807,0.0,1.0,2,-1.0,0.17,False,,completed,0.72
APP002216,CAN01133,JOB00282,2026-07-09,5,4,4,8,2.4530605510641807,0.24074074074074073,4.0,3,1.0,0.2,False,,completed,0.82
APP002217,CAN00707,JOB00647,2026-07-10,6,7,6,13,2.4530605510641807,0.0,1.0,1,0.0,0.16,False,,completed,0.82
APP002218,CAN01515,JOB00101,2026-07-10,6,7,3,10,2.4530605510641807,0.0,3.0,4,-1.0,0.16,True,2026-07-16,withdrawn_before_schedule,
APP002220,CAN01811,JOB00488,2026-07-10,6,7,3,10,2.4530605510641807,0.0,1.0,1,0.0,0.16,False,,completed,0.82
APP002221,CAN01515,JOB00534,2026-07-12,7,7,4,11,2.4530605510641807,0.043478260869565216,3.0,3,0.0,0.19,False,,completed,0.82
APP002223,CAN01863,JOB00791,2026-07-11,6,6,6,12,2.4530605510641807,0.0,1.0,1,0.0,0.16,False,,completed,0.82
APP002225,CAN01135,JOB00543,2026-07-12,7,6,4,10,2.4530605510641807,0.07692307692307693,1.0,1,0.0,0.21000000000000002,True,2026-07-13,withdrawn_before_schedule,
APP002228,CAN01257,JOB00593,2026-07-12,7,5,7,12,2.4530605510641807,0.16129032258064516,1.0,1,0.0,0.25,True,2026-07-23,withdrawn_after_schedule,
APP002229,CAN01150,JOB00046,2026-07-12,6,5,5,10,2.4530605510641807,0.037037037037037035,1.0,1,0.0,0.16,False,,completed,0.82
APP002230,CAN00467,JOB00771,2026-07-12,6,5,5,10,2.4530605510641807,0.05714285714285714,4.0,4,0.0,0.18,False,,completed,0.82
APP002233,CAN00183,JOB00375,2026-07-13,7,6,4,10,2.4530605510641807,0.26666666666666666,4.0,4,0.0,0.25,False,,completed,0.82
APP002234,CAN00610,JOB00593,2026-07-12,6,5,4,9,2.4530605510641807,0.0,1.0,1,0.0,0.16,False,,completed,0.82
APP002236,CAN01893,JOB00604,2026-07-11,5,4,3,7,2.4530605510641807,0.25,4.0,4,0.0,0.2,True,2026-07-12,withdrawn_before_schedule,
APP002237,CAN01672,JOB00409,2026-07-11,4,7,3,10,2.4530605510641807,0.18309859154929578,5.0,4,1.0,0.19,False,,completed,0.82
APP002242,CAN00980,JOB00347,2026-07-16,8,3,5,8,2.4530605510641807,0.0,2.0,2,0.0,0.17,False,,completed,0.82
APP002244,CAN01579,JOB00782,2026-07-14,6,4,4,8,2.4530605510641807,0.057692307692307696,4.0,4,0.0,0.16,True,2026-07-22,withdrawn_after_schedule,
APP002248,CAN00620,JOB00583,2026-07-15,7,7,5,12,2.4530605510641807,0.0,4.0,4,0.0,0.19,False,,completed,0.82
APP002251,CAN01288,JOB00778,2026-07-14,6,7,4,11,2.4530605510641807,0.1794871794871795,3.0,2,1.0,0.22,True,2026-07-20,withdrawn_before_schedule,
APP002254,CAN01579,JOB00508,2026-07-14,5,5,4,9,2.4530605510641807,0.07692307692307693,4.0,4,0.0,0.18,False,,completed,0.82
APP002255,CAN01733,JOB00345,2026-07-16,7,4,5,9,2.4530605510641807,0.0,1.0,1,0.0,0.19,False,,completed,0.82
APP002256,CAN00482,JOB00046,2026-07-16,7,4,3,7,2.4530605510641807,0.16129032258064516,1.0,1,0.0,0.23,True,2026-07-22,withdrawn_after_schedule,
APP002258,CAN00001,JOB00704,2026-07-16,7,7,6,13,2.4530605510641807,0.0,2.0,2,0.0,0.19,False,,completed,0.82
APP002260,CAN01255,JOB00598,2026-07-14,5,5,2,7,2.4530605510641807,0.0,3.0,3,0.0,0.14,False,,completed,0.82
APP002261,CAN01648,JOB00680,2026-07-16,7,4,5,9,2.4530605510641807,0.0625,2.0,3,-1.0,0.21000000000000002,False,,completed,0.72
APP002263,CAN00773,JOB00129,2026-07-18,8,6,7,13,2.4530605510641807,0.06557377049180328,4.0,4,0.0,0.21000000000000002,False,,completed,0.82
APP002265,CAN00162,JOB00460,2026-07-17,7,6,5,11,2.4530605510641807,0.0,4.0,5,-1.0,0.19,False,,completed,0.72
APP002267,CAN01671,JOB00486,2026-07-19,8,4,7,11,2.4530605510641807,0.0,1.0,1,0.0,0.19,False,,completed,0.82
APP002268,CAN01853,JOB00404,2026-07-17,6,6,7,13,2.4530605510641807,0.043478260869565216,3.0,3,0.0,0.16,False,,completed,0.82
APP002270,CAN01249,JOB00611,2026-07-19,7,7,5,12,2.4530605510641807,0.09090909090909091,2.0,2,0.0,0.21000000000000002,False,,completed,0.82
APP002274,CAN01825,JOB00369,2026-07-19,7,7,6,13,2.4530605510641807,0.07407407407407407,1.0,1,0.0,0.21000000000000002,False,,completed,0.82
APP002279,CAN01176,JOB00792,2026-07-21,7,6,7,13,2.4530605510641807,0.021739130434782608,3.0,3,0.0,0.19,True,2026-08-03,withdrawn_after_schedule,
APP002281,CAN00212,JOB00695,2026-07-20,6,5,4,9,2.4530605510641807,0.1527777777777778,3.0,3,0.0,0.22,False,,completed,0.82
APP002282,CAN00212,JOB00175,2026-07-21,7,6,3,9,2.4530605510641807,0.1111111111111111,3.0,4,-1.0,0.22999999999999998,False,,completed,0.72
APP002285,CAN01923,JOB00598,2026-07-22,8,4,2,6,2.4530605510641807,0.11764705882352941,3.0,3,0.0,0.18999999999999997,False,,completed,0.82
APP002286,CAN01330,JOB00488,2026-07-22,7,4,7,11,2.4530605510641807,0.0,1.0,1,0.0,0.19,False,,completed,0.82
APP002287,CAN01330,JOB00486,2026-07-20,5,7,3,10,2.4530605510641807,0.0,1.0,1,0.0,0.16,False,,completed,0.82
APP002288,CAN01550,JOB00086,2026-07-21,6,3,2,5,2.4530605510641807,0.0,1.0,1,0.0,0.12000000000000001,False,,completed,0.82
APP002289,CAN01550,JOB00333,2026-07-20,5,6,6,12,2.4530605510641807,0.0,1.0,1,0.0,0.16,True,2026-07-25,withdrawn_before_schedule,
APP002290,CAN00992,JOB00664,2026-07-21,6,5,3,8,2.4530605510641807,0.0,3.0,4,-1.0,0.14,False,,completed,0.72
APP002291,CAN01883,JOB00085,2026-07-18,3,5,7,12,2.4530605510641807,0.0,1.0,2,-1.0,0.13,False,,completed,0.72
APP002296,CAN00919,JOB00796,2026-07-22,6,7,5,12,2.4530605510641807,0.08823529411764706,5.0,4,1.0,0.18,False,,completed,0.82
APP002297,CAN01010,JOB00792,2026-07-22,6,3,3,6,2.4530605510641807,0.0,2.0,3,-1.0,0.12000000000000001,True,2026-07-28,withdrawn_after_schedule,
APP002301,CAN00467,JOB00704,2026-07-24,8,5,5,10,2.4530605510641807,0.4857142857142857,,2,,0.25,False,,completed,0.6
APP002302,CAN01339,JOB00505,2026-07-23,6,5,4,9,2.4530605510641807,0.1,1.0,1,0.0,0.2,True,2026-07-29,withdrawn_after_schedule,
APP002306,CAN00440,JOB00532,2026-07-25,7,5,3,8,2.4530605510641807,0.1346153846153846,3.0,3,0.0,0.21,False,,completed,0.82
APP002307,CAN01320,JOB00415,2026-07-23,5,5,6,11,2.4530605510641807,0.0,3.0,3,0.0,0.16,False,,completed,0.82
APP002308,CAN01634,JOB00490,2026-07-25,7,5,3,8,2.4530605510641807,0.08,3.0,3,0.0,0.19000000000000003,False,,completed,0.82
APP002312,CAN00056,JOB00736,2026-07-25,7,5,3,8,2.4530605510641807,0.37209302325581395,,1,,0.23,False,,completed,0.6
APP002313,CAN00660,JOB00545,2026-07-24,6,4,3,7,2.4530605510641807,0.189873417721519,5.0,5,0.0,0.2,True,2026-07-28,withdrawn_after_schedule,
APP002314,CAN01349,JOB00369,2026-07-26,8,4,3,7,2.4530605510641807,0.0,1.0,1,0.0,0.17,False,,completed,0.82
APP002315,CAN01820,JOB00046,2026-07-27,8,6,7,13,2.4530605510641807,0.0,1.0,1,0.0,0.19,False,,completed,0.82
APP002317,CAN01948,JOB00410,2026-07-24,5,4,5,9,2.4530605510641807,0.0,2.0,2,0.0,0.16,False,,completed,0.82
APP002321,CAN00905,JOB00647,2026-07-26,6,5,3,8,2.4530605510641807,0.1935483870967742,2.0,1,1.0,0.2,False,,completed,0.82
APP002323,CAN00491,JOB00752,2026-07-26,6,4,7,11,2.4530605510641807,0.06896551724137931,1.0,1,0.0,0.18,False,,completed,0.82
APP002325,CAN00277,JOB00369,2026-07-27,7,4,4,8,2.4530605510641807,0.0,1.0,1,0.0,0.17,False,,completed,0.82
APP002327,CAN01207,JOB00746,2026-07-25,5,5,2,7,2.4530605510641807,0.0,4.0,4,0.0,0.14,False,,completed,0.82
APP002328,CAN01671,JOB00736,2026-07-26,6,6,2,8,2.4530605510641807,0.0,1.0,1,0.0,0.14,False,,completed,0.82
APP002329,CAN00242,JOB00333,2026-07-27,6,6,7,13,2.4530605510641807,0.0,1.0,1,0.0,0.16,False,,completed,0.82
APP002330,CAN00491,JOB00401,2026-07-27,6,4,2,6,2.4530605510641807,0.0,1.0,1,0.0,0.12000000000000001,False,,completed,0.82
APP002331,CAN01394,JOB00402,2026-07-26,5,4,6,10,2.4530605510641807,0.07692307692307693,4.0,4,0.0,0.18,False,,completed,0.82
APP002332,CAN01852,JOB00786,2026-07-28,7,7,5,12,2.4530605510641807,0.16666666666666666,4.0,5,-1.0,0.25,False,,completed,0.72
APP002333,CAN00903,JOB00679,2026-07-27,6,7,3,10,2.4530605510641807,0.08,4.0,4,0.0,0.18,False,,completed,0.82
APP002334,CAN01499,JOB00513,2026-07-27,6,5,3,8,2.4530605510641807,0.08823529411764706,2.0,2,0.0,0.16,False,,completed,0.82
APP002335,CAN01875,JOB00796,2026-07-27,6,7,4,11,2.4530605510641807,0.07462686567164178,4.0,4,0.0,0.18,False,,completed,0.82
APP002344,CAN01186,JOB00462,2026-07-26,4,3,5,8,2.4530605510641807,0.0,2.0,2,0.0,0.11000000000000001,True,2026-07-27,withdrawn_before_schedule,
APP002345,CAN01875,JOB00645,2026-07-28,6,5,6,11,2.4530605510641807,0.08955223880597014,4.0,4,0.0,0.18,False,,completed,0.82
APP002346,CAN00624,JOB00347,2026-07-28,6,3,7,10,2.4530605510641807,0.18421052631578946,3.0,2,1.0,0.22,False,,completed,0.82
APP002347,CAN00691,JOB00604,2026-07-29,7,5,4,9,2.4530605510641807,0.0625,3.0,4,-1.0,0.21000000000000002,False,,completed,0.72
APP002348,CAN00021,JOB00695,2026-07-28,6,7,5,12,2.4530605510641807,0.0,4.0,3,1.0,0.16,False,,completed,0.82
APP002356,CAN01671,JOB00046,2026-07-31,7,5,5,10,2.4530605510641807,0.0,1.0,1,0.0,0.19,False,,completed,0.82
APP002357,CAN01671,JOB00488,2026-07-30,6,3,2,5,2.4530605510641807,0.0,1.0,1,0.0,0.12000000000000001,False,,completed,0.82
APP002360,CAN00085,JOB00775,2026-07-30,6,4,5,9,2.4530605510641807,0.0,2.0,2,0.0,0.16,False,,completed,0.82
APP002364,CAN00919,JOB00770,2026-07-31,7,5,5,10,2.4530605510641807,0.10294117647058823,5.0,3,2.0,0.22999999999999998,False,,completed,0.82
APP002365,CAN00851,JOB00505,2026-07-30,5,6,7,13,2.4530605510641807,0.0,1.0,1,0.0,0.16,False,,completed,0.82
APP002367,CAN01579,JOB00688,2026-08-01,7,5,5,10,2.567398119122257,0.09615384615384616,4.0,3,1.0,0.21000000000000002,False,,completed,0.82
APP002368,CAN01579,JOB00470,2026-07-31,6,4,5,9,2.4530605510641807,0.11538461538461539,4.0,3,1.0,0.2,False,,completed,0.82
APP002369,CAN00475,JOB00728,2026-08-01,7,7,5,12,2.567398119122257,0.03125,1.0,1,0.0,0.19,False,,completed,0.82
APP002370,CAN00103,JOB00791,2026-07-31,6,5,7,12,2.4530605510641807,0.0,1.0,1,0.0,0.16,False,,completed,0.82
APP002372,CAN00486,JOB00369,2026-07-30,5,4,5,9,2.4530605510641807,0.038461538461538464,2.0,1,1.0,0.16,False,,completed,0.82
APP002373,CAN01026,JOB00446,2026-08-01,7,6,5,11,2.567398119122257,0.06349206349206349,4.0,4,0.0,0.21000000000000002,False,,completed,0.82
APP002375,CAN00785,JOB00664,2026-08-02,7,6,2,8,2.567398119122257,0.0425531914893617,3.0,4,-1.0,0.17,False,,completed,0.72
APP002377,CAN00907,JOB00410,2026-07-31,5,6,7,13,2.4530605510641807,0.2857142857142857,,2,,0.22,False,,completed,0.6
APP002378,CAN01083,JOB00545,2026-08-02,7,4,5,9,2.567398119122257,0.0,4.0,5,-1.0,0.19,False,,completed,0.72
APP002380,CAN01634,JOB00470,2026-08-03,7,6,4,10,2.567398119122257,0.08,3.0,3,0.0,0.21000000000000002,False,,completed,0.82
APP002382,CAN01190,JOB00446,2026-08-01,5,4,6,10,2.567398119122257,0.11940298507462686,4.0,4,0.0,0.2,False,,completed,0.82
APP002387,CAN01330,JOB00752,2026-08-03,6,5,4,9,2.567398119122257,0.0,1.0,1,0.0,0.16,False,,completed,0.82
APP002388,CAN01368,JOB00575,2026-08-01,4,5,4,9,2.567398119122257,0.0,1.0,1,0.0,0.13,False,,completed,0.82
APP002391,CAN00051,JOB00792,2026-08-05,8,4,2,6,2.567398119122257,0.0,3.0,3,0.0,0.15,False,,completed,0.82
APP002392,CAN00440,JOB00490,2026-08-03,6,5,6,11,2.567398119122257,0.11538461538461539,3.0,3,0.0,0.2,False,,completed,0.82
APP002393,CAN01284,JOB00508,2026-08-04,7,4,2,6,2.567398119122257,0.07692307692307693,4.0,4,0.0,0.17,False,,completed,0.82
APP002395,CAN00429,JOB00505,2026-08-05,7,7,4,11,2.567398119122257,0.06896551724137931,1.0,1,0.0,0.21000000000000002,False,,completed,0.82
APP002398,CAN01128,JOB00384,2026-08-04,6,6,5,11,2.567398119122257,0.11267605633802817,4.0,4,0.0,0.2,True,2026-08-15,withdrawn_after_schedule,
APP002399,CAN01379,JOB00673,2026-08-03,5,6,7,13,2.567398119122257,0.09803921568627451,4.0,4,0.0,0.18,True,2026-08-05,withdrawn_before_schedule,
APP002400,CAN01555,JOB00063,2026-08-05,7,4,3,7,2.567398119122257,0.0,2.0,2,0.0,0.17,False,,completed,0.82
APP002401,CAN00404,JOB00524,2026-08-02,4,6,5,11,2.567398119122257,0.06382978723404255,4.0,3,1.0,0.15000000000000002,False,,completed,0.82
APP002405,CAN01379,JOB00670,2026-08-07,8,6,6,12,2.567398119122257,0.09803921568627451,4.0,3,1.0,0.21000000000000002,True,2026-08-17,withdrawn_after_schedule,
APP002407,CAN01944,JOB00096,2026-08-05,6,6,4,10,2.567398119122257,0.0425531914893617,3.0,3,0.0,0.16,True,2026-08-11,withdrawn_after_schedule,
APP002408,CAN01055,JOB00575,2026-08-07,8,5,6,11,2.567398119122257,0.03571428571428571,1.0,1,0.0,0.19,False,,completed,0.82
APP002412,CAN00483,JOB00376,2026-08-07,7,7,4,11,2.567398119122257,0.0,3.0,4,-1.0,0.19,False,,completed,0.72
APP002413,CAN00483,JOB00490,2026-08-09,8,6,2,8,2.567398119122257,0.08,3.0,3,0.0,0.19000000000000003,False,,completed,0.82
APP002415,CAN01716,JOB00321,2026-08-08,7,5,7,12,2.567398119122257,0.12121212121212122,3.0,3,0.0,0.22999999999999998,True,2026-08-12,withdrawn_before_schedule,
APP002416,CAN00081,JOB00684,2026-08-08,7,4,2,6,2.567398119122257,0.0,4.0,4,0.0,0.15,False,,completed,0.82
APP002417,CAN00372,JOB00138,2026-08-08,7,6,6,12,2.567398119122257,0.0,4.0,4,0.0,0.19,False,,completed,0.82
APP002423,CAN01793,JOB00684,2026-08-05,4,4,7,11,2.567398119122257,0.0,3.0,4,-1.0,0.13,False,,completed,0.72
APP002425,CAN00155,JOB00421,2026-08-09,7,4,2,6,2.567398119122257,0.08695652173913043,3.0,3,0.0,0.17,False,,completed,0.82
APP002426,CAN00467,JOB00457,2026-08-08,6,7,2,9,2.567398119122257,0.08571428571428572,4.0,3,1.0,0.18,False,,completed,0.82
APP002434,CAN01430,JOB00503,2026-08-07,5,6,5,11,2.567398119122257,0.0851063829787234,3.0,3,0.0,0.18,False,,completed,0.82
APP002436,CAN00989,JOB00476,2026-08-08,5,5,2,7,2.567398119122257,0.09722222222222222,5.0,5,0.0,0.16,False,,completed,0.82
APP002438,CAN01474,JOB00063,2026-08-09,6,4,7,11,2.567398119122257,0.0,2.0,2,0.0,0.16,True,2026-08-11,withdrawn_before_schedule,
APP002440,CAN00835,JOB00704,2026-08-08,5,5,5,10,2.567398119122257,0.0,2.0,2,0.0,0.16,False,,completed,0.82
APP002441,CAN00835,JOB00779,2026-08-10,7,7,6,13,2.567398119122257,0.11428571428571428,2.0,2,0.0,0.22999999999999998,False,,completed,0.82
APP002442,CAN01853,JOB00453,2026-08-10,7,4,2,6,2.567398119122257,0.08695652173913043,3.0,3,0.0,0.17,False,,completed,0.82
APP002443,CAN00126,JOB00687,2026-08-09,6,4,5,9,2.567398119122257,0.0,1.0,2,-1.0,0.16,False,,completed,0.72
APP002446,CAN01266,JOB00386,2026-08-10,7,7,4,11,2.567398119122257,0.1111111111111111,1.0,1,0.0,0.22999999999999998,True,2026-08-15,withdrawn_before_schedule,
APP002447,CAN01850,JOB00557,2026-08-09,6,5,2,7,2.567398119122257,0.0,3.0,3,0.0,0.14,False,,completed,0.82
APP002448,CAN00555,JOB00679,2026-08-11,7,7,3,10,2.567398119122257,0.041666666666666664,4.0,4,0.0,0.19,False,,completed,0.82
APP002449,CAN00555,JOB00547,2026-08-10,6,4,4,8,2.567398119122257,0.125,4.0,3,1.0,0.18000000000000002,False,,completed,0.82
APP002456,CAN01696,JOB00553,2026-08-10,6,3,5,8,2.567398119122257,0.0,1.0,2,-1.0,0.14,False,,completed,0.72
APP002460,CAN00212,JOB00457,2026-08-11,6,6,5,11,2.567398119122257,0.1111111111111111,3.0,3,0.0,0.2,False,,completed,0.82
APP002463,CAN01771,JOB00375,2026-08-10,5,7,3,10,2.567398119122257,0.022222222222222223,4.0,4,0.0,0.16,False,,completed,0.82
APP002465,CAN00220,JOB00791,2026-08-13,7,5,6,11,2.567398119122257,0.06666666666666667,,1,,0.21000000000000002,False,,completed,0.6
APP002467,CAN00243,JOB00664,2026-08-12,5,6,6,12,2.567398119122257,0.0,2.0,4,-2.0,0.16,False,,completed,0.6
APP002468,CAN00903,JOB00684,2026-08-10,3,4,6,10,2.567398119122257,0.04,4.0,4,0.0,0.13,False,,completed,0.82
APP002471,CAN01079,JOB00588,2026-08-14,7,5,4,9,2.567398119122257,0.0,2.0,1,1.0,0.19,False,,completed,0.82
APP002474,CAN00323,JOB00356,2026-08-12,4,6,7,13,2.567398119122257,0.1875,4.0,4,0.0,0.19,False,,completed,0.82
APP002477,CAN01883,JOB00441,2026-08-15,6,4,7,11,2.567398119122257,0.0,1.0,1,0.0,0.16,False,,completed,0.82
APP002478,CAN01883,JOB00513,2026-08-16,7,3,5,8,2.567398119122257,0.0,1.0,2,-1.0,0.17,False,,completed,0.72
APP002480,CAN00544,JOB00395,2026-08-14,5,4,6,10,2.567398119122257,0.0,3.0,3,0.0,0.16,False,,completed,0.82
APP002481,CAN01734,JOB00367,2026-08-14,5,4,2,6,2.567398119122257,0.33962264150943394,2.0,3,-1.0,0.18,False,,completed,0.72
APP002482,CAN00265,JOB00371,2026-08-14,4,5,6,11,2.567398119122257,0.0,1.0,2,-1.0,0.13,False,,completed,0.72
APP002486,CAN01694,JOB00369,2026-08-19,8,6,7,13,2.567398119122257,0.0,1.0,1,0.0,0.19,False,,completed,0.82
APP002487,CAN00360,JOB00711,2026-08-19,8,5,3,8,2.567398119122257,0.0,1.0,1,0.0,0.17,False,,completed,0.82
APP002488,CAN00632,JOB00487,2026-08-17,6,5,5,10,2.567398119122257,0.13725490196078433,4.0,4,0.0,0.2,False,,completed,0.82
APP002489,CAN00830,JOB00441,2026-08-16,5,7,5,12,2.567398119122257,0.0,1.0,1,0.0,0.16,False,,completed,0.82
APP002493,CAN01412,JOB00415,2026-08-17,5,4,3,7,2.567398119122257,0.061224489795918366,4.0,3,1.0,0.16,False,,completed,0.82
APP002495,CAN00555,JOB00664,2026-08-18,6,7,6,13,2.567398119122257,0.0625,4.0,4,0.0,0.18,False,,completed,0.82
APP002501,CAN01753,JOB00575,2026-08-21,8,5,7,12,2.567398119122257,0.03571428571428571,1.0,1,0.0,0.19,False,,completed,0.82
APP002502,CAN01050,JOB00175,2026-08-20,6,7,3,10,2.567398119122257,0.14666666666666667,4.0,4,0.0,0.2,True,2026-08-25,withdrawn_before_schedule,
APP002503,CAN01379,JOB00613,2026-08-19,5,4,4,8,2.567398119122257,0.09803921568627451,4.0,4,0.0,0.16,True,2026-08-22,withdrawn_before_schedule,
APP002505,CAN00314,JOB00408,2026-08-19,5,6,5,11,2.567398119122257,0.1111111111111111,1.0,1,0.0,0.2,False,,completed,0.82
APP002508,CAN01617,JOB00591,2026-08-21,7,6,6,12,2.567398119122257,0.0,3.0,3,0.0,0.19,False,,completed,0.82
APP002510,CAN01542,JOB00138,2026-08-22,7,4,7,11,2.567398119122257,0.12698412698412698,4.0,4,0.0,0.22999999999999998,True,2026-08-31,withdrawn_after_schedule,
APP002511,CAN00028,JOB00455,2026-08-22,7,6,3,9,2.567398119122257,0.058823529411764705,3.0,5,-2.0,0.21000000000000002,False,,completed,0.6
APP002512,CAN00612,JOB00774,2026-08-22,7,7,2,9,2.567398119122257,0.22857142857142856,1.0,1,0.0,0.25,False,,completed,0.82
APP002514,CAN00020,JOB00643,2026-08-22,7,7,3,10,2.567398119122257,0.0625,3.0,4,-1.0,0.21000000000000002,True,2026-08-28,withdrawn_before_schedule,
APP002519,CAN01222,JOB00784,2026-08-20,5,4,7,11,2.567398119122257,0.06521739130434782,3.0,4,-1.0,0.18,False,,completed,0.72
APP002521,CAN01461,JOB00413,2026-08-22,6,6,5,11,2.567398119122257,0.0,2.0,3,-1.0,0.16,False,,completed,0.72
APP002523,CAN00141,JOB00684,2026-08-21,5,5,2,7,2.567398119122257,0.0,2.0,4,-2.0,0.14,True,2026-08-22,withdrawn_before_schedule,
APP002524,CAN00394,JOB00437,2026-08-23,7,6,4,10,2.567398119122257,0.0,,2,,0.19,False,,completed,0.6
APP002526,CAN00372,JOB00217,2026-08-20,3,7,7,14,2.567398119122257,0.0,4.0,4,0.0,0.13,False,,completed,0.82
APP002529,CAN01036,JOB00395,2026-08-25,8,5,5,10,2.567398119122257,0.16326530612244897,3.0,3,0.0,0.25,True,2026-08-26,withdrawn_before_schedule,
APP002536,CAN01346,JOB00515,2026-08-25,7,7,2,9,2.567398119122257,0.0,5.0,5,0.0,0.19,False,,completed,0.82
APP002537,CAN01446,JOB00556,2026-08-25,7,4,2,6,2.567398119122257,0.0,3.0,3,0.0,0.15,False,,completed,0.82
APP002544,CAN00314,JOB00411,2026-08-28,8,4,5,9,2.567398119122257,0.0,1.0,2,-1.0,0.19,False,,completed,0.72
APP002545,CAN00609,JOB00441,2026-08-26,6,6,4,10,2.567398119122257,0.0,1.0,1,0.0,0.16,False,,completed,0.82
APP002547,CAN00831,JOB00472,2026-08-27,6,4,6,10,2.567398119122257,0.0,1.0,1,0.0,0.16,True,2026-09-01,withdrawn_after_schedule,
APP002548,CAN00831,JOB00086,2026-08-27,6,7,5,12,2.567398119122257,0.04,1.0,1,0.0,0.16,True,2026-09-02,withdrawn_before_schedule,
APP002549,CAN01031,JOB00296,2026-08-27,6,4,6,10,2.567398119122257,0.034482758620689655,1.0,1,0.0,0.16,False,,completed,0.82
APP002551,CAN00232,JOB00560,2026-08-28,7,7,7,14,2.567398119122257,0.07142857142857142,2.0,2,0.0,0.21000000000000002,False,,completed,0.82
APP002552,CAN00433,JOB00413,2026-08-27,6,7,3,10,2.567398119122257,0.10869565217391304,3.0,3,0.0,0.2,False,,completed,0.82
APP002554,CAN00715,JOB00559,2026-08-27,6,4,3,7,2.567398119122257,0.0,3.0,4,-1.0,0.14,False,,completed,0.72
APP002556,CAN01691,JOB00538,2026-08-27,6,5,5,10,2.567398119122257,0.0,3.0,3,0.0,0.16,False,,completed,0.82
APP002557,CAN00555,JOB00787,2026-08-29,7,4,4,8,2.567398119122257,0.08333333333333333,4.0,4,0.0,0.19000000000000003,False,,completed,0.82
APP002558,CAN00770,JOB00455,2026-08-28,6,4,5,9,2.567398119122257,0.0,4.0,5,-1.0,0.16,False,,completed,0.72
APP002559,CAN00770,JOB00175,2026-08-30,8,6,3,9,2.567398119122257,0.0,4.0,4,0.0,0.19,True,2026-09-03,withdrawn_before_schedule,
APP002561,CAN01489,JOB00426,2026-08-27,5,5,6,11,2.567398119122257,0.03571428571428571,1.0,2,-1.0,0.16,False,,completed,0.72
APP002563,CAN00490,JOB00446,2026-08-30,8,7,6,13,2.567398119122257,0.078125,4.0,4,0.0,0.21000000000000002,False,,completed,0.82
APP002565,CAN01413,JOB00536,2026-08-29,6,4,2,6,2.567398119122257,0.1323529411764706,4.0,4,0.0,0.16,False,,completed,0.82
APP002566,CAN00562,JOB00432,2026-08-30,7,6,4,10,2.567398119122257,0.045454545454545456,2.0,3,-1.0,0.19,False,,completed,0.72
APP002567,CAN00562,JOB00601,2026-08-29,6,6,4,10,2.567398119122257,0.022727272727272728,2.0,3,-1.0,0.16,False,,completed,0.72
APP002568,CAN00187,JOB00784,2026-08-29,6,6,5,11,2.567398119122257,0.0,3.0,4,-1.0,0.16,False,,completed,0.72
APP002570,CAN01795,JOB00588,2026-08-29,6,7,4,11,2.567398119122257,0.0,1.0,1,0.0,0.16,False,,completed,0.82
APP002571,CAN01863,JOB00539,2026-08-30,7,5,6,11,2.567398119122257,0.0,1.0,1,0.0,0.19,True,2026-09-03,withdrawn_before_schedule,
APP002572,CAN00215,JOB00480,2026-08-30,6,5,5,10,2.567398119122257,0.0,5.0,4,1.0,0.16,False,,completed,0.82
APP002575,CAN00555,JOB00721,2026-09-01,8,4,4,8,2.6834680745751527,0.16666666666666666,4.0,3,1.0,0.23,True,2026-09-08,withdrawn_after_schedule,
APP002576,CAN00591,JOB00367,2026-08-31,7,4,3,7,2.567398119122257,0.0,2.0,3,-1.0,0.17,False,,completed,0.72
APP002579,CAN00644,JOB00365,2026-08-30,5,6,6,12,2.567398119122257,0.09803921568627451,4.0,4,0.0,0.18,True,2026-09-05,withdrawn_after_schedule,
APP002581,CAN00081,JOB00679,2026-08-31,6,6,3,9,2.567398119122257,0.0,4.0,4,0.0,0.16,False,,completed,0.82
APP002583,CAN00395,JOB00431,2026-08-31,6,5,4,9,2.567398119122257,0.0,,4,,0.16,False,,completed,0.4
APP002587,CAN00362,JOB00321,2026-09-01,6,7,2,9,2.6834680745751527,0.0,3.0,3,0.0,0.16,False,,completed,0.82
APP002588,CAN00362,JOB00479,2026-08-31,5,5,2,7,2.567398119122257,0.0,3.0,3,0.0,0.14,False,,completed,0.82
APP002591,CAN00781,JOB00558,2026-08-31,5,5,5,10,2.567398119122257,0.17142857142857143,5.0,4,1.0,0.22,True,2026-09-05,withdrawn_after_schedule,
APP002593,CAN01885,JOB00457,2026-09-01,6,5,4,9,2.6834680745751527,0.030303030303030304,3.0,3,0.0,0.16,False,,completed,0.82
APP002594,CAN01885,JOB00771,2026-09-01,6,3,6,9,2.6834680745751527,0.0,3.0,4,-1.0,0.16,True,2026-09-02,withdrawn_before_schedule,
APP002595,CAN00388,JOB00560,2026-09-02,7,5,3,8,2.6834680745751527,0.0,1.0,2,-1.0,0.17,True,2026-09-05,withdrawn_before_schedule,
APP002597,CAN01520,JOB00487,2026-09-01,6,7,6,13,2.6834680745751527,0.0,2.0,4,-2.0,0.16,False,,completed,0.6
APP002598,CAN00168,JOB00537,2026-09-03,7,6,7,13,2.6834680745751527,0.0,4.0,4,0.0,0.19,False,,completed,0.82
APP002599,CAN00940,JOB00410,2026-09-03,7,6,6,12,2.6834680745751527,0.0625,2.0,2,0.0,0.21000000000000002,False,,completed,0.82
APP002600,CAN00407,JOB00441,2026-09-02,6,7,3,10,2.6834680745751527,0.0,1.0,1,0.0,0.16,False,,completed,0.82
APP002601,CAN00407,JOB00486,2026-09-04,8,5,3,8,2.6834680745751527,0.0,1.0,1,0.0,0.17,False,,completed,0.82
APP002604,CAN00771,JOB00658,2026-09-03,7,7,2,9,2.6834680745751527,0.037037037037037035,1.0,2,-1.0,0.19,True,2026-09-07,withdrawn_before_schedule,
APP002606,CAN01085,JOB00668,2026-09-01,5,2,2,4,2.6834680745751527,0.0,2.0,2,0.0,0.1,True,2026-09-04,withdrawn_after_schedule,
APP002608,CAN00331,JOB00345,2026-09-05,8,5,6,11,2.6834680745751527,0.0,1.0,1,0.0,0.19,True,2026-09-16,withdrawn_after_schedule,
APP002610,CAN01339,JOB00682,2026-09-02,5,7,2,9,2.6834680745751527,0.1,1.0,1,0.0,0.2,False,,completed,0.82
APP002612,CAN00331,JOB00791,2026-09-04,6,6,7,13,2.6834680745751527,0.0,1.0,1,0.0,0.16,False,,completed,0.82
APP002613,CAN01035,JOB00553,2026-09-04,6,6,7,13,2.6834680745751527,0.12903225806451613,2.0,2,0.0,0.2,False,,completed,0.82
APP002616,CAN00475,JOB00352,2026-09-04,6,6,5,11,2.6834680745751527,0.09375,1.0,2,-1.0,0.18,True,2026-09-07,withdrawn_before_schedule,
APP002618,CAN00773,JOB00461,2026-09-05,7,5,5,10,2.6834680745751527,0.35384615384615387,3.0,3,0.0,0.25,True,2026-09-13,withdrawn_after_schedule,
APP002619,CAN01195,JOB00760,2026-09-03,5,5,7,12,2.6834680745751527,0.0,1.0,3,-2.0,0.16,False,,completed,0.6
APP002621,CAN00457,JOB00382,2026-09-06,7,4,4,8,2.6834680745751527,0.0,1.0,1,0.0,0.17,False,,completed,0.82
APP002622,CAN01738,JOB00085,2026-09-04,5,5,2,7,2.6834680745751527,0.03225806451612903,2.0,2,0.0,0.14,False,,completed,0.82
APP002629,CAN00461,JOB00333,2026-09-07,7,7,6,13,2.6834680745751527,0.2,2.0,1,1.0,0.25,False,,completed,0.82
APP002634,CAN01368,JOB00774,2026-09-07,6,4,7,11,2.6834680745751527,0.0,1.0,1,0.0,0.16,False,,completed,0.82
APP002635,CAN00318,JOB00465,2026-09-06,5,6,5,11,2.6834680745751527,0.1388888888888889,3.0,2,1.0,0.2,False,,completed,0.82
APP002636,CAN01215,JOB00459,2026-09-08,7,4,2,6,2.6834680745751527,0.1791044776119403,4.0,3,1.0,0.21,False,,completed,0.82
APP002637,CAN01831,JOB00421,2026-09-06,5,6,3,9,2.6834680745751527,0.08695652173913043,3.0,3,0.0,0.18,False,,completed,0.82
APP002642,CAN01602,JOB00588,2026-09-07,6,4,5,9,2.6834680745751527,0.15151515151515152,2.0,1,1.0,0.22,False,,completed,0.82
APP002645,CAN01031,JOB00588,2026-09-08,6,4,6,10,2.6834680745751527,0.034482758620689655,1.0,1,0.0,0.16,False,,completed,0.82
APP002646,CAN01215,JOB00540,2026-09-08,6,4,3,7,2.6834680745751527,0.08955223880597014,4.0,5,-1.0,0.16,False,,completed,0.72
APP002647,CAN00519,JOB00547,2026-09-08,6,4,5,9,2.6834680745751527,0.045454545454545456,3.0,3,0.0,0.16,False,,completed,0.82
APP002650,CAN01368,JOB00687,2026-09-08,6,5,6,11,2.6834680745751527,0.0,1.0,2,-1.0,0.16,False,,completed,0.72
APP002651,CAN00187,JOB00547,2026-09-10,7,4,2,6,2.6834680745751527,0.0,3.0,3,0.0,0.15,False,,completed,0.82
APP002658,CAN00215,JOB00770,2026-09-09,5,6,4,10,2.6834680745751527,0.0,5.0,3,2.0,0.16,False,,completed,0.82
APP002659,CAN01539,JOB00217,2026-09-12,8,4,4,8,2.6834680745751527,0.18181818181818182,4.0,4,0.0,0.23,True,2026-09-13,withdrawn_before_schedule,
APP002665,CAN01511,JOB00469,2026-09-10,5,7,7,14,2.6834680745751527,0.0,3.0,4,-1.0,0.16,False,,completed,0.72
APP002666,CAN00218,JOB00558,2026-09-13,8,6,3,9,2.6834680745751527,0.18309859154929578,5.0,4,1.0,0.25,True,2026-09-18,withdrawn_before_schedule,
APP002668,CAN00831,JOB00749,2026-09-10,5,5,5,10,2.6834680745751527,0.04,1.0,1,0.0,0.16,True,2026-09-11,withdrawn_before_schedule,
APP002671,CAN00781,JOB00476,2026-09-14,8,3,7,10,2.6834680745751527,0.07142857142857142,5.0,5,0.0,0.21000000000000002,False,,completed,0.82
APP002672,CAN01101,JOB00282,2026-09-13,7,5,3,8,2.6834680745751527,0.08888888888888889,3.0,3,0.0,0.19000000000000003,False,,completed,0.82
APP002673,CAN01602,JOB00616,2026-09-14,8,3,6,9,2.6834680745751527,0.06060606060606061,2.0,2,0.0,0.21000000000000002,False,,completed,0.82
APP002674,CAN01602,JOB00575,2026-09-12,6,6,5,11,2.6834680745751527,0.18181818181818182,2.0,1,1.0,0.22,False,,completed,0.82
APP002677,CAN00750,JOB00667,2026-09-13,7,7,6,13,2.6834680745751527,0.0,2.0,2,0.0,0.19,True,2026-09-23,withdrawn_after_schedule,
APP002678,CAN01716,JOB00480,2026-09-12,6,7,2,9,2.6834680745751527,0.045454545454545456,3.0,4,-1.0,0.16,True,2026-09-21,withdrawn_after_schedule,
APP002679,CAN00955,JOB00359,2026-09-13,6,7,4,11,2.6834680745751527,0.041666666666666664,3.0,3,0.0,0.16,False,,completed,0.82
APP002683,CAN00407,JOB00581,2026-09-16,8,7,5,12,2.6834680745751527,0.0,1.0,1,0.0,0.19,False,,completed,0.82
APP002688,CAN01897,JOB00494,2026-09-15,7,5,5,10,2.6834680745751527,0.1111111111111111,,1,,0.22999999999999998,False,,completed,0.6
APP002689,CAN00560,JOB00554,2026-09-14,5,6,6,12,2.6834680745751527,0.0,1.0,1,0.0,0.16,False,,completed,0.82
APP002690,CAN00509,JOB00462,2026-09-14,5,5,4,9,2.6834680745751527,0.06060606060606061,2.0,2,0.0,0.18,False,,completed,0.82
APP002691,CAN00807,JOB00575,2026-09-15,6,7,7,14,2.6834680745751527,0.0,1.0,1,0.0,0.16,True,2026-09-18,withdrawn_before_schedule,
APP002692,CAN00105,JOB00588,2026-09-15,6,6,6,12,2.6834680745751527,0.0,1.0,1,0.0,0.16,True,2026-09-18,withdrawn_before_schedule,
APP002696,CAN00660,JOB00668,2026-09-16,7,6,6,12,2.6834680745751527,0.5949367088607594,,2,,0.25,False,,completed,0.6
APP002698,CAN00887,JOB00554,2026-09-15,6,5,5,10,2.6834680745751527,0.0,1.0,1,0.0,0.16,False,,completed,0.82
APP002701,CAN01038,JOB00180,2026-09-17,7,5,2,7,2.6834680745751527,0.14285714285714285,4.0,4,0.0,0.21,False,,completed,0.82
APP002705,CAN01414,JOB00601,2026-09-19,8,5,5,10,2.6834680745751527,0.0,2.0,3,-1.0,0.19,False,,completed,0.72
APP002706,CAN01901,JOB00027,2026-09-17,6,6,2,8,2.6834680745751527,0.07142857142857142,1.0,1,0.0,0.16,False,,completed,0.82
APP002709,CAN00876,JOB00714,2026-09-18,7,5,5,10,2.6834680745751527,0.04838709677419355,3.0,4,-1.0,0.19,True,2026-09-25,withdrawn_after_schedule,
APP002710,CAN01875,JOB00714,2026-09-19,8,2,6,8,2.6834680745751527,0.11940298507462686,4.0,4,0.0,0.21,False,,completed,0.82
APP002712,CAN00940,JOB00682,2026-09-17,5,6,2,8,2.6834680745751527,0.15625,2.0,1,1.0,0.2,False,,completed,0.82
APP002714,CAN01178,JOB00507,2026-09-17,5,7,7,14,2.6834680745751527,0.1111111111111111,,1,,0.2,True,2026-09-24,withdrawn_after_schedule,
APP002716,CAN00940,JOB00658,2026-09-20,7,7,5,12,2.6834680745751527,0.1875,2.0,2,0.0,0.25,False,,scheduled_right_censored,
APP002717,CAN00187,JOB00797,2026-09-20,7,5,7,12,2.6834680745751527,0.0,3.0,3,0.0,0.19,False,,scheduled_right_censored,
APP002718,CAN00336,JOB00507,2026-09-18,5,6,4,10,2.6834680745751527,0.14285714285714285,1.0,1,0.0,0.2,False,,completed,0.82
APP002721,CAN00831,JOB00494,2026-09-18,5,7,4,11,2.6834680745751527,0.04,1.0,1,0.0,0.16,False,,completed,0.82
APP002725,CAN00087,JOB00142,2026-09-21,7,5,6,11,2.6834680745751527,0.18666666666666668,4.0,4,0.0,0.25,True,2026-09-26,withdrawn_after_schedule,
APP002726,CAN00242,JOB00554,2026-09-20,6,7,5,12,2.6834680745751527,0.0,,1,,0.16,False,,scheduled_right_censored,
APP002732,CAN01817,JOB00682,2026-09-21,6,7,7,14,2.6834680745751527,0.0,1.0,1,0.0,0.16,False,,scheduled_right_censored,
APP002740,CAN01215,JOB00730,2026-09-24,8,5,3,8,2.6834680745751527,0.1791044776119403,4.0,4,0.0,0.23,False,,scheduled_right_censored,
APP002742,CAN01351,JOB00800,2026-09-21,5,7,7,14,2.6834680745751527,0.06666666666666667,4.0,4,0.0,0.18,False,,scheduled_right_censored,
APP002746,CAN01020,JOB00771,2026-09-23,6,6,3,9,2.6834680745751527,0.0,5.0,4,1.0,0.16,True,2026-09-27,withdrawn_before_schedule,
APP002748,CAN00527,JOB00085,2026-09-23,6,7,2,9,2.6834680745751527,0.0,2.0,2,0.0,0.16,False,,scheduled_right_censored,
APP002749,CAN00527,JOB00589,2026-09-24,7,5,2,7,2.6834680745751527,0.1,2.0,2,0.0,0.21,False,,scheduled_right_censored,
APP002750,CAN01151,JOB00699,2026-09-23,6,6,4,10,2.6834680745751527,0.17391304347826086,5.0,4,1.0,0.22,False,,scheduled_right_censored,
APP002751,CAN00065,JOB00478,2026-09-22,5,4,7,11,2.6834680745751527,0.3333333333333333,4.0,3,1.0,0.22,False,,scheduled_right_censored,
APP002753,CAN00610,JOB00374,2026-09-23,6,7,5,12,2.6834680745751527,0.0,1.0,1,0.0,0.16,True,2026-09-25,withdrawn_before_schedule,
APP002754,CAN01503,JOB00628,2026-09-24,7,5,3,8,2.6834680745751527,0.13725490196078433,4.0,4,0.0,0.21,False,,scheduled_right_censored,
APP002756,CAN01151,JOB00429,2026-09-23,5,6,2,8,2.6834680745751527,0.18840579710144928,5.0,5,0.0,0.2,True,2026-09-30,withdrawn_after_schedule,
APP002759,CAN00043,JOB00609,2026-09-24,6,5,7,12,2.6834680745751527,0.15625,1.0,1,0.0,0.22,False,,scheduled_right_censored,
APP002768,CAN01178,JOB00160,2026-09-26,7,4,5,9,2.6834680745751527,0.037037037037037035,1.0,2,-1.0,0.19,False,,scheduled_right_censored,
APP002773,CAN00963,JOB00517,2026-09-26,7,6,7,13,2.6834680745751527,0.0,2.0,2,0.0,0.19,False,,right_censored_before_schedule,
APP002785,CAN01740,JOB00720,2026-09-27,7,6,6,12,2.6834680745751527,0.06521739130434782,3.0,3,0.0,0.21000000000000002,False,,right_censored_before_schedule,
APP002786,CAN01849,JOB00468,2026-09-26,6,7,5,12,2.6834680745751527,0.14285714285714285,1.0,1,0.0,0.2,False,,right_censored_before_schedule,
APP002787,CAN00146,JOB00581,2026-09-27,6,5,5,10,2.6834680745751527,0.03333333333333333,1.0,1,0.0,0.16,False,,right_censored_before_schedule,
APP002790,CAN00725,JOB00643,2026-09-25,4,5,7,12,2.6834680745751527,0.0,3.0,4,-1.0,0.13,False,,scheduled_right_censored,
APP002801,CAN00586,JOB00472,2026-09-29,6,4,4,8,2.6834680745751527,0.037037037037037035,2.0,1,1.0,0.14,False,,right_censored_before_schedule,
APP002802,CAN01360,JOB00800,2026-09-30,7,7,3,10,2.6834680745751527,0.0967741935483871,4.0,4,0.0,0.21000000000000002,False,,right_censored_before_schedule,
APP002803,CAN01360,JOB00138,2026-09-29,6,5,3,8,2.6834680745751527,0.11290322580645161,4.0,4,0.0,0.18000000000000002,False,,right_censored_before_schedule,
APP002805,CAN01848,JOB00668,2026-09-29,6,7,7,14,2.6834680745751527,0.0,1.0,2,-1.0,0.16,False,,right_censored_before_schedule,
APP002813,CAN00940,JOB00426,2026-09-30,6,7,3,10,2.6834680745751527,0.15625,2.0,2,0.0,0.22,False,,right_censored_before_schedule,
APP002819,CAN01165,JOB00659,2026-09-29,5,4,5,9,2.6834680745751527,0.14285714285714285,2.0,1,1.0,0.2,False,,right_censored_before_schedule,
APP002821,CAN01696,JOB00494,2026-09-30,6,7,4,11,2.6834680745751527,0.07692307692307693,1.0,1,0.0,0.18,False,,right_censored_before_schedule,
APP002822,CAN01162,JOB00096,2026-09-30,5,5,4,9,2.6834680745751527,0.08163265306122448,3.0,3,0.0,0.18,False,,right_censored_before_schedule,
APP002824,CAN00146,JOB00513,2026-09-28,3,4,7,11,2.6834680745751527,0.0,1.0,2,-1.0,0.13,False,,right_censored_before_schedule,
APP002833,CAN01851,JOB00772,2026-09-30,5,4,7,11,2.6834680745751527,0.0,4.0,5,-1.0,0.16,False,,right_censored_before_schedule,
