application_id,job_id,candidate_id,ca_id,application_source,source_entry_id,source_introduction_id,intent_confirmed_date,recommendation_date,recommendation_result,withdrawal_date,withdrawal_reason,withdrawal_stage,status
APP000001,JOB00122,CAN00658,CA010,self_entry,ENT001273,,2025-04-02,2025-04-04,rejected,,,,rejected
APP000002,JOB00162,CAN00030,CA005,ca_introduction,,INT000002,2025-04-03,2025-04-04,rejected,,,,rejected
APP000003,JOB00122,CAN00130,CA020,ca_introduction,,INT000003,2025-04-03,,,,,,screened_out
APP000004,JOB00042,CAN00412,CA012,ca_introduction,,INT000004,2025-04-04,2025-04-06,accepted,,,,placed
APP000005,JOB00186,CAN00788,CA009,ca_introduction,,INT000005,2025-04-04,2025-04-06,accepted,,,,rejected
APP000006,JOB00075,CAN00107,CA018,ca_introduction,,INT000007,2025-04-06,2025-04-07,rejected,,,,rejected
APP000007,JOB00042,CAN00200,CA006,ca_introduction,,INT000011,2025-04-07,2025-04-07,accepted,,,,rejected
APP000008,JOB00264,CAN01419,CA015,ca_introduction,,INT000014,2025-04-08,,,,,,screened_out
APP000009,JOB00322,CAN00239,CA018,ca_introduction,,INT000015,2025-04-08,2025-04-09,accepted,,,,placed
APP000010,JOB00322,CAN00599,CA018,ca_introduction,,INT000016,2025-04-08,2025-04-10,accepted,,,,rejected
APP000011,JOB00075,CAN01239,CA004,self_entry,ENT002435,,2025-04-08,,,2025-04-08,other,pre_recommendation,withdrawn
APP000012,JOB00075,CAN01205,CA016,ca_introduction,,INT000018,2025-04-09,2025-04-10,accepted,2025-04-13,process_delay,post_recommendation,withdrawn
APP000013,JOB00322,CAN00697,CA019,ca_introduction,,INT000019,2025-04-09,,,,,,screened_out
APP000014,JOB00316,CAN01179,CA001,ca_introduction,,INT000024,2025-04-11,2025-04-12,rejected,,,,rejected
APP000015,JOB00109,CAN00848,CA009,ca_introduction,,INT000028,2025-04-11,2025-04-11,accepted,,,,placed
APP000016,JOB00322,CAN01859,CA011,ca_introduction,,INT000030,2025-04-11,,,,,,screened_out
APP000017,JOB00137,CAN00866,CA005,ca_introduction,,INT000029,2025-04-12,2025-04-13,accepted,,,,rejected
APP000018,JOB00348,CAN01137,CA013,ca_introduction,,INT000034,2025-04-13,2025-04-14,accepted,,,,placed
APP000019,JOB00042,CAN01137,CA013,ca_introduction,,INT000033,2025-04-14,2025-04-17,accepted,2025-04-23,accepted_other_job,post_recommendation,withdrawn
APP000020,JOB00209,CAN01147,CA016,ca_introduction,,INT000040,2025-04-14,2025-04-15,accepted,2025-04-19,process_delay,post_recommendation,withdrawn
APP000021,JOB00186,CAN01724,CA009,ca_introduction,,INT000041,2025-04-14,2025-04-16,rejected,,,,rejected
APP000022,JOB00264,CAN01477,CA019,ca_introduction,,INT000043,2025-04-15,2025-04-15,accepted,,,,rejected
APP000023,JOB00236,CAN00788,CA009,ca_introduction,,INT000042,2025-04-16,2025-04-16,rejected,,,,rejected
APP000024,JOB00309,CAN01305,CA003,ca_introduction,,INT000048,2025-04-17,2025-04-18,accepted,,,,placed
APP000025,JOB00138,CAN01544,CA017,ca_introduction,,INT000049,2025-04-18,,,2025-04-20,wage,pre_recommendation,withdrawn
APP000026,JOB00087,CAN00498,CA014,ca_introduction,,INT000051,2025-04-18,2025-04-18,accepted,,,,placed
APP000027,JOB00264,CAN01194,CA010,ca_introduction,,INT000054,2025-04-18,2025-04-19,accepted,2025-04-30,wage,post_visit,withdrawn
APP000028,JOB00316,CAN00583,CA007,ca_introduction,,INT000053,2025-04-19,2025-04-22,accepted,,,,placed
APP000029,JOB00261,CAN00017,CA016,ca_introduction,,INT000055,2025-04-19,2025-04-21,rejected,,,,rejected
APP000030,JOB00200,CAN00113,CA003,ca_introduction,,INT000057,2025-04-19,,,,,,screened_out
APP000031,JOB00137,CAN00354,CA003,ca_introduction,,INT000058,2025-04-19,2025-04-19,accepted,,,,rejected
APP000032,JOB00252,CAN01454,CA004,ca_introduction,,INT000061,2025-04-19,2025-04-20,rejected,,,,rejected
APP000033,JOB00186,CAN00354,CA003,ca_introduction,,INT000059,2025-04-20,2025-04-22,accepted,,,,placed
APP000034,JOB00252,CAN00615,CA021,ca_introduction,,INT000066,2025-04-20,2025-04-21,accepted,2025-04-23,process_delay,post_recommendation,withdrawn
APP000035,JOB00309,CAN00615,CA021,ca_introduction,,INT000067,2025-04-20,2025-04-21,accepted,,,,placed
APP000036,JOB00301,CAN00713,CA011,ca_introduction,,INT000068,2025-04-20,2025-04-22,accepted,2025-05-01,accepted_other_job,post_recommendation,withdrawn
APP000037,JOB00264,CAN00713,CA011,ca_introduction,,INT000069,2025-04-20,2025-04-20,accepted,,,,placed
APP000038,JOB00122,CAN00729,CA017,ca_introduction,,INT000071,2025-04-20,,,2025-04-20,other,pre_recommendation,withdrawn
APP000039,JOB00319,CAN00823,CA011,ca_introduction,,INT000072,2025-04-20,2025-04-20,accepted,,,,placed
APP000040,JOB00203,CAN00615,CA021,ca_introduction,,INT000065,2025-04-21,2025-04-22,accepted,2025-05-03,accepted_other_job,post_visit,withdrawn
APP000041,JOB00276,CAN00823,CA011,ca_introduction,,INT000073,2025-04-21,2025-04-24,accepted,2025-04-28,accepted_other_job,post_recommendation,withdrawn
APP000042,JOB00075,CAN00056,CA021,ca_introduction,,INT000077,2025-04-22,2025-04-23,accepted,,,,rejected
APP000043,JOB00311,CAN01448,CA019,ca_introduction,,INT000083,2025-04-22,2025-04-23,rejected,,,,rejected
APP000044,JOB00293,CAN00639,CA019,ca_introduction,,INT000086,2025-04-23,2025-04-26,accepted,,,,rejected
APP000045,JOB00264,CAN01212,CA016,ca_introduction,,INT000088,2025-04-23,2025-04-25,accepted,2025-05-04,process_delay,post_recommendation,withdrawn
APP000046,JOB00186,CAN01312,CA009,ca_introduction,,INT000089,2025-04-24,2025-04-24,accepted,,,,rejected
APP000047,JOB00203,CAN01419,CA015,ca_introduction,,INT000090,2025-04-24,2025-04-24,rejected,,,,rejected
APP000048,JOB00243,CAN01714,CA008,ca_introduction,,INT000095,2025-04-24,2025-04-25,accepted,,,,placed
APP000049,JOB00252,CAN01877,CA006,ca_introduction,,INT000097,2025-04-24,2025-04-24,accepted,2025-05-02,accepted_other_job,post_recommendation,withdrawn
APP000050,JOB00162,CAN01227,CA004,ca_introduction,,INT000092,2025-04-25,2025-04-26,accepted,,,,placed
APP000051,JOB00042,CAN01714,CA008,ca_introduction,,INT000094,2025-04-25,2025-04-25,rejected,,,,rejected
APP000052,JOB00283,CAN01714,CA008,ca_introduction,,INT000096,2025-04-25,2025-04-26,rejected,,,,rejected
APP000053,JOB00316,CAN01877,CA006,ca_introduction,,INT000098,2025-04-25,2025-04-26,accepted,,,,placed
APP000054,JOB00311,CAN00485,CA018,ca_introduction,,INT000100,2025-04-26,2025-04-28,accepted,,,,placed
APP000055,JOB00158,CAN01359,CA009,ca_introduction,,INT000103,2025-04-26,2025-04-28,rejected,,,,rejected
APP000056,JOB00111,CAN00063,CA012,ca_introduction,,INT000101,2025-04-27,2025-04-27,accepted,,,,placed
APP000057,JOB00069,CAN01438,CA002,ca_introduction,,INT000104,2025-04-27,2025-04-29,accepted,,,,placed
APP000058,JOB00311,CAN00200,CA006,ca_introduction,,INT000109,2025-04-27,2025-04-29,accepted,2025-05-04,other,post_visit,withdrawn
APP000059,JOB00007,CAN01095,CA010,ca_introduction,,INT000112,2025-04-27,2025-04-27,accepted,,,,rejected
APP000060,JOB00254,CAN01095,CA010,ca_introduction,,INT000111,2025-04-28,2025-04-29,rejected,,,,rejected
APP000061,JOB00109,CAN00052,CA009,ca_introduction,,INT000113,2025-04-28,,,,,,screened_out
APP000062,JOB00038,CAN01273,CA012,ca_introduction,,INT000118,2025-04-28,2025-04-29,accepted,,,,placed
APP000063,JOB00293,CAN00713,CA011,ca_introduction,,INT000115,2025-04-29,2025-04-29,accepted,2025-05-01,accepted_other_job,post_recommendation,withdrawn
APP000064,JOB00261,CAN01232,CA011,ca_introduction,,INT000116,2025-04-29,2025-04-30,accepted,,,,placed
APP000065,JOB00042,CAN01804,CA018,ca_introduction,,INT000120,2025-04-29,2025-05-01,accepted,,,,rejected
APP000066,JOB00319,CAN00729,CA017,ca_introduction,,INT000123,2025-04-29,2025-05-02,accepted,2025-05-06,process_delay,post_recommendation,withdrawn
APP000067,JOB00042,CAN01168,CA013,ca_introduction,,INT000126,2025-04-29,,,,,,screened_out
APP000068,JOB00309,CAN01119,CA021,ca_introduction,,INT000133,2025-04-30,2025-05-01,accepted,,,,rejected
APP000069,JOB00038,CAN00045,CA016,ca_introduction,,INT000127,2025-05-01,,,2025-05-03,wage,pre_recommendation,withdrawn
APP000070,JOB00264,CAN00256,CA009,ca_introduction,,INT000128,2025-05-01,,,,,,screened_out
APP000071,JOB00038,CAN00602,CA011,ca_introduction,,INT000130,2025-05-01,2025-05-03,rejected,,,,rejected
APP000072,JOB00158,CAN01544,CA017,ca_introduction,,INT000134,2025-05-01,2025-05-02,accepted,,,,placed
APP000073,JOB00200,CAN01235,CA010,ca_introduction,,INT000143,2025-05-01,,,,,,screened_out
APP000074,JOB00301,CAN01477,CA019,ca_introduction,,INT000149,2025-05-01,2025-05-03,accepted,,,,placed
APP000075,JOB00254,CAN01059,CA019,self_entry,ENT002083,,2025-05-01,2025-05-03,accepted,,,,rejected
APP000076,JOB00252,CAN00864,CA006,ca_introduction,,INT000136,2025-05-02,,,,,,screened_out
APP000077,JOB00254,CAN01216,CA015,ca_introduction,,INT000139,2025-05-02,,,2025-05-03,wage,pre_recommendation,withdrawn
APP000078,JOB00186,CAN01216,CA015,ca_introduction,,INT000141,2025-05-02,,,,,,screened_out
APP000079,JOB00293,CAN00501,CA017,ca_introduction,,INT000151,2025-05-02,,,,,,screened_out
APP000080,JOB00276,CAN01071,CA012,ca_introduction,,INT000152,2025-05-02,2025-05-04,accepted,,,,placed
APP000081,JOB00283,CAN01894,CA012,ca_introduction,,INT000154,2025-05-02,,,,,,screened_out
APP000082,JOB00111,CAN00427,CA013,ca_introduction,,INT000155,2025-05-03,2025-05-03,rejected,,,,rejected
APP000083,JOB00209,CAN00427,CA013,ca_introduction,,INT000156,2025-05-03,2025-05-05,rejected,,,,rejected
APP000084,JOB00283,CAN00653,CA013,ca_introduction,,INT000159,2025-05-03,2025-05-04,rejected,,,,rejected
APP000086,JOB00124,CAN00777,CA009,ca_introduction,,INT000160,2025-05-04,2025-05-06,accepted,,,,rejected
APP000087,JOB00007,CAN00777,CA009,ca_introduction,,INT000161,2025-05-04,2025-05-04,accepted,,,,rejected
APP000088,JOB00200,CAN01105,CA008,ca_introduction,,INT000162,2025-05-04,,,,,,screened_out
APP000089,JOB00111,CAN01599,CA003,ca_introduction,,INT000165,2025-05-04,2025-05-05,accepted,2025-05-10,other,post_recommendation,withdrawn
APP000090,JOB00254,CAN01649,CA017,ca_introduction,,INT000166,2025-05-04,2025-05-05,accepted,,,,rejected
APP000091,JOB00082,CAN00961,CA004,ca_introduction,,INT000174,2025-05-04,2025-05-07,accepted,,,,placed
APP000092,JOB00322,CAN00733,CA015,self_entry,ENT001420,,2025-05-04,,,,,,screened_out
APP000093,JOB00042,CAN01566,CA012,self_entry,ENT003053,,2025-05-04,,,2025-05-06,wage,pre_recommendation,withdrawn
APP000094,JOB00311,CAN01227,CA004,ca_introduction,,INT000175,2025-05-05,2025-05-08,rejected,,,,rejected
APP000095,JOB00041,CAN01296,CA014,ca_introduction,,INT000177,2025-05-05,2025-05-07,accepted,,,,rejected
APP000096,JOB00316,CAN00029,CA014,ca_introduction,,INT000178,2025-05-05,2025-05-06,accepted,,,,rejected
APP000097,JOB00348,CAN00787,CA003,self_entry,ENT001515,,2025-05-05,2025-05-06,accepted,,,,placed
APP000098,JOB00109,CAN01845,CA011,ca_introduction,,INT000183,2025-05-06,,,,,,screened_out
APP000099,JOB00261,CAN01845,CA011,ca_introduction,,INT000184,2025-05-07,2025-05-09,rejected,,,,rejected
APP000100,JOB00311,CAN01935,CA005,ca_introduction,,INT000185,2025-05-07,,,,,,screened_out
APP000101,JOB00309,CAN00106,CA020,ca_introduction,,INT000186,2025-05-07,,,,,,screened_out
APP000102,JOB00243,CAN00939,CA009,ca_introduction,,INT000188,2025-05-07,2025-05-09,accepted,,,,placed
APP000103,JOB00316,CAN00879,CA021,self_entry,ENT001728,,2025-05-07,2025-05-08,rejected,,,,rejected
APP000104,JOB00098,CAN00783,CA016,ca_introduction,,INT000187,2025-05-08,2025-05-09,accepted,,,,rejected
APP000105,JOB00127,CAN00106,CA020,self_entry,ENT000226,,2025-05-08,,,,,,screened_out
APP000106,JOB00216,CAN01477,CA019,self_entry,ENT002892,,2025-05-08,2025-05-10,accepted,2025-05-16,accepted_other_job,post_visit,withdrawn
APP000107,JOB00316,CAN00039,CA010,ca_introduction,,INT000190,2025-05-09,2025-05-11,accepted,,,,rejected
APP000108,JOB00127,CAN01095,CA010,ca_introduction,,INT000192,2025-05-09,,,,,,screened_out
APP000109,JOB00068,CAN01843,CA009,ca_introduction,,INT000194,2025-05-09,2025-05-11,accepted,,,,placed
APP000110,JOB00109,CAN00764,CA015,self_entry,ENT001479,,2025-05-09,,,,,,screened_out
APP000111,JOB00237,CAN01095,CA010,ca_introduction,,INT000193,2025-05-10,2025-05-12,accepted,,,,rejected
APP000112,JOB00108,CAN00017,CA016,ca_introduction,,INT000195,2025-05-10,2025-05-13,accepted,,,,placed
APP000113,JOB00261,CAN00052,CA009,ca_introduction,,INT000197,2025-05-10,2025-05-12,accepted,,,,rejected
APP000114,JOB00108,CAN00052,CA009,ca_introduction,,INT000198,2025-05-10,2025-05-12,accepted,,,,rejected
APP000115,JOB00259,CAN01195,CA001,ca_introduction,,INT000201,2025-05-11,2025-05-11,accepted,,,,rejected
APP000116,JOB00273,CAN00035,CA008,self_entry,ENT000071,,2025-05-11,,,,,,screened_out
APP000117,JOB00098,CAN00639,CA019,ca_introduction,,INT000202,2025-05-13,2025-05-15,accepted,,,,rejected
APP000118,JOB00316,CAN01226,CA012,ca_introduction,,INT000204,2025-05-13,,,,,,screened_out
APP000119,JOB00200,CAN00906,CA015,ca_introduction,,INT000205,2025-05-13,2025-05-13,accepted,,,,placed
APP000120,JOB00108,CAN01691,CA002,ca_introduction,,INT000211,2025-05-13,2025-05-15,rejected,,,,rejected
APP000121,JOB00269,CAN01303,CA009,ca_introduction,,INT000209,2025-05-14,2025-05-15,accepted,,,,placed
APP000122,JOB00298,CAN00726,CA012,ca_introduction,,INT000214,2025-05-14,2025-05-15,accepted,,,,placed
APP000123,JOB00269,CAN00887,CA015,ca_introduction,,INT000216,2025-05-14,,,,,,screened_out
APP000124,JOB00010,CAN00978,CA007,ca_introduction,,INT000219,2025-05-14,2025-05-16,accepted,,,,rejected
APP000125,JOB00276,CAN00106,CA020,self_entry,ENT000227,,2025-05-14,2025-05-16,accepted,,,,rejected
APP000126,JOB00236,CAN00510,CA016,self_entry,ENT000986,,2025-05-14,2025-05-14,rejected,,,,rejected
APP000127,JOB00177,CAN00518,CA021,ca_introduction,,INT000213,2025-05-15,2025-05-16,rejected,,,,rejected
APP000128,JOB00316,CAN00726,CA012,ca_introduction,,INT000215,2025-05-15,,,2025-05-16,other,pre_recommendation,withdrawn
APP000129,JOB00311,CAN00939,CA009,ca_introduction,,INT000218,2025-05-15,2025-05-16,accepted,2025-05-20,accepted_other_job,post_recommendation,withdrawn
APP000130,JOB00254,CAN00978,CA007,ca_introduction,,INT000220,2025-05-15,,,,,,screened_out
APP000131,JOB00283,CAN00039,CA010,ca_introduction,,INT000221,2025-05-15,2025-05-16,accepted,2025-05-25,other,post_visit,withdrawn
APP000132,JOB00311,CAN00591,CA015,ca_introduction,,INT000228,2025-05-15,2025-05-16,accepted,,,,rejected
APP000133,JOB00137,CAN00961,CA004,ca_introduction,,INT000231,2025-05-15,2025-05-18,accepted,2025-05-18,accepted_other_job,post_recommendation,withdrawn
APP000134,JOB00169,CAN00961,CA004,ca_introduction,,INT000232,2025-05-15,2025-05-15,rejected,,,,rejected
APP000135,JOB00108,CAN01032,CA013,ca_introduction,,INT000233,2025-05-15,2025-05-18,accepted,,,,placed
APP000136,JOB00261,CAN01032,CA013,ca_introduction,,INT000234,2025-05-15,2025-05-16,accepted,2025-05-29,accepted_other_job,post_visit,withdrawn
APP000138,JOB00105,CAN00344,CA008,ca_introduction,,INT000225,2025-05-16,2025-05-18,accepted,,,,rejected
APP000139,JOB00042,CAN00591,CA015,ca_introduction,,INT000229,2025-05-16,2025-05-17,accepted,,,,rejected
APP000140,JOB00077,CAN01296,CA014,ca_introduction,,INT000236,2025-05-16,2025-05-16,rejected,,,,rejected
APP000141,JOB00072,CAN01593,CA002,ca_introduction,,INT000239,2025-05-16,2025-05-18,accepted,,,,placed
APP000142,JOB00270,CAN01359,CA009,ca_introduction,,INT000240,2025-05-16,2025-05-16,accepted,2025-05-20,process_delay,post_recommendation,withdrawn
APP000143,JOB00269,CAN01125,CA018,ca_introduction,,INT000244,2025-05-17,2025-05-18,accepted,,,,rejected
APP000144,JOB00216,CAN01745,CA002,ca_introduction,,INT000248,2025-05-17,2025-05-17,accepted,2025-05-25,process_delay,post_visit,withdrawn
APP000145,JOB00042,CAN01745,CA002,ca_introduction,,INT000249,2025-05-17,2025-05-17,accepted,,,,rejected
APP000146,JOB00097,CAN00052,CA009,ca_introduction,,INT000241,2025-05-18,2025-05-20,accepted,2025-06-05,process_delay,post_visit,withdrawn
APP000147,JOB00327,CAN01071,CA012,ca_introduction,,INT000243,2025-05-18,2025-05-19,accepted,2025-05-21,accepted_other_job,post_recommendation,withdrawn
APP000148,JOB00105,CAN01168,CA013,ca_introduction,,INT000245,2025-05-18,2025-05-20,accepted,,,,rejected
APP000149,JOB00186,CAN01889,CA009,self_entry,ENT003658,,2025-05-18,,,2025-05-21,other,pre_recommendation,withdrawn
APP000150,JOB00109,CAN00048,CA013,ca_introduction,,INT000252,2025-05-19,2025-05-20,accepted,2025-05-31,other,post_visit,withdrawn
APP000151,JOB00261,CAN01517,CA019,ca_introduction,,INT000255,2025-05-20,2025-05-23,rejected,,,,rejected
APP000152,JOB00158,CAN01889,CA009,ca_introduction,,INT000256,2025-05-20,,,,,,screened_out
APP000153,JOB00269,CAN00541,CA021,ca_introduction,,INT000260,2025-05-20,2025-05-22,accepted,,,,rejected
APP000154,JOB00316,CAN01119,CA021,ca_introduction,,INT000263,2025-05-20,2025-05-22,accepted,2025-06-03,accepted_other_job,post_visit,withdrawn
APP000155,JOB00269,CAN01119,CA021,ca_introduction,,INT000264,2025-05-20,2025-05-21,accepted,,,,rejected
APP000156,JOB00342,CAN00231,CA016,self_entry,ENT000473,,2025-05-20,,,,,,screened_out
APP000157,JOB00068,CAN00726,CA012,self_entry,ENT001401,,2025-05-20,2025-05-23,accepted,2025-05-26,accepted_other_job,post_recommendation,withdrawn
APP000158,JOB00276,CAN01153,CA015,self_entry,ENT002281,,2025-05-20,2025-05-22,rejected,,,,rejected
APP000160,JOB00327,CAN00258,CA008,ca_introduction,,INT000257,2025-05-21,2025-05-22,accepted,,,,rejected
APP000161,JOB00098,CAN01119,CA021,ca_introduction,,INT000262,2025-05-21,2025-05-21,accepted,,,,placed
APP000162,JOB00007,CAN01922,CA002,ca_introduction,,INT000265,2025-05-21,2025-05-23,accepted,2025-06-04,other,post_visit,withdrawn
APP000163,JOB00146,CAN00045,CA016,ca_introduction,,INT000266,2025-05-21,,,,,,screened_out
APP000164,JOB00293,CAN00106,CA020,ca_introduction,,INT000268,2025-05-22,,,,,,screened_out
APP000165,JOB00199,CAN01216,CA015,ca_introduction,,INT000279,2025-05-22,2025-05-23,rejected,,,,rejected
APP000166,JOB00111,CAN00579,CA008,self_entry,ENT001114,,2025-05-22,,,,,,screened_out
APP000167,JOB00252,CAN00231,CA016,ca_introduction,,INT000271,2025-05-23,2025-05-25,accepted,,,,rejected
APP000168,JOB00276,CAN00635,CA019,ca_introduction,,INT000273,2025-05-23,2025-05-25,accepted,,,,rejected
APP000169,JOB00106,CAN01032,CA013,ca_introduction,,INT000283,2025-05-23,2025-05-23,accepted,2025-05-29,accepted_other_job,post_visit,withdrawn
APP000170,JOB00200,CAN00159,CA010,ca_introduction,,INT000280,2025-05-24,2025-05-25,accepted,,,,rejected
APP000171,JOB00298,CAN00159,CA010,ca_introduction,,INT000281,2025-05-24,2025-05-25,accepted,2025-05-29,wage,post_recommendation,withdrawn
APP000172,JOB00042,CAN00399,CA004,ca_introduction,,INT000282,2025-05-24,2025-05-26,accepted,2025-06-02,other,post_recommendation,withdrawn
APP000173,JOB00243,CAN00344,CA008,ca_introduction,,INT000287,2025-05-24,2025-05-27,accepted,,,,rejected
APP000174,JOB00311,CAN01391,CA009,self_entry,ENT002718,,2025-05-24,2025-05-25,rejected,,,,rejected
APP000175,JOB00097,CAN00296,CA011,ca_introduction,,INT000285,2025-05-25,,,,,,screened_out
APP000176,JOB00082,CAN00124,CA016,ca_introduction,,INT000294,2025-05-25,2025-05-27,rejected,,,,rejected
APP000177,JOB00342,CAN01040,CA020,ca_introduction,,INT000299,2025-05-25,2025-05-27,accepted,,,,placed
APP000178,JOB00086,CAN00558,CA015,self_entry,ENT001079,,2025-05-25,2025-05-27,accepted,,,,placed
APP000179,JOB00138,CAN00858,CA001,self_entry,ENT001687,,2025-05-25,,,,,,screened_out
APP000180,JOB00163,CAN01711,CA016,self_entry,ENT003317,,2025-05-25,2025-05-29,rejected,,,,rejected
APP000181,JOB00097,CAN01008,CA007,ca_introduction,,INT000298,2025-05-26,2025-05-28,accepted,,,,placed
APP000182,JOB00111,CAN00357,CA015,ca_introduction,,INT000301,2025-05-26,2025-05-26,accepted,,,,rejected
APP000183,JOB00038,CAN01843,CA009,ca_introduction,,INT000304,2025-05-27,,,2025-05-27,accepted_other_job,pre_recommendation,withdrawn
APP000184,JOB00261,CAN01691,CA002,ca_introduction,,INT000305,2025-05-28,2025-05-30,rejected,,,,rejected
APP000185,JOB00177,CAN00537,CA019,ca_introduction,,INT000308,2025-05-28,2025-05-30,accepted,,,,rejected
APP000186,JOB00327,CAN00929,CA014,ca_introduction,,INT000310,2025-05-29,2025-05-30,accepted,,,,placed
APP000187,JOB00269,CAN01792,CA007,ca_introduction,,INT000317,2025-05-29,2025-05-29,accepted,2025-06-02,process_delay,post_recommendation,withdrawn
APP000188,JOB00035,CAN00241,CA017,self_entry,ENT000486,,2025-05-29,,,2025-05-29,other,pre_recommendation,withdrawn
APP000189,JOB00281,CAN00602,CA011,ca_introduction,,INT000314,2025-05-30,2025-05-31,accepted,,,,placed
APP000190,JOB00269,CAN01105,CA008,ca_introduction,,INT000315,2025-05-30,,,,,,screened_out
APP000191,JOB00316,CAN01193,CA008,ca_introduction,,INT000316,2025-05-30,,,,,,screened_out
APP000192,JOB00266,CAN01506,CA004,ca_introduction,,INT000320,2025-05-30,2025-05-31,accepted,,,,rejected
APP000193,JOB00276,CAN01690,CA019,ca_introduction,,INT000322,2025-05-30,2025-06-01,accepted,,,,rejected
APP000194,JOB00127,CAN01706,CA020,ca_introduction,,INT000323,2025-05-30,2025-06-01,accepted,,,,placed
APP000195,JOB00327,CAN00106,CA020,self_entry,ENT000228,,2025-05-30,2025-06-01,accepted,,,,placed
APP000196,JOB00068,CAN00887,CA015,ca_introduction,,INT000319,2025-05-31,2025-06-03,accepted,,,,rejected
APP000197,JOB00035,CAN01921,CA007,ca_introduction,,INT000324,2025-05-31,2025-05-31,accepted,,,,rejected
APP000198,JOB00300,CAN01921,CA007,ca_introduction,,INT000325,2025-05-31,2025-05-31,accepted,,,,placed
APP000199,JOB00309,CAN00143,CA014,ca_introduction,,INT000326,2025-05-31,,,2025-06-01,wage,pre_recommendation,withdrawn
APP000200,JOB00273,CAN00143,CA014,ca_introduction,,INT000327,2025-05-31,2025-06-02,accepted,2025-06-04,wage,post_recommendation,withdrawn
APP000202,JOB00139,CAN01859,CA011,self_entry,ENT003603,,2025-05-31,,,,,,screened_out
APP000203,JOB00122,CAN01024,CA016,ca_introduction,,INT000331,2025-06-01,,,2025-06-02,other,pre_recommendation,withdrawn
APP000204,JOB00243,CAN01129,CA018,self_entry,ENT002224,,2025-06-01,,,,,,screened_out
APP000206,JOB00309,CAN00852,CA020,ca_introduction,,INT000332,2025-06-03,2025-06-05,rejected,,,,rejected
APP000207,JOB00281,CAN01115,CA001,ca_introduction,,INT000333,2025-06-03,2025-06-05,accepted,,,,placed
APP000208,JOB00266,CAN00216,CA014,ca_introduction,,INT000337,2025-06-03,2025-06-05,accepted,,,,rejected
APP000209,JOB00098,CAN00231,CA016,ca_introduction,,INT000338,2025-06-04,2025-06-04,accepted,,,,rejected
APP000210,JOB00298,CAN01079,CA016,ca_introduction,,INT000339,2025-06-04,,,,,,screened_out
APP000211,JOB00199,CAN01387,CA003,ca_introduction,,INT000340,2025-06-05,2025-06-07,rejected,,,,rejected
APP000212,JOB00311,CAN01881,CA011,ca_introduction,,INT000343,2025-06-05,2025-06-06,accepted,2025-06-15,process_delay,post_visit,withdrawn
APP000213,JOB00257,CAN01882,CA008,ca_introduction,,INT000344,2025-06-05,2025-06-06,accepted,,,,placed
APP000214,JOB00072,CAN00106,CA020,self_entry,ENT000229,,2025-06-05,,,,,,screened_out
APP000215,JOB00293,CAN00616,CA017,ca_introduction,,INT000346,2025-06-06,2025-06-08,accepted,2025-06-12,other,post_recommendation,withdrawn
APP000216,JOB00269,CAN01175,CA008,ca_introduction,,INT000351,2025-06-06,2025-06-06,accepted,2025-06-14,process_delay,post_visit,withdrawn
APP000217,JOB00269,CAN01525,CA001,ca_introduction,,INT000354,2025-06-06,2025-06-06,accepted,,,,rejected
APP000218,JOB00186,CAN01701,CA005,ca_introduction,,INT000356,2025-06-07,,,2025-06-07,other,pre_recommendation,withdrawn
APP000219,JOB00257,CAN00227,CA007,ca_introduction,,INT000361,2025-06-07,2025-06-08,rejected,,,,rejected
APP000220,JOB00254,CAN01364,CA016,ca_introduction,,INT000368,2025-06-07,,,,,,screened_out
APP000221,JOB00072,CAN01445,CA002,ca_introduction,,INT000369,2025-06-07,,,,,,screened_out
APP000222,JOB00311,CAN01445,CA002,ca_introduction,,INT000370,2025-06-07,2025-06-09,accepted,,,,rejected
APP000223,JOB00237,CAN00881,CA015,self_entry,ENT001732,,2025-06-07,2025-06-07,accepted,,,,placed
APP000224,JOB00243,CAN00405,CA012,ca_introduction,,INT000363,2025-06-08,2025-06-09,accepted,,,,rejected
APP000225,JOB00112,CAN00405,CA012,ca_introduction,,INT000364,2025-06-08,2025-06-08,accepted,,,,placed
APP000226,JOB00111,CAN01864,CA017,ca_introduction,,INT000372,2025-06-08,2025-06-08,accepted,,,,placed
APP000227,JOB00075,CAN00258,CA008,ca_introduction,,INT000375,2025-06-09,,,,,,screened_out
APP000228,JOB00269,CAN00858,CA001,self_entry,ENT001689,,2025-06-09,,,,,,screened_out
APP000230,JOB00276,CAN00004,CA008,ca_introduction,,INT000374,2025-06-10,2025-06-11,accepted,,,,rejected
APP000231,JOB00068,CAN00614,CA018,ca_introduction,,INT000376,2025-06-10,2025-06-12,accepted,,,,rejected
APP000232,JOB00035,CAN01066,CA021,ca_introduction,,INT000379,2025-06-10,2025-06-12,accepted,,,,placed
APP000233,JOB00038,CAN01343,CA011,ca_introduction,,INT000380,2025-06-10,2025-06-13,accepted,,,,rejected
APP000235,JOB00316,CAN00891,CA009,ca_introduction,,INT000384,2025-06-10,2025-06-11,accepted,,,,rejected
APP000236,JOB00199,CAN01648,CA018,ca_introduction,,INT000386,2025-06-10,,,,,,screened_out
APP000237,JOB00254,CAN01648,CA018,ca_introduction,,INT000387,2025-06-10,2025-06-11,accepted,,,,placed
APP000238,JOB00222,CAN00929,CA014,self_entry,ENT001829,,2025-06-10,,,,,,screened_out
APP000239,JOB00315,CAN01047,CA005,ca_introduction,,INT000393,2025-06-11,2025-06-13,accepted,,,,placed
APP000240,JOB00186,CAN01401,CA014,ca_introduction,,INT000394,2025-06-11,2025-06-11,rejected,,,,rejected
APP000241,JOB00137,CAN01687,CA012,ca_introduction,,INT000395,2025-06-11,2025-06-13,rejected,,,,rejected
APP000242,JOB00018,CAN00167,CA014,ca_introduction,,INT000389,2025-06-12,2025-06-12,accepted,,,,rejected
APP000243,JOB00200,CAN00167,CA014,ca_introduction,,INT000390,2025-06-12,2025-06-15,rejected,,,,rejected
APP000244,JOB00017,CAN00357,CA015,ca_introduction,,INT000399,2025-06-12,2025-06-15,accepted,,,,placed
APP000245,JOB00087,CAN01899,CA009,ca_introduction,,INT000401,2025-06-12,2025-06-13,accepted,2025-06-23,process_delay,post_visit,withdrawn
APP000246,JOB00077,CAN00357,CA015,ca_introduction,,INT000400,2025-06-13,,,,,,screened_out
APP000247,JOB00230,CAN00991,CA008,ca_introduction,,INT000404,2025-06-14,2025-06-14,accepted,,,,rejected
APP000248,JOB00261,CAN01536,CA019,ca_introduction,,INT000406,2025-06-14,2025-06-14,accepted,,,,rejected
APP000249,JOB00199,CAN01502,CA009,self_entry,ENT002941,,2025-06-14,,,,,,screened_out
APP000250,JOB00005,CAN01428,CA011,ca_introduction,,INT000413,2025-06-16,,,,,,screened_out
APP000251,JOB00237,CAN01428,CA011,ca_introduction,,INT000414,2025-06-16,2025-06-16,accepted,,,,rejected
APP000252,JOB00257,CAN00616,CA017,ca_introduction,,INT000411,2025-06-17,2025-06-17,accepted,,,,rejected
APP000253,JOB00068,CAN01731,CA015,ca_introduction,,INT000415,2025-06-17,2025-06-17,accepted,,,,rejected
APP000254,JOB00178,CAN01731,CA015,ca_introduction,,INT000416,2025-06-17,2025-06-18,accepted,,,,rejected
APP000255,JOB00106,CAN01845,CA011,ca_introduction,,INT000417,2025-06-17,2025-06-18,accepted,2025-06-19,process_delay,post_recommendation,withdrawn
APP000256,JOB00120,CAN00621,CA005,ca_introduction,,INT000419,2025-06-17,,,,,,screened_out
APP000257,JOB00261,CAN00621,CA005,ca_introduction,,INT000420,2025-06-17,2025-06-18,rejected,,,,rejected
APP000258,JOB00106,CAN00621,CA005,ca_introduction,,INT000421,2025-06-17,2025-06-18,accepted,,,,placed
APP000259,JOB00273,CAN00852,CA020,ca_introduction,,INT000422,2025-06-17,2025-06-20,accepted,,,,placed
APP000260,JOB00252,CAN00852,CA020,ca_introduction,,INT000423,2025-06-17,2025-06-19,accepted,2025-06-28,accepted_other_job,post_recommendation,withdrawn
APP000261,JOB00218,CAN01023,CA014,ca_introduction,,INT000424,2025-06-17,2025-06-19,accepted,,,,placed
APP000262,JOB00036,CAN01023,CA014,ca_introduction,,INT000425,2025-06-18,2025-06-19,rejected,,,,rejected
APP000263,JOB00259,CAN01135,CA019,ca_introduction,,INT000435,2025-06-18,2025-06-21,accepted,,,,placed
APP000264,JOB00254,CAN01548,CA010,ca_introduction,,INT000436,2025-06-18,2025-06-18,rejected,,,,rejected
APP000265,JOB00125,CAN01736,CA004,ca_introduction,,INT000438,2025-06-18,2025-06-19,rejected,,,,rejected
APP000266,JOB00082,CAN00891,CA009,self_entry,ENT001754,,2025-06-18,,,,,,screened_out
APP000267,JOB00113,CAN00227,CA007,ca_introduction,,INT000429,2025-06-19,2025-06-22,accepted,2025-07-02,other,post_visit,withdrawn
APP000268,JOB00160,CAN01736,CA004,ca_introduction,,INT000437,2025-06-19,,,,,,screened_out
APP000269,JOB00113,CAN00167,CA014,ca_introduction,,INT000440,2025-06-19,2025-06-21,rejected,,,,rejected
APP000270,JOB00042,CAN00953,CA008,ca_introduction,,INT000443,2025-06-19,2025-06-20,accepted,,,,rejected
APP000271,JOB00195,CAN01648,CA018,ca_introduction,,INT000444,2025-06-19,,,,,,screened_out
APP000272,JOB00106,CAN01758,CA012,ca_introduction,,INT000446,2025-06-19,2025-06-19,rejected,,,,rejected
APP000273,JOB00077,CAN00296,CA011,self_entry,ENT000594,,2025-06-19,,,,,,screened_out
APP000274,JOB00300,CAN00537,CA019,self_entry,ENT001030,,2025-06-19,,,,,,screened_out
APP000275,JOB00316,CAN00789,CA002,ca_introduction,,INT000442,2025-06-20,2025-06-22,rejected,,,,rejected
APP000276,JOB00111,CAN01067,CA007,ca_introduction,,INT000448,2025-06-21,2025-06-22,rejected,,,,rejected
APP000277,JOB00122,CAN01466,CA006,ca_introduction,,INT000450,2025-06-21,2025-06-22,rejected,,,,rejected
APP000278,JOB00269,CAN00113,CA003,self_entry,ENT000243,,2025-06-21,2025-06-22,accepted,2025-06-28,other,post_visit,withdrawn
APP000279,JOB00113,CAN01654,CA001,ca_introduction,,INT000452,2025-06-22,2025-06-22,accepted,,,,rejected
APP000280,JOB00007,CAN00145,CA004,ca_introduction,,INT000453,2025-06-22,2025-06-23,rejected,,,,rejected
APP000281,JOB00254,CAN00145,CA004,ca_introduction,,INT000454,2025-06-22,2025-06-23,rejected,,,,rejected
APP000282,JOB00327,CAN01072,CA006,ca_introduction,,INT000455,2025-06-22,2025-06-24,rejected,,,,rejected
APP000283,JOB00010,CAN01387,CA003,ca_introduction,,INT000457,2025-06-22,2025-06-23,accepted,2025-06-24,other,post_recommendation,withdrawn
APP000284,JOB00254,CAN01387,CA003,ca_introduction,,INT000456,2025-06-23,2025-06-23,accepted,,,,placed
APP000285,JOB00278,CAN01098,CA001,ca_introduction,,INT000463,2025-06-23,2025-06-26,accepted,,,,placed
APP000286,JOB00097,CAN01767,CA019,ca_introduction,,INT000465,2025-06-23,2025-06-24,accepted,,,,placed
APP000287,JOB00109,CAN01799,CA003,ca_introduction,,INT000466,2025-06-23,2025-06-26,accepted,,,,placed
APP000288,JOB00261,CAN01799,CA003,ca_introduction,,INT000467,2025-06-23,2025-06-26,accepted,2025-07-08,accepted_other_job,post_visit,withdrawn
APP000290,JOB00139,CAN00653,CA013,self_entry,ENT001262,,2025-06-23,2025-06-24,rejected,,,,rejected
APP000291,JOB00309,CAN00891,CA009,ca_introduction,,INT000461,2025-06-24,2025-06-25,accepted,,,,rejected
APP000292,JOB00311,CAN01098,CA001,ca_introduction,,INT000462,2025-06-24,2025-06-25,accepted,2025-07-04,accepted_other_job,post_recommendation,withdrawn
APP000293,JOB00082,CAN01283,CA002,ca_introduction,,INT000470,2025-06-24,2025-06-25,rejected,,,,rejected
APP000296,JOB00315,CAN01915,CA001,self_entry,ENT003717,,2025-06-24,,,2025-06-25,other,pre_recommendation,withdrawn
APP000297,JOB00018,CAN00089,CA008,ca_introduction,,INT000468,2025-06-25,2025-06-25,accepted,2025-07-03,process_delay,post_visit,withdrawn
APP000298,JOB00178,CAN01079,CA016,ca_introduction,,INT000469,2025-06-25,2025-06-26,rejected,,,,rejected
APP000299,JOB00269,CAN00005,CA010,ca_introduction,,INT000472,2025-06-25,,,2025-06-27,other,pre_recommendation,withdrawn
APP000300,JOB00072,CAN00223,CA006,ca_introduction,,INT000474,2025-06-25,2025-06-27,accepted,,,,rejected
APP000302,JOB00010,CAN01725,CA001,ca_introduction,,INT000483,2025-06-25,2025-06-27,accepted,2025-07-05,other,post_visit,withdrawn
APP000303,JOB00166,CAN01881,CA011,ca_introduction,,INT000485,2025-06-25,2025-06-25,accepted,,,,placed
APP000304,JOB00230,CAN00774,CA007,self_entry,ENT001492,,2025-06-25,2025-06-27,accepted,,,,placed
APP000305,JOB00168,CAN00223,CA006,ca_introduction,,INT000473,2025-06-26,2025-06-26,accepted,,,,rejected
APP000306,JOB00266,CAN00825,CA011,ca_introduction,,INT000475,2025-06-26,2025-06-26,rejected,,,,rejected
APP000307,JOB00119,CAN01166,CA007,ca_introduction,,INT000477,2025-06-26,2025-06-26,accepted,,,,rejected
APP000308,JOB00112,CAN01504,CA016,ca_introduction,,INT000479,2025-06-26,2025-06-28,rejected,,,,rejected
APP000310,JOB00243,CAN00326,CA008,ca_introduction,,INT000486,2025-06-26,2025-06-29,rejected,,,,rejected
APP000311,JOB00065,CAN01364,CA016,ca_introduction,,INT000490,2025-06-26,2025-06-27,accepted,,,,placed
APP000312,JOB00327,CAN01924,CA008,ca_introduction,,INT000492,2025-06-26,2025-06-27,accepted,2025-07-08,other,post_visit,withdrawn
APP000313,JOB00028,CAN01354,CA004,self_entry,ENT002641,,2025-06-26,,,,,,screened_out
APP000314,JOB00280,CAN00172,CA021,self_entry,ENT000355,,2025-06-27,2025-06-29,rejected,,,,rejected
APP000315,JOB00195,CAN01500,CA017,self_entry,ENT002936,,2025-06-27,,,,,,screened_out
APP000316,JOB00145,CAN01935,CA005,self_entry,ENT003757,,2025-06-27,,,,,,screened_out
APP000317,JOB00153,CAN01633,CA020,ca_introduction,,INT000493,2025-06-28,2025-06-28,accepted,,,,rejected
APP000318,JOB00306,CAN01633,CA020,ca_introduction,,INT000494,2025-06-28,2025-06-29,accepted,2025-07-07,other,post_visit,withdrawn
APP000319,JOB00264,CAN01856,CA003,ca_introduction,,INT000495,2025-06-28,2025-06-29,accepted,,,,rejected
APP000320,JOB00068,CAN00476,CA010,ca_introduction,,INT000499,2025-06-28,2025-06-30,accepted,2025-07-11,other,post_visit,withdrawn
APP000321,JOB00178,CAN00227,CA007,self_entry,ENT000467,,2025-06-28,2025-07-01,accepted,,,,placed
APP000322,JOB00289,CAN00172,CA021,self_entry,ENT000353,,2025-06-29,2025-06-30,rejected,,,,rejected
APP000323,JOB00252,CAN01251,CA009,ca_introduction,,INT000505,2025-06-30,2025-07-03,accepted,,,,placed
APP000324,JOB00109,CAN01536,CA019,ca_introduction,,INT000509,2025-06-30,,,2025-07-03,other,pre_recommendation,withdrawn
APP000325,JOB00017,CAN01456,CA016,ca_introduction,,INT000507,2025-07-01,2025-07-04,accepted,,,,rejected
APP000326,JOB00203,CAN01484,CA010,ca_introduction,,INT000508,2025-07-01,2025-07-04,accepted,,,,placed
APP000327,JOB00144,CAN00246,CA020,ca_introduction,,INT000514,2025-07-01,2025-07-02,rejected,,,,rejected
APP000328,JOB00086,CAN01251,CA009,self_entry,ENT002456,,2025-07-01,2025-07-02,accepted,,,,rejected
APP000329,JOB00269,CAN00246,CA020,ca_introduction,,INT000512,2025-07-02,2025-07-03,accepted,2025-07-09,process_delay,post_recommendation,withdrawn
APP000330,JOB00018,CAN00671,CA012,ca_introduction,,INT000515,2025-07-02,2025-07-03,accepted,,,,rejected
APP000331,JOB00105,CAN00953,CA008,ca_introduction,,INT000516,2025-07-02,2025-07-04,accepted,,,,placed
APP000332,JOB00342,CAN01466,CA006,ca_introduction,,INT000517,2025-07-02,2025-07-03,accepted,,,,placed
APP000335,JOB00124,CAN01283,CA002,ca_introduction,,INT000528,2025-07-03,2025-07-04,accepted,2025-07-06,process_delay,post_recommendation,withdrawn
APP000336,JOB00038,CAN01500,CA017,ca_introduction,,INT000530,2025-07-03,,,2025-07-03,wage,pre_recommendation,withdrawn
APP000337,JOB00145,CAN01881,CA011,self_entry,ENT003639,,2025-07-03,,,,,,screened_out
APP000338,JOB00041,CAN00078,CA019,ca_introduction,,INT000522,2025-07-04,2025-07-04,rejected,,,,rejected
APP000339,JOB00057,CAN00078,CA019,ca_introduction,,INT000523,2025-07-04,2025-07-06,accepted,2025-07-16,process_delay,post_visit,withdrawn
APP000340,JOB00200,CAN00594,CA007,ca_introduction,,INT000524,2025-07-04,2025-07-04,rejected,,,,rejected
APP000341,JOB00113,CAN00594,CA007,ca_introduction,,INT000525,2025-07-04,2025-07-05,accepted,,,,placed
APP000343,JOB00146,CAN01500,CA017,ca_introduction,,INT000529,2025-07-04,2025-07-06,accepted,2025-07-06,other,post_recommendation,withdrawn
APP000344,JOB00037,CAN01799,CA003,ca_introduction,,INT000531,2025-07-04,2025-07-06,rejected,,,,rejected
APP000345,JOB00105,CAN00896,CA018,ca_introduction,,INT000532,2025-07-04,2025-07-05,accepted,2025-07-10,process_delay,post_recommendation,withdrawn
APP000346,JOB00200,CAN01079,CA016,ca_introduction,,INT000535,2025-07-04,2025-07-04,accepted,,,,placed
APP000347,JOB00319,CAN01118,CA012,ca_introduction,,INT000536,2025-07-04,2025-07-05,accepted,2025-07-08,other,post_recommendation,withdrawn
APP000348,JOB00320,CAN01548,CA010,ca_introduction,,INT000538,2025-07-04,2025-07-07,accepted,2025-07-13,other,post_visit,withdrawn
APP000349,JOB00243,CAN00896,CA018,ca_introduction,,INT000533,2025-07-05,2025-07-06,accepted,,,,rejected
APP000350,JOB00106,CAN00271,CA002,ca_introduction,,INT000539,2025-07-05,2025-07-05,accepted,,,,rejected
APP000351,JOB00144,CAN00817,CA005,ca_introduction,,INT000542,2025-07-05,2025-07-06,rejected,,,,rejected
APP000352,JOB00254,CAN01217,CA002,ca_introduction,,INT000544,2025-07-05,2025-07-07,accepted,,,,rejected
APP000353,JOB00252,CAN01308,CA011,ca_introduction,,INT000545,2025-07-05,2025-07-05,accepted,,,,rejected
APP000354,JOB00086,CAN01280,CA003,self_entry,ENT002510,,2025-07-05,,,,,,screened_out
APP000355,JOB00112,CAN00326,CA008,ca_introduction,,INT000540,2025-07-06,2025-07-06,accepted,,,,rejected
APP000356,JOB00259,CAN00580,CA013,ca_introduction,,INT000541,2025-07-06,2025-07-08,accepted,,,,rejected
APP000357,JOB00028,CAN00817,CA005,ca_introduction,,INT000543,2025-07-06,,,,,,screened_out
APP000358,JOB00289,CAN01586,CA010,ca_introduction,,INT000548,2025-07-06,,,,,,screened_out
APP000359,JOB00035,CAN01761,CA015,ca_introduction,,INT000550,2025-07-06,2025-07-07,accepted,,,,rejected
APP000361,JOB00278,CAN01504,CA016,ca_introduction,,INT000553,2025-07-07,2025-07-08,rejected,,,,rejected
APP000362,JOB00319,CAN01924,CA008,ca_introduction,,INT000555,2025-07-07,2025-07-09,rejected,,,,rejected
APP000363,JOB00151,CAN00271,CA002,self_entry,ENT000549,,2025-07-08,2025-07-09,accepted,,,,rejected
APP000364,JOB00269,CAN01251,CA009,ca_introduction,,INT000562,2025-07-09,,,2025-07-10,accepted_other_job,pre_recommendation,withdrawn
APP000365,JOB00224,CAN01758,CA012,self_entry,ENT003407,,2025-07-09,2025-07-11,accepted,,,,rejected
APP000366,JOB00124,CAN00530,CA015,ca_introduction,,INT000558,2025-07-10,2025-07-11,accepted,,,,rejected
APP000367,JOB00235,CAN00530,CA015,ca_introduction,,INT000559,2025-07-10,2025-07-12,accepted,,,,rejected
APP000368,JOB00230,CAN01512,CA015,ca_introduction,,INT000570,2025-07-10,,,2025-07-11,other,pre_recommendation,withdrawn
APP000369,JOB00172,CAN00812,CA006,self_entry,ENT001575,,2025-07-10,2025-07-12,accepted,,,,rejected
APP000370,JOB00243,CAN00086,CA008,ca_introduction,,INT000564,2025-07-11,2025-07-13,accepted,,,,rejected
APP000371,JOB00306,CAN00661,CA002,ca_introduction,,INT000565,2025-07-11,2025-07-11,accepted,,,,rejected
APP000372,JOB00111,CAN00666,CA006,ca_introduction,,INT000566,2025-07-11,2025-07-12,rejected,,,,rejected
APP000373,JOB00090,CAN00671,CA012,ca_introduction,,INT000568,2025-07-11,2025-07-13,rejected,,,,rejected
APP000374,JOB00113,CAN00671,CA012,ca_introduction,,INT000569,2025-07-11,2025-07-11,rejected,,,,rejected
APP000375,JOB00342,CAN01512,CA015,ca_introduction,,INT000571,2025-07-11,2025-07-11,accepted,,,,rejected
APP000376,JOB00146,CAN00958,CA004,ca_introduction,,INT000574,2025-07-12,2025-07-14,rejected,,,,rejected
APP000377,JOB00011,CAN01442,CA001,ca_introduction,,INT000576,2025-07-12,2025-07-12,accepted,,,,placed
APP000378,JOB00209,CAN01456,CA016,ca_introduction,,INT000578,2025-07-12,2025-07-14,rejected,,,,rejected
APP000379,JOB00011,CAN00541,CA021,self_entry,ENT001043,,2025-07-12,2025-07-13,accepted,2025-07-21,process_delay,post_recommendation,withdrawn
APP000382,JOB00178,CAN00005,CA010,ca_introduction,,INT000583,2025-07-13,2025-07-14,accepted,2025-07-27,other,post_visit,withdrawn
APP000383,JOB00035,CAN00322,CA010,ca_introduction,,INT000585,2025-07-13,2025-07-15,accepted,,,,rejected
APP000384,JOB00200,CAN01236,CA017,ca_introduction,,INT000586,2025-07-14,2025-07-14,accepted,,,,rejected
APP000385,JOB00049,CAN01120,CA003,ca_introduction,,INT000591,2025-07-14,2025-07-15,accepted,,,,placed
APP000386,JOB00139,CAN01588,CA011,ca_introduction,,INT000592,2025-07-14,,,2025-07-17,other,pre_recommendation,withdrawn
APP000387,JOB00320,CAN01588,CA011,ca_introduction,,INT000593,2025-07-14,2025-07-14,accepted,,,,placed
APP000388,JOB00090,CAN00185,CA019,ca_introduction,,INT000588,2025-07-15,2025-07-16,accepted,,,,placed
APP000389,JOB00273,CAN00246,CA020,ca_introduction,,INT000589,2025-07-15,2025-07-16,accepted,,,,placed
APP000390,JOB00273,CAN01768,CA001,ca_introduction,,INT000594,2025-07-15,2025-07-17,rejected,,,,rejected
APP000391,JOB00108,CAN00346,CA001,ca_introduction,,INT000596,2025-07-15,2025-07-16,accepted,,,,rejected
APP000392,JOB00249,CAN00346,CA001,ca_introduction,,INT000595,2025-07-16,2025-07-18,accepted,,,,rejected
APP000393,JOB00011,CAN00580,CA013,ca_introduction,,INT000601,2025-07-16,2025-07-18,accepted,2025-07-27,wage,post_visit,withdrawn
APP000394,JOB00340,CAN00594,CA007,ca_introduction,,INT000602,2025-07-16,2025-07-18,accepted,2025-07-18,accepted_other_job,post_recommendation,withdrawn
APP000395,JOB00090,CAN00842,CA002,ca_introduction,,INT000603,2025-07-16,2025-07-18,accepted,,,,placed
APP000396,JOB00119,CAN01314,CA016,self_entry,ENT002569,,2025-07-16,,,,,,screened_out
APP000397,JOB00090,CAN01507,CA018,self_entry,ENT002953,,2025-07-16,2025-07-17,accepted,,,,rejected
APP000398,JOB00292,CAN01203,CA014,ca_introduction,,INT000604,2025-07-17,2025-07-18,accepted,,,,rejected
APP000399,JOB00028,CAN01856,CA003,ca_introduction,,INT000606,2025-07-17,2025-07-18,accepted,2025-07-20,other,post_recommendation,withdrawn
APP000400,JOB00017,CAN00078,CA019,ca_introduction,,INT000607,2025-07-17,2025-07-19,accepted,2025-07-29,other,post_visit,withdrawn
APP000401,JOB00281,CAN01554,CA016,ca_introduction,,INT000611,2025-07-17,2025-07-18,accepted,,,,rejected
APP000402,JOB00112,CAN00086,CA008,ca_introduction,,INT000609,2025-07-18,2025-07-19,accepted,,,,rejected
APP000403,JOB00101,CAN01725,CA001,ca_introduction,,INT000612,2025-07-18,2025-07-18,rejected,,,,rejected
APP000404,JOB00320,CAN00763,CA016,self_entry,ENT001476,,2025-07-18,2025-07-19,accepted,,,,placed
APP000406,JOB00233,CAN00271,CA002,self_entry,ENT000548,,2025-07-19,,,2025-07-20,other,pre_recommendation,withdrawn
APP000407,JOB00072,CAN00987,CA011,ca_introduction,,INT000614,2025-07-20,2025-07-21,accepted,,,,rejected
APP000409,JOB00137,CAN01761,CA015,ca_introduction,,INT000618,2025-07-20,2025-07-21,accepted,2025-07-22,process_delay,post_recommendation,withdrawn
APP000410,JOB00340,CAN00671,CA012,ca_introduction,,INT000620,2025-07-20,2025-07-21,accepted,,,,placed
APP000411,JOB00200,CAN00901,CA002,ca_introduction,,INT000622,2025-07-20,2025-07-21,accepted,,,,rejected
APP000412,JOB00049,CAN00223,CA006,self_entry,ENT000457,,2025-07-20,2025-07-21,accepted,,,,placed
APP000413,JOB00113,CAN00901,CA002,ca_introduction,,INT000621,2025-07-21,2025-07-23,rejected,,,,rejected
APP000414,JOB00281,CAN01905,CA019,ca_introduction,,INT000627,2025-07-21,2025-07-23,accepted,2025-07-28,other,post_recommendation,withdrawn
APP000415,JOB00224,CAN00730,CA020,ca_introduction,,INT000624,2025-07-22,2025-07-23,rejected,,,,rejected
APP000416,JOB00306,CAN01847,CA002,ca_introduction,,INT000626,2025-07-22,2025-07-23,accepted,,,,placed
APP000417,JOB00199,CAN00122,CA005,ca_introduction,,INT000630,2025-07-22,2025-07-24,accepted,,,,placed
APP000418,JOB00068,CAN00728,CA006,ca_introduction,,INT000632,2025-07-22,2025-07-24,accepted,2025-08-02,process_delay,post_visit,withdrawn
APP000419,JOB00018,CAN00728,CA006,ca_introduction,,INT000633,2025-07-22,2025-07-25,rejected,,,,rejected
APP000420,JOB00105,CAN01744,CA021,ca_introduction,,INT000634,2025-07-22,2025-07-24,accepted,,,,rejected
APP000421,JOB00028,CAN01768,CA001,ca_introduction,,INT000635,2025-07-22,2025-07-22,accepted,2025-08-01,other,post_visit,withdrawn
APP000422,JOB00032,CAN00122,CA005,ca_introduction,,INT000631,2025-07-23,2025-07-26,accepted,,,,rejected
APP000423,JOB00280,CAN00422,CA010,ca_introduction,,INT000636,2025-07-23,2025-07-23,accepted,,,,rejected
APP000424,JOB00072,CAN00799,CA001,ca_introduction,,INT000637,2025-07-23,2025-07-24,accepted,,,,rejected
APP000425,JOB00072,CAN01942,CA014,ca_introduction,,INT000643,2025-07-23,2025-07-24,accepted,2025-08-03,other,post_visit,withdrawn
APP000426,JOB00125,CAN00598,CA004,self_entry,ENT001155,,2025-07-23,2025-07-24,rejected,,,,rejected
APP000427,JOB00157,CAN01153,CA015,self_entry,ENT002282,,2025-07-23,,,,,,screened_out
APP000428,JOB00235,CAN01758,CA012,self_entry,ENT003405,,2025-07-23,,,,,,screened_out
APP000429,JOB00112,CAN00933,CA009,ca_introduction,,INT000640,2025-07-24,2025-07-25,accepted,,,,rejected
APP000430,JOB00342,CAN00997,CA018,ca_introduction,,INT000641,2025-07-24,2025-07-27,rejected,,,,rejected
APP000431,JOB00243,CAN01541,CA006,ca_introduction,,INT000648,2025-07-24,2025-07-25,accepted,,,,rejected
APP000432,JOB00036,CAN00700,CA012,self_entry,ENT001359,,2025-07-24,,,,,,screened_out
APP000433,JOB00111,CAN01425,CA011,ca_introduction,,INT000647,2025-07-25,2025-07-27,accepted,,,,placed
APP000434,JOB00258,CAN01120,CA003,ca_introduction,,INT000651,2025-07-25,,,,,,screened_out
APP000435,JOB00082,CAN01166,CA007,ca_introduction,,INT000652,2025-07-25,,,,,,screened_out
APP000436,JOB00077,CAN01627,CA015,ca_introduction,,INT000653,2025-07-25,2025-07-27,rejected,,,,rejected
APP000437,JOB00079,CAN01627,CA015,ca_introduction,,INT000654,2025-07-25,2025-07-27,accepted,,,,placed
APP000438,JOB00177,CAN01776,CA002,ca_introduction,,INT000655,2025-07-25,2025-07-27,accepted,2025-08-04,other,post_visit,withdrawn
APP000439,JOB00158,CAN01776,CA002,ca_introduction,,INT000656,2025-07-25,,,2025-07-26,other,pre_recommendation,withdrawn
APP000440,JOB00129,CAN01776,CA002,ca_introduction,,INT000657,2025-07-26,2025-07-27,accepted,2025-07-29,process_delay,post_recommendation,withdrawn
APP000442,JOB00298,CAN00089,CA008,ca_introduction,,INT000660,2025-07-27,,,,,,screened_out
APP000443,JOB00309,CAN00225,CA015,ca_introduction,,INT000662,2025-07-27,2025-07-28,rejected,,,,rejected
APP000444,JOB00158,CAN00661,CA002,ca_introduction,,INT000665,2025-07-27,,,2025-07-28,other,pre_recommendation,withdrawn
APP000446,JOB00131,CAN00619,CA014,ca_introduction,,INT000667,2025-07-28,2025-07-28,accepted,,,,rejected
APP000447,JOB00119,CAN01261,CA018,ca_introduction,,INT000668,2025-07-28,2025-07-28,rejected,,,,rejected
APP000448,JOB00161,CAN00537,CA019,self_entry,ENT001028,,2025-07-28,2025-07-30,accepted,,,,rejected
APP000449,JOB00290,CAN01308,CA011,self_entry,ENT002557,,2025-07-28,,,,,,screened_out
APP000450,JOB00153,CAN00718,CA005,self_entry,ENT001390,,2025-07-29,,,,,,screened_out
APP000451,JOB00145,CAN00724,CA010,self_entry,ENT001397,,2025-07-29,,,,,,screened_out
APP000452,JOB00079,CAN01454,CA004,self_entry,ENT002838,,2025-07-29,,,,,,screened_out
APP000453,JOB00281,CAN00958,CA004,ca_introduction,,INT000673,2025-07-30,,,,,,screened_out
APP000454,JOB00243,CAN01471,CA009,ca_introduction,,INT000674,2025-07-30,2025-08-02,accepted,2025-08-14,process_delay,post_visit,withdrawn
APP000455,JOB00178,CAN00724,CA010,ca_introduction,,INT000675,2025-07-30,2025-07-30,accepted,,,,rejected
APP000456,JOB00113,CAN00724,CA010,ca_introduction,,INT000676,2025-07-30,2025-08-01,accepted,,,,rejected
APP000457,JOB00315,CAN01082,CA011,ca_introduction,,INT000679,2025-07-30,2025-08-01,rejected,,,,rejected
APP000458,JOB00072,CAN01531,CA020,ca_introduction,,INT000680,2025-07-30,2025-07-30,accepted,2025-08-10,process_delay,post_visit,withdrawn
APP000459,JOB00151,CAN01761,CA015,ca_introduction,,INT000682,2025-07-30,2025-08-01,accepted,,,,placed
APP000460,JOB00129,CAN01082,CA011,ca_introduction,,INT000678,2025-07-31,2025-07-31,accepted,,,,rejected
APP000461,JOB00222,CAN01884,CA006,ca_introduction,,INT000684,2025-07-31,2025-08-01,accepted,,,,placed
APP000463,JOB00160,CAN00923,CA007,ca_introduction,,INT000690,2025-07-31,2025-08-01,accepted,,,,rejected
APP000464,JOB00259,CAN01856,CA003,ca_introduction,,INT000692,2025-07-31,2025-08-02,accepted,,,,rejected
APP000466,JOB00025,CAN00340,CA020,ca_introduction,,INT000688,2025-08-01,2025-08-03,rejected,,,,rejected
APP000467,JOB00178,CAN00340,CA020,ca_introduction,,INT000689,2025-08-01,2025-08-02,accepted,,,,rejected
APP000468,JOB00085,CAN00439,CA012,ca_introduction,,INT000695,2025-08-01,2025-08-02,accepted,,,,placed
APP000469,JOB00180,CAN01650,CA014,ca_introduction,,INT000697,2025-08-01,2025-08-02,accepted,,,,placed
APP000470,JOB00158,CAN00727,CA002,ca_introduction,,INT000696,2025-08-02,2025-08-02,accepted,,,,placed
APP000472,JOB00090,CAN01267,CA007,self_entry,ENT002484,,2025-08-02,2025-08-04,accepted,2025-08-14,other,post_visit,withdrawn
APP000474,JOB00224,CAN00346,CA001,ca_introduction,,INT000702,2025-08-03,2025-08-05,accepted,,,,placed
APP000475,JOB00113,CAN01620,CA003,ca_introduction,,INT000707,2025-08-03,2025-08-03,accepted,,,,rejected
APP000476,JOB00176,CAN01144,CA018,ca_introduction,,INT000705,2025-08-04,2025-08-05,accepted,2025-08-14,accepted_other_job,post_visit,withdrawn
APP000477,JOB00018,CAN01144,CA018,ca_introduction,,INT000706,2025-08-04,2025-08-05,accepted,,,,placed
APP000478,JOB00018,CAN01620,CA003,ca_introduction,,INT000708,2025-08-04,2025-08-05,accepted,2025-08-12,process_delay,post_recommendation,withdrawn
APP000479,JOB00062,CAN00844,CA005,ca_introduction,,INT000712,2025-08-04,2025-08-05,accepted,,,,placed
APP000480,JOB00350,CAN00844,CA005,ca_introduction,,INT000713,2025-08-04,2025-08-05,accepted,2025-08-16,accepted_other_job,post_visit,withdrawn
APP000481,JOB00025,CAN00682,CA012,self_entry,ENT001324,,2025-08-04,,,,,,screened_out
APP000483,JOB00251,CAN00422,CA010,ca_introduction,,INT000709,2025-08-05,,,,,,screened_out
APP000484,JOB00243,CAN00844,CA005,ca_introduction,,INT000711,2025-08-05,2025-08-05,accepted,,,,rejected
APP000485,JOB00278,CAN01726,CA004,ca_introduction,,INT000716,2025-08-05,2025-08-05,rejected,,,,rejected
APP000486,JOB00010,CAN00529,CA015,ca_introduction,,INT000719,2025-08-05,,,2025-08-05,other,pre_recommendation,withdrawn
APP000488,JOB00342,CAN00877,CA006,ca_introduction,,INT000722,2025-08-05,2025-08-07,accepted,,,,rejected
APP000489,JOB00074,CAN00877,CA006,ca_introduction,,INT000723,2025-08-05,,,,,,screened_out
APP000490,JOB00011,CAN01363,CA016,ca_introduction,,INT000731,2025-08-06,2025-08-09,accepted,,,,placed
APP000491,JOB00144,CAN00578,CA009,self_entry,ENT001113,,2025-08-06,2025-08-08,rejected,,,,rejected
APP000492,JOB00144,CAN01395,CA013,self_entry,ENT002729,,2025-08-06,,,,,,screened_out
APP000493,JOB00072,CAN00333,CA012,ca_introduction,,INT000726,2025-08-07,2025-08-08,accepted,,,,rejected
APP000494,JOB00162,CAN01744,CA021,ca_introduction,,INT000737,2025-08-07,2025-08-09,accepted,,,,rejected
APP000495,JOB00233,CAN01803,CA015,self_entry,ENT003485,,2025-08-07,2025-08-07,rejected,,,,rejected
APP000496,JOB00152,CAN01617,CA020,ca_introduction,,INT000733,2025-08-08,2025-08-10,rejected,,,,rejected
APP000497,JOB00147,CAN01617,CA020,ca_introduction,,INT000734,2025-08-08,2025-08-09,accepted,2025-08-16,other,post_visit,withdrawn
APP000498,JOB00311,CAN00799,CA001,ca_introduction,,INT000743,2025-08-08,2025-08-08,accepted,,,,rejected
APP000499,JOB00340,CAN01321,CA008,ca_introduction,,INT000744,2025-08-08,2025-08-09,accepted,2025-08-18,wage,post_visit,withdrawn
APP000500,JOB00072,CAN01463,CA021,ca_introduction,,INT000746,2025-08-08,2025-08-09,accepted,2025-08-13,other,post_recommendation,withdrawn
APP000501,JOB00069,CAN00661,CA002,ca_introduction,,INT000739,2025-08-09,2025-08-10,accepted,2025-08-21,other,post_visit,withdrawn
APP000502,JOB00129,CAN00661,CA002,ca_introduction,,INT000740,2025-08-09,,,,,,screened_out
APP000503,JOB00062,CAN00799,CA001,ca_introduction,,INT000741,2025-08-09,2025-08-09,accepted,,,,placed
APP000504,JOB00350,CAN00799,CA001,ca_introduction,,INT000742,2025-08-09,2025-08-11,accepted,,,,rejected
APP000505,JOB00088,CAN00630,CA004,self_entry,ENT001218,,2025-08-09,2025-08-12,rejected,,,,rejected
APP000506,JOB00311,CAN00316,CA011,ca_introduction,,INT000747,2025-08-10,2025-08-10,accepted,,,,rejected
APP000507,JOB00005,CAN01586,CA010,ca_introduction,,INT000751,2025-08-10,,,,,,screened_out
APP000508,JOB00230,CAN00274,CA014,ca_introduction,,INT000748,2025-08-11,2025-08-14,rejected,,,,rejected
APP000509,JOB00278,CAN01094,CA007,ca_introduction,,INT000749,2025-08-11,2025-08-12,accepted,,,,placed
APP000510,JOB00161,CAN01082,CA011,ca_introduction,,INT000754,2025-08-11,,,,,,screened_out
APP000511,JOB00036,CAN00816,CA001,ca_introduction,,INT000752,2025-08-12,2025-08-12,accepted,2025-08-21,process_delay,post_recommendation,withdrawn
APP000512,JOB00187,CAN00816,CA001,ca_introduction,,INT000753,2025-08-12,,,,,,screened_out
APP000514,JOB00062,CAN00387,CA015,ca_introduction,,INT000756,2025-08-12,2025-08-13,accepted,,,,rejected
APP000515,JOB00249,CAN00553,CA014,ca_introduction,,INT000759,2025-08-12,,,,,,screened_out
APP000516,JOB00082,CAN01261,CA018,ca_introduction,,INT000760,2025-08-12,2025-08-12,accepted,,,,placed
APP000517,JOB00151,CAN01261,CA018,ca_introduction,,INT000761,2025-08-12,2025-08-13,accepted,2025-08-21,accepted_other_job,post_visit,withdrawn
APP000518,JOB00090,CAN00244,CA008,self_entry,ENT000498,,2025-08-12,2025-08-15,accepted,,,,rejected
APP000519,JOB00049,CAN01884,CA006,ca_introduction,,INT000762,2025-08-13,2025-08-15,accepted,2025-08-15,accepted_other_job,post_recommendation,withdrawn
APP000520,JOB00072,CAN01092,CA017,ca_introduction,,INT000767,2025-08-13,2025-08-14,accepted,2025-08-20,process_delay,post_recommendation,withdrawn
APP000521,JOB00085,CAN00724,CA010,ca_introduction,,INT000764,2025-08-14,2025-08-14,accepted,,,,placed
APP000522,JOB00150,CAN01416,CA008,ca_introduction,,INT000768,2025-08-14,,,,,,screened_out
APP000523,JOB00009,CAN01016,CA004,ca_introduction,,INT000773,2025-08-14,2025-08-15,accepted,,,,placed
APP000524,JOB00340,CAN00340,CA020,ca_introduction,,INT000770,2025-08-15,2025-08-15,accepted,,,,rejected
APP000525,JOB00113,CAN00340,CA020,ca_introduction,,INT000771,2025-08-15,2025-08-15,rejected,,,,rejected
APP000526,JOB00235,CAN00548,CA005,ca_introduction,,INT000779,2025-08-15,2025-08-17,accepted,,,,placed
APP000527,JOB00342,CAN01585,CA011,ca_introduction,,INT000781,2025-08-15,2025-08-16,accepted,,,,rejected
APP000528,JOB00276,CAN01585,CA011,ca_introduction,,INT000782,2025-08-15,2025-08-18,accepted,,,,rejected
APP000529,JOB00097,CAN01617,CA020,ca_introduction,,INT000783,2025-08-15,2025-08-18,accepted,,,,rejected
APP000530,JOB00062,CAN01924,CA008,self_entry,ENT003735,,2025-08-15,,,,,,screened_out
APP000531,JOB00151,CAN00548,CA005,ca_introduction,,INT000778,2025-08-16,2025-08-18,accepted,2025-08-27,accepted_other_job,post_visit,withdrawn
APP000532,JOB00108,CAN01617,CA020,ca_introduction,,INT000784,2025-08-16,2025-08-18,accepted,2025-08-26,process_delay,post_recommendation,withdrawn
APP000534,JOB00314,CAN00926,CA017,ca_introduction,,INT000789,2025-08-16,2025-08-17,rejected,,,,rejected
APP000535,JOB00028,CAN00360,CA003,ca_introduction,,INT000785,2025-08-17,2025-08-19,accepted,,,,rejected
APP000536,JOB00079,CAN01372,CA009,ca_introduction,,INT000791,2025-08-17,2025-08-18,accepted,,,,rejected
APP000537,JOB00180,CAN01372,CA009,ca_introduction,,INT000792,2025-08-17,2025-08-20,accepted,,,,rejected
APP000538,JOB00018,CAN01396,CA018,ca_introduction,,INT000799,2025-08-17,2025-08-17,accepted,2025-08-21,process_delay,post_recommendation,withdrawn
APP000539,JOB00131,CAN01662,CA003,ca_introduction,,INT000802,2025-08-17,2025-08-17,accepted,,,,rejected
APP000540,JOB00116,CAN00614,CA018,self_entry,ENT001184,,2025-08-17,,,,,,screened_out
APP000541,JOB00261,CAN00928,CA019,ca_introduction,,INT000797,2025-08-18,2025-08-19,accepted,,,,rejected
APP000542,JOB00178,CAN01396,CA018,ca_introduction,,INT000801,2025-08-18,2025-08-20,accepted,,,,rejected
APP000543,JOB00167,CAN01001,CA001,ca_introduction,,INT000805,2025-08-18,2025-08-20,accepted,,,,placed
APP000544,JOB00028,CAN01420,CA007,ca_introduction,,INT000808,2025-08-18,2025-08-20,rejected,,,,rejected
APP000545,JOB00072,CAN01744,CA021,ca_introduction,,INT000809,2025-08-18,2025-08-21,accepted,,,,rejected
APP000546,JOB00138,CAN01310,CA017,ca_introduction,,INT000806,2025-08-19,,,,,,screened_out
APP000547,JOB00163,CAN01463,CA021,ca_introduction,,INT000811,2025-08-19,2025-08-19,accepted,,,,rejected
APP000548,JOB00192,CAN00902,CA011,ca_introduction,,INT000810,2025-08-20,2025-08-23,rejected,,,,rejected
APP000549,JOB00200,CAN00981,CA005,ca_introduction,,INT000817,2025-08-20,2025-08-21,accepted,,,,rejected
APP000550,JOB00176,CAN00981,CA005,ca_introduction,,INT000818,2025-08-20,2025-08-21,rejected,,,,rejected
APP000552,JOB00116,CAN00678,CA004,ca_introduction,,INT000813,2025-08-21,,,,,,screened_out
APP000553,JOB00090,CAN00724,CA010,ca_introduction,,INT000814,2025-08-21,2025-08-23,accepted,2025-08-24,other,post_recommendation,withdrawn
APP000554,JOB00032,CAN00745,CA014,ca_introduction,,INT000815,2025-08-21,,,,,,screened_out
APP000555,JOB00131,CAN00869,CA020,ca_introduction,,INT000816,2025-08-21,2025-08-21,accepted,,,,placed
APP000557,JOB00052,CAN01585,CA011,self_entry,ENT003086,,2025-08-21,2025-08-25,accepted,2025-08-26,wage,post_recommendation,withdrawn
APP000558,JOB00176,CAN00993,CA019,ca_introduction,,INT000826,2025-08-22,2025-08-22,accepted,2025-08-31,other,post_visit,withdrawn
APP000559,JOB00191,CAN01456,CA016,self_entry,ENT002843,,2025-08-22,2025-08-23,rejected,,,,rejected
APP000560,JOB00350,CAN01726,CA004,ca_introduction,,INT000833,2025-08-23,2025-08-25,rejected,,,,rejected
APP000561,JOB00350,CAN01463,CA021,self_entry,ENT002862,,2025-08-23,2025-08-23,accepted,2025-09-02,process_delay,post_visit,withdrawn
APP000562,JOB00273,CAN01202,CA007,ca_introduction,,INT000832,2025-08-24,2025-08-25,accepted,,,,rejected
APP000563,JOB00295,CAN01628,CA012,ca_introduction,,INT000838,2025-08-24,2025-08-24,accepted,,,,rejected
APP000564,JOB00107,CAN01548,CA010,self_entry,ENT003026,,2025-08-24,2025-08-26,rejected,,,,rejected
APP000565,JOB00249,CAN01628,CA012,ca_introduction,,INT000837,2025-08-25,,,,,,screened_out
APP000566,JOB00108,CAN00228,CA010,ca_introduction,,INT000840,2025-08-25,2025-08-25,accepted,,,,rejected
APP000567,JOB00043,CAN01026,CA002,ca_introduction,,INT000843,2025-08-25,2025-08-26,accepted,,,,rejected
APP000568,JOB00229,CAN00073,CA017,self_entry,ENT000153,,2025-08-25,,,,,,screened_out
APP000569,JOB00139,CAN00236,CA021,ca_introduction,,INT000841,2025-08-26,,,,,,screened_out
APP000570,JOB00248,CAN00492,CA001,ca_introduction,,INT000842,2025-08-26,2025-08-27,accepted,,,,rejected
APP000571,JOB00018,CAN00060,CA016,ca_introduction,,INT000844,2025-08-26,2025-08-27,rejected,,,,rejected
APP000572,JOB00175,CAN00487,CA013,ca_introduction,,INT000846,2025-08-26,2025-08-28,rejected,,,,rejected
APP000573,JOB00299,CAN01914,CA021,ca_introduction,,INT000851,2025-08-26,2025-08-27,accepted,,,,rejected
APP000574,JOB00299,CAN00730,CA020,self_entry,ENT001414,,2025-08-26,2025-08-28,accepted,,,,placed
APP000575,JOB00006,CAN00487,CA013,ca_introduction,,INT000845,2025-08-27,2025-08-29,accepted,2025-09-04,other,post_recommendation,withdrawn
APP000576,JOB00192,CAN01914,CA021,ca_introduction,,INT000850,2025-08-27,2025-08-27,accepted,,,,placed
APP000577,JOB00077,CAN00213,CA014,ca_introduction,,INT000852,2025-08-28,2025-08-30,accepted,,,,placed
APP000578,JOB00276,CAN00274,CA014,ca_introduction,,INT000853,2025-08-28,2025-08-28,rejected,,,,rejected
APP000579,JOB00005,CAN01721,CA019,ca_introduction,,INT000861,2025-08-29,2025-08-31,accepted,,,,placed
APP000580,JOB00294,CAN01056,CA008,ca_introduction,,INT000862,2025-08-29,2025-08-31,rejected,,,,rejected
APP000581,JOB00276,CAN01142,CA018,ca_introduction,,INT000863,2025-08-29,2025-08-30,rejected,,,,rejected
APP000582,JOB00349,CAN00639,CA019,self_entry,ENT001235,,2025-08-29,2025-08-31,accepted,,,,placed
APP000583,JOB00095,CAN01356,CA009,ca_introduction,,INT000865,2025-08-30,2025-08-31,accepted,,,,placed
APP000584,JOB00283,CAN00316,CA011,ca_introduction,,INT000868,2025-08-30,,,,,,screened_out
APP000585,JOB00179,CAN00561,CA004,ca_introduction,,INT000870,2025-08-30,2025-09-01,accepted,,,,placed
APP000586,JOB00311,CAN00561,CA004,ca_introduction,,INT000871,2025-08-30,,,,,,screened_out
APP000587,JOB00085,CAN00664,CA013,ca_introduction,,INT000872,2025-08-30,2025-08-31,accepted,,,,rejected
APP000588,JOB00018,CAN01014,CA010,ca_introduction,,INT000873,2025-08-30,,,2025-08-31,other,pre_recommendation,withdrawn
APP000590,JOB00060,CAN00928,CA019,ca_introduction,,INT000878,2025-08-31,,,,,,screened_out
APP000591,JOB00108,CAN00928,CA019,ca_introduction,,INT000879,2025-08-31,2025-08-31,accepted,,,,rejected
APP000592,JOB00187,CAN00795,CA003,ca_introduction,,INT000876,2025-09-01,2025-09-06,rejected,,,,rejected
APP000593,JOB00108,CAN01644,CA001,ca_introduction,,INT000882,2025-09-01,2025-09-03,accepted,,,,rejected
APP000594,JOB00271,CAN00981,CA005,self_entry,ENT001931,,2025-09-01,2025-09-02,accepted,2025-09-13,other,post_visit,withdrawn
APP000595,JOB00137,CAN01527,CA012,ca_introduction,,INT000881,2025-09-02,2025-09-04,rejected,,,,rejected
APP000596,JOB00124,CAN01902,CA013,ca_introduction,,INT000883,2025-09-02,2025-09-04,accepted,,,,placed
APP000597,JOB00095,CAN00051,CA017,ca_introduction,,INT000884,2025-09-02,2025-09-03,accepted,,,,placed
APP000598,JOB00018,CAN00981,CA005,ca_introduction,,INT000886,2025-09-02,2025-09-02,accepted,,,,rejected
APP000599,JOB00243,CAN01256,CA001,ca_introduction,,INT000887,2025-09-02,2025-09-03,accepted,2025-09-15,accepted_other_job,post_visit,withdrawn
APP000600,JOB00062,CAN01256,CA001,ca_introduction,,INT000888,2025-09-02,2025-09-03,accepted,,,,placed
APP000601,JOB00144,CAN01420,CA007,ca_introduction,,INT000891,2025-09-02,2025-09-02,accepted,,,,rejected
APP000602,JOB00225,CAN00614,CA018,self_entry,ENT001183,,2025-09-02,2025-09-06,accepted,2025-09-08,other,post_recommendation,withdrawn
APP000603,JOB00187,CAN01887,CA020,self_entry,ENT003655,,2025-09-02,,,,,,screened_out
APP000604,JOB00214,CAN01420,CA007,ca_introduction,,INT000890,2025-09-03,2025-09-05,accepted,,,,placed
APP000605,JOB00180,CAN00213,CA014,ca_introduction,,INT000892,2025-09-03,2025-09-05,accepted,,,,rejected
APP000606,JOB00154,CAN00329,CA009,ca_introduction,,INT000895,2025-09-03,2025-09-06,rejected,,,,rejected
APP000607,JOB00018,CAN00993,CA019,ca_introduction,,INT000897,2025-09-03,2025-09-07,accepted,2025-09-13,process_delay,post_recommendation,withdrawn
APP000608,JOB00113,CAN00993,CA019,ca_introduction,,INT000898,2025-09-03,,,,,,screened_out
APP000609,JOB00005,CAN01788,CA018,ca_introduction,,INT000901,2025-09-03,2025-09-06,accepted,,,,rejected
APP000611,JOB00009,CAN00745,CA014,ca_introduction,,INT000896,2025-09-04,2025-09-08,accepted,,,,rejected
APP000612,JOB00302,CAN01788,CA018,ca_introduction,,INT000902,2025-09-04,2025-09-08,accepted,,,,placed
APP000613,JOB00032,CAN01788,CA018,ca_introduction,,INT000903,2025-09-04,2025-09-08,rejected,,,,rejected
APP000614,JOB00085,CAN00434,CA008,self_entry,ENT000851,,2025-09-04,,,,,,screened_out
APP000615,JOB00312,CAN01091,CA008,self_entry,ENT002146,,2025-09-04,2025-09-05,accepted,,,,placed
APP000616,JOB00174,CAN01212,CA016,self_entry,ENT002382,,2025-09-04,,,,,,screened_out
APP000617,JOB00338,CAN01428,CA011,self_entry,ENT002792,,2025-09-04,2025-09-08,accepted,,,,rejected
APP000618,JOB00079,CAN00164,CA009,ca_introduction,,INT000905,2025-09-05,2025-09-08,accepted,,,,rejected
APP000619,JOB00107,CAN01469,CA007,ca_introduction,,INT000908,2025-09-05,2025-09-06,accepted,,,,placed
APP000620,JOB00312,CAN00194,CA011,self_entry,ENT000401,,2025-09-05,2025-09-08,accepted,,,,placed
APP000621,JOB00312,CAN00728,CA006,self_entry,ENT001407,,2025-09-05,2025-09-07,accepted,2025-09-18,process_delay,post_visit,withdrawn
APP000622,JOB00302,CAN00752,CA006,self_entry,ENT001456,,2025-09-05,2025-09-08,accepted,,,,placed
APP000623,JOB00125,CAN01742,CA011,ca_introduction,,INT000914,2025-09-06,2025-09-09,accepted,2025-09-11,other,post_recommendation,withdrawn
APP000624,JOB00259,CAN01742,CA011,ca_introduction,,INT000915,2025-09-06,2025-09-08,accepted,,,,rejected
APP000625,JOB00118,CAN01585,CA011,self_entry,ENT003084,,2025-09-06,,,,,,screened_out
APP000626,JOB00035,CAN00487,CA013,ca_introduction,,INT000911,2025-09-07,2025-09-09,accepted,,,,rejected
APP000627,JOB00243,CAN01896,CA005,ca_introduction,,INT000922,2025-09-07,2025-09-08,rejected,,,,rejected
APP000628,JOB00299,CAN00110,CA016,self_entry,ENT000240,,2025-09-07,,,,,,screened_out
APP000629,JOB00118,CAN00422,CA010,self_entry,ENT000827,,2025-09-07,2025-09-09,accepted,,,,placed
APP000631,JOB00020,CAN01082,CA011,self_entry,ENT002129,,2025-09-07,2025-09-08,rejected,,,,rejected
APP000632,JOB00167,CAN01755,CA019,self_entry,ENT003402,,2025-09-07,,,,,,screened_out
APP000633,JOB00085,CAN01915,CA001,self_entry,ENT003716,,2025-09-07,2025-09-08,accepted,,,,rejected
APP000634,JOB00064,CAN00126,CA010,ca_introduction,,INT000917,2025-09-08,2025-09-10,accepted,,,,placed
APP000635,JOB00071,CAN00492,CA001,ca_introduction,,INT000918,2025-09-08,2025-09-08,accepted,,,,placed
APP000636,JOB00311,CAN01213,CA011,ca_introduction,,INT000919,2025-09-08,2025-09-09,accepted,,,,rejected
APP000637,JOB00062,CAN01896,CA005,ca_introduction,,INT000921,2025-09-08,2025-09-10,rejected,,,,rejected
APP000638,JOB00276,CAN00257,CA008,ca_introduction,,INT000925,2025-09-08,2025-09-09,rejected,,,,rejected
APP000639,JOB00079,CAN00287,CA007,ca_introduction,,INT000927,2025-09-08,2025-09-09,accepted,,,,rejected
APP000642,JOB00329,CAN00287,CA007,ca_introduction,,INT000926,2025-09-09,2025-09-10,accepted,,,,rejected
APP000643,JOB00062,CAN00333,CA012,ca_introduction,,INT000928,2025-09-09,2025-09-10,accepted,,,,rejected
APP000644,JOB00108,CAN00735,CA010,ca_introduction,,INT000929,2025-09-09,2025-09-11,accepted,,,,rejected
APP000645,JOB00198,CAN01341,CA013,ca_introduction,,INT000935,2025-09-09,2025-09-13,accepted,,,,placed
APP000646,JOB00198,CAN00817,CA005,self_entry,ENT001593,,2025-09-09,2025-09-12,accepted,2025-09-22,process_delay,post_recommendation,withdrawn
APP000647,JOB00228,CAN01911,CA002,self_entry,ENT003705,,2025-09-09,2025-09-11,accepted,2025-09-18,other,post_visit,withdrawn
APP000648,JOB00073,CAN01142,CA018,ca_introduction,,INT000932,2025-09-10,2025-09-13,accepted,,,,rejected
APP000649,JOB00095,CAN01341,CA013,ca_introduction,,INT000933,2025-09-10,2025-09-11,accepted,2025-09-27,accepted_other_job,post_visit,withdrawn
APP000650,JOB00009,CAN01440,CA002,ca_introduction,,INT000937,2025-09-10,2025-09-13,accepted,,,,rejected
APP000651,JOB00104,CAN00973,CA004,ca_introduction,,INT000940,2025-09-10,2025-09-14,accepted,,,,placed
APP000652,JOB00079,CAN00973,CA004,ca_introduction,,INT000941,2025-09-10,2025-09-11,accepted,,,,rejected
APP000653,JOB00123,CAN01389,CA001,ca_introduction,,INT000943,2025-09-10,2025-09-14,accepted,2025-09-23,other,post_visit,withdrawn
APP000654,JOB00064,CAN00665,CA006,ca_introduction,,INT000939,2025-09-11,2025-09-13,accepted,,,,rejected
APP000655,JOB00113,CAN01459,CA019,ca_introduction,,INT000946,2025-09-11,2025-09-12,rejected,,,,rejected
APP000656,JOB00060,CAN01644,CA001,ca_introduction,,INT000947,2025-09-11,2025-09-14,accepted,,,,placed
APP000657,JOB00116,CAN01512,CA015,self_entry,ENT002964,,2025-09-11,2025-09-13,rejected,,,,rejected
APP000658,JOB00025,CAN01202,CA007,ca_introduction,,INT000950,2025-09-12,2025-09-13,accepted,,,,placed
APP000660,JOB00311,CAN00600,CA017,ca_introduction,,INT000948,2025-09-13,2025-09-14,accepted,,,,rejected
APP000661,JOB00064,CAN01106,CA020,ca_introduction,,INT000949,2025-09-13,2025-09-14,rejected,,,,rejected
APP000662,JOB00073,CAN01503,CA011,ca_introduction,,INT000951,2025-09-13,2025-09-17,rejected,,,,rejected
APP000663,JOB00172,CAN01503,CA011,ca_introduction,,INT000952,2025-09-13,2025-09-15,accepted,,,,placed
APP000664,JOB00071,CAN00820,CA003,ca_introduction,,INT000953,2025-09-13,2025-09-16,accepted,2025-09-26,process_delay,post_recommendation,withdrawn
APP000665,JOB00340,CAN01890,CA012,ca_introduction,,INT000958,2025-09-13,2025-09-14,accepted,,,,placed
APP000666,JOB00349,CAN00695,CA008,self_entry,ENT001351,,2025-09-13,2025-09-17,accepted,2025-09-24,process_delay,post_recommendation,withdrawn
APP000668,JOB00163,CAN01888,CA008,ca_introduction,,INT000956,2025-09-14,2025-09-17,accepted,,,,placed
APP000669,JOB00281,CAN00531,CA015,ca_introduction,,INT000960,2025-09-14,2025-09-17,accepted,,,,rejected
APP000670,JOB00192,CAN00531,CA015,ca_introduction,,INT000961,2025-09-15,2025-09-15,accepted,2025-09-26,process_delay,post_visit,withdrawn
APP000671,JOB00243,CAN00411,CA002,ca_introduction,,INT000965,2025-09-15,2025-09-21,accepted,2025-09-27,accepted_other_job,post_recommendation,withdrawn
APP000672,JOB00166,CAN00411,CA002,ca_introduction,,INT000966,2025-09-15,2025-09-16,accepted,,,,placed
APP000674,JOB00311,CAN00943,CA009,ca_introduction,,INT000969,2025-09-16,,,,,,screened_out
APP000675,JOB00237,CAN00179,CA004,ca_introduction,,INT000971,2025-09-16,,,,,,screened_out
APP000676,JOB00024,CAN01333,CA011,ca_introduction,,INT000973,2025-09-16,2025-09-18,accepted,2025-09-29,accepted_other_job,post_visit,withdrawn
APP000677,JOB00284,CAN00638,CA020,ca_introduction,,INT000972,2025-09-17,2025-09-18,accepted,,,,placed
APP000678,JOB00214,CAN01333,CA011,ca_introduction,,INT000974,2025-09-17,2025-09-19,accepted,,,,placed
APP000679,JOB00144,CAN00522,CA015,ca_introduction,,INT000976,2025-09-17,,,,,,screened_out
APP000680,JOB00214,CAN00522,CA015,ca_introduction,,INT000977,2025-09-17,2025-09-20,accepted,,,,placed
APP000681,JOB00154,CAN01157,CA016,ca_introduction,,INT000982,2025-09-17,2025-09-20,accepted,,,,rejected
APP000683,JOB00025,CAN01014,CA010,ca_introduction,,INT000980,2025-09-18,2025-09-19,accepted,,,,rejected
APP000684,JOB00291,CAN01014,CA010,ca_introduction,,INT000981,2025-09-18,2025-09-20,accepted,,,,placed
APP000685,JOB00020,CAN01341,CA013,ca_introduction,,INT000983,2025-09-18,,,,,,screened_out
APP000686,JOB00156,CAN01631,CA007,ca_introduction,,INT000984,2025-09-18,2025-09-21,accepted,2025-09-30,other,post_visit,withdrawn
APP000687,JOB00124,CAN01527,CA012,ca_introduction,,INT000988,2025-09-18,2025-09-20,rejected,,,,rejected
APP000688,JOB00317,CAN00715,CA002,ca_introduction,,INT000985,2025-09-19,2025-09-19,accepted,,,,placed
APP000689,JOB00017,CAN01766,CA004,ca_introduction,,INT000989,2025-09-19,2025-09-21,accepted,,,,placed
APP000690,JOB00085,CAN01839,CA010,ca_introduction,,INT000991,2025-09-19,2025-09-22,accepted,,,,rejected
APP000691,JOB00100,CAN01857,CA020,ca_introduction,,INT000993,2025-09-19,2025-09-23,accepted,,,,placed
APP000692,JOB00011,CAN00042,CA002,ca_introduction,,INT000994,2025-09-19,,,2025-09-19,other,pre_recommendation,withdrawn
APP000693,JOB00166,CAN01213,CA011,ca_introduction,,INT000995,2025-09-19,2025-09-23,rejected,,,,rejected
APP000694,JOB00338,CAN01440,CA002,ca_introduction,,INT000996,2025-09-20,,,,,,screened_out
APP000695,JOB00295,CAN00735,CA010,ca_introduction,,INT000999,2025-09-20,2025-09-21,accepted,,,,placed
APP000697,JOB00213,CAN01389,CA001,self_entry,ENT002713,,2025-09-20,,,,,,screened_out
APP000698,JOB00237,CAN00211,CA008,ca_introduction,,INT000997,2025-09-21,2025-09-22,rejected,,,,rejected
APP000699,JOB00172,CAN00257,CA008,ca_introduction,,INT000998,2025-09-21,2025-09-22,accepted,,,,rejected
APP000700,JOB00244,CAN00973,CA004,ca_introduction,,INT001000,2025-09-21,,,2025-09-22,accepted_other_job,pre_recommendation,withdrawn
APP000701,JOB00179,CAN01410,CA002,ca_introduction,,INT001001,2025-09-21,2025-09-25,accepted,,,,rejected
APP000703,JOB00299,CAN01908,CA010,ca_introduction,,INT001006,2025-09-21,2025-09-23,rejected,,,,rejected
APP000704,JOB00192,CAN01908,CA010,ca_introduction,,INT001007,2025-09-21,2025-09-23,accepted,,,,placed
APP000705,JOB00190,CAN01395,CA013,self_entry,ENT002728,,2025-09-21,,,,,,screened_out
APP000706,JOB00248,CAN01504,CA016,self_entry,ENT002946,,2025-09-21,,,2025-09-23,other,pre_recommendation,withdrawn
APP000707,JOB00020,CAN01503,CA011,ca_introduction,,INT001004,2025-09-22,2025-09-24,accepted,2025-09-27,accepted_other_job,post_recommendation,withdrawn
APP000709,JOB00304,CAN01286,CA012,ca_introduction,,INT001008,2025-09-22,2025-09-24,accepted,,,,rejected
APP000710,JOB00338,CAN01046,CA020,ca_introduction,,INT001010,2025-09-23,2025-09-26,accepted,2025-09-30,wage,post_recommendation,withdrawn
APP000711,JOB00070,CAN01896,CA005,ca_introduction,,INT001011,2025-09-23,,,,,,screened_out
APP000712,JOB00231,CAN00110,CA016,self_entry,ENT000239,,2025-09-23,,,2025-09-24,other,pre_recommendation,withdrawn
APP000713,JOB00284,CAN01216,CA015,self_entry,ENT002388,,2025-09-23,,,,,,screened_out
APP000714,JOB00064,CAN01942,CA014,self_entry,ENT003767,,2025-09-23,,,2025-09-26,wage,pre_recommendation,withdrawn
APP000715,JOB00095,CAN00821,CA011,ca_introduction,,INT001009,2025-09-24,2025-09-24,accepted,,,,rejected
APP000716,JOB00099,CAN00627,CA018,self_entry,ENT001210,,2025-09-24,2025-09-26,accepted,,,,placed
APP000717,JOB00198,CAN00915,CA004,self_entry,ENT001798,,2025-09-24,2025-09-27,accepted,,,,rejected
APP000718,JOB00034,CAN01766,CA004,self_entry,ENT003416,,2025-09-24,,,2025-09-27,other,pre_recommendation,withdrawn
APP000719,JOB00006,CAN00012,CA017,ca_introduction,,INT001016,2025-09-25,,,,,,screened_out
APP000720,JOB00147,CAN00228,CA010,ca_introduction,,INT001017,2025-09-25,2025-09-26,accepted,,,,rejected
APP000721,JOB00024,CAN00522,CA015,ca_introduction,,INT001019,2025-09-25,2025-09-27,accepted,,,,rejected
APP000722,JOB00025,CAN01720,CA019,ca_introduction,,INT001020,2025-09-25,2025-09-30,accepted,,,,rejected
APP000723,JOB00295,CAN01861,CA017,ca_introduction,,INT001021,2025-09-25,2025-09-26,accepted,,,,placed
APP000724,JOB00098,CAN00522,CA015,ca_introduction,,INT001018,2025-09-26,2025-10-01,accepted,2025-10-02,accepted_other_job,post_recommendation,withdrawn
APP000725,JOB00147,CAN01861,CA017,ca_introduction,,INT001022,2025-09-26,2025-09-27,accepted,,,,rejected
APP000726,JOB00249,CAN01861,CA017,ca_introduction,,INT001023,2025-09-26,2025-09-29,rejected,,,,rejected
APP000727,JOB00118,CAN01157,CA016,ca_introduction,,INT001025,2025-09-26,2025-09-27,accepted,,,,rejected
APP000728,JOB00341,CAN01585,CA011,self_entry,ENT003085,,2025-09-26,2025-09-29,accepted,,,,placed
APP000729,JOB00339,CAN01157,CA016,ca_introduction,,INT001024,2025-09-27,2025-09-29,accepted,,,,rejected
APP000730,JOB00291,CAN00618,CA001,ca_introduction,,INT001026,2025-09-27,2025-09-29,accepted,,,,rejected
APP000731,JOB00252,CAN00794,CA008,ca_introduction,,INT001027,2025-09-27,2025-09-30,accepted,,,,rejected
APP000732,JOB00064,CAN00794,CA008,ca_introduction,,INT001028,2025-09-27,,,,,,screened_out
APP000733,JOB00212,CAN00993,CA019,self_entry,ENT001952,,2025-09-27,,,,,,screened_out
APP000734,JOB00349,CAN01507,CA018,self_entry,ENT002951,,2025-09-27,2025-10-01,accepted,2025-10-13,process_delay,post_visit,withdrawn
APP000735,JOB00220,CAN01769,CA014,self_entry,ENT003422,,2025-09-27,,,,,,screened_out
APP000736,JOB00099,CAN01459,CA019,ca_introduction,,INT001029,2025-09-28,2025-09-29,accepted,,,,rejected
APP000737,JOB00338,CAN01043,CA011,ca_introduction,,INT001035,2025-09-28,2025-09-30,accepted,,,,placed
APP000738,JOB00006,CAN01319,CA010,ca_introduction,,INT001037,2025-09-28,2025-09-29,accepted,,,,rejected
APP000739,JOB00070,CAN00008,CA002,ca_introduction,,INT001031,2025-09-29,2025-09-29,rejected,,,,rejected
APP000740,JOB00228,CAN00742,CA009,ca_introduction,,INT001033,2025-09-29,2025-10-05,accepted,2025-10-09,other,post_recommendation,withdrawn
APP000741,JOB00032,CAN01043,CA011,ca_introduction,,INT001034,2025-09-29,2025-10-03,accepted,,,,rejected
APP000742,JOB00061,CAN01106,CA020,ca_introduction,,INT001036,2025-09-29,2025-10-02,rejected,,,,rejected
APP000743,JOB00192,CAN00567,CA013,ca_introduction,,INT001041,2025-09-29,2025-10-01,rejected,,,,rejected
APP000744,JOB00098,CAN00665,CA006,ca_introduction,,INT001042,2025-09-29,2025-10-01,rejected,,,,rejected
APP000748,JOB00211,CAN01908,CA010,ca_introduction,,INT001049,2025-09-30,2025-10-02,rejected,,,,rejected
APP000749,JOB00102,CAN00434,CA008,ca_introduction,,INT001050,2025-09-30,2025-10-02,accepted,,,,placed
APP000752,JOB00117,CAN00082,CA002,ca_introduction,,INT001052,2025-10-01,2025-10-04,accepted,2025-10-16,other,post_visit,withdrawn
APP000753,JOB00194,CAN00551,CA007,ca_introduction,,INT001054,2025-10-01,2025-10-02,accepted,,,,rejected
APP000754,JOB00286,CAN00801,CA010,ca_introduction,,INT001055,2025-10-01,2025-10-03,rejected,,,,rejected
APP000755,JOB00099,CAN00664,CA013,self_entry,ENT001287,,2025-10-01,2025-10-04,accepted,,,,rejected
APP000756,JOB00117,CAN00956,CA002,self_entry,ENT001887,,2025-10-01,,,,,,screened_out
APP000757,JOB00060,CAN00082,CA002,ca_introduction,,INT001053,2025-10-02,2025-10-07,rejected,,,,rejected
APP000758,JOB00300,CAN01373,CA018,ca_introduction,,INT001058,2025-10-02,,,2025-10-02,other,pre_recommendation,withdrawn
APP000759,JOB00024,CAN01085,CA007,ca_introduction,,INT001062,2025-10-02,,,,,,screened_out
APP000760,JOB00029,CAN01082,CA011,self_entry,ENT002130,,2025-10-02,2025-10-03,accepted,2025-10-08,wage,post_recommendation,withdrawn
APP000761,JOB00108,CAN00985,CA013,ca_introduction,,INT001061,2025-10-03,2025-10-07,accepted,,,,rejected
APP000762,JOB00185,CAN00195,CA008,ca_introduction,,INT001065,2025-10-03,2025-10-06,accepted,,,,rejected
APP000763,JOB00025,CAN01086,CA021,ca_introduction,,INT001071,2025-10-03,,,,,,screened_out
APP000764,JOB00251,CAN01188,CA021,ca_introduction,,INT001073,2025-10-03,2025-10-05,accepted,,,,placed
APP000765,JOB00055,CAN01310,CA017,self_entry,ENT002563,,2025-10-03,2025-10-06,accepted,2025-10-09,other,post_recommendation,withdrawn
APP000766,JOB00185,CAN01391,CA009,self_entry,ENT002717,,2025-10-03,2025-10-06,rejected,,,,rejected
APP000767,JOB00198,CAN01839,CA010,self_entry,ENT003563,,2025-10-03,,,,,,screened_out
APP000768,JOB00227,CAN00821,CA011,ca_introduction,,INT001068,2025-10-04,2025-10-06,rejected,,,,rejected
APP000769,JOB00125,CAN01086,CA021,ca_introduction,,INT001070,2025-10-04,2025-10-06,accepted,,,,placed
APP000770,JOB00008,CAN01188,CA021,ca_introduction,,INT001072,2025-10-04,2025-10-06,accepted,2025-10-18,accepted_other_job,post_visit,withdrawn
APP000771,JOB00198,CAN01763,CA008,ca_introduction,,INT001074,2025-10-04,2025-10-06,accepted,,,,rejected
APP000772,JOB00243,CAN00237,CA012,ca_introduction,,INT001075,2025-10-04,2025-10-08,accepted,2025-10-16,process_delay,post_recommendation,withdrawn
APP000773,JOB00212,CAN01759,CA013,ca_introduction,,INT001080,2025-10-04,2025-10-05,accepted,,,,placed
APP000774,JOB00214,CAN01936,CA006,self_entry,ENT003758,,2025-10-04,2025-10-10,rejected,,,,rejected
APP000775,JOB00024,CAN00986,CA006,ca_introduction,,INT001076,2025-10-05,2025-10-09,accepted,,,,placed
APP000776,JOB00127,CAN01156,CA021,ca_introduction,,INT001078,2025-10-05,2025-10-07,rejected,,,,rejected
APP000777,JOB00283,CAN01759,CA013,ca_introduction,,INT001081,2025-10-05,2025-10-06,accepted,2025-10-21,accepted_other_job,post_visit,withdrawn
APP000778,JOB00313,CAN01410,CA002,ca_introduction,,INT001089,2025-10-05,2025-10-06,accepted,2025-10-18,other,post_visit,withdrawn
APP000779,JOB00156,CAN00469,CA017,self_entry,ENT000910,,2025-10-05,,,,,,screened_out
APP000780,JOB00318,CAN01235,CA010,self_entry,ENT002425,,2025-10-05,2025-10-08,accepted,,,,placed
APP000781,JOB00150,CAN00129,CA001,ca_introduction,,INT001082,2025-10-06,2025-10-11,rejected,,,,rejected
APP000782,JOB00237,CAN00449,CA016,ca_introduction,,INT001084,2025-10-06,2025-10-12,rejected,,,,rejected
APP000783,JOB00243,CAN01331,CA008,ca_introduction,,INT001087,2025-10-06,2025-10-11,rejected,,,,rejected
APP000785,JOB00001,CAN01670,CA012,ca_introduction,,INT001095,2025-10-06,2025-10-08,accepted,,,,rejected
APP000786,JOB00313,CAN01067,CA007,self_entry,ENT002093,,2025-10-06,,,,,,screened_out
APP000787,JOB00055,CAN01188,CA021,self_entry,ENT002338,,2025-10-06,2025-10-11,accepted,,,,rejected
APP000788,JOB00099,CAN01585,CA011,self_entry,ENT003083,,2025-10-06,2025-10-07,rejected,,,,rejected
APP000789,JOB00150,CAN00281,CA016,ca_introduction,,INT001093,2025-10-07,2025-10-08,accepted,2025-10-12,process_delay,post_recommendation,withdrawn
APP000790,JOB00175,CAN01319,CA010,ca_introduction,,INT001094,2025-10-07,2025-10-11,accepted,,,,rejected
APP000791,JOB00216,CAN01670,CA012,ca_introduction,,INT001096,2025-10-07,2025-10-08,rejected,,,,rejected
APP000792,JOB00104,CAN00041,CA001,ca_introduction,,INT001097,2025-10-07,2025-10-09,accepted,,,,rejected
APP000793,JOB00127,CAN00428,CA004,ca_introduction,,INT001098,2025-10-07,2025-10-11,accepted,,,,rejected
APP000794,JOB00101,CAN00428,CA004,ca_introduction,,INT001099,2025-10-07,2025-10-09,rejected,,,,rejected
APP000795,JOB00123,CAN00477,CA007,self_entry,ENT000925,,2025-10-07,,,,,,screened_out
APP000797,JOB00302,CAN00477,CA007,ca_introduction,,INT001104,2025-10-08,2025-10-12,accepted,,,,rejected
APP000798,JOB00345,CAN01929,CA001,ca_introduction,,INT001109,2025-10-08,,,2025-10-08,other,pre_recommendation,withdrawn
APP000800,JOB00127,CAN00477,CA007,ca_introduction,,INT001105,2025-10-09,2025-10-12,accepted,,,,rejected
APP000801,JOB00113,CAN01290,CA015,ca_introduction,,INT001108,2025-10-09,2025-10-10,rejected,,,,rejected
APP000802,JOB00089,CAN00012,CA017,ca_introduction,,INT001111,2025-10-09,,,,,,screened_out
APP000803,JOB00126,CAN01940,CA021,ca_introduction,,INT001115,2025-10-09,2025-10-12,accepted,2025-10-16,process_delay,post_recommendation,withdrawn
APP000804,JOB00102,CAN00481,CA005,self_entry,ENT000931,,2025-10-09,2025-10-12,accepted,,,,rejected
APP000805,JOB00062,CAN01237,CA007,ca_introduction,,INT001112,2025-10-10,2025-10-12,accepted,,,,rejected
APP000806,JOB00172,CAN01626,CA016,ca_introduction,,INT001113,2025-10-10,2025-10-12,accepted,,,,rejected
APP000807,JOB00210,CAN01898,CA017,self_entry,ENT003682,,2025-10-10,2025-10-14,accepted,,,,rejected
APP000808,JOB00048,CAN00720,CA017,ca_introduction,,INT001116,2025-10-11,,,2025-10-12,other,pre_recommendation,withdrawn
APP000809,JOB00349,CAN00720,CA017,ca_introduction,,INT001117,2025-10-11,2025-10-13,rejected,,,,rejected
APP000810,JOB00269,CAN00810,CA009,ca_introduction,,INT001119,2025-10-11,2025-10-15,accepted,,,,rejected
APP000811,JOB00213,CAN01892,CA012,ca_introduction,,INT001120,2025-10-11,2025-10-13,accepted,,,,rejected
APP000812,JOB00086,CAN00481,CA005,ca_introduction,,INT001124,2025-10-11,,,,,,screened_out
APP000813,JOB00175,CAN00018,CA007,ca_introduction,,INT001121,2025-10-12,2025-10-15,accepted,,,,placed
APP000814,JOB00139,CAN01285,CA001,ca_introduction,,INT001126,2025-10-12,2025-10-16,accepted,2025-10-24,accepted_other_job,post_recommendation,withdrawn
APP000815,JOB00320,CAN01285,CA001,ca_introduction,,INT001127,2025-10-12,2025-10-15,accepted,,,,placed
APP000816,JOB00187,CAN00288,CA009,ca_introduction,,INT001129,2025-10-12,,,2025-10-14,other,pre_recommendation,withdrawn
APP000817,JOB00192,CAN00974,CA018,ca_introduction,,INT001132,2025-10-12,2025-10-16,accepted,,,,rejected
APP000818,JOB00108,CAN01470,CA009,ca_introduction,,INT001134,2025-10-12,2025-10-17,accepted,,,,rejected
APP000819,JOB00063,CAN01896,CA005,ca_introduction,,INT001135,2025-10-12,,,,,,screened_out
APP000820,JOB00279,CAN01898,CA017,self_entry,ENT003683,,2025-10-12,,,,,,screened_out
APP000822,JOB00156,CAN00351,CA008,ca_introduction,,INT001130,2025-10-13,,,,,,screened_out
APP000823,JOB00304,CAN00335,CA001,ca_introduction,,INT001138,2025-10-13,2025-10-14,accepted,,,,placed
APP000824,JOB00135,CAN00587,CA002,ca_introduction,,INT001139,2025-10-13,2025-10-13,accepted,,,,rejected
APP000825,JOB00296,CAN01700,CA014,ca_introduction,,INT001140,2025-10-13,2025-10-17,accepted,,,,placed
APP000826,JOB00121,CAN00335,CA001,ca_introduction,,INT001137,2025-10-14,2025-10-16,accepted,,,,rejected
APP000827,JOB00212,CAN01213,CA011,self_entry,ENT002383,,2025-10-14,2025-10-18,rejected,,,,rejected
APP000829,JOB00341,CAN00985,CA013,ca_introduction,,INT001143,2025-10-15,2025-10-17,accepted,2025-10-26,process_delay,post_visit,withdrawn
APP000830,JOB00011,CAN00986,CA006,ca_introduction,,INT001145,2025-10-15,2025-10-18,accepted,2025-10-19,other,post_recommendation,withdrawn
APP000831,JOB00050,CAN01563,CA016,ca_introduction,,INT001146,2025-10-15,,,,,,screened_out
APP000832,JOB00248,CAN00237,CA012,ca_introduction,,INT001147,2025-10-15,2025-10-17,accepted,,,,placed
APP000833,JOB00055,CAN00082,CA002,self_entry,ENT000170,,2025-10-15,,,2025-10-16,other,pre_recommendation,withdrawn
APP000834,JOB00149,CAN00360,CA003,self_entry,ENT000716,,2025-10-16,,,,,,screened_out
APP000835,JOB00029,CAN00507,CA016,ca_introduction,,INT001152,2025-10-17,2025-10-18,rejected,,,,rejected
APP000836,JOB00294,CAN00962,CA021,ca_introduction,,INT001153,2025-10-17,,,2025-10-20,other,pre_recommendation,withdrawn
APP000840,JOB00323,CAN01839,CA010,self_entry,ENT003564,,2025-10-17,,,,,,screened_out
APP000841,JOB00248,CAN00195,CA008,ca_introduction,,INT001159,2025-10-18,2025-10-22,accepted,,,,rejected
APP000843,JOB00267,CAN00551,CA007,ca_introduction,,INT001163,2025-10-19,2025-10-21,rejected,,,,rejected
APP000844,JOB00140,CAN01432,CA012,ca_introduction,,INT001165,2025-10-19,2025-10-25,rejected,,,,rejected
APP000845,JOB00269,CAN00674,CA019,ca_introduction,,INT001166,2025-10-19,2025-10-21,accepted,,,,rejected
APP000846,JOB00349,CAN00836,CA006,ca_introduction,,INT001167,2025-10-19,2025-10-20,accepted,,,,placed
APP000847,JOB00175,CAN00892,CA021,ca_introduction,,INT001168,2025-10-19,2025-10-20,accepted,,,,rejected
APP000848,JOB00126,CAN00979,CA012,ca_introduction,,INT001169,2025-10-19,2025-10-20,accepted,,,,rejected
APP000849,JOB00194,CAN01039,CA006,ca_introduction,,INT001170,2025-10-19,2025-10-20,rejected,,,,rejected
APP000850,JOB00126,CAN00976,CA014,self_entry,ENT001924,,2025-10-19,,,,,,screened_out
APP000851,JOB00103,CAN00712,CA008,ca_introduction,,INT001173,2025-10-20,2025-10-25,accepted,,,,placed
APP000852,JOB00029,CAN01132,CA017,ca_introduction,,INT001174,2025-10-20,,,,,,screened_out
APP000853,JOB00219,CAN01218,CA015,ca_introduction,,INT001175,2025-10-20,2025-10-26,accepted,,,,placed
APP000854,JOB00009,CAN01285,CA001,ca_introduction,,INT001177,2025-10-20,2025-10-23,accepted,,,,rejected
APP000855,JOB00320,CAN01763,CA008,ca_introduction,,INT001179,2025-10-20,2025-10-21,accepted,2025-10-26,other,post_visit,withdrawn
APP000857,JOB00210,CAN01529,CA021,self_entry,ENT002997,,2025-10-20,2025-10-24,accepted,2025-10-25,process_delay,post_recommendation,withdrawn
APP000858,JOB00024,CAN01892,CA012,self_entry,ENT003665,,2025-10-20,2025-10-20,rejected,,,,rejected
APP000859,JOB00129,CAN00059,CA007,ca_introduction,,INT001171,2025-10-21,,,2025-10-22,other,pre_recommendation,withdrawn
APP000860,JOB00172,CAN00281,CA016,ca_introduction,,INT001172,2025-10-21,2025-10-24,accepted,,,,rejected
APP000861,JOB00179,CAN01759,CA013,ca_introduction,,INT001178,2025-10-21,2025-10-24,rejected,,,,rejected
APP000862,JOB00210,CAN00069,CA003,ca_introduction,,INT001181,2025-10-21,2025-10-21,accepted,,,,placed
APP000863,JOB00085,CAN01700,CA014,ca_introduction,,INT001184,2025-10-21,2025-10-24,accepted,2025-10-31,accepted_other_job,post_recommendation,withdrawn
APP000864,JOB00050,CAN01203,CA014,self_entry,ENT002359,,2025-10-21,2025-10-24,accepted,,,,placed
APP000865,JOB00349,CAN01700,CA014,ca_introduction,,INT001183,2025-10-22,2025-10-26,rejected,,,,rejected
APP000866,JOB00027,CAN01709,CA002,ca_introduction,,INT001185,2025-10-22,2025-10-28,accepted,2025-10-30,process_delay,post_recommendation,withdrawn
APP000867,JOB00237,CAN01156,CA021,ca_introduction,,INT001192,2025-10-22,2025-10-24,rejected,,,,rejected
APP000868,JOB00048,CAN00299,CA005,self_entry,ENT000598,,2025-10-22,2025-10-28,accepted,2025-10-30,process_delay,post_recommendation,withdrawn
APP000869,JOB00268,CAN00826,CA017,ca_introduction,,INT001187,2025-10-23,2025-10-26,accepted,,,,placed
APP000870,JOB00152,CAN00911,CA018,ca_introduction,,INT001188,2025-10-23,2025-10-27,rejected,,,,rejected
APP000871,JOB00078,CAN01146,CA015,ca_introduction,,INT001190,2025-10-23,2025-10-26,accepted,,,,rejected
APP000872,JOB00341,CAN01146,CA015,ca_introduction,,INT001191,2025-10-23,2025-10-28,accepted,,,,rejected
APP000873,JOB00099,CAN00734,CA008,ca_introduction,,INT001196,2025-10-23,2025-10-24,accepted,,,,rejected
APP000874,JOB00022,CAN00976,CA009,ca_introduction,,INT001202,2025-10-24,2025-10-27,accepted,,,,rejected
APP000875,JOB00160,CAN01929,CA001,ca_introduction,,INT001206,2025-10-24,2025-10-30,accepted,,,,rejected
APP000876,JOB00326,CAN01940,CA021,ca_introduction,,INT001208,2025-10-24,2025-10-28,accepted,2025-11-05,process_delay,post_visit,withdrawn
APP000877,JOB00102,CAN00580,CA013,self_entry,ENT001117,,2025-10-24,2025-10-28,accepted,2025-11-05,process_delay,post_recommendation,withdrawn
APP000878,JOB00102,CAN00451,CA005,ca_introduction,,INT001199,2025-10-25,2025-10-29,accepted,,,,rejected
APP000879,JOB00011,CAN00481,CA005,ca_introduction,,INT001200,2025-10-25,2025-10-30,rejected,,,,rejected
APP000880,JOB00300,CAN01319,CA010,ca_introduction,,INT001203,2025-10-25,2025-10-27,accepted,,,,placed
APP000881,JOB00061,CAN01929,CA001,ca_introduction,,INT001207,2025-10-25,2025-10-28,rejected,,,,rejected
APP000882,JOB00085,CAN00282,CA020,ca_introduction,,INT001210,2025-10-25,,,,,,screened_out
APP000885,JOB00237,CAN01109,CA006,ca_introduction,,INT001214,2025-10-25,,,,,,screened_out
APP000886,JOB00193,CAN00760,CA001,self_entry,ENT001469,,2025-10-25,2025-10-29,rejected,,,,rejected
APP000887,JOB00012,CAN00282,CA020,ca_introduction,,INT001209,2025-10-26,,,,,,screened_out
APP000889,JOB00024,CAN01384,CA017,ca_introduction,,INT001220,2025-10-26,2025-10-28,accepted,,,,rejected
APP000890,JOB00166,CAN01410,CA002,ca_introduction,,INT001222,2025-10-26,2025-10-29,accepted,,,,rejected
APP000892,JOB00313,CAN01241,CA006,ca_introduction,,INT001219,2025-10-27,2025-10-31,accepted,,,,placed
APP000893,JOB00011,CAN01384,CA017,ca_introduction,,INT001221,2025-10-27,2025-10-28,rejected,,,,rejected
APP000894,JOB00062,CAN01410,CA002,ca_introduction,,INT001223,2025-10-27,2025-10-29,accepted,,,,rejected
APP000895,JOB00070,CAN01410,CA002,ca_introduction,,INT001224,2025-10-27,2025-10-28,accepted,2025-11-12,wage,post_visit,withdrawn
APP000896,JOB00340,CAN00114,CA011,ca_introduction,,INT001226,2025-10-27,2025-10-28,accepted,,,,rejected
APP000897,JOB00299,CAN00974,CA018,ca_introduction,,INT001228,2025-10-27,2025-10-28,accepted,,,,placed
APP000898,JOB00339,CAN01798,CA007,self_entry,ENT003477,,2025-10-27,2025-10-29,rejected,,,,rejected
APP000899,JOB00025,CAN00114,CA011,ca_introduction,,INT001225,2025-10-28,,,,,,screened_out
APP000900,JOB00271,CAN01132,CA017,ca_introduction,,INT001230,2025-10-28,,,,,,screened_out
APP000901,JOB00166,CAN00008,CA002,ca_introduction,,INT001233,2025-10-28,2025-10-31,accepted,,,,rejected
APP000902,JOB00145,CAN01238,CA009,ca_introduction,,INT001236,2025-10-28,,,2025-10-30,other,pre_recommendation,withdrawn
APP000903,JOB00291,CAN00517,CA003,self_entry,ENT001004,,2025-10-28,2025-10-30,accepted,,,,rejected
APP000905,JOB00148,CAN01690,CA019,self_entry,ENT003279,,2025-10-28,,,,,,screened_out
APP000906,JOB00148,CAN01803,CA015,self_entry,ENT003486,,2025-10-28,2025-11-01,accepted,,,,placed
APP000907,JOB00067,CAN01917,CA009,self_entry,ENT003721,,2025-10-28,2025-10-28,accepted,,,,placed
APP000908,JOB00192,CAN00979,CA012,ca_introduction,,INT001239,2025-10-30,2025-11-03,accepted,,,,rejected
APP000911,JOB00262,CAN01746,CA002,self_entry,ENT003384,,2025-10-31,2025-11-05,accepted,,,,rejected
APP000912,JOB00129,CAN01268,CA012,ca_introduction,,INT001242,2025-11-01,2025-11-04,accepted,,,,rejected
APP000913,JOB00295,CAN01470,CA009,ca_introduction,,INT001244,2025-11-01,2025-11-03,accepted,2025-11-10,other,post_recommendation,withdrawn
APP000914,JOB00260,CAN01916,CA003,ca_introduction,,INT001247,2025-11-01,2025-11-03,accepted,2025-11-09,process_delay,post_recommendation,withdrawn
APP000915,JOB00048,CAN00836,CA006,ca_introduction,,INT001249,2025-11-01,,,,,,screened_out
APP000916,JOB00320,CAN01109,CA006,ca_introduction,,INT001252,2025-11-01,2025-11-03,accepted,,,,rejected
APP000917,JOB00239,CAN01319,CA010,self_entry,ENT002576,,2025-11-01,,,,,,screened_out
APP000918,JOB00175,CAN00351,CA008,ca_introduction,,INT001248,2025-11-02,,,,,,screened_out
APP000919,JOB00320,CAN01046,CA020,ca_introduction,,INT001251,2025-11-02,2025-11-06,accepted,,,,rejected
APP000920,JOB00066,CAN01665,CA009,ca_introduction,,INT001254,2025-11-02,2025-11-07,accepted,,,,placed
APP000922,JOB00320,CAN01136,CA004,ca_introduction,,INT001261,2025-11-02,,,,,,screened_out
APP000923,JOB00175,CAN01171,CA009,ca_introduction,,INT001262,2025-11-02,2025-11-02,accepted,,,,rejected
APP000924,JOB00050,CAN00550,CA013,self_entry,ENT001061,,2025-11-02,,,,,,screened_out
APP000925,JOB00188,CAN01136,CA004,ca_introduction,,INT001260,2025-11-03,2025-11-05,accepted,,,,placed
APP000926,JOB00050,CAN01218,CA015,ca_introduction,,INT001263,2025-11-03,2025-11-06,accepted,2025-11-07,accepted_other_job,post_recommendation,withdrawn
APP000927,JOB00284,CAN00288,CA009,ca_introduction,,INT001269,2025-11-03,2025-11-07,accepted,2025-11-14,other,post_visit,withdrawn
APP000928,JOB00066,CAN00976,CA009,ca_introduction,,INT001272,2025-11-03,2025-11-08,rejected,,,,rejected
APP000929,JOB00155,CAN01138,CA020,self_entry,ENT002249,,2025-11-03,2025-11-06,accepted,2025-11-08,process_delay,post_recommendation,withdrawn
APP000930,JOB00253,CAN01350,CA017,self_entry,ENT002628,,2025-11-03,2025-11-09,accepted,2025-11-10,process_delay,post_recommendation,withdrawn
APP000931,JOB00166,CAN00230,CA005,ca_introduction,,INT001267,2025-11-04,2025-11-09,accepted,,,,rejected
APP000932,JOB00036,CAN00288,CA009,ca_introduction,,INT001268,2025-11-04,2025-11-07,accepted,,,,rejected
APP000933,JOB00039,CAN01113,CA016,ca_introduction,,INT001273,2025-11-04,2025-11-07,accepted,,,,rejected
APP000934,JOB00095,CAN00016,CA017,ca_introduction,,INT001275,2025-11-04,2025-11-09,rejected,,,,rejected
APP000935,JOB00129,CAN01078,CA018,ca_introduction,,INT001277,2025-11-04,2025-11-07,accepted,,,,placed
APP000936,JOB00335,CAN01432,CA012,ca_introduction,,INT001282,2025-11-04,2025-11-07,accepted,,,,placed
APP000938,JOB00006,CAN01344,CA014,ca_introduction,,INT001280,2025-11-05,2025-11-07,accepted,,,,placed
APP000939,JOB00332,CAN01483,CA008,ca_introduction,,INT001283,2025-11-05,2025-11-07,accepted,,,,placed
APP000940,JOB00063,CAN01870,CA009,ca_introduction,,INT001285,2025-11-05,,,,,,screened_out
APP000941,JOB00121,CAN01823,CA011,ca_introduction,,INT001290,2025-11-06,2025-11-08,rejected,,,,rejected
APP000942,JOB00247,CAN00089,CA008,self_entry,ENT000188,,2025-11-06,,,,,,screened_out
APP000943,JOB00246,CAN00911,CA018,ca_introduction,,INT001286,2025-11-07,2025-11-09,accepted,,,,placed
APP000944,JOB00341,CAN00911,CA018,ca_introduction,,INT001287,2025-11-07,,,,,,screened_out
APP000945,JOB00024,CAN01595,CA002,ca_introduction,,INT001289,2025-11-07,2025-11-10,accepted,2025-11-19,other,post_visit,withdrawn
APP000946,JOB00234,CAN01823,CA011,ca_introduction,,INT001291,2025-11-07,2025-11-10,accepted,,,,placed
APP000948,JOB00336,CAN00518,CA021,self_entry,ENT001010,,2025-11-07,2025-11-11,rejected,,,,rejected
APP000949,JOB00048,CAN01720,CA019,self_entry,ENT003331,,2025-11-07,2025-11-12,accepted,,,,placed
APP000950,JOB00039,CAN00708,CA010,ca_introduction,,INT001294,2025-11-08,2025-11-10,accepted,2025-11-18,other,post_recommendation,withdrawn
APP000951,JOB00009,CAN00708,CA010,ca_introduction,,INT001295,2025-11-08,2025-11-11,accepted,2025-11-18,other,post_recommendation,withdrawn
APP000952,JOB00275,CAN00979,CA012,self_entry,ENT001928,,2025-11-08,2025-11-13,accepted,,,,placed
APP000953,JOB00022,CAN01814,CA012,self_entry,ENT003503,,2025-11-08,2025-11-10,accepted,,,,placed
APP000954,JOB00051,CAN00610,CA004,ca_introduction,,INT001296,2025-11-09,2025-11-10,accepted,,,,placed
APP000955,JOB00048,CAN00610,CA004,ca_introduction,,INT001297,2025-11-09,2025-11-13,accepted,2025-11-22,accepted_other_job,post_visit,withdrawn
APP000956,JOB00063,CAN01600,CA013,self_entry,ENT003114,,2025-11-09,,,,,,screened_out
APP000957,JOB00247,CAN01835,CA014,self_entry,ENT003557,,2025-11-09,,,,,,screened_out
APP000958,JOB00314,CAN01752,CA012,ca_introduction,,INT001300,2025-11-10,2025-11-15,accepted,2025-11-26,process_delay,post_recommendation,withdrawn
APP000959,JOB00089,CAN01012,CA016,ca_introduction,,INT001299,2025-11-11,2025-11-14,rejected,,,,rejected
APP000960,JOB00103,CAN01206,CA014,self_entry,ENT002369,,2025-11-11,2025-11-15,accepted,,,,placed
APP000961,JOB00176,CAN00115,CA017,ca_introduction,,INT001301,2025-11-12,2025-11-19,rejected,,,,rejected
APP000962,JOB00185,CAN00870,CA018,ca_introduction,,INT001304,2025-11-12,2025-11-17,accepted,,,,placed
APP000963,JOB00278,CAN01057,CA015,ca_introduction,,INT001308,2025-11-12,2025-11-14,accepted,,,,placed
APP000964,JOB00182,CAN01789,CA011,ca_introduction,,INT001311,2025-11-12,2025-11-13,rejected,,,,rejected
APP000965,JOB00002,CAN01057,CA015,ca_introduction,,INT001307,2025-11-13,2025-11-17,accepted,2025-11-30,accepted_other_job,post_visit,withdrawn
APP000966,JOB00139,CAN01652,CA008,ca_introduction,,INT001309,2025-11-13,2025-11-19,rejected,,,,rejected
APP000967,JOB00332,CAN00016,CA017,ca_introduction,,INT001313,2025-11-13,2025-11-17,accepted,2025-11-23,process_delay,post_recommendation,withdrawn
APP000968,JOB00030,CAN01664,CA021,self_entry,ENT003237,,2025-11-13,2025-11-14,rejected,,,,rejected
APP000969,JOB00050,CAN00361,CA003,ca_introduction,,INT001314,2025-11-14,2025-11-16,rejected,,,,rejected
APP000970,JOB00154,CAN01078,CA018,ca_introduction,,INT001316,2025-11-14,,,2025-11-15,accepted_other_job,pre_recommendation,withdrawn
APP000971,JOB00017,CAN01814,CA012,ca_introduction,,INT001321,2025-11-14,2025-11-22,accepted,2025-11-25,accepted_other_job,post_recommendation,withdrawn
APP000972,JOB00076,CAN00311,CA019,self_entry,ENT000620,,2025-11-14,2025-11-15,rejected,,,,rejected
APP000973,JOB00193,CAN01916,CA003,self_entry,ENT003720,,2025-11-14,,,,,,screened_out
APP000974,JOB00095,CAN01483,CA008,ca_introduction,,INT001319,2025-11-15,2025-11-19,rejected,,,,rejected
APP000975,JOB00240,CAN00262,CA006,ca_introduction,,INT001322,2025-11-15,2025-11-17,accepted,,,,placed
APP000976,JOB00144,CAN00526,CA010,ca_introduction,,INT001323,2025-11-15,2025-11-20,rejected,,,,rejected
APP000977,JOB00214,CAN00526,CA010,ca_introduction,,INT001324,2025-11-15,2025-11-21,accepted,2025-11-26,process_delay,post_recommendation,withdrawn
APP000978,JOB00027,CAN00526,CA010,ca_introduction,,INT001325,2025-11-15,,,,,,screened_out
APP000979,JOB00103,CAN00803,CA001,self_entry,ENT001553,,2025-11-15,,,,,,screened_out
APP000980,JOB00262,CAN01868,CA021,self_entry,ENT003619,,2025-11-15,,,2025-11-17,other,pre_recommendation,withdrawn
APP000981,JOB00263,CAN00871,CA005,ca_introduction,,INT001327,2025-11-16,2025-11-22,accepted,,,,placed
APP000982,JOB00192,CAN00871,CA005,ca_introduction,,INT001328,2025-11-16,2025-11-19,rejected,,,,rejected
APP000984,JOB00006,CAN01699,CA004,ca_introduction,,INT001331,2025-11-16,2025-11-19,accepted,,,,placed
APP000985,JOB00048,CAN00092,CA003,ca_introduction,,INT001333,2025-11-16,2025-11-17,accepted,,,,placed
APP000986,JOB00305,CAN01452,CA013,self_entry,ENT002834,,2025-11-16,,,,,,screened_out
APP000987,JOB00024,CAN00575,CA008,ca_introduction,,INT001334,2025-11-17,2025-11-19,accepted,,,,placed
APP000988,JOB00078,CAN01452,CA013,ca_introduction,,INT001337,2025-11-17,2025-11-22,accepted,2025-12-02,process_delay,post_recommendation,withdrawn
APP000989,JOB00214,CAN00365,CA018,ca_introduction,,INT001338,2025-11-18,2025-11-18,accepted,2025-11-19,process_delay,post_recommendation,withdrawn
APP000990,JOB00291,CAN00114,CA011,ca_introduction,,INT001339,2025-11-18,2025-11-21,accepted,,,,rejected
APP000991,JOB00022,CAN01293,CA004,ca_introduction,,INT001344,2025-11-18,2025-11-23,accepted,2025-12-05,other,post_visit,withdrawn
APP000992,JOB00193,CAN01293,CA004,ca_introduction,,INT001345,2025-11-18,2025-11-23,accepted,,,,rejected
APP000993,JOB00159,CAN00109,CA013,self_entry,ENT000235,,2025-11-18,2025-11-25,accepted,2025-11-26,process_delay,post_recommendation,withdrawn
APP000994,JOB00331,CAN01621,CA017,self_entry,ENT003171,,2025-11-18,2025-11-20,accepted,,,,placed
APP000995,JOB00048,CAN00114,CA011,ca_introduction,,INT001340,2025-11-19,2025-11-21,accepted,,,,rejected
APP000996,JOB00263,CAN00979,CA012,ca_introduction,,INT001341,2025-11-19,2025-11-25,accepted,2025-11-27,accepted_other_job,post_recommendation,withdrawn
APP000997,JOB00121,CAN01171,CA009,ca_introduction,,INT001342,2025-11-19,2025-11-22,accepted,2025-11-28,wage,post_recommendation,withdrawn
APP000998,JOB00022,CAN01171,CA009,ca_introduction,,INT001343,2025-11-19,2025-11-20,accepted,,,,rejected
APP000999,JOB00096,CAN01775,CA015,ca_introduction,,INT001346,2025-11-19,2025-11-21,accepted,,,,placed
APP001000,JOB00202,CAN01785,CA013,ca_introduction,,INT001348,2025-11-19,2025-11-22,accepted,,,,placed
APP001001,JOB00029,CAN01242,CA019,ca_introduction,,INT001353,2025-11-19,2025-11-21,accepted,2025-12-02,process_delay,post_visit,withdrawn
APP001002,JOB00091,CAN00575,CA008,self_entry,ENT001106,,2025-11-19,2025-11-21,accepted,2025-12-04,accepted_other_job,post_visit,withdrawn
APP001003,JOB00071,CAN00759,CA008,ca_introduction,,INT001351,2025-11-20,2025-11-25,rejected,,,,rejected
APP001004,JOB00198,CAN01113,CA016,ca_introduction,,INT001352,2025-11-20,,,,,,screened_out
APP001005,JOB00187,CAN01252,CA020,ca_introduction,,INT001354,2025-11-20,2025-11-24,accepted,2025-11-28,other,post_recommendation,withdrawn
APP001006,JOB00026,CAN01878,CA011,ca_introduction,,INT001356,2025-11-20,2025-11-24,accepted,,,,placed
APP001007,JOB00183,CAN00075,CA011,ca_introduction,,INT001358,2025-11-20,2025-11-28,accepted,,,,placed
APP001008,JOB00287,CAN00927,CA017,self_entry,ENT001822,,2025-11-20,,,,,,screened_out
APP001009,JOB00214,CAN00003,CA015,ca_introduction,,INT001357,2025-11-21,2025-11-24,rejected,,,,rejected
APP001010,JOB00079,CAN00341,CA007,ca_introduction,,INT001359,2025-11-21,2025-11-23,rejected,,,,rejected
APP001011,JOB00176,CAN00380,CA008,ca_introduction,,INT001360,2025-11-21,2025-11-26,accepted,,,,placed
APP001012,JOB00215,CAN01582,CA001,ca_introduction,,INT001362,2025-11-21,,,2025-11-26,wage,pre_recommendation,withdrawn
APP001013,JOB00148,CAN00927,CA017,self_entry,ENT001823,,2025-11-21,2025-11-24,accepted,,,,rejected
APP001014,JOB00340,CAN00013,CA016,ca_introduction,,INT001367,2025-11-22,2025-11-25,rejected,,,,rejected
APP001015,JOB00027,CAN01595,CA002,ca_introduction,,INT001373,2025-11-22,2025-11-23,accepted,,,,rejected
APP001016,JOB00296,CAN00013,CA016,ca_introduction,,INT001366,2025-11-23,2025-11-25,rejected,,,,rejected
APP001017,JOB00063,CAN00870,CA018,ca_introduction,,INT001369,2025-11-23,2025-11-28,accepted,2025-12-02,accepted_other_job,post_recommendation,withdrawn
APP001018,JOB00175,CAN01287,CA008,ca_introduction,,INT001375,2025-11-23,2025-11-25,accepted,,,,rejected
APP001019,JOB00121,CAN01584,CA018,ca_introduction,,INT001376,2025-11-23,2025-11-25,accepted,,,,placed
APP001020,JOB00165,CAN00311,CA019,self_entry,ENT000618,,2025-11-23,,,,,,screened_out
APP001021,JOB00247,CAN01725,CA001,self_entry,ENT003341,,2025-11-23,2025-11-28,accepted,,,,placed
APP001022,JOB00022,CAN01584,CA018,ca_introduction,,INT001377,2025-11-24,2025-11-28,rejected,,,,rejected
APP001023,JOB00305,CAN01814,CA012,ca_introduction,,INT001379,2025-11-24,2025-11-25,accepted,2025-11-25,accepted_other_job,post_recommendation,withdrawn
APP001025,JOB00248,CAN01155,CA020,ca_introduction,,INT001382,2025-11-25,2025-11-27,accepted,,,,rejected
APP001026,JOB00085,CAN00523,CA017,ca_introduction,,INT001384,2025-11-25,2025-11-27,accepted,,,,rejected
APP001027,JOB00063,CAN01057,CA015,ca_introduction,,INT001387,2025-11-25,2025-11-26,accepted,2025-11-30,accepted_other_job,post_visit,withdrawn
APP001028,JOB00288,CAN01057,CA015,ca_introduction,,INT001388,2025-11-25,2025-11-27,rejected,,,,rejected
APP001029,JOB00248,CAN01870,CA009,ca_introduction,,INT001391,2025-11-26,,,,,,screened_out
APP001031,JOB00089,CAN00406,CA006,ca_introduction,,INT001395,2025-11-27,2025-11-30,accepted,,,,placed
APP001032,JOB00076,CAN00361,CA003,self_entry,ENT000719,,2025-11-27,,,2025-11-30,process_delay,pre_recommendation,withdrawn
APP001033,JOB00006,CAN00406,CA006,ca_introduction,,INT001394,2025-11-28,2025-12-02,accepted,,,,rejected
APP001035,JOB00259,CAN01751,CA003,ca_introduction,,INT001401,2025-11-28,2025-12-03,accepted,,,,rejected
APP001036,JOB00096,CAN00920,CA004,ca_introduction,,INT001397,2025-11-29,2025-12-06,accepted,,,,rejected
APP001037,JOB00101,CAN00920,CA004,ca_introduction,,INT001398,2025-11-29,2025-12-05,rejected,,,,rejected
APP001038,JOB00033,CAN01385,CA003,ca_introduction,,INT001405,2025-11-29,2025-12-05,rejected,,,,rejected
APP001040,JOB00039,CAN01385,CA003,ca_introduction,,INT001406,2025-11-30,2025-12-04,rejected,,,,rejected
APP001041,JOB00329,CAN01390,CA019,ca_introduction,,INT001410,2025-11-30,2025-12-02,accepted,2025-12-18,process_delay,post_visit,withdrawn
APP001042,JOB00247,CAN00665,CA006,self_entry,ENT001289,,2025-11-30,,,,,,screened_out
APP001043,JOB00027,CAN00123,CA005,ca_introduction,,INT001409,2025-12-01,2025-12-05,accepted,,,,placed
APP001044,JOB00017,CAN01390,CA019,ca_introduction,,INT001411,2025-12-01,,,,,,screened_out
APP001045,JOB00063,CAN00157,CA006,ca_introduction,,INT001413,2025-12-01,2025-12-03,accepted,,,,rejected
APP001046,JOB00021,CAN00798,CA021,ca_introduction,,INT001416,2025-12-01,,,2025-12-01,process_delay,pre_recommendation,withdrawn
APP001047,JOB00136,CAN00226,CA009,ca_introduction,,INT001415,2025-12-02,2025-12-07,accepted,,,,placed
APP001048,JOB00165,CAN01180,CA013,ca_introduction,,INT001418,2025-12-02,2025-12-08,accepted,,,,placed
APP001049,JOB00092,CAN01007,CA018,self_entry,ENT001983,,2025-12-02,2025-12-06,accepted,,,,placed
APP001050,JOB00268,CAN00363,CA002,ca_introduction,,INT001417,2025-12-03,2025-12-04,rejected,,,,rejected
APP001051,JOB00012,CAN01785,CA013,ca_introduction,,INT001419,2025-12-03,,,2025-12-04,accepted_other_job,pre_recommendation,withdrawn
APP001052,JOB00343,CAN00923,CA007,self_entry,ENT001813,,2025-12-03,2025-12-07,accepted,,,,rejected
APP001053,JOB00100,CAN01121,CA020,ca_introduction,,INT001420,2025-12-04,2025-12-09,accepted,,,,rejected
APP001054,JOB00033,CAN01548,CA010,self_entry,ENT003027,,2025-12-04,2025-12-05,accepted,,,,placed
APP001055,JOB00092,CAN00103,CA009,ca_introduction,,INT001421,2025-12-05,2025-12-08,accepted,,,,placed
APP001056,JOB00048,CAN00453,CA020,ca_introduction,,INT001423,2025-12-05,,,,,,screened_out
APP001057,JOB00129,CAN01369,CA020,ca_introduction,,INT001425,2025-12-05,2025-12-12,accepted,2025-12-16,other,post_recommendation,withdrawn
APP001058,JOB00262,CAN00313,CA001,self_entry,ENT000623,,2025-12-05,,,,,,screened_out
APP001059,JOB00091,CAN00353,CA006,self_entry,ENT000698,,2025-12-05,2025-12-07,rejected,,,,rejected
APP001060,JOB00002,CAN00600,CA017,self_entry,ENT001158,,2025-12-05,2025-12-11,accepted,,,,rejected
APP001061,JOB00343,CAN00891,CA009,self_entry,ENT001756,,2025-12-05,2025-12-11,accepted,,,,placed
APP001062,JOB00207,CAN00131,CA019,ca_introduction,,INT001422,2025-12-06,2025-12-10,accepted,,,,placed
APP001063,JOB00294,CAN01369,CA020,ca_introduction,,INT001424,2025-12-06,2025-12-08,accepted,2025-12-16,other,post_visit,withdrawn
APP001064,JOB00026,CAN01632,CA018,ca_introduction,,INT001426,2025-12-06,2025-12-12,accepted,2025-12-30,process_delay,post_visit,withdrawn
APP001065,JOB00285,CAN01907,CA021,self_entry,ENT003699,,2025-12-06,2025-12-09,rejected,,,,rejected
APP001066,JOB00175,CAN01163,CA005,ca_introduction,,INT001427,2025-12-07,2025-12-10,accepted,,,,rejected
APP001067,JOB00026,CAN01452,CA013,ca_introduction,,INT001429,2025-12-07,2025-12-09,accepted,,,,placed
APP001068,JOB00267,CAN01423,CA018,ca_introduction,,INT001432,2025-12-08,2025-12-13,rejected,,,,rejected
APP001070,JOB00234,CAN01905,CA019,self_entry,ENT003696,,2025-12-08,2025-12-15,accepted,2025-12-27,process_delay,post_visit,withdrawn
APP001072,JOB00263,CAN01867,CA014,ca_introduction,,INT001438,2025-12-09,,,,,,screened_out
APP001073,JOB00185,CAN00759,CA008,ca_introduction,,INT001436,2025-12-10,2025-12-14,accepted,,,,rejected
APP001074,JOB00033,CAN00031,CA004,ca_introduction,,INT001441,2025-12-10,,,,,,screened_out
APP001075,JOB00207,CAN00123,CA005,ca_introduction,,INT001444,2025-12-10,2025-12-15,rejected,,,,rejected
APP001076,JOB00063,CAN00203,CA008,ca_introduction,,INT001445,2025-12-10,2025-12-12,accepted,,,,placed
APP001077,JOB00133,CAN01595,CA002,ca_introduction,,INT001448,2025-12-10,2025-12-12,accepted,,,,placed
APP001078,JOB00303,CAN01524,CA021,self_entry,ENT002983,,2025-12-10,2025-12-14,accepted,,,,rejected
APP001079,JOB00133,CAN00123,CA005,ca_introduction,,INT001442,2025-12-11,,,2025-12-15,accepted_other_job,pre_recommendation,withdrawn
APP001080,JOB00221,CAN00123,CA005,ca_introduction,,INT001443,2025-12-11,,,2025-12-15,accepted_other_job,pre_recommendation,withdrawn
APP001081,JOB00013,CAN01546,CA002,ca_introduction,,INT001447,2025-12-11,2025-12-18,accepted,,,,rejected
APP001084,JOB00021,CAN01104,CA003,ca_introduction,,INT001454,2025-12-11,2025-12-14,accepted,,,,placed
APP001085,JOB00175,CAN00406,CA006,ca_introduction,,INT001452,2025-12-12,2025-12-13,rejected,,,,rejected
APP001086,JOB00201,CAN00867,CA002,ca_introduction,,INT001453,2025-12-12,2025-12-17,accepted,,,,rejected
APP001087,JOB00127,CAN00499,CA015,ca_introduction,,INT001459,2025-12-12,2025-12-15,accepted,,,,rejected
APP001088,JOB00021,CAN01530,CA001,ca_introduction,,INT001462,2025-12-12,2025-12-15,rejected,,,,rejected
APP001089,JOB00031,CAN01073,CA010,self_entry,ENT002106,,2025-12-12,,,,,,screened_out
APP001090,JOB00126,CAN00755,CA009,ca_introduction,,INT001461,2025-12-13,2025-12-19,accepted,2025-12-23,process_delay,post_recommendation,withdrawn
APP001091,JOB00297,CAN01044,CA008,self_entry,ENT002065,,2025-12-13,,,,,,screened_out
APP001092,JOB00170,CAN01835,CA014,self_entry,ENT003556,,2025-12-13,2025-12-18,accepted,,,,placed
APP001093,JOB00207,CAN01199,CA018,ca_introduction,,INT001465,2025-12-14,2025-12-19,rejected,,,,rejected
APP001094,JOB00207,CAN01898,CA017,self_entry,ENT003681,,2025-12-14,2025-12-18,rejected,,,,rejected
APP001095,JOB00260,CAN01385,CA003,ca_introduction,,INT001468,2025-12-16,,,,,,screened_out
APP001096,JOB00013,CAN01384,CA017,self_entry,ENT002695,,2025-12-16,2025-12-19,accepted,2025-12-20,process_delay,post_recommendation,withdrawn
APP001097,JOB00202,CAN01546,CA002,self_entry,ENT003024,,2025-12-16,2025-12-18,accepted,,,,rejected
APP001098,JOB00219,CAN00269,CA019,ca_introduction,,INT001469,2025-12-17,2025-12-22,rejected,,,,rejected
APP001099,JOB00303,CAN01559,CA008,ca_introduction,,INT001473,2025-12-17,2025-12-18,rejected,,,,rejected
APP001100,JOB00341,CAN01632,CA018,ca_introduction,,INT001475,2025-12-17,2025-12-20,accepted,,,,rejected
APP001101,JOB00247,CAN01298,CA008,ca_introduction,,INT001476,2025-12-17,2025-12-21,accepted,,,,rejected
APP001102,JOB00141,CAN00789,CA002,self_entry,ENT001518,,2025-12-17,,,,,,screened_out
APP001103,JOB00333,CAN01751,CA003,ca_introduction,,INT001482,2025-12-18,2025-12-22,accepted,2025-12-29,other,post_recommendation,withdrawn
APP001104,JOB00030,CAN01217,CA002,self_entry,ENT002391,,2025-12-18,,,,,,screened_out
APP001105,JOB00201,CAN00420,CA020,ca_introduction,,INT001480,2025-12-19,2025-12-20,accepted,,,,rejected
APP001106,JOB00247,CAN01381,CA005,ca_introduction,,INT001485,2025-12-19,2025-12-23,accepted,2026-01-01,other,post_visit,withdrawn
APP001107,JOB00078,CAN00970,CA013,ca_introduction,,INT001483,2025-12-20,2025-12-23,accepted,,,,placed
APP001108,JOB00242,CAN01242,CA019,self_entry,ENT002443,,2025-12-20,2025-12-26,rejected,,,,rejected
APP001109,JOB00308,CAN01406,CA009,ca_introduction,,INT001488,2025-12-21,2025-12-22,rejected,,,,rejected
APP001110,JOB00103,CAN01406,CA009,ca_introduction,,INT001489,2025-12-21,2025-12-25,accepted,,,,rejected
APP001111,JOB00187,CAN01949,CA011,ca_introduction,,INT001490,2025-12-22,2025-12-24,accepted,2026-01-06,other,post_visit,withdrawn
APP001112,JOB00287,CAN01505,CA008,ca_introduction,,INT001491,2025-12-22,2025-12-28,accepted,,,,rejected
APP001113,JOB00089,CAN01505,CA008,ca_introduction,,INT001492,2025-12-22,2025-12-25,accepted,2026-01-07,process_delay,post_visit,withdrawn
APP001114,JOB00221,CAN01226,CA012,self_entry,ENT002404,,2025-12-22,,,2025-12-24,other,pre_recommendation,withdrawn
APP001115,JOB00291,CAN00453,CA020,ca_introduction,,INT001494,2025-12-23,2025-12-24,accepted,2026-01-02,process_delay,post_visit,withdrawn
APP001116,JOB00165,CAN00804,CA019,self_entry,ENT001556,,2025-12-23,,,,,,screened_out
APP001117,JOB00288,CAN01075,CA005,self_entry,ENT002112,,2025-12-23,2025-12-24,rejected,,,,rejected
APP001118,JOB00287,CAN01233,CA003,self_entry,ENT002421,,2025-12-23,2025-12-27,rejected,,,,rejected
APP001119,JOB00282,CAN00845,CA001,ca_introduction,,INT001496,2025-12-24,2025-12-29,accepted,2026-01-05,other,post_recommendation,withdrawn
APP001120,JOB00036,CAN00845,CA001,ca_introduction,,INT001497,2025-12-24,2025-12-28,rejected,,,,rejected
APP001121,JOB00180,CAN00275,CA018,ca_introduction,,INT001500,2025-12-24,,,2025-12-27,other,pre_recommendation,withdrawn
APP001122,JOB00138,CAN00931,CA001,ca_introduction,,INT001507,2025-12-24,2025-12-30,accepted,,,,placed
APP001123,JOB00287,CAN01163,CA005,ca_introduction,,INT001508,2025-12-24,2025-12-28,accepted,,,,rejected
APP001124,JOB00232,CAN01163,CA005,ca_introduction,,INT001509,2025-12-24,2025-12-25,accepted,,,,placed
APP001125,JOB00336,CAN01867,CA014,ca_introduction,,INT001510,2025-12-24,,,2025-12-30,other,pre_recommendation,withdrawn
APP001127,JOB00330,CAN00282,CA020,self_entry,ENT000568,,2025-12-24,2025-12-28,accepted,,,,rejected
APP001129,JOB00143,CAN01426,CA017,self_entry,ENT002785,,2025-12-24,2025-12-28,accepted,,,,placed
APP001130,JOB00096,CAN01751,CA003,self_entry,ENT003392,,2025-12-24,,,,,,screened_out
APP001131,JOB00015,CAN00275,CA018,ca_introduction,,INT001502,2025-12-25,2025-12-27,accepted,,,,placed
APP001132,JOB00020,CAN00588,CA014,ca_introduction,,INT001506,2025-12-25,2026-01-01,rejected,,,,rejected
APP001133,JOB00085,CAN01530,CA001,ca_introduction,,INT001518,2025-12-25,2025-12-27,accepted,,,,rejected
APP001136,JOB00003,CAN01228,CA006,ca_introduction,,INT001515,2025-12-26,2025-12-28,accepted,,,,placed
APP001137,JOB00059,CAN00803,CA001,ca_introduction,,INT001521,2025-12-26,,,2025-12-29,process_delay,pre_recommendation,withdrawn
APP001139,JOB00079,CAN00897,CA020,ca_introduction,,INT001524,2025-12-27,2026-01-02,rejected,,,,rejected
APP001140,JOB00096,CAN01314,CA016,self_entry,ENT002570,,2025-12-27,2025-12-30,rejected,,,,rejected
APP001141,JOB00184,CAN01459,CA019,self_entry,ENT002855,,2025-12-27,2025-12-31,accepted,,,,rejected
APP001142,JOB00155,CAN00897,CA020,ca_introduction,,INT001523,2025-12-28,2025-12-29,accepted,,,,placed
APP001143,JOB00201,CAN00384,CA003,ca_introduction,,INT001529,2025-12-28,2026-01-01,rejected,,,,rejected
APP001144,JOB00048,CAN01546,CA002,ca_introduction,,INT001534,2025-12-28,2025-12-31,accepted,,,,rejected
APP001145,JOB00083,CAN01087,CA019,self_entry,ENT002139,,2025-12-28,2026-01-01,accepted,2026-01-15,wage,post_visit,withdrawn
APP001146,JOB00242,CAN01381,CA005,self_entry,ENT002688,,2025-12-28,,,,,,screened_out
APP001147,JOB00165,CAN00165,CA014,ca_introduction,,INT001528,2025-12-29,2026-01-02,accepted,,,,placed
APP001148,JOB00085,CAN00839,CA015,ca_introduction,,INT001531,2025-12-29,2025-12-31,accepted,,,,rejected
APP001149,JOB00012,CAN00839,CA015,ca_introduction,,INT001532,2025-12-29,,,,,,screened_out
APP001150,JOB00110,CAN00854,CA016,self_entry,ENT001682,,2025-12-29,2026-01-03,accepted,,,,rejected
APP001151,JOB00014,CAN01751,CA003,self_entry,ENT003391,,2025-12-29,,,2025-12-29,process_delay,pre_recommendation,withdrawn
APP001152,JOB00127,CAN01381,CA005,ca_introduction,,INT001536,2025-12-30,2026-01-03,accepted,,,,rejected
APP001153,JOB00184,CAN01304,CA015,ca_introduction,,INT001544,2025-12-30,2026-01-05,accepted,,,,placed
APP001154,JOB00092,CAN00949,CA019,self_entry,ENT001873,,2025-12-30,,,,,,screened_out
APP001155,JOB00027,CAN00151,CA007,ca_introduction,,INT001537,2025-12-31,2026-01-05,rejected,,,,rejected
APP001156,JOB00207,CAN00151,CA007,ca_introduction,,INT001538,2025-12-31,2026-01-07,rejected,,,,rejected
APP001157,JOB00265,CAN00151,CA007,ca_introduction,,INT001539,2025-12-31,2026-01-01,accepted,,,,placed
APP001158,JOB00232,CAN00967,CA017,ca_introduction,,INT001546,2025-12-31,2026-01-03,accepted,2026-01-08,process_delay,post_recommendation,withdrawn
APP001159,JOB00201,CAN01540,CA010,ca_introduction,,INT001547,2025-12-31,2026-01-03,accepted,2026-01-10,process_delay,post_recommendation,withdrawn
APP001160,JOB00238,CAN00232,CA003,self_entry,ENT000474,,2025-12-31,,,2026-01-02,other,pre_recommendation,withdrawn
APP001162,JOB00027,CAN01540,CA010,ca_introduction,,INT001548,2026-01-01,2026-01-07,accepted,,,,rejected
APP001163,JOB00040,CAN01871,CA003,ca_introduction,,INT001549,2026-01-01,2026-01-05,accepted,,,,placed
APP001164,JOB00247,CAN01871,CA003,ca_introduction,,INT001550,2026-01-01,2026-01-06,accepted,2026-01-11,other,post_visit,withdrawn
APP001165,JOB00245,CAN00316,CA011,self_entry,ENT000630,,2026-01-01,,,,,,screened_out
APP001166,JOB00054,CAN00629,CA010,self_entry,ENT001215,,2026-01-01,,,,,,screened_out
APP001168,JOB00291,CAN00957,CA010,ca_introduction,,INT001552,2026-01-02,2026-01-08,rejected,,,,rejected
APP001169,JOB00194,CAN01560,CA020,ca_introduction,,INT001553,2026-01-02,2026-01-04,accepted,,,,placed
APP001170,JOB00335,CAN00435,CA002,ca_introduction,,INT001554,2026-01-02,2026-01-05,accepted,2026-01-15,process_delay,post_recommendation,withdrawn
APP001171,JOB00245,CAN00029,CA014,self_entry,ENT000056,,2026-01-02,2026-01-09,rejected,,,,rejected
APP001174,JOB00337,CAN01275,CA003,ca_introduction,,INT001556,2026-01-03,,,2026-01-07,process_delay,pre_recommendation,withdrawn
APP001175,JOB00127,CAN00765,CA019,ca_introduction,,INT001561,2026-01-03,2026-01-08,accepted,2026-01-12,process_delay,post_recommendation,withdrawn
APP001177,JOB00245,CAN00447,CA018,self_entry,ENT000876,,2026-01-03,2026-01-10,accepted,2026-01-12,other,post_recommendation,withdrawn
APP001178,JOB00303,CAN00484,CA010,self_entry,ENT000938,,2026-01-03,,,2026-01-03,process_delay,pre_recommendation,withdrawn
APP001179,JOB00217,CAN01238,CA009,self_entry,ENT002431,,2026-01-03,,,2026-01-07,process_delay,pre_recommendation,withdrawn
APP001180,JOB00053,CAN00023,CA005,ca_introduction,,INT001558,2026-01-04,,,2026-01-04,wage,pre_recommendation,withdrawn
APP001181,JOB00044,CAN01262,CA011,ca_introduction,,INT001562,2026-01-04,2026-01-06,rejected,,,,rejected
APP001182,JOB00016,CAN01298,CA008,ca_introduction,,INT001563,2026-01-04,2026-01-07,rejected,,,,rejected
APP001183,JOB00094,CAN00589,CA007,self_entry,ENT001136,,2026-01-04,2026-01-09,accepted,,,,rejected
APP001184,JOB00337,CAN00924,CA013,ca_introduction,,INT001565,2026-01-05,2026-01-09,rejected,,,,rejected
APP001185,JOB00159,CAN00478,CA011,ca_introduction,,INT001569,2026-01-05,2026-01-10,accepted,,,,rejected
APP001186,JOB00126,CAN01949,CA011,ca_introduction,,INT001571,2026-01-05,2026-01-10,accepted,,,,placed
APP001187,JOB00141,CAN01109,CA006,self_entry,ENT002187,,2026-01-05,2026-01-12,rejected,,,,rejected
APP001188,JOB00181,CAN01152,CA020,self_entry,ENT002278,,2026-01-05,2026-01-11,rejected,,,,rejected
APP001190,JOB00003,CAN01195,CA001,self_entry,ENT002346,,2026-01-06,2026-01-11,accepted,2026-01-21,process_delay,post_visit,withdrawn
APP001191,JOB00207,CAN01068,CA011,ca_introduction,,INT001574,2026-01-07,2026-01-09,accepted,,,,placed
APP001192,JOB00265,CAN00414,CA004,ca_introduction,,INT001575,2026-01-07,2026-01-12,accepted,,,,placed
APP001193,JOB00313,CAN01208,CA014,ca_introduction,,INT001578,2026-01-07,2026-01-11,rejected,,,,rejected
APP001194,JOB00274,CAN00478,CA011,self_entry,ENT000927,,2026-01-07,2026-01-10,rejected,,,,rejected
APP001195,JOB00255,CAN01525,CA001,self_entry,ENT002988,,2026-01-07,2026-01-12,accepted,,,,rejected
APP001197,JOB00226,CAN01855,CA012,ca_introduction,,INT001584,2026-01-09,2026-01-14,accepted,,,,rejected
APP001198,JOB00324,CAN00114,CA011,self_entry,ENT000245,,2026-01-09,,,,,,screened_out
APP001199,JOB00321,CAN01796,CA010,self_entry,ENT003476,,2026-01-09,,,,,,screened_out
APP001200,JOB00287,CAN00967,CA017,ca_introduction,,INT001582,2026-01-10,2026-01-12,accepted,,,,rejected
APP001201,JOB00101,CAN00007,CA005,ca_introduction,,INT001586,2026-01-10,2026-01-12,accepted,,,,placed
APP001204,JOB00181,CAN00877,CA006,self_entry,ENT001724,,2026-01-10,2026-01-17,accepted,,,,rejected
APP001205,JOB00242,CAN01552,CA014,self_entry,ENT003033,,2026-01-10,,,2026-01-13,wage,pre_recommendation,withdrawn
APP001206,JOB00207,CAN01918,CA003,ca_introduction,,INT001587,2026-01-11,2026-01-14,accepted,,,,placed
APP001207,JOB00048,CAN01281,CA014,ca_introduction,,INT001588,2026-01-11,2026-01-16,accepted,,,,rejected
APP001208,JOB00059,CAN01605,CA021,self_entry,ENT003134,,2026-01-11,,,,,,screened_out
APP001209,JOB00016,CAN01567,CA012,ca_introduction,,INT001589,2026-01-12,,,2026-01-13,wage,pre_recommendation,withdrawn
APP001210,JOB00003,CAN00670,CA019,self_entry,ENT001299,,2026-01-12,2026-01-16,accepted,2026-01-24,process_delay,post_recommendation,withdrawn
APP001212,JOB00004,CAN00765,CA019,ca_introduction,,INT001591,2026-01-13,2026-01-18,rejected,,,,rejected
APP001214,JOB00123,CAN01552,CA014,ca_introduction,,INT001593,2026-01-13,2026-01-14,accepted,,,,rejected
APP001215,JOB00040,CAN01567,CA012,self_entry,ENT003058,,2026-01-13,2026-01-18,rejected,,,,rejected
APP001216,JOB00092,CAN00026,CA015,ca_introduction,,INT001595,2026-01-14,2026-01-17,rejected,,,,rejected
APP001217,JOB00033,CAN00206,CA002,ca_introduction,,INT001596,2026-01-14,2026-01-19,rejected,,,,rejected
APP001218,JOB00023,CAN00410,CA010,ca_introduction,,INT001597,2026-01-14,2026-01-15,rejected,,,,rejected
APP001219,JOB00339,CAN00410,CA010,ca_introduction,,INT001599,2026-01-14,2026-01-16,rejected,,,,rejected
APP001221,JOB00799,CAN00656,CA021,self_entry,ENT001269,,2026-01-14,,,,,,screened_out
APP001222,JOB00256,CAN00015,CA002,ca_introduction,,INT001594,2026-01-15,2026-01-21,accepted,,,,placed
APP001223,JOB00184,CAN00647,CA011,ca_introduction,,INT001600,2026-01-15,2026-01-19,accepted,,,,placed
APP001224,JOB00027,CAN01326,CA006,ca_introduction,,INT001602,2026-01-15,2026-01-19,accepted,,,,rejected
APP001225,JOB00170,CAN00463,CA011,ca_introduction,,INT001604,2026-01-15,2026-01-16,accepted,,,,rejected
APP001226,JOB00206,CAN01304,CA015,ca_introduction,,INT001605,2026-01-15,2026-01-19,rejected,,,,rejected
APP001227,JOB00296,CAN01304,CA015,ca_introduction,,INT001606,2026-01-15,2026-01-16,accepted,2026-01-18,accepted_other_job,post_recommendation,withdrawn
APP001229,JOB00291,CAN01607,CA005,ca_introduction,,INT001607,2026-01-16,2026-01-18,accepted,,,,rejected
APP001230,JOB00226,CAN01749,CA017,ca_introduction,,INT001609,2026-01-16,2026-01-23,accepted,2026-02-01,accepted_other_job,post_visit,withdrawn
APP001231,JOB00561,CAN00256,CA009,self_entry,ENT000521,,2026-01-16,2026-01-21,rejected,,,,rejected
APP001233,JOB00277,CAN01749,CA017,ca_introduction,,INT001610,2026-01-17,2026-01-22,accepted,,,,placed
APP001234,JOB00324,CAN01290,CA015,self_entry,ENT002526,,2026-01-17,2026-01-19,accepted,,,,placed
APP001235,JOB00003,CAN01389,CA001,self_entry,ENT002715,,2026-01-17,,,,,,screened_out
APP001237,JOB00238,CAN01480,CA007,ca_introduction,,INT001613,2026-01-18,2026-01-21,accepted,,,,rejected
APP001238,JOB00259,CAN01719,CA016,ca_introduction,,INT001615,2026-01-18,2026-01-21,rejected,,,,rejected
APP001241,JOB00608,CAN00435,CA002,ca_introduction,,INT001617,2026-01-19,2026-01-26,accepted,,,,placed
APP001242,JOB00239,CAN01208,CA014,ca_introduction,,INT001618,2026-01-20,2026-01-26,accepted,,,,rejected
APP001243,JOB00048,CAN00053,CA005,ca_introduction,,INT001619,2026-01-20,2026-01-24,accepted,,,,rejected
APP001244,JOB00159,CAN00808,CA018,ca_introduction,,INT001621,2026-01-20,2026-01-25,accepted,,,,placed
APP001245,JOB00002,CAN01204,CA016,ca_introduction,,INT001622,2026-01-20,2026-01-27,rejected,,,,rejected
APP001246,JOB00742,CAN00016,CA017,self_entry,ENT000028,,2026-01-20,,,,,,screened_out
APP001248,JOB00045,CAN01204,CA016,ca_introduction,,INT001623,2026-01-21,2026-01-28,accepted,,,,placed
APP001249,JOB00238,CAN01338,CA007,ca_introduction,,INT001624,2026-01-21,2026-01-24,accepted,,,,placed
APP001250,JOB00129,CAN01262,CA011,ca_introduction,,INT001630,2026-01-21,,,2026-01-22,other,pre_recommendation,withdrawn
APP001251,JOB00013,CAN01312,CA009,self_entry,ENT002566,,2026-01-21,2026-01-26,rejected,,,,rejected
APP001252,JOB00337,CAN01181,CA020,ca_introduction,,INT001628,2026-01-22,2026-01-27,rejected,,,,rejected
APP001254,JOB00715,CAN01433,CA010,self_entry,ENT002801,,2026-01-22,,,,,,screened_out
APP001255,JOB00323,CAN00294,CA020,ca_introduction,,INT001633,2026-01-23,2026-01-26,rejected,,,,rejected
APP001256,JOB00047,CAN00015,CA002,ca_introduction,,INT001636,2026-01-23,2026-01-27,accepted,2026-02-04,accepted_other_job,post_recommendation,withdrawn
APP001257,JOB00799,CAN00478,CA011,ca_introduction,,INT001638,2026-01-23,2026-01-28,accepted,2026-02-01,other,post_recommendation,withdrawn
APP001258,JOB00200,CAN00478,CA011,ca_introduction,,INT001639,2026-01-23,2026-01-27,accepted,2026-02-02,other,post_recommendation,withdrawn
APP001260,JOB00328,CAN00305,CA008,self_entry,ENT000610,,2026-01-23,2026-01-24,rejected,,,,rejected
APP001261,JOB00308,CAN00401,CA011,self_entry,ENT000781,,2026-01-23,2026-01-30,accepted,2026-02-05,process_delay,post_recommendation,withdrawn
APP001262,JOB00135,CAN00183,CA019,ca_introduction,,INT001637,2026-01-24,2026-01-26,accepted,,,,placed
APP001263,JOB00027,CAN00473,CA019,ca_introduction,,INT001642,2026-01-24,2026-01-30,rejected,,,,rejected
APP001264,JOB00497,CAN00144,CA015,self_entry,ENT000290,,2026-01-24,,,,,,screened_out
APP001265,JOB00004,CAN01516,CA012,self_entry,ENT002968,,2026-01-24,2026-01-30,accepted,,,,placed
APP001266,JOB00763,CAN00569,CA015,ca_introduction,,INT001643,2026-01-25,2026-01-31,accepted,,,,rejected
APP001267,JOB00701,CAN01447,CA015,ca_introduction,,INT001644,2026-01-25,,,2026-01-26,other,pre_recommendation,withdrawn
APP001268,JOB00212,CAN00027,CA002,ca_introduction,,INT001645,2026-01-25,2026-01-31,accepted,2026-02-15,other,post_visit,withdrawn
APP001269,JOB00126,CAN00737,CA006,ca_introduction,,INT001647,2026-01-25,2026-02-01,accepted,,,,rejected
APP001271,JOB00592,CAN00780,CA001,self_entry,ENT001501,,2026-01-25,2026-01-27,accepted,,,,placed
APP001272,JOB00330,CAN00737,CA006,ca_introduction,,INT001646,2026-01-26,2026-01-31,accepted,,,,rejected
APP001273,JOB00046,CAN01281,CA014,ca_introduction,,INT001648,2026-01-26,2026-01-29,accepted,,,,placed
APP001275,JOB00451,CAN01074,CA008,ca_introduction,,INT001654,2026-01-26,2026-02-01,accepted,,,,rejected
APP001276,JOB00291,CAN00377,CA013,ca_introduction,,INT001651,2026-01-27,2026-02-03,accepted,2026-02-04,process_delay,post_recommendation,withdrawn
APP001278,JOB00136,CAN00632,CA010,ca_introduction,,INT001658,2026-01-27,2026-02-02,accepted,2026-02-04,wage,post_recommendation,withdrawn
APP001279,JOB00135,CAN01224,CA021,ca_introduction,,INT001661,2026-01-27,2026-02-02,accepted,2026-02-05,process_delay,post_recommendation,withdrawn
APP001280,JOB00250,CAN00085,CA021,self_entry,ENT000177,,2026-01-27,2026-02-01,rejected,,,,rejected
APP001281,JOB00552,CAN01354,CA004,self_entry,ENT002639,,2026-01-27,,,,,,screened_out
APP001282,JOB00291,CAN00152,CA007,ca_introduction,,INT001655,2026-01-28,2026-02-03,accepted,,,,rejected
APP001283,JOB00328,CAN00152,CA007,ca_introduction,,INT001656,2026-01-28,2026-02-01,accepted,,,,placed
APP001284,JOB00033,CAN00456,CA019,ca_introduction,,INT001657,2026-01-28,2026-01-31,accepted,2026-02-04,process_delay,post_recommendation,withdrawn
APP001285,JOB00497,CAN01191,CA017,ca_introduction,,INT001659,2026-01-28,2026-02-02,accepted,,,,placed
APP001286,JOB00181,CAN01191,CA017,ca_introduction,,INT001660,2026-01-28,2026-02-03,accepted,2026-02-11,wage,post_visit,withdrawn
APP001287,JOB00126,CAN01403,CA014,ca_introduction,,INT001663,2026-01-28,2026-02-02,rejected,,,,rejected
APP001289,JOB00552,CAN01705,CA015,ca_introduction,,INT001667,2026-01-28,2026-02-02,accepted,,,,placed
APP001290,JOB00561,CAN00387,CA015,self_entry,ENT000764,,2026-01-28,2026-02-04,accepted,,,,rejected
APP001291,JOB00110,CAN00402,CA019,self_entry,ENT000785,,2026-01-28,2026-01-31,rejected,,,,rejected
APP001292,JOB00715,CAN01508,CA005,self_entry,ENT002955,,2026-01-28,,,,,,screened_out
APP001293,JOB00561,CAN01869,CA012,self_entry,ENT003620,,2026-01-28,,,,,,screened_out
APP001294,JOB00141,CAN00936,CA009,ca_introduction,,INT001669,2026-01-29,2026-02-04,rejected,,,,rejected
APP001295,JOB00552,CAN00975,CA002,ca_introduction,,INT001670,2026-01-29,2026-02-02,rejected,,,,rejected
APP001296,JOB00291,CAN01865,CA017,ca_introduction,,INT001674,2026-01-29,2026-02-01,accepted,,,,rejected
APP001297,JOB00181,CAN00107,CA018,self_entry,ENT000231,,2026-01-29,2026-02-05,accepted,,,,rejected
APP001298,JOB00206,CAN00337,CA018,self_entry,ENT000669,,2026-01-29,2026-02-05,accepted,,,,rejected
APP001300,JOB00126,CAN00975,CA002,ca_introduction,,INT001671,2026-01-30,2026-02-02,accepted,2026-02-12,other,post_visit,withdrawn
APP001301,JOB00160,CAN01357,CA012,ca_introduction,,INT001672,2026-01-30,2026-02-04,accepted,,,,rejected
APP001302,JOB00085,CAN01865,CA017,ca_introduction,,INT001675,2026-01-30,2026-02-05,rejected,,,,rejected
APP001303,JOB00297,CAN01444,CA005,ca_introduction,,INT001680,2026-01-30,2026-02-05,accepted,2026-02-15,wage,post_visit,withdrawn
APP001304,JOB00003,CAN01022,CA008,self_entry,ENT002024,,2026-01-30,2026-02-07,rejected,,,,rejected
APP001305,JOB00341,CAN00751,CA009,ca_introduction,,INT001678,2026-01-31,,,2026-01-31,process_delay,pre_recommendation,withdrawn
APP001306,JOB00219,CAN00148,CA018,ca_introduction,,INT001681,2026-02-01,2026-02-07,accepted,,,,rejected
APP001307,JOB00170,CAN00148,CA018,ca_introduction,,INT001682,2026-02-01,,,,,,screened_out
APP001310,JOB00411,CAN01403,CA014,self_entry,ENT002745,,2026-02-01,2026-02-06,rejected,,,,rejected
APP001311,JOB00328,CAN01667,CA001,self_entry,ENT003244,,2026-02-01,,,,,,screened_out
APP001312,JOB00095,CAN00435,CA002,ca_introduction,,INT001685,2026-02-02,,,2026-02-04,other,pre_recommendation,withdrawn
APP001313,JOB00003,CAN00843,CA018,ca_introduction,,INT001686,2026-02-02,,,2026-02-07,other,pre_recommendation,withdrawn
APP001314,JOB00206,CAN00305,CA008,self_entry,ENT000609,,2026-02-02,,,2026-02-02,process_delay,pre_recommendation,withdrawn
APP001315,JOB00523,CAN00206,CA002,ca_introduction,,INT001683,2026-02-03,2026-02-08,accepted,,,,placed
APP001316,JOB00029,CAN01659,CA017,ca_introduction,,INT001691,2026-02-03,2026-02-06,accepted,2026-02-12,other,post_recommendation,withdrawn
APP001317,JOB00274,CAN00053,CA005,ca_introduction,,INT001693,2026-02-04,2026-02-09,accepted,,,,rejected
APP001318,JOB00324,CAN00115,CA017,self_entry,ENT000249,,2026-02-04,2026-02-10,accepted,,,,rejected
APP001319,JOB00771,CAN00171,CA001,self_entry,ENT000351,,2026-02-04,,,,,,screened_out
APP001320,JOB00184,CAN01482,CA006,self_entry,ENT002901,,2026-02-04,2026-02-09,accepted,,,,placed
APP001321,JOB00070,CAN01336,CA004,ca_introduction,,INT001694,2026-02-05,2026-02-11,accepted,,,,rejected
APP001322,JOB00552,CAN01552,CA014,ca_introduction,,INT001695,2026-02-05,2026-02-12,accepted,,,,placed
APP001323,JOB00110,CAN01552,CA014,ca_introduction,,INT001696,2026-02-05,2026-02-12,rejected,,,,rejected
APP001324,JOB00003,CAN01592,CA018,ca_introduction,,INT001698,2026-02-05,2026-02-11,accepted,,,,placed
APP001325,JOB00050,CAN00118,CA021,ca_introduction,,INT001700,2026-02-05,2026-02-08,accepted,,,,rejected
APP001326,JOB00691,CAN01777,CA020,ca_introduction,,INT001702,2026-02-05,2026-02-13,accepted,,,,rejected
APP001327,JOB00644,CAN00031,CA004,self_entry,ENT000060,,2026-02-05,,,,,,screened_out
APP001328,JOB00552,CAN01298,CA008,self_entry,ENT002539,,2026-02-05,,,2026-02-08,other,pre_recommendation,withdrawn
APP001329,JOB00385,CAN01181,CA020,ca_introduction,,INT001701,2026-02-06,2026-02-09,accepted,,,,rejected
APP001330,JOB00132,CAN01392,CA014,ca_introduction,,INT001707,2026-02-06,,,2026-02-06,process_delay,pre_recommendation,withdrawn
APP001331,JOB00143,CAN01403,CA014,ca_introduction,,INT001709,2026-02-06,2026-02-13,accepted,,,,rejected
APP001332,JOB00799,CAN01880,CA017,self_entry,ENT003637,,2026-02-06,2026-02-14,rejected,,,,rejected
APP001333,JOB00341,CAN00066,CA004,ca_introduction,,INT001705,2026-02-07,2026-02-10,accepted,2026-02-11,other,post_recommendation,withdrawn
APP001334,JOB00036,CAN01403,CA014,ca_introduction,,INT001708,2026-02-07,2026-02-13,accepted,,,,placed
APP001335,JOB00523,CAN01855,CA012,ca_introduction,,INT001711,2026-02-07,2026-02-13,accepted,,,,rejected
APP001336,JOB00497,CAN01399,CA012,self_entry,ENT002741,,2026-02-07,2026-02-13,accepted,,,,placed
APP001337,JOB00654,CAN01522,CA001,self_entry,ENT002980,,2026-02-07,,,,,,screened_out
APP001338,JOB00498,CAN01546,CA002,self_entry,ENT003020,,2026-02-07,,,,,,screened_out
APP001339,JOB00217,CAN01824,CA011,self_entry,ENT003538,,2026-02-07,,,,,,screened_out
APP001340,JOB00030,CAN00514,CA007,ca_introduction,,INT001713,2026-02-08,2026-02-11,accepted,,,,placed
APP001342,JOB00665,CAN01553,CA013,ca_introduction,,INT001716,2026-02-08,2026-02-12,rejected,,,,rejected
APP001343,JOB00127,CAN00672,CA005,ca_introduction,,INT001719,2026-02-08,2026-02-13,accepted,2026-02-14,process_delay,post_recommendation,withdrawn
APP001344,JOB00132,CAN00951,CA017,ca_introduction,,INT001721,2026-02-08,2026-02-13,accepted,2026-02-21,other,post_recommendation,withdrawn
APP001345,JOB00096,CAN01740,CA001,ca_introduction,,INT001722,2026-02-08,2026-02-15,accepted,,,,rejected
APP001346,JOB00040,CAN00995,CA002,self_entry,ENT001959,,2026-02-08,,,,,,screened_out
APP001347,JOB00540,CAN01269,CA017,self_entry,ENT002487,,2026-02-09,,,,,,screened_out
APP001348,JOB00026,CAN01117,CA020,ca_introduction,,INT001724,2026-02-10,2026-02-16,rejected,,,,rejected
APP001349,JOB00361,CAN00415,CA002,ca_introduction,,INT001726,2026-02-10,2026-02-16,accepted,2026-02-26,process_delay,post_recommendation,withdrawn
APP001350,JOB00619,CAN00437,CA011,ca_introduction,,INT001727,2026-02-10,,,2026-02-14,process_delay,pre_recommendation,withdrawn
APP001351,JOB00048,CAN00496,CA018,ca_introduction,,INT001730,2026-02-10,,,2026-02-14,other,pre_recommendation,withdrawn
APP001352,JOB00275,CAN01269,CA017,ca_introduction,,INT001732,2026-02-10,2026-02-15,accepted,,,,rejected
APP001353,JOB00050,CAN01473,CA020,ca_introduction,,INT001733,2026-02-10,2026-02-15,rejected,,,,rejected
APP001354,JOB00324,CAN01132,CA017,self_entry,ENT002236,,2026-02-10,,,2026-02-17,process_delay,pre_recommendation,withdrawn
APP001355,JOB00378,CAN01657,CA014,self_entry,ENT003225,,2026-02-10,2026-02-14,rejected,,,,rejected
APP001356,JOB00242,CAN00863,CA002,ca_introduction,,INT001739,2026-02-11,,,2026-02-11,process_delay,pre_recommendation,withdrawn
APP001357,JOB00096,CAN00936,CA009,ca_introduction,,INT001741,2026-02-11,2026-02-15,accepted,,,,rejected
APP001358,JOB00531,CAN00507,CA016,self_entry,ENT000980,,2026-02-11,,,,,,screened_out
APP001359,JOB00411,CAN01357,CA012,self_entry,ENT002649,,2026-02-11,,,2026-02-11,other,pre_recommendation,withdrawn
APP001360,JOB00691,CAN00569,CA015,ca_introduction,,INT001738,2026-02-12,2026-02-18,accepted,2026-02-19,process_delay,post_recommendation,withdrawn
APP001362,JOB00793,CAN01117,CA020,self_entry,ENT002200,,2026-02-12,2026-02-16,accepted,2026-02-17,other,post_recommendation,withdrawn
APP001363,JOB00003,CAN00590,CA020,ca_introduction,,INT001742,2026-02-13,2026-02-19,accepted,,,,rejected
APP001364,JOB00092,CAN01682,CA017,ca_introduction,,INT001747,2026-02-13,2026-02-18,accepted,2026-02-21,process_delay,post_recommendation,withdrawn
APP001365,JOB00411,CAN00167,CA014,self_entry,ENT000344,,2026-02-13,2026-02-18,rejected,,,,rejected
APP001366,JOB00405,CAN00921,CA007,self_entry,ENT001808,,2026-02-13,,,,,,screened_out
APP001367,JOB00026,CAN00470,CA020,ca_introduction,,INT001744,2026-02-14,2026-02-19,accepted,,,,rejected
APP001368,JOB00205,CAN00471,CA002,ca_introduction,,INT001745,2026-02-14,2026-02-20,accepted,,,,rejected
APP001369,JOB00411,CAN01682,CA017,ca_introduction,,INT001748,2026-02-14,2026-02-19,accepted,,,,placed
APP001370,JOB00050,CAN00238,CA021,ca_introduction,,INT001751,2026-02-14,2026-02-15,rejected,,,,rejected
APP001371,JOB00047,CAN00650,CA014,ca_introduction,,INT001753,2026-02-15,2026-02-20,accepted,,,,placed
APP001372,JOB00265,CAN00377,CA013,ca_introduction,,INT001757,2026-02-15,,,,,,screened_out
APP001373,JOB00640,CAN00656,CA021,self_entry,ENT001271,,2026-02-15,2026-02-21,accepted,,,,rejected
APP001374,JOB00780,CAN00672,CA005,self_entry,ENT001302,,2026-02-15,,,,,,screened_out
APP001375,JOB00611,CAN01782,CA015,self_entry,ENT003441,,2026-02-15,,,2026-02-17,wage,pre_recommendation,withdrawn
APP001376,JOB00003,CAN01437,CA008,ca_introduction,,INT001758,2026-02-16,2026-02-23,accepted,2026-03-05,process_delay,post_visit,withdrawn
APP001377,JOB00017,CAN01777,CA020,ca_introduction,,INT001760,2026-02-16,2026-02-19,accepted,,,,rejected
APP001378,JOB00387,CAN00272,CA020,ca_introduction,,INT001762,2026-02-16,2026-02-22,rejected,,,,rejected
APP001380,JOB00129,CAN00196,CA008,ca_introduction,,INT001761,2026-02-17,2026-02-21,rejected,,,,rejected
APP001381,JOB00691,CAN00272,CA020,ca_introduction,,INT001763,2026-02-17,2026-02-22,accepted,2026-02-23,other,post_recommendation,withdrawn
APP001382,JOB00498,CAN01663,CA014,ca_introduction,,INT001765,2026-02-17,2026-02-23,accepted,2026-03-01,other,post_recommendation,withdrawn
APP001383,JOB00288,CAN00263,CA021,ca_introduction,,INT001768,2026-02-18,2026-02-23,accepted,,,,placed
APP001384,JOB00073,CAN01231,CA005,ca_introduction,,INT001771,2026-02-18,2026-02-22,accepted,2026-03-07,other,post_visit,withdrawn
APP001385,JOB00330,CAN01573,CA009,ca_introduction,,INT001774,2026-02-18,2026-02-21,rejected,,,,rejected
APP001386,JOB00654,CAN00825,CA011,self_entry,ENT001615,,2026-02-18,2026-02-20,accepted,,,,rejected
APP001387,JOB00619,CAN00838,CA014,self_entry,ENT001654,,2026-02-18,2026-02-26,rejected,,,,rejected
APP001388,JOB00341,CAN00415,CA002,ca_introduction,,INT001769,2026-02-19,2026-02-25,rejected,,,,rejected
APP001389,JOB00333,CAN01501,CA012,ca_introduction,,INT001772,2026-02-19,2026-02-23,rejected,,,,rejected
APP001390,JOB00499,CAN01501,CA012,ca_introduction,,INT001773,2026-02-19,,,,,,screened_out
APP001391,JOB00796,CAN00027,CA002,self_entry,ENT000051,,2026-02-19,,,,,,screened_out
APP001392,JOB00392,CAN01237,CA007,self_entry,ENT002430,,2026-02-19,,,,,,screened_out
APP001393,JOB00499,CAN01357,CA012,ca_introduction,,INT001777,2026-02-20,2026-02-26,accepted,2026-03-05,other,post_recommendation,withdrawn
APP001394,JOB00092,CAN00698,CA018,ca_introduction,,INT001779,2026-02-20,2026-02-24,rejected,,,,rejected
APP001395,JOB00165,CAN01673,CA006,ca_introduction,,INT001780,2026-02-20,2026-02-27,rejected,,,,rejected
APP001397,JOB00678,CAN00802,CA010,self_entry,ENT001552,,2026-02-20,,,,,,screened_out
APP001399,JOB00385,CAN01897,CA012,ca_introduction,,INT001784,2026-02-21,,,2026-02-27,process_delay,pre_recommendation,withdrawn
APP001401,JOB00170,CAN00118,CA021,ca_introduction,,INT001787,2026-02-22,2026-02-25,accepted,2026-02-28,other,post_recommendation,withdrawn
APP001402,JOB00366,CAN00118,CA021,ca_introduction,,INT001788,2026-02-22,2026-02-27,accepted,,,,placed
APP001403,JOB00030,CAN01392,CA014,ca_introduction,,INT001789,2026-02-22,2026-03-01,accepted,,,,rejected
APP001404,JOB00644,CAN00115,CA017,self_entry,ENT000247,,2026-02-22,,,,,,screened_out
APP001405,JOB00619,CAN00441,CA009,self_entry,ENT000859,,2026-02-22,,,,,,screened_out
APP001406,JOB00634,CAN00064,CA016,ca_introduction,,INT001785,2026-02-23,2026-02-25,accepted,2026-03-06,other,post_visit,withdrawn
APP001407,JOB00073,CAN00118,CA021,ca_introduction,,INT001786,2026-02-23,,,2026-02-25,other,pre_recommendation,withdrawn
APP001408,JOB00288,CAN00424,CA018,ca_introduction,,INT001794,2026-02-23,,,2026-02-23,other,pre_recommendation,withdrawn
APP001409,JOB00354,CAN01159,CA007,ca_introduction,,INT001795,2026-02-23,,,2026-02-23,other,pre_recommendation,withdrawn
APP001410,JOB00669,CAN00204,CA017,self_entry,ENT000412,,2026-02-23,,,,,,screened_out
APP001411,JOB00799,CAN00511,CA010,self_entry,ENT000989,,2026-02-23,,,,,,screened_out
APP001412,JOB00378,CAN00684,CA019,self_entry,ENT001327,,2026-02-23,2026-03-02,accepted,,,,rejected
APP001413,JOB00160,CAN00204,CA017,ca_introduction,,INT001791,2026-02-24,2026-03-03,accepted,,,,placed
APP001414,JOB00265,CAN00204,CA017,ca_introduction,,INT001792,2026-02-24,2026-03-03,accepted,,,,rejected
APP001415,JOB00234,CAN01397,CA008,ca_introduction,,INT001796,2026-02-24,2026-02-28,rejected,,,,rejected
APP001416,JOB00742,CAN00821,CA011,self_entry,ENT001603,,2026-02-24,,,,,,screened_out
APP001417,JOB00354,CAN00930,CA001,self_entry,ENT001833,,2026-02-24,,,,,,screened_out
APP001418,JOB00783,CAN01796,CA010,self_entry,ENT003475,,2026-02-25,,,2026-02-27,other,pre_recommendation,withdrawn
APP001419,JOB00651,CAN00502,CA006,ca_introduction,,INT001804,2026-02-26,2026-03-04,accepted,,,,rejected
APP001420,JOB00296,CAN00038,CA004,ca_introduction,,INT001805,2026-02-26,2026-03-05,accepted,,,,rejected
APP001421,JOB00046,CAN00863,CA002,ca_introduction,,INT001810,2026-02-26,,,,,,screened_out
APP001422,JOB00363,CAN01465,CA002,self_entry,ENT002866,,2026-02-26,,,,,,screened_out
APP001423,JOB00573,CAN01481,CA010,self_entry,ENT002898,,2026-02-26,2026-03-02,accepted,,,,placed
APP001424,JOB00033,CAN00470,CA020,ca_introduction,,INT001808,2026-02-27,2026-03-03,rejected,,,,rejected
APP001425,JOB00328,CAN00863,CA002,ca_introduction,,INT001812,2026-02-27,,,,,,screened_out
APP001426,JOB00727,CAN01110,CA003,ca_introduction,,INT001815,2026-02-27,2026-03-06,accepted,,,,placed
APP001427,JOB00611,CAN01345,CA007,ca_introduction,,INT001816,2026-02-27,,,,,,screened_out
APP001428,JOB00799,CAN01345,CA007,ca_introduction,,INT001817,2026-02-27,,,,,,screened_out
APP001429,JOB00523,CAN01717,CA003,ca_introduction,,INT001818,2026-02-27,2026-03-06,accepted,,,,rejected
APP001430,JOB00004,CAN01638,CA001,ca_introduction,,INT001822,2026-02-27,2026-03-06,accepted,2026-03-18,accepted_other_job,post_visit,withdrawn
APP001431,JOB00669,CAN00666,CA006,self_entry,ENT001291,,2026-02-27,2026-03-04,accepted,,,,rejected
APP001432,JOB00630,CAN01397,CA008,self_entry,ENT002738,,2026-02-27,,,,,,screened_out
APP001433,JOB00611,CAN01507,CA018,self_entry,ENT002952,,2026-02-27,2026-03-04,accepted,2026-03-19,process_delay,post_visit,withdrawn
APP001434,JOB00752,CAN00364,CA021,ca_introduction,,INT001819,2026-02-28,2026-03-06,accepted,,,,placed
APP001435,JOB00016,CAN01638,CA001,ca_introduction,,INT001823,2026-02-28,2026-03-05,accepted,,,,placed
APP001436,JOB00085,CAN00768,CA013,ca_introduction,,INT001825,2026-02-28,2026-03-02,rejected,,,,rejected
APP001437,JOB00783,CAN01445,CA002,self_entry,ENT002823,,2026-02-28,,,,,,screened_out
APP001438,JOB00597,CAN01612,CA016,self_entry,ENT003148,,2026-02-28,,,,,,screened_out
APP001439,JOB00489,CAN00650,CA014,ca_introduction,,INT001828,2026-03-02,2026-03-06,accepted,2026-03-07,accepted_other_job,post_recommendation,withdrawn
APP001440,JOB00651,CAN00196,CA008,ca_introduction,,INT001832,2026-03-02,2026-03-04,rejected,,,,rejected
APP001441,JOB00296,CAN00496,CA018,ca_introduction,,INT001833,2026-03-02,,,2026-03-03,process_delay,pre_recommendation,withdrawn
APP001442,JOB00799,CAN01784,CA009,ca_introduction,,INT001838,2026-03-02,2026-03-08,accepted,2026-03-20,process_delay,post_visit,withdrawn
APP001443,JOB00467,CAN00377,CA013,self_entry,ENT000742,,2026-03-02,,,,,,screened_out
APP001444,JOB00368,CAN00101,CA013,ca_introduction,,INT001831,2026-03-03,,,2026-03-05,process_delay,pre_recommendation,withdrawn
APP001445,JOB00026,CAN01365,CA018,ca_introduction,,INT001837,2026-03-03,2026-03-08,accepted,,,,rejected
APP001446,JOB00665,CAN00535,CA014,ca_introduction,,INT001840,2026-03-03,,,2026-03-06,other,pre_recommendation,withdrawn
APP001447,JOB00221,CAN00590,CA020,ca_introduction,,INT001841,2026-03-03,2026-03-09,accepted,,,,placed
APP001448,JOB00759,CAN00525,CA004,self_entry,ENT001019,,2026-03-03,,,2026-03-03,process_delay,pre_recommendation,withdrawn
APP001449,JOB00384,CAN00877,CA006,self_entry,ENT001723,,2026-03-03,,,,,,screened_out
APP001450,JOB00491,CAN00743,CA006,ca_introduction,,INT001845,2026-03-04,2026-03-09,rejected,,,,rejected
APP001451,JOB00288,CAN01077,CA006,ca_introduction,,INT001847,2026-03-04,,,2026-03-09,process_delay,pre_recommendation,withdrawn
APP001452,JOB00130,CAN01777,CA020,ca_introduction,,INT001849,2026-03-04,2026-03-10,accepted,,,,placed
APP001453,JOB00523,CAN00056,CA021,self_entry,ENT000103,,2026-03-04,,,,,,screened_out
APP001454,JOB00392,CAN00513,CA012,self_entry,ENT000994,,2026-03-04,,,,,,screened_out
APP001456,JOB00521,CAN00743,CA006,ca_introduction,,INT001846,2026-03-05,2026-03-12,rejected,,,,rejected
APP001457,JOB00611,CAN01173,CA013,ca_introduction,,INT001848,2026-03-05,2026-03-12,accepted,,,,rejected
APP001458,JOB00175,CAN01909,CA008,ca_introduction,,INT001851,2026-03-05,,,2026-03-07,wage,pre_recommendation,withdrawn
APP001459,JOB00238,CAN01909,CA008,ca_introduction,,INT001852,2026-03-05,2026-03-09,rejected,,,,rejected
APP001460,JOB00414,CAN00477,CA007,self_entry,ENT000926,,2026-03-05,,,2026-03-05,other,pre_recommendation,withdrawn
APP001461,JOB00665,CAN01546,CA002,self_entry,ENT003022,,2026-03-05,,,,,,screened_out
APP001463,JOB00476,CAN00944,CA006,self_entry,ENT001859,,2026-03-06,,,,,,screened_out
APP001464,JOB00573,CAN01230,CA003,self_entry,ENT002415,,2026-03-06,2026-03-12,accepted,,,,rejected
APP001465,JOB00450,CAN01617,CA020,self_entry,ENT003164,,2026-03-06,,,2026-03-12,process_delay,pre_recommendation,withdrawn
APP001467,JOB00534,CAN00108,CA019,ca_introduction,,INT001854,2026-03-07,2026-03-13,accepted,2026-03-24,other,post_visit,withdrawn
APP001468,JOB00552,CAN00460,CA011,ca_introduction,,INT001857,2026-03-07,2026-03-12,accepted,,,,rejected
APP001469,JOB00096,CAN01638,CA001,ca_introduction,,INT001858,2026-03-07,2026-03-14,accepted,2026-03-18,accepted_other_job,post_recommendation,withdrawn
APP001470,JOB00384,CAN00127,CA007,ca_introduction,,INT001864,2026-03-07,,,,,,screened_out
APP001471,JOB00333,CAN01805,CA009,ca_introduction,,INT001866,2026-03-07,2026-03-13,rejected,,,,rejected
APP001472,JOB00206,CAN00112,CA016,ca_introduction,,INT001862,2026-03-08,2026-03-15,accepted,,,,placed
APP001473,JOB00288,CAN01827,CA005,ca_introduction,,INT001867,2026-03-08,2026-03-14,accepted,,,,rejected
APP001474,JOB00409,CAN01342,CA012,ca_introduction,,INT001871,2026-03-09,2026-03-15,accepted,,,,placed
APP001475,JOB00640,CAN00392,CA003,self_entry,ENT000770,,2026-03-09,,,,,,screened_out
APP001476,JOB00696,CAN00490,CA004,self_entry,ENT000951,,2026-03-09,2026-03-14,accepted,,,,placed
APP001477,JOB00527,CAN00959,CA005,self_entry,ENT001893,,2026-03-09,,,,,,screened_out
APP001478,JOB00674,CAN01250,CA007,self_entry,ENT002455,,2026-03-09,,,,,,screened_out
APP001479,JOB00498,CAN01686,CA008,self_entry,ENT003269,,2026-03-09,,,,,,screened_out
APP001480,JOB00752,CAN01692,CA014,self_entry,ENT003284,,2026-03-09,2026-03-14,rejected,,,,rejected
APP001481,JOB00448,CAN00559,CA013,ca_introduction,,INT001870,2026-03-10,,,2026-03-14,other,pre_recommendation,withdrawn
APP001482,JOB00238,CAN01903,CA012,ca_introduction,,INT001876,2026-03-10,,,,,,screened_out
APP001483,JOB00648,CAN00244,CA008,self_entry,ENT000496,,2026-03-10,2026-03-18,rejected,,,,rejected
APP001484,JOB00414,CAN01661,CA020,self_entry,ENT003231,,2026-03-10,2026-03-15,accepted,,,,rejected
APP001485,JOB00476,CAN00192,CA007,ca_introduction,,INT001872,2026-03-11,,,2026-03-13,other,pre_recommendation,withdrawn
APP001486,JOB00015,CAN00192,CA007,ca_introduction,,INT001873,2026-03-11,2026-03-15,accepted,,,,rejected
APP001487,JOB00337,CAN01478,CA015,ca_introduction,,INT001875,2026-03-11,2026-03-16,accepted,2026-03-29,other,post_recommendation,withdrawn
APP001488,JOB00096,CAN00597,CA005,ca_introduction,,INT001880,2026-03-11,2026-03-17,accepted,,,,rejected
APP001489,JOB00238,CAN01093,CA005,ca_introduction,,INT001882,2026-03-11,2026-03-17,accepted,,,,rejected
APP001490,JOB00611,CAN01939,CA021,ca_introduction,,INT001884,2026-03-11,2026-03-17,rejected,,,,rejected
APP001491,JOB00368,CAN00067,CA016,self_entry,ENT000136,,2026-03-11,2026-03-16,accepted,,,,placed
APP001492,JOB00606,CAN00896,CA018,self_entry,ENT001765,,2026-03-11,,,2026-03-13,process_delay,pre_recommendation,withdrawn
APP001493,JOB00491,CAN01093,CA005,self_entry,ENT002148,,2026-03-11,,,2026-03-13,other,pre_recommendation,withdrawn
APP001494,JOB00766,CAN00072,CA010,ca_introduction,,INT001878,2026-03-12,2026-03-18,accepted,,,,placed
APP001495,JOB00033,CAN00597,CA005,ca_introduction,,INT001879,2026-03-12,2026-03-18,accepted,,,,rejected
APP001496,JOB00771,CAN01093,CA005,ca_introduction,,INT001881,2026-03-12,,,,,,screened_out
APP001497,JOB00632,CAN00005,CA010,self_entry,ENT000010,,2026-03-12,,,,,,screened_out
APP001498,JOB00771,CAN00351,CA008,self_entry,ENT000695,,2026-03-12,,,,,,screened_out
APP001499,JOB00396,CAN00420,CA020,self_entry,ENT000826,,2026-03-12,,,,,,screened_out
APP001500,JOB00474,CAN00813,CA007,self_entry,ENT001581,,2026-03-12,,,,,,screened_out
APP001501,JOB00654,CAN01154,CA010,self_entry,ENT002285,,2026-03-12,2026-03-19,rejected,,,,rejected
APP001502,JOB00783,CAN01154,CA010,ca_introduction,,INT001885,2026-03-13,2026-03-20,rejected,,,,rejected
APP001503,JOB00727,CAN00772,CA006,ca_introduction,,INT001886,2026-03-13,2026-03-17,accepted,,,,rejected
APP001504,JOB00669,CAN00490,CA004,self_entry,ENT000952,,2026-03-13,2026-03-20,rejected,,,,rejected
APP001505,JOB00418,CAN01624,CA010,self_entry,ENT003176,,2026-03-13,,,2026-03-14,wage,pre_recommendation,withdrawn
APP001506,JOB00467,CAN01673,CA006,self_entry,ENT003249,,2026-03-13,,,,,,screened_out
APP001508,JOB00085,CAN01345,CA007,ca_introduction,,INT001890,2026-03-14,2026-03-20,rejected,,,,rejected
APP001509,JOB00021,CAN01345,CA007,ca_introduction,,INT001891,2026-03-14,,,2026-03-18,process_delay,pre_recommendation,withdrawn
APP001510,JOB00017,CAN01472,CA013,ca_introduction,,INT001892,2026-03-14,,,2026-03-17,wage,pre_recommendation,withdrawn
APP001511,JOB00674,CAN00597,CA005,self_entry,ENT001151,,2026-03-14,2026-03-19,accepted,2026-03-20,other,post_recommendation,withdrawn
APP001513,JOB00385,CAN01530,CA001,self_entry,ENT003001,,2026-03-14,,,2026-03-16,process_delay,pre_recommendation,withdrawn
APP001514,JOB00385,CAN00364,CA021,ca_introduction,,INT001888,2026-03-15,,,2026-03-19,accepted_other_job,pre_recommendation,withdrawn
APP001515,JOB00083,CAN01248,CA011,ca_introduction,,INT001894,2026-03-15,2026-03-21,accepted,2026-03-31,wage,post_visit,withdrawn
APP001516,JOB00027,CAN01784,CA009,ca_introduction,,INT001897,2026-03-15,,,,,,screened_out
APP001517,JOB00767,CAN01340,CA015,self_entry,ENT002610,,2026-03-15,,,,,,screened_out
APP001518,JOB00368,CAN01265,CA005,ca_introduction,,INT001895,2026-03-16,2026-03-22,accepted,,,,placed
APP001519,JOB00265,CAN01784,CA009,ca_introduction,,INT001896,2026-03-16,2026-03-18,accepted,,,,rejected
APP001520,JOB00085,CAN01549,CA014,ca_introduction,,INT001902,2026-03-16,2026-03-17,accepted,,,,rejected
APP001521,JOB00527,CAN01581,CA018,ca_introduction,,INT001906,2026-03-16,2026-03-20,accepted,,,,placed
APP001522,JOB00129,CAN01873,CA005,ca_introduction,,INT001910,2026-03-16,,,2026-03-22,process_delay,pre_recommendation,withdrawn
APP001524,JOB00396,CAN01108,CA003,self_entry,ENT002186,,2026-03-16,2026-03-21,accepted,,,,placed
APP001525,JOB00387,CAN01122,CA009,self_entry,ENT002204,,2026-03-16,,,,,,screened_out
APP001526,JOB00403,CAN01200,CA010,self_entry,ENT002355,,2026-03-16,,,,,,screened_out
APP001527,JOB00489,CAN01328,CA008,self_entry,ENT002590,,2026-03-16,2026-03-22,accepted,2026-03-26,process_delay,post_recommendation,withdrawn
APP001528,JOB00605,CAN01397,CA008,self_entry,ENT002734,,2026-03-16,,,2026-03-18,wage,pre_recommendation,withdrawn
APP001529,JOB00110,CAN00438,CA020,ca_introduction,,INT001899,2026-03-17,,,,,,screened_out
APP001530,JOB00771,CAN00625,CA015,ca_introduction,,INT001900,2026-03-17,2026-03-23,accepted,,,,rejected
APP001531,JOB00396,CAN01581,CA018,ca_introduction,,INT001905,2026-03-17,,,2026-03-18,wage,pre_recommendation,withdrawn
APP001532,JOB00363,CAN01688,CA015,ca_introduction,,INT001907,2026-03-17,2026-03-21,accepted,2026-03-31,process_delay,post_recommendation,withdrawn
APP001533,JOB00128,CAN01688,CA015,ca_introduction,,INT001908,2026-03-17,2026-03-24,rejected,,,,rejected
APP001534,JOB00445,CAN00458,CA018,ca_introduction,,INT001912,2026-03-17,2026-03-23,accepted,,,,placed
APP001535,JOB00597,CAN00872,CA019,ca_introduction,,INT001913,2026-03-17,2026-03-23,accepted,,,,rejected
APP001536,JOB00392,CAN00872,CA019,ca_introduction,,INT001914,2026-03-17,2026-03-23,accepted,,,,rejected
APP001537,JOB00717,CAN00311,CA019,self_entry,ENT000619,,2026-03-17,2026-03-23,accepted,,,,rejected
APP001538,JOB00597,CAN00995,CA002,self_entry,ENT001958,,2026-03-17,,,,,,screened_out
APP001539,JOB00096,CAN00889,CA020,ca_introduction,,INT001918,2026-03-18,2026-03-22,accepted,,,,rejected
APP001540,JOB00601,CAN00026,CA015,self_entry,ENT000050,,2026-03-18,,,,,,screened_out
APP001541,JOB00418,CAN00656,CA021,self_entry,ENT001268,,2026-03-18,,,,,,screened_out
APP001542,JOB00498,CAN01029,CA012,self_entry,ENT002039,,2026-03-18,,,,,,screened_out
APP001543,JOB00696,CAN00965,CA016,ca_introduction,,INT001919,2026-03-19,2026-03-24,rejected,,,,rejected
APP001544,JOB00597,CAN01825,CA013,ca_introduction,,INT001923,2026-03-19,2026-03-25,accepted,,,,placed
APP001545,JOB00771,CAN01903,CA012,ca_introduction,,INT001926,2026-03-19,2026-03-24,accepted,,,,rejected
APP001546,JOB00600,CAN00171,CA001,self_entry,ENT000352,,2026-03-19,,,,,,screened_out
APP001547,JOB00691,CAN00965,CA016,ca_introduction,,INT001920,2026-03-20,2026-03-25,accepted,,,,rejected
APP001548,JOB00391,CAN01124,CA017,ca_introduction,,INT001927,2026-03-20,,,,,,screened_out
APP001549,JOB00696,CAN01697,CA017,ca_introduction,,INT001931,2026-03-20,2026-03-24,accepted,,,,rejected
APP001550,JOB00630,CAN00059,CA007,self_entry,ENT000112,,2026-03-20,2026-03-25,accepted,,,,rejected
APP001551,JOB00600,CAN01124,CA017,ca_introduction,,INT001928,2026-03-21,,,2026-03-24,process_delay,pre_recommendation,withdrawn
APP001552,JOB00610,CAN01565,CA004,ca_introduction,,INT001929,2026-03-21,2026-03-24,rejected,,,,rejected
APP001553,JOB00400,CAN01565,CA004,ca_introduction,,INT001930,2026-03-21,2026-03-27,accepted,,,,rejected
APP001554,JOB00385,CAN00112,CA016,ca_introduction,,INT001934,2026-03-21,2026-03-26,accepted,2026-03-28,process_delay,post_recommendation,withdrawn
APP001555,JOB00497,CAN00350,CA021,ca_introduction,,INT001937,2026-03-21,2026-03-24,accepted,,,,rejected
APP001556,JOB00337,CAN00701,CA001,ca_introduction,,INT001938,2026-03-21,,,2026-03-24,other,pre_recommendation,withdrawn
APP001557,JOB00475,CAN00878,CA011,ca_introduction,,INT001939,2026-03-21,2026-03-26,accepted,2026-04-02,process_delay,post_recommendation,withdrawn
APP001558,JOB00400,CAN00268,CA021,self_entry,ENT000539,,2026-03-21,,,,,,screened_out
APP001559,JOB00605,CAN00424,CA018,self_entry,ENT000828,,2026-03-21,,,,,,screened_out
APP001560,JOB00611,CAN00901,CA002,self_entry,ENT001773,,2026-03-21,2026-03-29,accepted,,,,placed
APP001562,JOB00521,CAN01037,CA007,self_entry,ENT002053,,2026-03-21,,,,,,screened_out
APP001563,JOB00619,CAN01660,CA014,self_entry,ENT003230,,2026-03-21,2026-03-28,accepted,,,,rejected
APP001564,JOB00610,CAN00112,CA016,ca_introduction,,INT001933,2026-03-22,2026-03-28,rejected,,,,rejected
APP001565,JOB00023,CAN00177,CA012,ca_introduction,,INT001935,2026-03-22,2026-03-30,rejected,,,,rejected
APP001566,JOB00200,CAN01173,CA013,ca_introduction,,INT001940,2026-03-22,2026-03-28,accepted,,,,rejected
APP001567,JOB00017,CAN01614,CA016,ca_introduction,,INT001945,2026-03-22,2026-03-28,accepted,,,,rejected
APP001568,JOB00027,CAN01849,CA014,ca_introduction,,INT001947,2026-03-22,2026-03-30,accepted,2026-04-03,process_delay,post_recommendation,withdrawn
APP001569,JOB00610,CAN00460,CA011,self_entry,ENT000899,,2026-03-22,,,,,,screened_out
APP001570,JOB00632,CAN00802,CA010,self_entry,ENT001549,,2026-03-22,,,,,,screened_out
APP001571,JOB00391,CAN01029,CA012,self_entry,ENT002037,,2026-03-22,,,,,,screened_out
APP001572,JOB00605,CAN01095,CA010,self_entry,ENT002156,,2026-03-22,,,,,,screened_out
APP001573,JOB00597,CAN01849,CA014,ca_introduction,,INT001946,2026-03-23,,,,,,screened_out
APP001574,JOB00799,CAN00375,CA015,ca_introduction,,INT001948,2026-03-23,2026-03-29,accepted,,,,placed
APP001575,JOB00021,CAN00375,CA015,ca_introduction,,INT001949,2026-03-23,2026-03-28,rejected,,,,rejected
APP001576,JOB00288,CAN01122,CA009,ca_introduction,,INT001950,2026-03-23,2026-03-27,accepted,,,,rejected
APP001577,JOB00344,CAN01246,CA012,ca_introduction,,INT001952,2026-03-23,2026-03-27,accepted,2026-04-04,other,post_visit,withdrawn
APP001578,JOB00640,CAN01386,CA020,self_entry,ENT002704,,2026-03-23,2026-03-27,accepted,,,,placed
APP001579,JOB00767,CAN01246,CA012,ca_introduction,,INT001953,2026-03-24,2026-03-29,accepted,2026-03-30,process_delay,post_recommendation,withdrawn
APP001580,JOB00265,CAN01781,CA016,ca_introduction,,INT001954,2026-03-24,2026-03-25,rejected,,,,rejected
APP001581,JOB00727,CAN00127,CA007,self_entry,ENT000268,,2026-03-24,2026-03-28,rejected,,,,rejected
APP001583,JOB00640,CAN01781,CA016,self_entry,ENT003440,,2026-03-24,,,2026-03-28,process_delay,pre_recommendation,withdrawn
APP001584,JOB00785,CAN00072,CA010,ca_introduction,,INT001955,2026-03-25,2026-03-29,accepted,,,,rejected
APP001585,JOB00132,CAN01624,CA010,ca_introduction,,INT001958,2026-03-25,2026-03-28,accepted,2026-04-06,process_delay,post_visit,withdrawn
APP001586,JOB00600,CAN00425,CA017,self_entry,ENT000830,,2026-03-25,2026-04-01,accepted,,,,rejected
APP001587,JOB00499,CAN01457,CA016,self_entry,ENT002846,,2026-03-25,2026-04-01,accepted,,,,placed
APP001588,JOB00464,CAN01070,CA009,ca_introduction,,INT001957,2026-03-26,2026-03-31,accepted,,,,placed
APP001589,JOB00669,CAN00884,CA003,ca_introduction,,INT001961,2026-03-26,2026-04-02,accepted,,,,rejected
APP001590,JOB00712,CAN01161,CA004,ca_introduction,,INT001962,2026-03-26,,,2026-03-30,process_delay,pre_recommendation,withdrawn
APP001591,JOB00530,CAN01084,CA015,self_entry,ENT002134,,2026-03-26,,,2026-03-28,wage,pre_recommendation,withdrawn
APP001593,JOB00606,CAN01445,CA002,self_entry,ENT002824,,2026-03-26,2026-04-02,accepted,,,,rejected
APP001594,JOB00725,CAN00741,CA017,ca_introduction,,INT001959,2026-03-27,,,2026-04-01,process_delay,pre_recommendation,withdrawn
APP001595,JOB00769,CAN00884,CA003,ca_introduction,,INT001960,2026-03-27,,,2026-03-29,wage,pre_recommendation,withdrawn
APP001596,JOB00085,CAN00837,CA003,ca_introduction,,INT001964,2026-03-27,,,,,,screened_out
APP001597,JOB00175,CAN01154,CA010,ca_introduction,,INT001965,2026-03-27,2026-04-02,accepted,,,,rejected
APP001598,JOB00771,CAN01837,CA013,ca_introduction,,INT001968,2026-03-27,2026-04-03,accepted,,,,placed
APP001599,JOB00758,CAN00192,CA007,self_entry,ENT000397,,2026-03-27,,,2026-04-03,wage,pre_recommendation,withdrawn
APP001601,JOB00630,CAN01468,CA021,self_entry,ENT002875,,2026-03-27,2026-03-31,accepted,,,,placed
APP001602,JOB00085,CAN01702,CA011,ca_introduction,,INT001966,2026-03-28,,,2026-03-31,process_delay,pre_recommendation,withdrawn
APP001603,JOB00237,CAN00095,CA014,ca_introduction,,INT001970,2026-03-28,2026-04-03,accepted,2026-04-04,process_delay,post_recommendation,withdrawn
APP001604,JOB00475,CAN01217,CA002,self_entry,ENT002389,,2026-03-28,,,,,,screened_out
APP001605,JOB00063,CAN00345,CA015,ca_introduction,,INT001971,2026-03-29,2026-04-04,accepted,,,,rejected
APP001606,JOB00152,CAN01058,CA001,ca_introduction,,INT001972,2026-03-29,2026-04-04,accepted,,,,rejected
APP001607,JOB00175,CAN01093,CA005,ca_introduction,,INT001973,2026-03-29,2026-04-03,accepted,,,,rejected
APP001608,JOB00017,CAN00177,CA012,ca_introduction,,INT001974,2026-03-29,2026-04-01,rejected,,,,rejected
APP001609,JOB00610,CAN00125,CA011,self_entry,ENT000266,,2026-03-29,2026-04-01,rejected,,,,rejected
APP001610,JOB00534,CAN01526,CA001,self_entry,ENT002989,,2026-03-29,2026-04-04,accepted,2026-04-19,process_delay,post_visit,withdrawn
APP001611,JOB00534,CAN01609,CA021,self_entry,ENT003140,,2026-03-29,,,,,,screened_out
APP001612,JOB00755,CAN01324,CA006,ca_introduction,,INT001978,2026-03-30,2026-04-06,accepted,,,,placed
APP001613,JOB00450,CAN00219,CA006,ca_introduction,,INT001982,2026-03-30,2026-04-03,accepted,,,,placed
APP001614,JOB00371,CAN01939,CA021,ca_introduction,,INT001984,2026-03-30,2026-04-04,rejected,,,,rejected
APP001615,JOB00385,CAN01939,CA021,ca_introduction,,INT001985,2026-03-30,2026-04-03,accepted,,,,rejected
APP001616,JOB00400,CAN00040,CA018,self_entry,ENT000076,,2026-03-30,2026-04-04,rejected,,,,rejected
APP001617,JOB00387,CAN00286,CA004,self_entry,ENT000572,,2026-03-30,2026-04-05,accepted,2026-04-20,wage,post_visit,withdrawn
APP001618,JOB00727,CAN01603,CA011,self_entry,ENT003123,,2026-03-30,2026-04-06,accepted,,,,rejected
APP001619,JOB00527,CAN01942,CA014,self_entry,ENT003768,,2026-03-30,2026-04-05,rejected,,,,rejected
APP001620,JOB00361,CAN00219,CA006,ca_introduction,,INT001981,2026-03-31,2026-04-06,accepted,2026-04-16,accepted_other_job,post_visit,withdrawn
APP001621,JOB00371,CAN00409,CA016,ca_introduction,,INT001983,2026-03-31,2026-04-04,accepted,,,,placed
APP001622,JOB00731,CAN01468,CA021,self_entry,ENT002877,,2026-03-31,2026-04-08,accepted,2026-04-12,accepted_other_job,post_recommendation,withdrawn
APP001623,JOB00759,CAN00255,CA005,ca_introduction,,INT001986,2026-04-01,2026-04-04,accepted,,,,rejected
APP001624,JOB00155,CAN01083,CA002,ca_introduction,,INT001991,2026-04-01,2026-04-05,accepted,,,,rejected
APP001625,JOB00660,CAN01265,CA005,ca_introduction,,INT001994,2026-04-01,,,2026-04-01,accepted_other_job,pre_recommendation,withdrawn
APP001626,JOB00265,CAN01535,CA016,ca_introduction,,INT001995,2026-04-01,,,,,,screened_out
APP001627,JOB00652,CAN00516,CA020,self_entry,ENT001001,,2026-04-01,,,,,,screened_out
APP001628,JOB00360,CAN00729,CA017,self_entry,ENT001409,,2026-04-01,,,,,,screened_out
APP001629,JOB00601,CAN00323,CA007,ca_introduction,,INT001990,2026-04-02,2026-04-08,accepted,2026-04-10,wage,post_recommendation,withdrawn
APP001630,JOB00165,CAN01083,CA002,ca_introduction,,INT001992,2026-04-02,2026-04-09,accepted,,,,rejected
APP001631,JOB00354,CAN00054,CA011,ca_introduction,,INT001996,2026-04-02,,,,,,screened_out
APP001632,JOB00411,CAN01457,CA016,ca_introduction,,INT002000,2026-04-02,2026-04-07,accepted,2026-04-11,accepted_other_job,post_recommendation,withdrawn
APP001633,JOB00450,CAN01598,CA007,ca_introduction,,INT002002,2026-04-02,2026-04-08,accepted,2026-04-17,process_delay,post_recommendation,withdrawn
APP001634,JOB00439,CAN00175,CA020,self_entry,ENT000366,,2026-04-02,,,2026-04-03,process_delay,pre_recommendation,withdrawn
APP001635,JOB00514,CAN01075,CA005,self_entry,ENT002109,,2026-04-02,,,,,,screened_out
APP001636,JOB00496,CAN01913,CA011,self_entry,ENT003707,,2026-04-02,2026-04-08,rejected,,,,rejected
APP001637,JOB00505,CAN01457,CA016,ca_introduction,,INT001999,2026-04-03,2026-04-09,accepted,2026-04-11,accepted_other_job,post_recommendation,withdrawn
APP001638,JOB00347,CAN01523,CA005,ca_introduction,,INT002001,2026-04-03,2026-04-09,accepted,,,,rejected
APP001639,JOB00132,CAN01637,CA009,ca_introduction,,INT002003,2026-04-03,2026-04-10,accepted,,,,placed
APP001641,JOB00366,CAN00056,CA021,self_entry,ENT000105,,2026-04-03,2026-04-11,accepted,,,,rejected
APP001642,JOB00476,CAN00251,CA003,self_entry,ENT000513,,2026-04-03,2026-04-09,rejected,,,,rejected
APP001643,JOB00479,CAN00286,CA004,ca_introduction,,INT002009,2026-04-04,2026-04-08,accepted,2026-04-09,process_delay,post_recommendation,withdrawn
APP001644,JOB00600,CAN00248,CA016,self_entry,ENT000506,,2026-04-04,2026-04-10,accepted,,,,placed
APP001645,JOB00610,CAN00643,CA004,self_entry,ENT001240,,2026-04-04,2026-04-11,accepted,2026-04-26,process_delay,post_visit,withdrawn
APP001647,JOB00725,CAN00458,CA018,ca_introduction,,INT002014,2026-04-05,2026-04-09,rejected,,,,rejected
APP001649,JOB00550,CAN00195,CA008,self_entry,ENT000402,,2026-04-05,,,,,,screened_out
APP001650,JOB00462,CAN00268,CA021,self_entry,ENT000540,,2026-04-05,,,,,,screened_out
APP001651,JOB00570,CAN00282,CA020,self_entry,ENT000566,,2026-04-05,2026-04-08,accepted,2026-04-09,other,post_recommendation,withdrawn
APP001652,JOB00607,CAN00481,CA005,self_entry,ENT000929,,2026-04-05,2026-04-09,accepted,2026-04-26,other,post_visit,withdrawn
APP001654,JOB00610,CAN00744,CA014,ca_introduction,,INT002015,2026-04-06,,,,,,screened_out
APP001655,JOB00136,CAN00393,CA018,ca_introduction,,INT002020,2026-04-06,,,2026-04-11,wage,pre_recommendation,withdrawn
APP001656,JOB00023,CAN00965,CA016,ca_introduction,,INT002024,2026-04-06,,,,,,screened_out
APP001657,JOB00056,CAN01472,CA013,ca_introduction,,INT002026,2026-04-06,2026-04-10,rejected,,,,rejected
APP001659,JOB00734,CAN01690,CA019,self_entry,ENT003277,,2026-04-06,2026-04-12,accepted,2026-04-20,other,post_visit,withdrawn
APP001660,JOB00577,CAN00393,CA018,ca_introduction,,INT002018,2026-04-07,2026-04-13,accepted,,,,rejected
APP001662,JOB00685,CAN01287,CA008,self_entry,ENT002517,,2026-04-07,,,2026-04-13,wage,pre_recommendation,withdrawn
APP001663,JOB00400,CAN01928,CA010,self_entry,ENT003741,,2026-04-07,2026-04-11,accepted,,,,rejected
APP001664,JOB00725,CAN00761,CA010,ca_introduction,,INT002029,2026-04-08,2026-04-10,accepted,,,,rejected
APP001665,JOB00495,CAN00282,CA020,self_entry,ENT000567,,2026-04-08,,,2026-04-09,process_delay,pre_recommendation,withdrawn
APP001666,JOB00783,CAN00415,CA002,self_entry,ENT000814,,2026-04-08,,,,,,screened_out
APP001667,JOB00725,CAN01107,CA007,self_entry,ENT002182,,2026-04-08,2026-04-11,accepted,,,,placed
APP001668,JOB00526,CAN01122,CA009,self_entry,ENT002207,,2026-04-08,,,2026-04-15,process_delay,pre_recommendation,withdrawn
APP001669,JOB00685,CAN01405,CA016,self_entry,ENT002749,,2026-04-08,2026-04-14,rejected,,,,rejected
APP001670,JOB00003,CAN00761,CA010,ca_introduction,,INT002028,2026-04-09,2026-04-12,accepted,2026-05-02,process_delay,post_visit,withdrawn
APP001671,JOB00594,CAN01143,CA014,ca_introduction,,INT002030,2026-04-09,2026-04-16,accepted,,,,rejected
APP001672,JOB00753,CAN01468,CA021,ca_introduction,,INT002031,2026-04-09,2026-04-16,rejected,,,,rejected
APP001673,JOB00371,CAN00890,CA012,ca_introduction,,INT002036,2026-04-09,,,2026-04-09,other,pre_recommendation,withdrawn
APP001674,JOB00799,CAN00890,CA012,ca_introduction,,INT002038,2026-04-09,2026-04-14,accepted,2026-04-26,accepted_other_job,post_visit,withdrawn
APP001675,JOB00652,CAN00020,CA011,self_entry,ENT000034,,2026-04-09,2026-04-16,accepted,2026-04-27,wage,post_visit,withdrawn
APP001676,JOB00439,CAN00837,CA003,self_entry,ENT001645,,2026-04-09,2026-04-14,accepted,,,,placed
APP001677,JOB00371,CAN01129,CA018,self_entry,ENT002221,,2026-04-09,,,2026-04-14,process_delay,pre_recommendation,withdrawn
APP001678,JOB00693,CAN00648,CA003,ca_introduction,,INT002033,2026-04-10,2026-04-12,accepted,2026-04-24,other,post_visit,withdrawn
APP001679,JOB00206,CAN00716,CA009,ca_introduction,,INT002034,2026-04-10,2026-04-16,accepted,,,,rejected
APP001680,JOB00159,CAN00890,CA012,ca_introduction,,INT002037,2026-04-10,2026-04-15,accepted,,,,placed
APP001681,JOB00710,CAN01077,CA006,self_entry,ENT002118,,2026-04-10,2026-04-16,rejected,,,,rejected
APP001682,JOB00396,CAN01122,CA009,self_entry,ENT002208,,2026-04-10,2026-04-15,rejected,,,,rejected
APP001683,JOB00463,CAN01688,CA015,self_entry,ENT003274,,2026-04-10,,,,,,screened_out
APP001684,JOB00552,CAN01790,CA012,ca_introduction,,INT002041,2026-04-11,,,,,,screened_out
APP001685,JOB00226,CAN01790,CA012,ca_introduction,,INT002042,2026-04-11,,,,,,screened_out
APP001686,JOB00384,CAN00396,CA012,self_entry,ENT000775,,2026-04-11,2026-04-18,rejected,,,,rejected
APP001687,JOB00743,CAN00506,CA014,self_entry,ENT000978,,2026-04-11,,,2026-04-11,process_delay,pre_recommendation,withdrawn
APP001688,JOB00743,CAN00749,CA010,self_entry,ENT001452,,2026-04-11,2026-04-19,accepted,2026-05-01,other,post_visit,withdrawn
APP001689,JOB00710,CAN01606,CA003,self_entry,ENT003135,,2026-04-11,2026-04-19,accepted,,,,rejected
APP001690,JOB00605,CAN01614,CA016,self_entry,ENT003156,,2026-04-11,,,,,,screened_out
APP001691,JOB00570,CAN01654,CA001,self_entry,ENT003219,,2026-04-11,2026-04-17,accepted,,,,placed
APP001692,JOB00563,CAN01727,CA019,self_entry,ENT003344,,2026-04-11,2026-04-16,accepted,,,,placed
APP001693,JOB00360,CAN01837,CA013,self_entry,ENT003559,,2026-04-11,2026-04-18,accepted,2026-04-19,accepted_other_job,post_recommendation,withdrawn
APP001694,JOB00731,CAN01931,CA003,self_entry,ENT003748,,2026-04-11,,,2026-04-16,process_delay,pre_recommendation,withdrawn
APP001695,JOB00462,CAN01945,CA010,self_entry,ENT003775,,2026-04-11,2026-04-16,accepted,,,,placed
APP001696,JOB00527,CAN00654,CA011,ca_introduction,,INT002043,2026-04-12,2026-04-18,accepted,,,,rejected
APP001697,JOB00396,CAN00654,CA011,ca_introduction,,INT002044,2026-04-12,2026-04-18,accepted,,,,rejected
APP001698,JOB00606,CAN01122,CA009,ca_introduction,,INT002045,2026-04-12,2026-04-17,accepted,2026-04-20,other,post_recommendation,withdrawn
APP001699,JOB00368,CAN01713,CA006,ca_introduction,,INT002046,2026-04-12,2026-04-17,rejected,,,,rejected
APP001700,JOB00499,CAN01849,CA014,ca_introduction,,INT002047,2026-04-12,2026-04-17,accepted,,,,placed
APP001701,JOB00181,CAN01919,CA021,ca_introduction,,INT002048,2026-04-12,2026-04-13,accepted,2026-04-22,wage,post_recommendation,withdrawn
APP001702,JOB00436,CAN00396,CA018,self_entry,ENT000776,,2026-04-12,,,,,,screened_out
APP001703,JOB00744,CAN00800,CA020,self_entry,ENT001544,,2026-04-12,2026-04-17,rejected,,,,rejected
APP001704,JOB00633,CAN00802,CA010,self_entry,ENT001550,,2026-04-12,,,2026-04-12,process_delay,pre_recommendation,withdrawn
APP001706,JOB00758,CAN01152,CA020,self_entry,ENT002276,,2026-04-12,,,,,,screened_out
APP001707,JOB00045,CAN01234,CA014,ca_introduction,,INT002053,2026-04-13,2026-04-20,accepted,2026-04-21,process_delay,post_recommendation,withdrawn
APP001708,JOB00475,CAN00409,CA016,self_entry,ENT000797,,2026-04-13,2026-04-19,rejected,,,,rejected
APP001709,JOB00458,CAN01640,CA010,self_entry,ENT003198,,2026-04-13,,,,,,screened_out
APP001710,JOB00657,CAN00141,CA022,ca_introduction,,INT002049,2026-04-14,2026-04-20,rejected,,,,rejected
APP001711,JOB00652,CAN00141,CA022,ca_introduction,,INT002050,2026-04-14,2026-04-22,accepted,,,,placed
APP001712,JOB00779,CAN01458,CA004,ca_introduction,,INT002054,2026-04-14,2026-04-20,accepted,,,,rejected
APP001713,JOB00743,CAN00347,CA014,self_entry,ENT000689,,2026-04-14,,,,,,screened_out
APP001714,JOB00734,CAN00348,CA010,self_entry,ENT000691,,2026-04-14,2026-04-19,rejected,,,,rejected
APP001715,JOB00709,CAN00365,CA018,self_entry,ENT000725,,2026-04-14,2026-04-17,accepted,,,,placed
APP001716,JOB00495,CAN00404,CA007,self_entry,ENT000788,,2026-04-14,,,,,,screened_out
APP001717,JOB00718,CAN01140,CA021,self_entry,ENT002255,,2026-04-14,2026-04-20,accepted,,,,placed
APP001718,JOB00462,CAN01942,CA014,self_entry,ENT003766,,2026-04-14,2026-04-21,accepted,,,,rejected
APP001719,JOB00217,CAN00327,CA022,ca_introduction,,INT002059,2026-04-15,2026-04-22,accepted,2026-05-02,other,post_visit,withdrawn
APP001720,JOB00129,CAN00327,CA022,ca_introduction,,INT002060,2026-04-15,2026-04-21,accepted,,,,rejected
APP001722,JOB00597,CAN00767,CA011,ca_introduction,,INT002065,2026-04-15,2026-04-23,rejected,,,,rejected
APP001724,JOB00625,CAN01021,CA012,self_entry,ENT002021,,2026-04-15,,,,,,screened_out
APP001726,JOB00744,CAN00749,CA010,ca_introduction,,INT002063,2026-04-16,2026-04-21,rejected,,,,rejected
APP001727,JOB00371,CAN00268,CA021,self_entry,ENT000542,,2026-04-16,2026-04-21,rejected,,,,rejected
APP001728,JOB00753,CAN00513,CA012,self_entry,ENT000995,,2026-04-16,,,,,,screened_out
APP001729,JOB00603,CAN01295,CA021,self_entry,ENT002535,,2026-04-16,2026-04-23,accepted,,,,placed
APP001730,JOB00127,CAN00245,CA010,ca_introduction,,INT002068,2026-04-17,,,,,,screened_out
APP001731,JOB00110,CAN00779,CA020,ca_introduction,,INT002071,2026-04-17,2026-04-23,accepted,,,,rejected
APP001732,JOB00635,CAN00742,CA009,self_entry,ENT001435,,2026-04-17,,,,,,screened_out
APP001733,JOB00753,CAN00809,CA009,self_entry,ENT001569,,2026-04-17,,,2026-04-20,process_delay,pre_recommendation,withdrawn
APP001736,JOB00475,CAN01111,CA004,self_entry,ENT002192,,2026-04-17,,,,,,screened_out
APP001738,JOB00360,CAN00255,CA005,ca_introduction,,INT002069,2026-04-18,,,,,,screened_out
APP001739,JOB00385,CAN00347,CA014,ca_introduction,,INT002070,2026-04-18,2026-04-24,accepted,,,,placed
APP001740,JOB00337,CAN00837,CA003,ca_introduction,,INT002072,2026-04-18,2026-04-25,rejected,,,,rejected
APP001741,JOB00521,CAN00932,CA020,ca_introduction,,INT002076,2026-04-18,2026-04-25,accepted,2026-04-28,other,post_recommendation,withdrawn
APP001742,JOB00450,CAN00193,CA002,ca_introduction,,INT002077,2026-04-18,2026-04-21,accepted,,,,placed
APP001743,JOB00505,CAN01161,CA004,ca_introduction,,INT002079,2026-04-18,2026-04-23,rejected,,,,rejected
APP001744,JOB00766,CAN01465,CA002,self_entry,ENT002868,,2026-04-18,,,,,,screened_out
APP001745,JOB00414,CAN00158,CA004,ca_introduction,,INT002081,2026-04-19,2026-04-26,accepted,2026-04-27,other,post_recommendation,withdrawn
APP001746,JOB00475,CAN01543,CA001,self_entry,ENT003018,,2026-04-19,,,,,,screened_out
APP001747,JOB00635,CAN01818,CA014,self_entry,ENT003522,,2026-04-19,2026-04-22,accepted,,,,placed
APP001748,JOB00360,CAN00158,CA004,ca_introduction,,INT002082,2026-04-20,2026-04-24,accepted,,,,rejected
APP001749,JOB00462,CAN01240,CA006,ca_introduction,,INT002084,2026-04-20,2026-04-27,accepted,,,,rejected
APP001750,JOB00296,CAN00744,CA014,ca_introduction,,INT002089,2026-04-20,2026-04-25,rejected,,,,rejected
APP001751,JOB00782,CAN00673,CA020,self_entry,ENT001308,,2026-04-20,,,,,,screened_out
APP001752,JOB00420,CAN01612,CA016,self_entry,ENT003149,,2026-04-20,,,,,,screened_out
APP001753,JOB00129,CAN01577,CA017,ca_introduction,,INT002093,2026-04-21,2026-04-26,rejected,,,,rejected
APP001754,JOB00625,CAN00288,CA009,self_entry,ENT000576,,2026-04-21,2026-04-29,accepted,,,,placed
APP001755,JOB00360,CAN01392,CA014,self_entry,ENT002722,,2026-04-21,,,,,,screened_out
APP001756,JOB00607,CAN01295,CA021,ca_introduction,,INT002091,2026-04-22,2026-04-28,accepted,2026-05-09,accepted_other_job,post_visit,withdrawn
APP001757,JOB00371,CAN00643,CA002,ca_introduction,,INT002096,2026-04-22,2026-04-28,accepted,,,,rejected
APP001758,JOB00085,CAN01815,CA005,ca_introduction,,INT002102,2026-04-22,2026-04-27,accepted,,,,rejected
APP001759,JOB00337,CAN01815,CA005,ca_introduction,,INT002103,2026-04-22,,,,,,screened_out
APP001760,JOB00364,CAN00963,CA001,self_entry,ENT001897,,2026-04-22,2026-04-28,accepted,,,,rejected
APP001761,JOB00657,CAN01790,CA012,ca_introduction,,INT002101,2026-04-23,2026-04-28,accepted,,,,placed
APP001762,JOB00238,CAN01816,CA010,ca_introduction,,INT002105,2026-04-23,2026-04-27,accepted,,,,rejected
APP001763,JOB00476,CAN00286,CA004,ca_introduction,,INT002106,2026-04-23,,,2026-04-25,other,pre_recommendation,withdrawn
APP001764,JOB00495,CAN00460,CA011,self_entry,ENT000895,,2026-04-23,,,,,,screened_out
APP001765,JOB00532,CAN01081,CA010,self_entry,ENT002127,,2026-04-23,2026-04-30,rejected,,,,rejected
APP001766,JOB00709,CAN01609,CA021,self_entry,ENT003142,,2026-04-23,2026-04-29,accepted,2026-05-09,wage,post_visit,withdrawn
APP001767,JOB00633,CAN01645,CA015,self_entry,ENT003205,,2026-04-23,2026-04-29,accepted,,,,rejected
APP001768,JOB00603,CAN01773,CA020,self_entry,ENT003431,,2026-04-23,,,,,,screened_out
APP001769,JOB00795,CAN01773,CA020,ca_introduction,,INT002108,2026-04-24,,,,,,screened_out
APP001770,JOB00070,CAN00982,CA013,ca_introduction,,INT002110,2026-04-24,2026-04-30,rejected,,,,rejected
APP001771,JOB00762,CAN01537,CA021,self_entry,ENT003010,,2026-04-24,2026-05-02,rejected,,,,rejected
APP001772,JOB00701,CAN00849,CA021,ca_introduction,,INT002109,2026-04-25,,,,,,screened_out
APP001773,JOB00799,CAN01393,CA013,ca_introduction,,INT002112,2026-04-25,2026-04-29,accepted,,,,rejected
APP001774,JOB00297,CAN01458,CA004,ca_introduction,,INT002115,2026-04-25,2026-05-01,accepted,,,,placed
APP001775,JOB00063,CAN01458,CA004,ca_introduction,,INT002116,2026-04-25,,,2026-04-26,other,pre_recommendation,withdrawn
APP001776,JOB00073,CAN01666,CA010,ca_introduction,,INT002117,2026-04-25,2026-05-01,rejected,,,,rejected
APP001777,JOB00734,CAN00564,CA009,self_entry,ENT001087,,2026-04-25,2026-04-28,accepted,,,,rejected
APP001778,JOB00385,CAN01683,CA021,ca_introduction,,INT002123,2026-04-26,2026-05-03,accepted,2026-05-07,other,post_recommendation,withdrawn
APP001779,JOB00713,CAN00284,CA005,self_entry,ENT000569,,2026-04-26,2026-05-04,accepted,2026-05-14,process_delay,post_recommendation,withdrawn
APP001780,JOB00360,CAN00292,CA015,self_entry,ENT000586,,2026-04-26,,,,,,screened_out
APP001781,JOB00656,CAN01580,CA011,self_entry,ENT003077,,2026-04-26,2026-04-29,accepted,,,,placed
APP001782,JOB00744,CAN00714,CA007,ca_introduction,,INT002118,2026-04-27,2026-05-02,accepted,,,,placed
APP001783,JOB00364,CAN00714,CA007,ca_introduction,,INT002119,2026-04-27,2026-05-03,rejected,,,,rejected
APP001784,JOB00085,CAN00714,CA007,ca_introduction,,INT002120,2026-04-27,,,,,,screened_out
APP001785,JOB00725,CAN00723,CA015,ca_introduction,,INT002121,2026-04-27,,,,,,screened_out
APP001786,JOB00445,CAN00723,CA015,ca_introduction,,INT002122,2026-04-27,,,,,,screened_out
APP001787,JOB00181,CAN00468,CA008,ca_introduction,,INT002125,2026-04-27,2026-05-02,rejected,,,,rejected
APP001788,JOB00713,CAN00652,CA016,ca_introduction,,INT002128,2026-04-27,2026-05-02,accepted,,,,placed
APP001789,JOB00727,CAN01497,CA012,ca_introduction,,INT002130,2026-04-27,2026-04-29,accepted,2026-05-08,process_delay,post_recommendation,withdrawn
APP001790,JOB00056,CAN01537,CA021,ca_introduction,,INT002131,2026-04-27,2026-05-01,accepted,,,,rejected
APP001791,JOB00693,CAN00089,CA008,self_entry,ENT000187,,2026-04-27,,,,,,screened_out
APP001792,JOB00656,CAN00581,CA013,self_entry,ENT001121,,2026-04-27,2026-05-04,accepted,,,,rejected
APP001793,JOB00607,CAN00686,CA004,self_entry,ENT001329,,2026-04-27,2026-05-02,rejected,,,,rejected
APP001794,JOB00767,CAN00368,CA022,ca_introduction,,INT002124,2026-04-28,2026-05-05,rejected,,,,rejected
APP001795,JOB00033,CAN01933,CA017,ca_introduction,,INT002132,2026-04-28,,,2026-05-04,other,pre_recommendation,withdrawn
APP001796,JOB00619,CAN00006,CA004,ca_introduction,,INT002133,2026-04-28,2026-05-04,rejected,,,,rejected
APP001797,JOB00401,CAN00694,CA003,ca_introduction,,INT002135,2026-04-28,2026-05-05,accepted,,,,rejected
APP001798,JOB00505,CAN01065,CA001,ca_introduction,,INT002137,2026-04-28,2026-05-05,accepted,,,,rejected
APP001800,JOB00688,CAN00245,CA010,ca_introduction,,INT002134,2026-04-29,2026-05-06,accepted,,,,rejected
APP001801,JOB00414,CAN01081,CA010,ca_introduction,,INT002138,2026-04-29,2026-05-07,accepted,,,,placed
APP001802,JOB00411,CAN01450,CA022,ca_introduction,,INT002143,2026-04-29,2026-05-04,accepted,2026-05-09,process_delay,post_recommendation,withdrawn
APP001803,JOB00725,CAN01486,CA020,ca_introduction,,INT002145,2026-04-29,2026-05-05,accepted,2026-05-13,process_delay,post_recommendation,withdrawn
APP001804,JOB00458,CAN00821,CA011,self_entry,ENT001602,,2026-04-29,,,,,,screened_out
APP001805,JOB00607,CAN00266,CA018,ca_introduction,,INT002140,2026-04-30,,,2026-05-01,wage,pre_recommendation,withdrawn
APP001806,JOB00448,CAN00298,CA010,ca_introduction,,INT002146,2026-04-30,,,2026-05-07,other,pre_recommendation,withdrawn
APP001809,JOB00689,CAN01352,CA016,self_entry,ENT002633,,2026-04-30,2026-05-05,accepted,,,,rejected
APP001810,JOB00371,CAN01642,CA003,ca_introduction,,INT002148,2026-05-01,2026-05-07,accepted,,,,placed
APP001811,JOB00603,CAN00605,CA001,self_entry,ENT001169,,2026-05-01,2026-05-07,rejected,,,,rejected
APP001812,JOB00689,CAN00618,CA001,self_entry,ENT001190,,2026-05-01,2026-05-08,accepted,,,,placed
APP001814,JOB00491,CAN00721,CA001,ca_introduction,,INT002151,2026-05-02,2026-05-07,rejected,,,,rejected
APP001815,JOB00789,CAN01476,CA021,self_entry,ENT002889,,2026-05-02,,,2026-05-02,process_delay,pre_recommendation,withdrawn
APP001816,JOB00187,CAN00932,CA020,ca_introduction,,INT002154,2026-05-03,2026-05-08,accepted,2026-05-21,process_delay,post_visit,withdrawn
APP001817,JOB00435,CAN00932,CA020,ca_introduction,,INT002155,2026-05-03,2026-05-10,rejected,,,,rejected
APP001818,JOB00341,CAN00383,CA019,ca_introduction,,INT002156,2026-05-03,,,,,,screened_out
APP001819,JOB00709,CAN00505,CA016,self_entry,ENT000976,,2026-05-03,,,,,,screened_out
APP001820,JOB00657,CAN00651,CA002,self_entry,ENT001257,,2026-05-03,2026-05-06,accepted,,,,rejected
APP001821,JOB00783,CAN00233,CA001,ca_introduction,,INT002158,2026-05-04,2026-05-09,accepted,,,,placed
APP001822,JOB00611,CAN00347,CA014,ca_introduction,,INT002159,2026-05-04,2026-05-08,accepted,2026-05-08,accepted_other_job,post_recommendation,withdrawn
APP001823,JOB00055,CAN01577,CA017,ca_introduction,,INT002163,2026-05-04,,,,,,screened_out
APP001824,JOB00638,CAN00679,CA016,self_entry,ENT001315,,2026-05-04,2026-05-12,accepted,2026-05-18,wage,post_recommendation,withdrawn
APP001825,JOB00642,CAN01141,CA006,self_entry,ENT002257,,2026-05-04,,,,,,screened_out
APP001826,JOB00671,CAN01389,CA001,self_entry,ENT002712,,2026-05-04,,,,,,screened_out
APP001827,JOB00689,CAN01655,CA005,self_entry,ENT003221,,2026-05-04,2026-05-09,accepted,,,,placed
APP001828,JOB00234,CAN00998,CA002,ca_introduction,,INT002162,2026-05-05,2026-05-10,rejected,,,,rejected
APP001829,JOB00402,CAN01577,CA017,ca_introduction,,INT002164,2026-05-05,,,,,,screened_out
APP001830,JOB00635,CAN00174,CA008,ca_introduction,,INT002165,2026-05-05,2026-05-10,accepted,2026-05-21,other,post_visit,withdrawn
APP001831,JOB00637,CAN01667,CA001,self_entry,ENT003243,,2026-05-05,,,,,,screened_out
APP001832,JOB00491,CAN00368,CA022,ca_introduction,,INT002168,2026-05-06,2026-05-13,accepted,,,,rejected
APP001833,JOB00638,CAN01569,CA001,ca_introduction,,INT002173,2026-05-06,2026-05-12,rejected,,,,rejected
APP001834,JOB00366,CAN01666,CA010,ca_introduction,,INT002174,2026-05-06,2026-05-13,rejected,,,,rejected
APP001835,JOB00362,CAN00095,CA014,self_entry,ENT000207,,2026-05-06,2026-05-13,accepted,2026-05-14,process_delay,post_recommendation,withdrawn
APP001836,JOB00685,CAN00580,CA013,self_entry,ENT001119,,2026-05-06,2026-05-12,accepted,2026-05-24,other,post_visit,withdrawn
APP001837,JOB00357,CAN01526,CA001,self_entry,ENT002991,,2026-05-06,,,,,,screened_out
APP001838,JOB00521,CAN00368,CA022,ca_introduction,,INT002169,2026-05-07,2026-05-13,rejected,,,,rejected
APP001839,JOB00360,CAN01569,CA001,ca_introduction,,INT002172,2026-05-07,2026-05-10,rejected,,,,rejected
APP001840,JOB00725,CAN01813,CA003,ca_introduction,,INT002176,2026-05-07,,,,,,screened_out
APP001841,JOB00411,CAN01813,CA003,ca_introduction,,INT002177,2026-05-07,2026-05-12,accepted,,,,rejected
APP001842,JOB00401,CAN00867,CA002,self_entry,ENT001707,,2026-05-07,,,,,,screened_out
APP001843,JOB00436,CAN00731,CA011,ca_introduction,,INT002178,2026-05-08,2026-05-11,accepted,2026-05-23,other,post_visit,withdrawn
APP001844,JOB00462,CAN00731,CA011,ca_introduction,,INT002179,2026-05-08,,,,,,screened_out
APP001845,JOB00398,CAN01034,CA016,ca_introduction,,INT002182,2026-05-08,2026-05-13,rejected,,,,rejected
APP001846,JOB00689,CAN01393,CA013,ca_introduction,,INT002184,2026-05-08,2026-05-14,accepted,2026-05-29,accepted_other_job,post_visit,withdrawn
APP001847,JOB00607,CAN01393,CA013,ca_introduction,,INT002185,2026-05-08,2026-05-14,accepted,,,,placed
APP001848,JOB00601,CAN01793,CA001,ca_introduction,,INT002187,2026-05-08,2026-05-13,accepted,2026-05-16,process_delay,post_recommendation,withdrawn
APP001849,JOB00727,CAN01891,CA016,ca_introduction,,INT002188,2026-05-08,2026-05-13,accepted,,,,rejected
APP001850,JOB00384,CAN01891,CA016,ca_introduction,,INT002189,2026-05-08,2026-05-12,accepted,,,,rejected
APP001852,JOB00789,CAN01933,CA017,self_entry,ENT003755,,2026-05-08,,,,,,screened_out
APP001853,JOB00391,CAN01034,CA016,ca_introduction,,INT002181,2026-05-09,2026-05-16,accepted,,,,placed
APP001854,JOB00206,CAN01034,CA016,ca_introduction,,INT002183,2026-05-09,,,2026-05-10,other,pre_recommendation,withdrawn
APP001855,JOB00085,CAN01393,CA013,ca_introduction,,INT002186,2026-05-09,2026-05-14,accepted,2026-05-29,accepted_other_job,post_visit,withdrawn
APP001856,JOB00003,CAN01841,CA019,ca_introduction,,INT002193,2026-05-09,2026-05-16,accepted,,,,placed
APP001857,JOB00681,CAN01392,CA014,self_entry,ENT002721,,2026-05-09,2026-05-15,accepted,,,,placed
APP001858,JOB00470,CAN00245,CA010,ca_introduction,,INT002190,2026-05-10,2026-05-15,accepted,,,,rejected
APP001859,JOB00672,CAN00245,CA010,ca_introduction,,INT002191,2026-05-10,2026-05-16,accepted,,,,rejected
APP001860,JOB00741,CAN01669,CA004,ca_introduction,,INT002192,2026-05-10,2026-05-16,accepted,,,,rejected
APP001861,JOB00765,CAN00207,CA011,ca_introduction,,INT002194,2026-05-10,2026-05-18,rejected,,,,rejected
APP001862,JOB00401,CAN00495,CA017,self_entry,ENT000960,,2026-05-10,,,,,,screened_out
APP001863,JOB00607,CAN00694,CA003,self_entry,ENT001345,,2026-05-10,2026-05-18,accepted,,,,rejected
APP001865,JOB00789,CAN01458,CA004,self_entry,ENT002851,,2026-05-10,2026-05-17,accepted,2026-05-17,accepted_other_job,post_recommendation,withdrawn
APP001866,JOB00495,CAN00207,CA011,ca_introduction,,INT002195,2026-05-11,,,2026-05-11,process_delay,pre_recommendation,withdrawn
APP001867,JOB00688,CAN00941,CA015,ca_introduction,,INT002199,2026-05-11,,,2026-05-16,process_delay,pre_recommendation,withdrawn
APP001868,JOB00603,CAN00481,CA005,self_entry,ENT000932,,2026-05-11,2026-05-19,rejected,,,,rejected
APP001869,JOB00439,CAN01240,CA006,self_entry,ENT002438,,2026-05-11,,,,,,screened_out
APP001870,JOB00633,CAN01822,CA003,ca_introduction,,INT002207,2026-05-12,2026-05-18,rejected,,,,rejected
APP001871,JOB00402,CAN01938,CA013,ca_introduction,,INT002208,2026-05-12,,,,,,screened_out
APP001873,JOB00587,CAN01157,CA016,self_entry,ENT002290,,2026-05-12,2026-05-19,accepted,2026-05-22,process_delay,post_recommendation,withdrawn
APP001874,JOB00495,CAN00359,CA010,ca_introduction,,INT002202,2026-05-13,2026-05-18,accepted,2026-05-29,process_delay,post_visit,withdrawn
APP001875,JOB00450,CAN00359,CA010,ca_introduction,,INT002203,2026-05-13,2026-05-19,accepted,,,,rejected
APP001876,JOB00403,CAN00595,CA005,ca_introduction,,INT002210,2026-05-13,2026-05-18,accepted,2026-05-19,wage,post_recommendation,withdrawn
APP001877,JOB00017,CAN01537,CA021,ca_introduction,,INT002213,2026-05-13,2026-05-18,accepted,,,,rejected
APP001878,JOB00023,CAN01537,CA021,ca_introduction,,INT002214,2026-05-13,2026-05-19,accepted,2026-05-28,process_delay,post_visit,withdrawn
APP001879,JOB00234,CAN00524,CA003,ca_introduction,,INT002209,2026-05-14,2026-05-19,accepted,,,,rejected
APP001880,JOB00610,CAN00595,CA005,ca_introduction,,INT002211,2026-05-14,2026-05-20,rejected,,,,rejected
APP001881,JOB00391,CAN00694,CA003,ca_introduction,,INT002212,2026-05-14,2026-05-22,accepted,,,,rejected
APP001882,JOB00023,CAN01570,CA014,ca_introduction,,INT002218,2026-05-14,2026-05-22,accepted,,,,placed
APP001883,JOB00462,CAN00128,CA016,ca_introduction,,INT002216,2026-05-15,2026-05-20,accepted,,,,rejected
APP001884,JOB00694,CAN01322,CA018,ca_introduction,,INT002221,2026-05-15,2026-05-18,accepted,,,,placed
APP001885,JOB00681,CAN00673,CA020,self_entry,ENT001303,,2026-05-15,2026-05-18,rejected,,,,rejected
APP001886,JOB00475,CAN01220,CA005,ca_introduction,,INT002219,2026-05-16,2026-05-20,rejected,,,,rejected
APP001887,JOB00796,CAN01757,CA021,ca_introduction,,INT002223,2026-05-16,2026-05-22,accepted,2026-05-23,process_delay,post_recommendation,withdrawn
APP001888,JOB00398,CAN00819,CA016,self_entry,ENT001598,,2026-05-16,2026-05-23,accepted,2026-05-30,other,post_recommendation,withdrawn
APP001889,JOB00402,CAN01074,CA008,self_entry,ENT002107,,2026-05-16,2026-05-19,accepted,,,,placed
APP001890,JOB00462,CAN01103,CA004,self_entry,ENT002177,,2026-05-16,2026-05-23,accepted,2026-06-04,wage,post_visit,withdrawn
APP001891,JOB00661,CAN01440,CA002,self_entry,ENT002813,,2026-05-16,,,,,,screened_out
APP001892,JOB00699,CAN01476,CA021,self_entry,ENT002890,,2026-05-16,,,,,,screened_out
APP001893,JOB00505,CAN00723,CA015,ca_introduction,,INT002229,2026-05-17,,,,,,screened_out
APP001894,JOB00127,CAN01933,CA017,ca_introduction,,INT002231,2026-05-17,2026-05-24,accepted,,,,rejected
APP001895,JOB00753,CAN01141,CA006,self_entry,ENT002256,,2026-05-17,,,,,,screened_out
APP001896,JOB00571,CAN01841,CA019,self_entry,ENT003569,,2026-05-17,2026-05-24,accepted,2026-05-30,accepted_other_job,post_recommendation,withdrawn
APP001897,JOB00732,CAN00001,CA020,ca_introduction,,INT002232,2026-05-18,2026-05-24,accepted,2026-06-07,process_delay,post_visit,withdrawn
APP001898,JOB00525,CAN00060,CA016,self_entry,ENT000116,,2026-05-18,,,,,,screened_out
APP001899,JOB00681,CAN00631,CA009,self_entry,ENT001219,,2026-05-18,,,,,,screened_out
APP001900,JOB00462,CAN00001,CA020,ca_introduction,,INT002233,2026-05-19,2026-05-23,accepted,2026-06-05,process_delay,post_visit,withdrawn
APP001901,JOB00657,CAN01793,CA001,ca_introduction,,INT002236,2026-05-19,2026-05-22,accepted,,,,rejected
APP001902,JOB00709,CAN01841,CA019,ca_introduction,,INT002242,2026-05-19,,,,,,screened_out
APP001903,JOB00486,CAN00489,CA016,self_entry,ENT000949,,2026-05-19,,,,,,screened_out
APP001904,JOB00709,CAN00810,CA009,self_entry,ENT001570,,2026-05-19,,,2026-05-20,process_delay,pre_recommendation,withdrawn
APP001905,JOB00401,CAN00818,CA021,self_entry,ENT001595,,2026-05-19,,,2026-05-19,process_delay,pre_recommendation,withdrawn
APP001906,JOB00597,CAN00094,CA010,ca_introduction,,INT002238,2026-05-20,2026-05-27,rejected,,,,rejected
APP001907,JOB00601,CAN00721,CA001,ca_introduction,,INT002240,2026-05-20,2026-05-26,accepted,2026-06-06,wage,post_visit,withdrawn
APP001908,JOB00725,CAN01841,CA019,ca_introduction,,INT002241,2026-05-20,2026-05-26,rejected,,,,rejected
APP001909,JOB00366,CAN00512,CA003,ca_introduction,,INT002244,2026-05-20,2026-05-27,accepted,2026-06-11,process_delay,post_visit,withdrawn
APP001910,JOB00798,CAN01765,CA001,ca_introduction,,INT002248,2026-05-20,,,,,,screened_out
APP001911,JOB00440,CAN00249,CA008,self_entry,ENT000507,,2026-05-20,,,2026-05-21,process_delay,pre_recommendation,withdrawn
APP001912,JOB00637,CAN01942,CA014,self_entry,ENT003765,,2026-05-20,,,,,,screened_out
APP001913,JOB00513,CAN00266,CA018,ca_introduction,,INT002243,2026-05-21,2026-05-27,rejected,,,,rejected
APP001914,JOB00577,CAN00068,CA007,ca_introduction,,INT002249,2026-05-21,2026-05-27,accepted,,,,rejected
APP001915,JOB00127,CAN01042,CA012,ca_introduction,,INT002252,2026-05-21,2026-05-28,accepted,,,,rejected
APP001916,JOB00601,CAN01030,CA001,ca_introduction,,INT002250,2026-05-22,,,,,,screened_out
APP001917,JOB00798,CAN01760,CA011,ca_introduction,,INT002253,2026-05-22,2026-05-28,accepted,,,,placed
APP001918,JOB00741,CAN01938,CA013,ca_introduction,,INT002255,2026-05-22,,,2026-05-24,wage,pre_recommendation,withdrawn
APP001919,JOB00651,CAN00301,CA019,ca_introduction,,INT002257,2026-05-22,2026-05-29,accepted,,,,rejected
APP001920,JOB00402,CAN00301,CA019,ca_introduction,,INT002258,2026-05-22,2026-05-27,accepted,,,,rejected
APP001921,JOB00167,CAN00327,CA022,ca_introduction,,INT002260,2026-05-22,,,,,,screened_out
APP001922,JOB00798,CAN00577,CA012,ca_introduction,,INT002262,2026-05-22,2026-05-28,accepted,,,,rejected
APP001923,JOB00463,CAN00286,CA004,self_entry,ENT000573,,2026-05-22,2026-05-29,accepted,,,,placed
APP001924,JOB00647,CAN00451,CA005,self_entry,ENT000880,,2026-05-22,2026-05-29,accepted,,,,placed
APP001925,JOB00789,CAN00959,CA005,self_entry,ENT001892,,2026-05-22,,,,,,screened_out
APP001926,JOB00739,CAN01743,CA021,self_entry,ENT003379,,2026-05-22,,,,,,screened_out
APP001927,JOB00470,CAN01821,CA002,self_entry,ENT003533,,2026-05-22,2026-05-27,rejected,,,,rejected
APP001928,JOB00789,CAN01827,CA005,self_entry,ENT003544,,2026-05-22,2026-05-26,accepted,,,,placed
APP001929,JOB00587,CAN00301,CA019,ca_introduction,,INT002259,2026-05-23,2026-05-28,rejected,,,,rejected
APP001930,JOB00404,CAN00099,CA009,ca_introduction,,INT002265,2026-05-23,2026-05-27,accepted,,,,rejected
APP001931,JOB00296,CAN00819,CA016,ca_introduction,,INT002270,2026-05-23,2026-05-30,accepted,,,,rejected
APP001932,JOB00709,CAN00169,CA007,self_entry,ENT000348,,2026-05-23,,,2026-05-27,wage,pre_recommendation,withdrawn
APP001933,JOB00492,CAN01042,CA012,self_entry,ENT002060,,2026-05-23,2026-05-30,accepted,,,,rejected
APP001934,JOB00430,CAN01322,CA018,self_entry,ENT002580,,2026-05-23,,,2026-05-27,accepted_other_job,pre_recommendation,withdrawn
APP001935,JOB00497,CAN00099,CA009,ca_introduction,,INT002266,2026-05-24,,,2026-05-27,process_delay,pre_recommendation,withdrawn
APP001936,JOB00785,CAN00309,CA016,ca_introduction,,INT002267,2026-05-24,2026-05-29,accepted,2026-06-11,process_delay,post_visit,withdrawn
APP001937,JOB00391,CAN00819,CA016,ca_introduction,,INT002269,2026-05-24,2026-05-31,accepted,,,,rejected
APP001938,JOB00475,CAN00379,CA006,ca_introduction,,INT002272,2026-05-24,,,2026-05-26,process_delay,pre_recommendation,withdrawn
APP001939,JOB00073,CAN00379,CA006,ca_introduction,,INT002273,2026-05-24,2026-06-01,rejected,,,,rejected
APP001940,JOB00404,CAN00379,CA006,ca_introduction,,INT002274,2026-05-24,,,2026-05-25,process_delay,pre_recommendation,withdrawn
APP001941,JOB00647,CAN00473,CA019,self_entry,ENT000915,,2026-05-24,2026-05-28,accepted,2026-06-04,process_delay,post_recommendation,withdrawn
APP001942,JOB00647,CAN00504,CA006,self_entry,ENT000972,,2026-05-24,2026-05-31,accepted,,,,rejected
APP001943,JOB00501,CAN00569,CA015,self_entry,ENT001095,,2026-05-24,,,2026-05-30,wage,pre_recommendation,withdrawn
APP001944,JOB00513,CAN00088,CA015,ca_introduction,,INT002271,2026-05-25,2026-05-29,accepted,,,,rejected
APP001945,JOB00381,CAN00169,CA007,ca_introduction,,INT002275,2026-05-25,2026-05-31,accepted,,,,placed
APP001946,JOB00371,CAN00883,CA001,ca_introduction,,INT002278,2026-05-25,2026-05-29,accepted,,,,placed
APP001947,JOB00611,CAN01704,CA003,ca_introduction,,INT002279,2026-05-25,,,2026-05-25,process_delay,pre_recommendation,withdrawn
APP001948,JOB00501,CAN00625,CA015,self_entry,ENT001206,,2026-05-25,,,,,,screened_out
APP001949,JOB00212,CAN00174,CA008,ca_introduction,,INT002277,2026-05-26,2026-06-01,accepted,2026-06-02,process_delay,post_recommendation,withdrawn
APP001950,JOB00616,CAN01704,CA003,ca_introduction,,INT002280,2026-05-26,2026-05-29,accepted,,,,rejected
APP001951,JOB00512,CAN00480,CA011,ca_introduction,,INT002283,2026-05-26,2026-06-03,rejected,,,,rejected
APP001952,JOB00448,CAN00524,CA003,ca_introduction,,INT002285,2026-05-26,2026-06-02,accepted,,,,rejected
APP001953,JOB00129,CAN00847,CA018,ca_introduction,,INT002287,2026-05-26,,,2026-05-29,wage,pre_recommendation,withdrawn
APP001954,JOB00175,CAN00454,CA001,ca_introduction,,INT002281,2026-05-27,2026-05-30,accepted,2026-06-12,process_delay,post_visit,withdrawn
APP001955,JOB00771,CAN00524,CA003,ca_introduction,,INT002284,2026-05-27,2026-06-02,accepted,,,,rejected
APP001956,JOB00550,CAN00832,CA014,ca_introduction,,INT002286,2026-05-27,,,,,,screened_out
APP001957,JOB00364,CAN00945,CA018,ca_introduction,,INT002288,2026-05-27,2026-06-02,rejected,,,,rejected
APP001958,JOB00073,CAN00971,CA019,ca_introduction,,INT002289,2026-05-27,2026-06-01,accepted,2026-06-16,wage,post_visit,withdrawn
APP001959,JOB00401,CAN01015,CA012,ca_introduction,,INT002290,2026-05-27,2026-06-04,accepted,2026-06-12,process_delay,post_recommendation,withdrawn
APP001960,JOB00321,CAN01641,CA008,ca_introduction,,INT002292,2026-05-27,2026-06-01,accepted,,,,placed
APP001961,JOB00616,CAN01753,CA016,ca_introduction,,INT002295,2026-05-27,,,,,,screened_out
APP001962,JOB00741,CAN00717,CA021,ca_introduction,,INT002297,2026-05-27,2026-06-02,accepted,,,,rejected
APP001963,JOB00798,CAN00006,CA004,self_entry,ENT000014,,2026-05-27,2026-06-03,accepted,,,,rejected
APP001964,JOB00404,CAN00382,CA011,self_entry,ENT000757,,2026-05-27,,,,,,screened_out
APP001965,JOB00357,CAN00701,CA001,self_entry,ENT001361,,2026-05-27,,,,,,screened_out
APP001966,JOB00472,CAN00967,CA017,self_entry,ENT001902,,2026-05-27,,,2026-05-27,wage,pre_recommendation,withdrawn
APP001967,JOB00615,CAN01061,CA014,self_entry,ENT002085,,2026-05-27,2026-06-03,accepted,,,,rejected
APP001969,JOB00732,CAN00497,CA019,ca_introduction,,INT002296,2026-05-28,2026-06-05,accepted,2026-06-16,other,post_recommendation,withdrawn
APP001970,JOB00611,CAN01710,CA014,ca_introduction,,INT002301,2026-05-28,2026-06-03,accepted,2026-06-16,process_delay,post_visit,withdrawn
APP001971,JOB00616,CAN01710,CA014,ca_introduction,,INT002302,2026-05-28,,,2026-05-30,process_delay,pre_recommendation,withdrawn
APP001972,JOB00505,CAN00797,CA016,ca_introduction,,INT002303,2026-05-28,,,,,,screened_out
APP001973,JOB00663,CAN01127,CA005,ca_introduction,,INT002308,2026-05-28,2026-06-05,rejected,,,,rejected
APP001974,JOB00526,CAN01041,CA022,ca_introduction,,INT002305,2026-05-29,2026-06-01,rejected,,,,rejected
APP001975,JOB00152,CAN01520,CA013,ca_introduction,,INT002309,2026-05-29,,,2026-06-01,other,pre_recommendation,withdrawn
APP001976,JOB00620,CAN01441,CA006,ca_introduction,,INT002314,2026-05-29,2026-06-01,accepted,,,,placed
APP001977,JOB00492,CAN00174,CA008,self_entry,ENT000358,,2026-05-29,2026-06-06,rejected,,,,rejected
APP001978,JOB00399,CAN01757,CA021,ca_introduction,,INT002318,2026-05-30,,,,,,screened_out
APP001979,JOB00762,CAN00349,CA007,self_entry,ENT000692,,2026-05-30,2026-06-04,rejected,,,,rejected
APP001980,JOB00616,CAN01000,CA016,self_entry,ENT001969,,2026-05-30,2026-06-05,rejected,,,,rejected
APP001982,JOB00394,CAN01815,CA005,self_entry,ENT003508,,2026-05-30,,,,,,screened_out
APP001984,JOB00180,CAN01757,CA021,ca_introduction,,INT002319,2026-05-31,2026-06-05,accepted,2026-06-11,other,post_recommendation,withdrawn
APP001985,JOB00003,CAN01811,CA008,ca_introduction,,INT002320,2026-05-31,2026-06-06,accepted,2026-06-08,process_delay,post_recommendation,withdrawn
APP001986,JOB00472,CAN00496,CA018,self_entry,ENT000962,,2026-05-31,,,,,,screened_out
APP001988,JOB00401,CAN00595,CA005,ca_introduction,,INT002322,2026-06-01,2026-06-08,rejected,,,,rejected
APP001989,JOB00652,CAN01311,CA020,ca_introduction,,INT002323,2026-06-01,2026-06-08,accepted,2026-06-19,process_delay,post_recommendation,withdrawn
APP001990,JOB00358,CAN00577,CA012,ca_introduction,,INT002325,2026-06-01,2026-06-06,accepted,,,,rejected
APP001991,JOB00693,CAN00577,CA012,ca_introduction,,INT002326,2026-06-01,2026-06-09,accepted,2026-06-12,process_delay,post_recommendation,withdrawn
APP001992,JOB00357,CAN01316,CA011,ca_introduction,,INT002327,2026-06-01,,,2026-06-02,process_delay,pre_recommendation,withdrawn
APP001993,JOB00798,CAN00086,CA008,self_entry,ENT000180,,2026-06-01,2026-06-09,accepted,,,,rejected
APP001994,JOB00457,CAN00668,CA016,self_entry,ENT001295,,2026-06-01,2026-06-05,rejected,,,,rejected
APP001995,JOB00688,CAN00994,CA009,self_entry,ENT001956,,2026-06-01,2026-06-08,rejected,,,,rejected
APP001996,JOB00181,CAN01647,CA014,ca_introduction,,INT002329,2026-06-02,,,,,,screened_out
APP001997,JOB00366,CAN00099,CA009,ca_introduction,,INT002332,2026-06-02,2026-06-10,accepted,2026-06-23,accepted_other_job,post_visit,withdrawn
APP001998,JOB00423,CAN00694,CA003,self_entry,ENT001350,,2026-06-02,,,,,,screened_out
APP001999,JOB00466,CAN00951,CA017,self_entry,ENT001878,,2026-06-02,2026-06-08,accepted,,,,placed
APP002000,JOB00778,CAN01325,CA006,self_entry,ENT002583,,2026-06-02,,,,,,screened_out
APP002001,JOB00676,CAN00099,CA009,ca_introduction,,INT002333,2026-06-03,2026-06-08,accepted,,,,placed
APP002002,JOB00579,CAN00114,CA011,self_entry,ENT000244,,2026-06-03,,,,,,screened_out
APP002003,JOB00602,CAN01076,CA014,self_entry,ENT002113,,2026-06-03,,,,,,screened_out
APP002004,JOB00733,CAN01122,CA009,self_entry,ENT002206,,2026-06-03,,,2026-06-08,process_delay,pre_recommendation,withdrawn
APP002005,JOB00767,CAN01641,CA008,ca_introduction,,INT002337,2026-06-04,2026-06-09,accepted,2026-06-11,accepted_other_job,post_recommendation,withdrawn
APP002006,JOB00672,CAN00153,CA013,self_entry,ENT000309,,2026-06-04,,,2026-06-12,wage,pre_recommendation,withdrawn
APP002007,JOB00394,CAN00321,CA002,self_entry,ENT000639,,2026-06-04,2026-06-10,accepted,2026-06-12,process_delay,post_recommendation,withdrawn
APP002008,JOB00689,CAN00883,CA001,ca_introduction,,INT002335,2026-06-05,2026-06-10,accepted,2026-06-14,accepted_other_job,post_recommendation,withdrawn
APP002009,JOB00672,CAN01061,CA014,ca_introduction,,INT002338,2026-06-05,,,,,,screened_out
APP002010,JOB00466,CAN01591,CA015,self_entry,ENT003099,,2026-06-05,,,,,,screened_out
APP002011,JOB00598,CAN01647,CA014,self_entry,ENT003208,,2026-06-05,2026-06-13,accepted,,,,placed
APP002012,JOB00488,CAN01731,CA015,self_entry,ENT003355,,2026-06-05,2026-06-11,accepted,2026-06-19,wage,post_recommendation,withdrawn
APP002013,JOB00351,CAN00150,CA010,ca_introduction,,INT002341,2026-06-06,,,2026-06-07,wage,pre_recommendation,withdrawn
APP002014,JOB00095,CAN00150,CA010,ca_introduction,,INT002340,2026-06-07,,,2026-06-10,wage,pre_recommendation,withdrawn
APP002015,JOB00752,CAN01055,CA003,ca_introduction,,INT002343,2026-06-07,2026-06-09,accepted,,,,rejected
APP002016,JOB00472,CAN01358,CA022,ca_introduction,,INT002345,2026-06-07,2026-06-15,rejected,,,,rejected
APP002017,JOB00657,CAN00690,CA009,ca_introduction,,INT002346,2026-06-07,2026-06-12,accepted,2026-06-15,process_delay,post_recommendation,withdrawn
APP002018,JOB00766,CAN01030,CA001,ca_introduction,,INT002347,2026-06-08,,,2026-06-10,process_delay,pre_recommendation,withdrawn
APP002019,JOB00127,CAN00994,CA009,ca_introduction,,INT002352,2026-06-08,2026-06-12,accepted,2026-06-24,process_delay,post_visit,withdrawn
APP002020,JOB00426,CAN01514,CA010,ca_introduction,,INT002355,2026-06-08,2026-06-12,accepted,,,,placed
APP002022,JOB00701,CAN00001,CA020,ca_introduction,,INT002348,2026-06-09,,,2026-06-14,process_delay,pre_recommendation,withdrawn
APP002023,JOB00796,CAN00722,CA010,ca_introduction,,INT002350,2026-06-09,2026-06-16,rejected,,,,rejected
APP002024,JOB00773,CAN00722,CA010,ca_introduction,,INT002351,2026-06-09,2026-06-16,accepted,,,,rejected
APP002025,JOB00620,CAN00327,CA022,self_entry,ENT000651,,2026-06-09,,,2026-06-11,process_delay,pre_recommendation,withdrawn
APP002026,JOB00579,CAN00566,CA001,self_entry,ENT001090,,2026-06-09,2026-06-14,accepted,,,,placed
APP002027,JOB00576,CAN01311,CA020,self_entry,ENT002565,,2026-06-09,2026-06-17,rejected,,,,rejected
APP002028,JOB00525,CAN01396,CA018,self_entry,ENT002732,,2026-06-09,,,,,,screened_out
APP002029,JOB00657,CAN00646,CA007,ca_introduction,,INT002364,2026-06-10,2026-06-18,accepted,,,,rejected
APP002030,JOB00401,CAN00094,CA010,ca_introduction,,INT002358,2026-06-11,2026-06-16,accepted,,,,placed
APP002031,JOB00462,CAN00102,CA001,ca_introduction,,INT002360,2026-06-11,2026-06-18,rejected,,,,rejected
APP002032,JOB00023,CAN00371,CA013,ca_introduction,,INT002363,2026-06-11,2026-06-18,accepted,,,,rejected
APP002033,JOB00085,CAN00668,CA016,ca_introduction,,INT002366,2026-06-11,2026-06-17,accepted,,,,rejected
APP002034,JOB00002,CAN00796,CA021,ca_introduction,,INT002367,2026-06-11,2026-06-17,rejected,,,,rejected
APP002035,JOB00736,CAN01491,CA010,ca_introduction,,INT002369,2026-06-11,2026-06-18,accepted,,,,placed
APP002036,JOB00486,CAN00254,CA015,ca_introduction,,INT002371,2026-06-11,2026-06-18,accepted,,,,placed
APP002037,JOB00576,CAN00045,CA016,self_entry,ENT000090,,2026-06-11,2026-06-16,accepted,,,,rejected
APP002038,JOB00402,CAN01351,CA002,self_entry,ENT002631,,2026-06-11,2026-06-18,accepted,,,,rejected
APP002039,JOB00765,CAN01613,CA006,ca_introduction,,INT002374,2026-06-12,2026-06-17,accepted,,,,rejected
APP002040,JOB00577,CAN01613,CA006,ca_introduction,,INT002375,2026-06-12,2026-06-18,accepted,,,,rejected
APP002041,JOB00766,CAN01041,CA022,ca_introduction,,INT002377,2026-06-12,2026-06-17,accepted,,,,rejected
APP002042,JOB00653,CAN00932,CA020,self_entry,ENT001836,,2026-06-12,,,2026-06-15,other,pre_recommendation,withdrawn
APP002043,JOB00389,CAN01597,CA019,self_entry,ENT003110,,2026-06-12,2026-06-18,rejected,,,,rejected
APP002044,JOB00513,CAN00395,CA013,ca_introduction,,INT002376,2026-06-13,2026-06-19,accepted,,,,rejected
APP002045,JOB00515,CAN00044,CA002,ca_introduction,,INT002381,2026-06-13,2026-06-21,accepted,,,,placed
APP002046,JOB00745,CAN01398,CA018,ca_introduction,,INT002395,2026-06-13,2026-06-18,accepted,2026-06-22,other,post_recommendation,withdrawn
APP002047,JOB00027,CAN01934,CA006,ca_introduction,,INT002397,2026-06-13,2026-06-18,accepted,2026-06-25,process_delay,post_recommendation,withdrawn
APP002048,JOB00642,CAN00886,CA019,self_entry,ENT001742,,2026-06-13,,,2026-06-15,wage,pre_recommendation,withdrawn
APP002049,JOB00566,CAN01126,CA010,self_entry,ENT002216,,2026-06-13,2026-06-19,accepted,,,,rejected
APP002050,JOB00732,CAN01681,CA007,self_entry,ENT003260,,2026-06-13,,,,,,screened_out
APP002051,JOB00234,CAN00044,CA002,ca_introduction,,INT002382,2026-06-14,2026-06-21,rejected,,,,rejected
APP002052,JOB00746,CAN00068,CA007,ca_introduction,,INT002383,2026-06-14,,,2026-06-14,process_delay,pre_recommendation,withdrawn
APP002053,JOB00482,CAN00301,CA019,ca_introduction,,INT002385,2026-06-14,,,2026-06-20,process_delay,pre_recommendation,withdrawn
APP002054,JOB00699,CAN00301,CA019,ca_introduction,,INT002386,2026-06-14,2026-06-22,accepted,,,,rejected
APP002055,JOB00794,CAN01150,CA011,ca_introduction,,INT002393,2026-06-14,2026-06-21,accepted,2026-06-30,process_delay,post_recommendation,withdrawn
APP002056,JOB00645,CAN01398,CA018,ca_introduction,,INT002394,2026-06-14,,,,,,screened_out
APP002057,JOB00774,CAN01710,CA014,ca_introduction,,INT002396,2026-06-14,2026-06-19,rejected,,,,rejected
APP002058,JOB00620,CAN01160,CA017,ca_introduction,,INT002398,2026-06-14,,,2026-06-19,process_delay,pre_recommendation,withdrawn
APP002059,JOB00627,CAN00093,CA006,self_entry,ENT000202,,2026-06-14,,,,,,screened_out
APP002061,JOB00376,CAN01734,CA020,ca_introduction,,INT002400,2026-06-15,2026-06-20,rejected,,,,rejected
APP002063,JOB00152,CAN00990,CA021,ca_introduction,,INT002406,2026-06-15,2026-06-21,accepted,,,,placed
APP002064,JOB00485,CAN00482,CA006,self_entry,ENT000935,,2026-06-15,,,,,,screened_out
APP002065,JOB00423,CAN00882,CA013,self_entry,ENT001736,,2026-06-15,2026-06-21,accepted,,,,rejected
APP002067,JOB00645,CAN01160,CA017,self_entry,ENT002291,,2026-06-15,,,2026-06-16,other,pre_recommendation,withdrawn
APP002068,JOB00513,CAN01793,CA001,self_entry,ENT003463,,2026-06-15,,,2026-06-20,process_delay,pre_recommendation,withdrawn
APP002070,JOB00787,CAN00690,CA009,ca_introduction,,INT002402,2026-06-16,2026-06-24,accepted,2026-07-07,accepted_other_job,post_visit,withdrawn
APP002071,JOB00187,CAN00690,CA009,ca_introduction,,INT002403,2026-06-16,2026-06-23,accepted,,,,placed
APP002073,JOB00736,CAN01112,CA015,ca_introduction,,INT002407,2026-06-16,,,2026-06-19,wage,pre_recommendation,withdrawn
APP002074,JOB00472,CAN00312,CA008,ca_introduction,,INT002408,2026-06-16,2026-06-24,accepted,2026-06-25,process_delay,post_recommendation,withdrawn
APP002075,JOB00095,CAN00379,CA006,ca_introduction,,INT002409,2026-06-16,2026-06-20,accepted,,,,rejected
APP002076,JOB00046,CAN00945,CA018,ca_introduction,,INT002411,2026-06-16,,,2026-06-20,other,pre_recommendation,withdrawn
APP002077,JOB00689,CAN00945,CA018,ca_introduction,,INT002412,2026-06-16,2026-06-23,accepted,,,,rejected
APP002078,JOB00738,CAN00832,CA014,self_entry,ENT001634,,2026-06-16,2026-06-24,accepted,2026-07-02,other,post_recommendation,withdrawn
APP002080,JOB00455,CAN01604,CA022,self_entry,ENT003127,,2026-06-16,,,,,,screened_out
APP002082,JOB00612,CAN00740,CA006,ca_introduction,,INT002410,2026-06-17,2026-06-22,accepted,,,,placed
APP002083,JOB00401,CAN00945,CA018,ca_introduction,,INT002413,2026-06-17,2026-06-23,accepted,,,,placed
APP002084,JOB00732,CAN00032,CA014,self_entry,ENT000064,,2026-06-17,,,2026-06-21,process_delay,pre_recommendation,withdrawn
APP002085,JOB00402,CAN00100,CA011,self_entry,ENT000213,,2026-06-17,2026-06-24,accepted,,,,rejected
APP002086,JOB00776,CAN00100,CA013,self_entry,ENT000214,,2026-06-17,2026-06-22,rejected,,,,rejected
APP002087,JOB00457,CAN00474,CA016,self_entry,ENT000917,,2026-06-17,2026-06-22,accepted,,,,rejected
APP002088,JOB00362,CAN01870,CA009,self_entry,ENT003623,,2026-06-17,,,,,,screened_out
APP002089,JOB00623,CAN01887,CA020,self_entry,ENT003653,,2026-06-17,2026-06-22,rejected,,,,rejected
APP002091,JOB00525,CAN00689,CA002,ca_introduction,,INT002418,2026-06-18,2026-06-24,accepted,2026-07-05,process_delay,post_visit,withdrawn
APP002092,JOB00506,CAN01932,CA016,ca_introduction,,INT002420,2026-06-18,2026-06-24,accepted,,,,rejected
APP002093,JOB00155,CAN00722,CA010,ca_introduction,,INT002424,2026-06-18,,,,,,screened_out
APP002094,JOB00445,CAN00908,CA010,ca_introduction,,INT002425,2026-06-18,2026-06-24,accepted,,,,rejected
APP002095,JOB00634,CAN00917,CA010,ca_introduction,,INT002427,2026-06-18,2026-06-25,rejected,,,,rejected
APP002096,JOB00794,CAN01015,CA012,ca_introduction,,INT002430,2026-06-18,,,2026-06-20,process_delay,pre_recommendation,withdrawn
APP002097,JOB00371,CAN01015,CA012,ca_introduction,,INT002431,2026-06-18,2026-06-24,accepted,,,,rejected
APP002098,JOB00686,CAN00085,CA021,self_entry,ENT000176,,2026-06-18,,,,,,screened_out
APP002099,JOB00673,CAN01231,CA005,self_entry,ENT002417,,2026-06-18,,,2026-06-21,process_delay,pre_recommendation,withdrawn
APP002100,JOB00756,CAN01707,CA003,self_entry,ENT003311,,2026-06-18,,,,,,screened_out
APP002101,JOB00616,CAN01784,CA009,self_entry,ENT003444,,2026-06-18,2026-06-25,accepted,,,,placed
APP002102,JOB00612,CAN01897,CA012,self_entry,ENT003676,,2026-06-18,2026-06-26,accepted,,,,rejected
APP002103,JOB00589,CAN01897,CA012,self_entry,ENT003677,,2026-06-18,2026-06-23,rejected,,,,rejected
APP002104,JOB00005,CAN00917,CA010,ca_introduction,,INT002428,2026-06-19,2026-06-25,accepted,,,,rejected
APP002105,JOB00524,CAN01647,CA014,ca_introduction,,INT002432,2026-06-19,2026-06-21,accepted,,,,rejected
APP002106,JOB00127,CAN00574,CA004,ca_introduction,,INT002434,2026-06-19,,,2026-06-20,process_delay,pre_recommendation,withdrawn
APP002107,JOB00790,CAN00771,CA013,ca_introduction,,INT002436,2026-06-19,2026-06-24,rejected,,,,rejected
APP002108,JOB00653,CAN00309,CA016,self_entry,ENT000615,,2026-06-19,2026-06-27,accepted,,,,rejected
APP002109,JOB00735,CAN00636,CA022,self_entry,ENT001229,,2026-06-19,,,,,,screened_out
APP002110,JOB00547,CAN00659,CA012,self_entry,ENT001276,,2026-06-19,,,,,,screened_out
APP002111,JOB00598,CAN00942,CA014,self_entry,ENT001849,,2026-06-19,2026-06-25,accepted,,,,rejected
APP002112,JOB00187,CAN01133,CA006,ca_introduction,,INT002439,2026-06-20,,,,,,screened_out
APP002113,JOB00704,CAN00577,CA012,ca_introduction,,INT002442,2026-06-20,2026-06-27,accepted,2026-07-11,process_delay,post_visit,withdrawn
APP002114,JOB00513,CAN00117,CA008,self_entry,ENT000255,,2026-06-20,2026-06-26,rejected,,,,rejected
APP002115,JOB00774,CAN01467,CA009,self_entry,ENT002874,,2026-06-20,,,2026-06-21,wage,pre_recommendation,withdrawn
APP002117,JOB00651,CAN00096,CA022,ca_introduction,,INT002441,2026-06-21,,,2026-06-22,process_delay,pre_recommendation,withdrawn
APP002118,JOB00085,CAN00669,CA004,ca_introduction,,INT002443,2026-06-21,,,,,,screened_out
APP002119,JOB00568,CAN00994,CA009,ca_introduction,,INT002444,2026-06-21,2026-06-28,accepted,2026-07-07,process_delay,post_recommendation,withdrawn
APP002120,JOB00477,CAN00796,CA021,ca_introduction,,INT002447,2026-06-21,2026-06-25,accepted,,,,rejected
APP002121,JOB00256,CAN01927,CA018,ca_introduction,,INT002449,2026-06-21,2026-06-29,accepted,,,,rejected
APP002122,JOB00457,CAN00285,CA009,self_entry,ENT000570,,2026-06-21,2026-06-28,accepted,,,,placed
APP002123,JOB00483,CAN00339,CA020,self_entry,ENT000673,,2026-06-21,,,,,,screened_out
APP002126,JOB00455,CAN01616,CA009,self_entry,ENT003160,,2026-06-21,2026-06-29,accepted,,,,rejected
APP002127,JOB00259,CAN00084,CA011,ca_introduction,,INT002445,2026-06-22,2026-06-27,accepted,,,,rejected
APP002128,JOB00027,CAN01587,CA001,ca_introduction,,INT002455,2026-06-22,2026-06-29,accepted,,,,rejected
APP002130,JOB00365,CAN00166,CA017,self_entry,ENT000343,,2026-06-22,2026-06-29,rejected,,,,rejected
APP002132,JOB00506,CAN01436,CA004,self_entry,ENT002805,,2026-06-22,,,,,,screened_out
APP002133,JOB00697,CAN01537,CA021,self_entry,ENT003009,,2026-06-22,,,,,,screened_out
APP002134,JOB00217,CAN00100,CA001,ca_introduction,,INT002450,2026-06-23,2026-06-28,accepted,,,,placed
APP002135,JOB00445,CAN00667,CA020,ca_introduction,,INT002451,2026-06-23,2026-06-30,accepted,,,,placed
APP002137,JOB00752,CAN01013,CA011,ca_introduction,,INT002460,2026-06-23,2026-06-30,accepted,,,,rejected
APP002139,JOB00616,CAN00482,CA006,ca_introduction,,INT002459,2026-06-24,2026-06-29,accepted,,,,rejected
APP002140,JOB00661,CAN01398,CA018,ca_introduction,,INT002462,2026-06-24,2026-06-30,rejected,,,,rejected
APP002141,JOB00747,CAN00218,CA010,self_entry,ENT000445,,2026-06-24,2026-06-30,accepted,,,,placed
APP002142,JOB00774,CAN01680,CA021,self_entry,ENT003258,,2026-06-24,,,,,,screened_out
APP002144,JOB00488,CAN01865,CA017,self_entry,ENT003612,,2026-06-24,2026-07-02,rejected,,,,rejected
APP002145,JOB00547,CAN00992,CA015,ca_introduction,,INT002467,2026-06-25,2026-07-02,accepted,,,,placed
APP002146,JOB00401,CAN00276,CA002,ca_introduction,,INT002470,2026-06-25,,,2026-06-25,process_delay,pre_recommendation,withdrawn
APP002147,JOB00647,CAN00980,CA007,self_entry,ENT001930,,2026-06-25,2026-06-27,rejected,,,,rejected
APP002148,JOB00704,CAN01594,CA004,self_entry,ENT003105,,2026-06-25,2026-06-30,accepted,,,,rejected
APP002149,JOB00578,CAN01801,CA013,self_entry,ENT003480,,2026-06-25,,,,,,screened_out
APP002150,JOB00495,CAN01613,CA006,ca_introduction,,INT002476,2026-06-26,2026-07-02,accepted,,,,rejected
APP002151,JOB00612,CAN01719,CA016,self_entry,ENT003329,,2026-06-26,2026-06-30,accepted,,,,rejected
APP002152,JOB00774,CAN01123,CA009,ca_introduction,,INT002471,2026-06-27,2026-07-02,accepted,,,,placed
APP002153,JOB00401,CAN01123,CA009,ca_introduction,,INT002472,2026-06-27,2026-07-03,accepted,2026-07-12,accepted_other_job,post_visit,withdrawn
APP002154,JOB00647,CAN01550,CA015,ca_introduction,,INT002474,2026-06-27,2026-07-01,accepted,,,,placed
APP002155,JOB00259,CAN01550,CA015,ca_introduction,,INT002475,2026-06-27,2026-07-03,accepted,2026-07-09,accepted_other_job,post_recommendation,withdrawn
APP002156,JOB00704,CAN01836,CA016,ca_introduction,,INT002480,2026-06-27,2026-07-04,accepted,2026-07-06,process_delay,post_recommendation,withdrawn
APP002158,JOB00486,CAN01499,CA005,ca_introduction,,INT002478,2026-06-28,2026-07-04,accepted,2026-07-09,process_delay,post_recommendation,withdrawn
APP002159,JOB00625,CAN01160,CA017,ca_introduction,,INT002484,2026-06-28,2026-07-03,accepted,,,,rejected
APP002160,JOB00409,CAN01160,CA017,ca_introduction,,INT002485,2026-06-28,2026-07-04,accepted,,,,placed
APP002161,JOB00694,CAN01734,CA020,ca_introduction,,INT002488,2026-06-28,2026-07-04,accepted,,,,rejected
APP002162,JOB00673,CAN00016,CA017,self_entry,ENT000025,,2026-06-28,2026-07-05,accepted,,,,rejected
APP002163,JOB00525,CAN00505,CA016,self_entry,ENT000974,,2026-06-28,,,2026-06-30,process_delay,pre_recommendation,withdrawn
APP002164,JOB00598,CAN00800,CA020,self_entry,ENT001545,,2026-06-28,,,,,,screened_out
APP002165,JOB00410,CAN00062,CA007,ca_introduction,,INT002481,2026-06-29,2026-07-07,accepted,,,,rejected
APP002166,JOB00616,CAN00999,CA020,ca_introduction,,INT002483,2026-06-29,2026-07-04,rejected,,,,rejected
APP002167,JOB00401,CAN01257,CA003,ca_introduction,,INT002486,2026-06-29,2026-07-06,accepted,,,,rejected
APP002168,JOB00376,CAN01834,CA012,ca_introduction,,INT002489,2026-06-29,,,,,,screened_out
APP002169,JOB00369,CAN00242,CA001,ca_introduction,,INT002490,2026-06-29,2026-07-05,accepted,,,,rejected
APP002170,JOB00472,CAN00242,CA001,ca_introduction,,INT002491,2026-06-29,2026-07-05,accepted,,,,rejected
APP002171,JOB00736,CAN01820,CA013,ca_introduction,,INT002493,2026-06-29,2026-07-04,accepted,,,,placed
APP002172,JOB00488,CAN00055,CA008,self_entry,ENT000102,,2026-06-29,2026-07-03,accepted,2026-07-04,process_delay,post_recommendation,withdrawn
APP002176,JOB00790,CAN01863,CA005,self_entry,ENT003611,,2026-06-29,2026-07-07,accepted,2026-07-17,other,post_recommendation,withdrawn
APP002177,JOB00727,CAN00044,CA002,ca_introduction,,INT002496,2026-06-30,,,2026-06-30,process_delay,pre_recommendation,withdrawn
APP002178,JOB00505,CAN00908,CA010,ca_introduction,,INT002497,2026-06-30,2026-07-06,accepted,,,,rejected
APP002179,JOB00401,CAN01671,CA014,ca_introduction,,INT002499,2026-06-30,,,,,,screened_out
APP002180,JOB00774,CAN01671,CA014,ca_introduction,,INT002500,2026-06-30,2026-07-07,accepted,,,,rejected
APP002181,JOB00465,CAN00205,CA018,self_entry,ENT000415,,2026-06-30,,,2026-07-04,process_delay,pre_recommendation,withdrawn
APP002182,JOB00440,CAN00243,CA001,self_entry,ENT000493,,2026-06-30,,,,,,screened_out
APP002183,JOB00664,CAN00245,CA010,self_entry,ENT000499,,2026-06-30,,,,,,screened_out
APP002185,JOB00598,CAN00917,CA010,ca_introduction,,INT002501,2026-07-01,2026-07-06,accepted,,,,rejected
APP002186,JOB00360,CAN00917,CA010,ca_introduction,,INT002502,2026-07-01,,,2026-07-05,process_delay,pre_recommendation,withdrawn
APP002187,JOB00557,CAN00157,CA006,self_entry,ENT000326,,2026-07-01,,,2026-07-08,other,pre_recommendation,withdrawn
APP002188,JOB00704,CAN01220,CA005,self_entry,ENT002395,,2026-07-01,,,,,,screened_out
APP002189,JOB00085,CAN00339,CA019,ca_introduction,,INT002506,2026-07-02,2026-07-08,rejected,,,,rejected
APP002190,JOB00398,CAN00339,CA019,ca_introduction,,INT002507,2026-07-02,2026-07-08,rejected,,,,rejected
APP002191,JOB00073,CAN01010,CA002,ca_introduction,,INT002509,2026-07-02,2026-07-08,accepted,,,,placed
APP002192,JOB00578,CAN00276,CA002,self_entry,ENT000555,,2026-07-02,,,2026-07-07,process_delay,pre_recommendation,withdrawn
APP002193,JOB00457,CAN00663,CA005,self_entry,ENT001284,,2026-07-02,,,,,,screened_out
APP002194,JOB00664,CAN00907,CA009,self_entry,ENT001781,,2026-07-02,2026-07-08,accepted,2026-07-24,process_delay,post_visit,withdrawn
APP002195,JOB00379,CAN01821,CA002,self_entry,ENT003531,,2026-07-02,,,,,,screened_out
APP002196,JOB00578,CAN01822,CA003,self_entry,ENT003536,,2026-07-02,2026-07-07,accepted,2026-07-16,process_delay,post_recommendation,withdrawn
APP002197,JOB00577,CAN00058,CA009,ca_introduction,,INT002505,2026-07-03,2026-07-10,accepted,,,,rejected
APP002198,JOB00524,CAN01010,CA002,ca_introduction,,INT002508,2026-07-03,2026-07-08,accepted,2026-07-18,accepted_other_job,post_recommendation,withdrawn
APP002199,JOB00371,CAN00954,CA021,ca_introduction,,INT002515,2026-07-03,2026-07-08,rejected,,,,rejected
APP002200,JOB00623,CAN01557,CA015,ca_introduction,,INT002525,2026-07-03,,,,,,screened_out
APP002202,JOB00778,CAN00511,CA010,self_entry,ENT000991,,2026-07-03,,,,,,screened_out
APP002203,JOB00787,CAN00710,CA014,self_entry,ENT001376,,2026-07-03,2026-07-10,rejected,,,,rejected
APP002204,JOB00794,CAN01174,CA016,self_entry,ENT002315,,2026-07-03,2026-07-09,accepted,2026-07-15,process_delay,post_recommendation,withdrawn
APP002205,JOB00549,CAN01220,CA005,self_entry,ENT002396,,2026-07-03,,,,,,screened_out
APP002207,JOB00578,CAN01611,CA003,self_entry,ENT003143,,2026-07-03,2026-07-08,accepted,,,,placed
APP002208,JOB00485,CAN01630,CA022,self_entry,ENT003183,,2026-07-03,2026-07-08,rejected,,,,rejected
APP002210,JOB00360,CAN00528,CA001,ca_introduction,,INT002512,2026-07-04,2026-07-09,accepted,,,,rejected
APP002211,JOB00410,CAN00851,CA013,ca_introduction,,INT002514,2026-07-04,,,,,,screened_out
APP002212,JOB00085,CAN00954,CA021,ca_introduction,,INT002516,2026-07-04,2026-07-10,accepted,,,,rejected
APP002213,JOB00462,CAN01126,CA010,ca_introduction,,INT002517,2026-07-04,2026-07-11,accepted,,,,rejected
APP002214,JOB00567,CAN01126,CA010,ca_introduction,,INT002518,2026-07-04,,,,,,screened_out
APP002215,JOB00485,CAN01133,CA006,ca_introduction,,INT002519,2026-07-04,2026-07-09,rejected,,,,rejected
APP002216,JOB00282,CAN01133,CA006,ca_introduction,,INT002520,2026-07-04,2026-07-09,accepted,2026-07-19,other,post_visit,withdrawn
APP002217,JOB00647,CAN00707,CA015,ca_introduction,,INT002527,2026-07-04,2026-07-10,accepted,,,,rejected
APP002218,JOB00101,CAN01515,CA013,ca_introduction,,INT002528,2026-07-04,2026-07-10,accepted,2026-07-16,process_delay,post_recommendation,withdrawn
APP002219,JOB00485,CAN00820,CA003,self_entry,ENT001600,,2026-07-04,,,,,,screened_out
APP002220,JOB00488,CAN01811,CA008,self_entry,ENT003498,,2026-07-04,2026-07-10,accepted,2026-07-19,other,post_recommendation,withdrawn
APP002221,JOB00534,CAN01515,CA013,ca_introduction,,INT002529,2026-07-05,2026-07-12,accepted,,,,placed
APP002222,JOB00688,CAN01819,CA018,ca_introduction,,INT002531,2026-07-05,,,,,,screened_out
APP002223,JOB00791,CAN01863,CA005,ca_introduction,,INT002532,2026-07-05,2026-07-11,accepted,,,,placed
APP002224,JOB00536,CAN00456,CA019,self_entry,ENT000891,,2026-07-05,,,,,,screened_out
APP002226,JOB00680,CAN01249,CA008,self_entry,ENT002453,,2026-07-05,,,,,,screened_out
APP002227,JOB00704,CAN01255,CA017,self_entry,ENT002464,,2026-07-05,2026-07-11,rejected,,,,rejected
APP002228,JOB00593,CAN01257,CA003,self_entry,ENT002471,,2026-07-05,2026-07-12,accepted,2026-07-23,process_delay,post_recommendation,withdrawn
APP002229,JOB00046,CAN01150,CA011,ca_introduction,,INT002530,2026-07-06,2026-07-12,accepted,,,,rejected
APP002230,JOB00771,CAN00467,CA007,ca_introduction,,INT002535,2026-07-06,2026-07-12,accepted,,,,placed
APP002231,JOB00175,CAN00467,CA007,ca_introduction,,INT002536,2026-07-06,,,2026-07-10,process_delay,pre_recommendation,withdrawn
APP002232,JOB00766,CAN00903,CA022,ca_introduction,,INT002538,2026-07-06,,,,,,screened_out
APP002235,JOB00673,CAN01207,CA011,self_entry,ENT002372,,2026-07-06,,,,,,screened_out
APP002236,JOB00604,CAN01893,CA007,self_entry,ENT003666,,2026-07-06,2026-07-11,accepted,2026-07-12,process_delay,post_recommendation,withdrawn
APP002237,JOB00409,CAN01672,CA020,ca_introduction,,INT002542,2026-07-07,2026-07-11,accepted,,,,placed
APP002238,JOB00567,CAN00838,CA014,self_entry,ENT001653,,2026-07-07,2026-07-12,rejected,,,,rejected
APP002239,JOB00568,CAN00954,CA021,self_entry,ENT001882,,2026-07-07,,,,,,screened_out
APP002240,JOB00747,CAN01142,CA018,self_entry,ENT002258,,2026-07-07,,,2026-07-11,other,pre_recommendation,withdrawn
APP002241,JOB00745,CAN01186,CA016,self_entry,ENT002334,,2026-07-07,,,,,,screened_out
APP002242,JOB00347,CAN00980,CA019,ca_introduction,,INT002540,2026-07-08,2026-07-16,accepted,,,,placed
APP002243,JOB00601,CAN00243,CA007,ca_introduction,,INT002543,2026-07-08,,,,,,screened_out
APP002244,JOB00782,CAN01579,CA009,ca_introduction,,INT002545,2026-07-08,2026-07-14,accepted,2026-07-22,process_delay,post_recommendation,withdrawn
APP002245,JOB00386,CAN01604,CA022,ca_introduction,,INT002547,2026-07-08,2026-07-15,rejected,,,,rejected
APP002247,JOB00754,CAN00276,CA002,self_entry,ENT000558,,2026-07-08,,,,,,screened_out
APP002248,JOB00583,CAN00620,CA013,self_entry,ENT001195,,2026-07-08,2026-07-15,accepted,,,,placed
APP002249,JOB00457,CAN00966,CA012,self_entry,ENT001901,,2026-07-08,2026-07-13,rejected,,,,rejected
APP002250,JOB00568,CAN01111,CA004,self_entry,ENT002191,,2026-07-08,,,,,,screened_out
APP002251,JOB00778,CAN01288,CA001,self_entry,ENT002519,,2026-07-08,2026-07-14,accepted,2026-07-20,wage,post_recommendation,withdrawn
APP002252,JOB00415,CAN01331,CA008,self_entry,ENT002594,,2026-07-08,,,,,,screened_out
APP002253,JOB00792,CAN01730,CA006,self_entry,ENT003351,,2026-07-08,,,,,,screened_out
APP002254,JOB00508,CAN01579,CA009,ca_introduction,,INT002544,2026-07-09,2026-07-14,accepted,,,,placed
APP002255,JOB00345,CAN01733,CA001,ca_introduction,,INT002548,2026-07-09,2026-07-16,accepted,,,,placed
APP002256,JOB00046,CAN00482,CA006,ca_introduction,,INT002549,2026-07-09,2026-07-16,accepted,2026-07-22,wage,post_recommendation,withdrawn
APP002257,JOB00542,CAN00001,CA020,self_entry,ENT000001,,2026-07-09,2026-07-15,rejected,,,,rejected
APP002258,JOB00704,CAN00001,CA020,self_entry,ENT000003,,2026-07-09,2026-07-16,accepted,,,,rejected
APP002260,JOB00598,CAN01255,CA017,self_entry,ENT002465,,2026-07-09,2026-07-14,accepted,,,,rejected
APP002262,JOB00535,CAN00229,CA017,ca_introduction,,INT002550,2026-07-10,,,,,,screened_out
APP002263,JOB00129,CAN00773,CA007,ca_introduction,,INT002552,2026-07-10,2026-07-18,accepted,,,,placed
APP002264,JOB00404,CAN01379,CA007,ca_introduction,,INT002553,2026-07-10,,,,,,screened_out
APP002265,JOB00460,CAN00162,CA013,self_entry,ENT000337,,2026-07-10,2026-07-17,accepted,,,,rejected
APP002266,JOB00433,CAN00574,CA004,ca_introduction,,INT002551,2026-07-11,2026-07-18,rejected,,,,rejected
APP002267,JOB00486,CAN01671,CA014,ca_introduction,,INT002555,2026-07-11,2026-07-19,accepted,,,,placed
APP002268,JOB00404,CAN01853,CA011,ca_introduction,,INT002557,2026-07-11,2026-07-17,accepted,,,,placed
APP002269,JOB00457,CAN01077,CA006,self_entry,ENT002117,,2026-07-11,,,2026-07-13,other,pre_recommendation,withdrawn
APP002270,JOB00611,CAN01249,CA008,ca_introduction,,INT002556,2026-07-12,2026-07-19,accepted,2026-08-02,process_delay,post_visit,withdrawn
APP002271,JOB00652,CAN01703,CA003,ca_introduction,,INT002560,2026-07-12,,,2026-07-16,other,pre_recommendation,withdrawn
APP002272,JOB00736,CAN00192,CA007,self_entry,ENT000398,,2026-07-12,,,,,,screened_out
APP002273,JOB00356,CAN00312,CA008,self_entry,ENT000622,,2026-07-12,,,2026-07-12,process_delay,pre_recommendation,withdrawn
APP002275,JOB00679,CAN01703,CA003,ca_introduction,,INT002561,2026-07-13,,,,,,screened_out
APP002276,JOB00567,CAN00342,CA013,self_entry,ENT000680,,2026-07-13,,,,,,screened_out
APP002277,JOB00697,CAN01380,CA012,self_entry,ENT002686,,2026-07-13,,,,,,screened_out
APP002279,JOB00792,CAN01176,CA018,ca_introduction,,INT002564,2026-07-14,2026-07-21,accepted,2026-08-03,other,post_recommendation,withdrawn
APP002280,JOB00725,CAN01762,CA007,ca_introduction,,INT002565,2026-07-14,,,2026-07-19,other,pre_recommendation,withdrawn
APP002281,JOB00695,CAN00212,CA009,ca_introduction,,INT002566,2026-07-14,2026-07-20,accepted,,,,rejected
APP002282,JOB00175,CAN00212,CA009,ca_introduction,,INT002567,2026-07-14,2026-07-21,accepted,,,,rejected
APP002283,JOB00664,CAN00290,CA013,self_entry,ENT000578,,2026-07-14,,,,,,screened_out
APP002284,JOB00506,CAN00549,CA022,self_entry,ENT001057,,2026-07-14,,,,,,screened_out
APP002285,JOB00598,CAN01923,CA003,self_entry,ENT003732,,2026-07-14,2026-07-22,accepted,,,,rejected
APP002286,JOB00488,CAN01330,CA007,ca_introduction,,INT002571,2026-07-15,2026-07-22,accepted,,,,placed
APP002287,JOB00486,CAN01330,CA007,ca_introduction,,INT002572,2026-07-15,2026-07-20,accepted,2026-08-05,accepted_other_job,post_visit,withdrawn
APP002290,JOB00664,CAN00992,CA015,ca_introduction,,INT002582,2026-07-15,,,2026-07-17,accepted_other_job,pre_recommendation,withdrawn
APP002291,JOB00085,CAN01883,CA015,ca_introduction,,INT002585,2026-07-15,2026-07-18,accepted,,,,rejected
APP002292,JOB00490,CAN00691,CA018,self_entry,ENT001343,,2026-07-15,,,,,,screened_out
APP002293,JOB00775,CAN00707,CA015,self_entry,ENT001374,,2026-07-15,2026-07-20,rejected,,,,rejected
APP002294,JOB00375,CAN00907,CA009,self_entry,ENT001777,,2026-07-15,,,2026-07-15,process_delay,pre_recommendation,withdrawn
APP002295,JOB00085,CAN00464,CA005,ca_introduction,,INT002578,2026-07-16,,,,,,screened_out
APP002296,JOB00796,CAN00919,CA017,ca_introduction,,INT002581,2026-07-16,2026-07-22,accepted,,,,placed
APP002297,JOB00792,CAN01010,CA002,ca_introduction,,INT002583,2026-07-16,,,2026-07-18,accepted_other_job,pre_recommendation,withdrawn
APP002298,JOB00775,CAN00954,CA021,ca_introduction,,INT002587,2026-07-16,2026-07-23,rejected,,,,rejected
APP002299,JOB00547,CAN01255,CA017,ca_introduction,,INT002588,2026-07-16,2026-07-21,rejected,,,,rejected
APP002300,JOB00566,CAN00261,CA008,self_entry,ENT000526,,2026-07-16,,,,,,screened_out
APP002301,JOB00704,CAN00467,CA007,self_entry,ENT000905,,2026-07-16,,,2026-07-23,accepted_other_job,pre_recommendation,withdrawn
APP002302,JOB00505,CAN01339,CA006,ca_introduction,,INT002596,2026-07-17,2026-07-23,accepted,2026-07-29,wage,post_recommendation,withdrawn
APP002303,JOB00568,CAN00622,CA012,self_entry,ENT001197,,2026-07-17,,,,,,screened_out
APP002304,JOB00768,CAN01172,CA016,self_entry,ENT002312,,2026-07-17,,,,,,screened_out
APP002305,JOB00408,CAN01939,CA021,self_entry,ENT003762,,2026-07-17,2026-07-23,rejected,,,,rejected
APP002306,JOB00532,CAN00440,CA007,ca_introduction,,INT002592,2026-07-18,2026-07-25,accepted,,,,rejected
APP002307,JOB00415,CAN01320,CA016,ca_introduction,,INT002595,2026-07-18,2026-07-23,accepted,,,,rejected
APP002308,JOB00490,CAN01634,CA018,ca_introduction,,INT002598,2026-07-18,2026-07-25,accepted,,,,rejected
APP002309,JOB00361,CAN00355,CA017,ca_introduction,,INT002599,2026-07-18,,,,,,screened_out
APP002310,JOB00256,CAN01009,CA017,ca_introduction,,INT002600,2026-07-18,,,,,,screened_out
APP002312,JOB00736,CAN00056,CA021,self_entry,ENT000104,,2026-07-18,2026-07-25,accepted,,,,rejected
APP002313,JOB00545,CAN00660,CA002,self_entry,ENT001278,,2026-07-18,2026-07-24,accepted,2026-07-28,process_delay,post_recommendation,withdrawn
APP002314,JOB00369,CAN01349,CA014,self_entry,ENT002626,,2026-07-18,2026-07-26,accepted,,,,placed
APP002316,JOB00791,CAN01948,CA014,ca_introduction,,INT002604,2026-07-19,,,2026-07-24,process_delay,pre_recommendation,withdrawn
APP002317,JOB00410,CAN01948,CA014,ca_introduction,,INT002605,2026-07-19,2026-07-24,accepted,,,,placed
APP002319,JOB00736,CAN01244,CA012,self_entry,ENT002448,,2026-07-19,,,,,,screened_out
APP002320,JOB00397,CAN01402,CA010,self_entry,ENT002743,,2026-07-19,,,,,,screened_out
APP002321,JOB00647,CAN00905,CA022,ca_introduction,,INT002606,2026-07-20,2026-07-26,accepted,,,,rejected
APP002322,JOB00633,CAN00908,CA010,ca_introduction,,INT002607,2026-07-20,,,2026-07-20,other,pre_recommendation,withdrawn
APP002323,JOB00752,CAN00491,CA020,ca_introduction,,INT002611,2026-07-20,2026-07-26,accepted,,,,rejected
APP002324,JOB00786,CAN01394,CA013,ca_introduction,,INT002613,2026-07-20,,,2026-07-20,wage,pre_recommendation,withdrawn
APP002325,JOB00369,CAN00277,CA017,self_entry,ENT000559,,2026-07-20,2026-07-27,accepted,,,,rejected
APP002326,JOB00465,CAN00707,CA015,self_entry,ENT001373,,2026-07-20,2026-07-27,rejected,,,,rejected
APP002327,JOB00746,CAN01207,CA011,self_entry,ENT002375,,2026-07-20,2026-07-25,accepted,,,,placed
APP002328,JOB00736,CAN01671,CA014,self_entry,ENT003247,,2026-07-20,2026-07-26,accepted,2026-07-31,accepted_other_job,post_recommendation,withdrawn
APP002329,JOB00333,CAN00242,CA001,ca_introduction,,INT002609,2026-07-21,2026-07-27,accepted,,,,rejected
APP002330,JOB00401,CAN00491,CA020,ca_introduction,,INT002610,2026-07-21,2026-07-27,accepted,2026-08-07,process_delay,post_visit,withdrawn
APP002331,JOB00402,CAN01394,CA013,ca_introduction,,INT002612,2026-07-21,2026-07-26,accepted,,,,placed
APP002332,JOB00786,CAN01852,CA019,ca_introduction,,INT002614,2026-07-21,2026-07-28,accepted,,,,rejected
APP002333,JOB00679,CAN00903,CA022,ca_introduction,,INT002615,2026-07-21,2026-07-27,accepted,,,,rejected
APP002334,JOB00513,CAN01499,CA005,ca_introduction,,INT002617,2026-07-21,2026-07-27,accepted,,,,placed
APP002335,JOB00796,CAN01875,CA007,ca_introduction,,INT002618,2026-07-21,2026-07-27,accepted,2026-08-12,process_delay,post_visit,withdrawn
APP002336,JOB00482,CAN00061,CA008,self_entry,ENT000118,,2026-07-21,,,,,,screened_out
APP002338,JOB00787,CAN00810,CA009,self_entry,ENT001571,,2026-07-21,,,,,,screened_out
APP002339,JOB00746,CAN01100,CA004,self_entry,ENT002169,,2026-07-21,,,2026-07-23,process_delay,pre_recommendation,withdrawn
APP002340,JOB00433,CAN01149,CA021,self_entry,ENT002270,,2026-07-21,,,,,,screened_out
APP002341,JOB00520,CAN01472,CA013,self_entry,ENT002884,,2026-07-21,,,,,,screened_out
APP002342,JOB00433,CAN01587,CA001,self_entry,ENT003090,,2026-07-21,,,,,,screened_out
APP002343,JOB00542,CAN01887,CA020,self_entry,ENT003654,,2026-07-21,,,,,,screened_out
APP002344,JOB00462,CAN01186,CA016,ca_introduction,,INT002616,2026-07-22,2026-07-26,accepted,2026-07-27,process_delay,post_recommendation,withdrawn
APP002345,JOB00645,CAN01875,CA007,ca_introduction,,INT002620,2026-07-22,2026-07-28,accepted,,,,rejected
APP002346,JOB00347,CAN00624,CA003,ca_introduction,,INT002623,2026-07-22,2026-07-28,accepted,2026-08-10,process_delay,post_visit,withdrawn
APP002347,JOB00604,CAN00691,CA018,ca_introduction,,INT002625,2026-07-22,2026-07-29,accepted,,,,placed
APP002348,JOB00695,CAN00021,CA005,self_entry,ENT000039,,2026-07-22,2026-07-28,accepted,,,,placed
APP002349,JOB00692,CAN00983,CA003,self_entry,ENT001933,,2026-07-22,,,,,,screened_out
APP002350,JOB00721,CAN01377,CA008,self_entry,ENT002679,,2026-07-22,,,,,,screened_out
APP002351,JOB00467,CAN00240,CA022,ca_introduction,,INT002621,2026-07-23,2026-07-29,rejected,,,,rejected
APP002352,JOB00524,CAN00855,CA013,ca_introduction,,INT002626,2026-07-23,,,2026-07-27,process_delay,pre_recommendation,withdrawn
APP002353,JOB00566,CAN00062,CA007,self_entry,ENT000123,,2026-07-23,2026-07-29,rejected,,,,rejected
APP002354,JOB00575,CAN01000,CA016,self_entry,ENT001968,,2026-07-23,,,2026-07-23,process_delay,pre_recommendation,withdrawn
APP002355,JOB00768,CAN01604,CA022,self_entry,ENT003130,,2026-07-23,2026-07-29,rejected,,,,rejected
APP002356,JOB00046,CAN01671,CA014,ca_introduction,,INT002630,2026-07-24,2026-07-31,accepted,2026-07-31,accepted_other_job,post_recommendation,withdrawn
APP002357,JOB00488,CAN01671,CA014,ca_introduction,,INT002631,2026-07-24,2026-07-30,accepted,2026-07-31,accepted_other_job,post_recommendation,withdrawn
APP002358,JOB00547,CAN00243,CA007,ca_introduction,,INT002632,2026-07-24,2026-07-30,rejected,,,,rejected
APP002359,JOB00553,CAN00851,CA013,ca_introduction,,INT002635,2026-07-24,2026-07-31,rejected,,,,rejected
APP002360,JOB00775,CAN00085,CA021,self_entry,ENT000175,,2026-07-24,2026-07-30,accepted,,,,rejected
APP002361,JOB00617,CAN00129,CA001,self_entry,ENT000272,,2026-07-24,,,,,,screened_out
APP002362,JOB00775,CAN00159,CA010,self_entry,ENT000332,,2026-07-24,2026-08-01,rejected,,,,rejected
APP002363,JOB00692,CAN00326,CA008,self_entry,ENT000648,,2026-07-24,2026-07-30,rejected,,,,rejected
APP002364,JOB00770,CAN00919,CA017,self_entry,ENT001805,,2026-07-24,2026-07-31,accepted,2026-08-08,accepted_other_job,post_recommendation,withdrawn
APP002365,JOB00505,CAN00851,CA013,ca_introduction,,INT002634,2026-07-25,2026-07-30,accepted,2026-08-18,other,post_visit,withdrawn
APP002366,JOB00734,CAN01427,CA001,ca_introduction,,INT002637,2026-07-25,2026-07-30,rejected,,,,rejected
APP002367,JOB00688,CAN01579,CA009,ca_introduction,,INT002638,2026-07-25,,,2026-07-28,accepted_other_job,pre_recommendation,withdrawn
APP002368,JOB00470,CAN01579,CA009,ca_introduction,,INT002639,2026-07-25,,,2026-07-28,accepted_other_job,pre_recommendation,withdrawn
APP002369,JOB00728,CAN00475,CA001,ca_introduction,,INT002640,2026-07-25,2026-08-01,accepted,,,,placed
APP002371,JOB00433,CAN00145,CA004,self_entry,ENT000295,,2026-07-25,,,2026-07-26,process_delay,pre_recommendation,withdrawn
APP002372,JOB00369,CAN00486,CA014,self_entry,ENT000944,,2026-07-25,2026-07-30,accepted,,,,placed
APP002373,JOB00446,CAN01026,CA002,self_entry,ENT002032,,2026-07-25,2026-08-01,accepted,,,,rejected
APP002374,JOB00737,CAN01455,CA012,self_entry,ENT002840,,2026-07-25,2026-07-31,rejected,,,,rejected
APP002375,JOB00664,CAN00785,CA008,self_entry,ENT001514,,2026-07-26,2026-08-02,accepted,,,,rejected
APP002376,JOB00775,CAN00800,CA020,self_entry,ENT001547,,2026-07-26,2026-08-02,rejected,,,,rejected
APP002377,JOB00410,CAN00907,CA009,self_entry,ENT001778,,2026-07-26,2026-07-31,accepted,2026-08-10,other,post_recommendation,withdrawn
APP002378,JOB00545,CAN01083,CA002,self_entry,ENT002132,,2026-07-26,2026-08-02,accepted,,,,rejected
APP002379,JOB00506,CAN01244,CA012,self_entry,ENT002447,,2026-07-26,2026-08-02,rejected,,,,rejected
APP002380,JOB00470,CAN01634,CA018,ca_introduction,,INT002650,2026-07-27,2026-08-03,accepted,,,,placed
APP002381,JOB00578,CAN01006,CA020,self_entry,ENT001982,,2026-07-27,,,,,,screened_out
APP002382,JOB00446,CAN01190,CA022,self_entry,ENT002340,,2026-07-27,2026-08-01,accepted,,,,placed
APP002383,JOB00575,CAN01604,CA022,self_entry,ENT003131,,2026-07-27,2026-08-03,rejected,,,,rejected
APP002384,JOB00729,CAN01771,CA013,self_entry,ENT003425,,2026-07-27,,,2026-07-29,process_delay,pre_recommendation,withdrawn
APP002385,JOB00588,CAN01946,CA001,self_entry,ENT003780,,2026-07-27,,,2026-07-27,process_delay,pre_recommendation,withdrawn
APP002386,JOB00063,CAN00592,CA014,ca_introduction,,INT002646,2026-07-28,,,,,,screened_out
APP002387,JOB00752,CAN01330,CA007,ca_introduction,,INT002647,2026-07-28,2026-08-03,accepted,2026-08-05,accepted_other_job,post_recommendation,withdrawn
APP002388,JOB00575,CAN01368,CA007,ca_introduction,,INT002648,2026-07-28,2026-08-01,accepted,,,,placed
APP002389,JOB00063,CAN00279,CA014,ca_introduction,,INT002654,2026-07-28,2026-08-03,rejected,,,,rejected
APP002390,JOB00711,CAN00429,CA002,ca_introduction,,INT002657,2026-07-28,,,2026-07-30,process_delay,pre_recommendation,withdrawn
APP002392,JOB00490,CAN00440,CA007,self_entry,ENT000858,,2026-07-28,2026-08-03,accepted,,,,placed
APP002393,JOB00508,CAN01284,CA020,self_entry,ENT002513,,2026-07-28,2026-08-04,accepted,,,,placed
APP002394,JOB00593,CAN01950,CA018,self_entry,ENT003787,,2026-07-28,,,2026-08-02,wage,pre_recommendation,withdrawn
APP002395,JOB00505,CAN00429,CA002,ca_introduction,,INT002656,2026-07-29,2026-08-05,accepted,,,,placed
APP002396,JOB00472,CAN01377,CA008,ca_introduction,,INT002659,2026-07-29,,,,,,screened_out
APP002397,JOB00085,CAN00486,CA014,ca_introduction,,INT002660,2026-07-29,2026-08-05,rejected,,,,rejected
APP002398,JOB00384,CAN01128,CA015,ca_introduction,,INT002661,2026-07-29,2026-08-04,accepted,2026-08-15,process_delay,post_recommendation,withdrawn
APP002399,JOB00673,CAN01379,CA007,ca_introduction,,INT002662,2026-07-29,2026-08-03,accepted,2026-08-05,process_delay,post_recommendation,withdrawn
APP002400,JOB00063,CAN01555,CA022,ca_introduction,,INT002664,2026-07-29,2026-08-05,accepted,2026-08-11,other,post_recommendation,withdrawn
APP002401,JOB00524,CAN00404,CA007,self_entry,ENT000787,,2026-07-29,2026-08-02,accepted,,,,placed
APP002402,JOB00536,CAN00691,CA018,self_entry,ENT001340,,2026-07-29,,,,,,screened_out
APP002403,JOB00687,CAN01090,CA007,self_entry,ENT002143,,2026-07-29,2026-08-05,rejected,,,,rejected
APP002405,JOB00670,CAN01379,CA007,ca_introduction,,INT002663,2026-07-30,2026-08-07,accepted,2026-08-17,other,post_recommendation,withdrawn
APP002406,JOB00086,CAN01604,CA022,ca_introduction,,INT002666,2026-07-30,,,,,,screened_out
APP002407,JOB00096,CAN01944,CA019,ca_introduction,,INT002668,2026-07-30,2026-08-05,accepted,2026-08-11,process_delay,post_recommendation,withdrawn
APP002408,JOB00575,CAN01055,CA003,self_entry,ENT002078,,2026-07-30,2026-08-07,accepted,,,,placed
APP002409,JOB00480,CAN01407,CA007,self_entry,ENT002755,,2026-07-30,,,2026-07-31,process_delay,pre_recommendation,withdrawn
APP002411,JOB00441,CAN01810,CA021,self_entry,ENT003493,,2026-07-30,,,2026-08-04,process_delay,pre_recommendation,withdrawn
APP002412,JOB00376,CAN00483,CA021,ca_introduction,,INT002669,2026-07-31,2026-08-07,accepted,,,,placed
APP002413,JOB00490,CAN00483,CA021,ca_introduction,,INT002670,2026-08-01,2026-08-09,accepted,2026-08-21,accepted_other_job,post_visit,withdrawn
APP002414,JOB00036,CAN00815,CA005,ca_introduction,,INT002672,2026-08-01,2026-08-06,rejected,,,,rejected
APP002415,JOB00321,CAN01716,CA022,ca_introduction,,INT002676,2026-08-01,2026-08-08,accepted,2026-08-12,wage,post_recommendation,withdrawn
APP002416,JOB00684,CAN00081,CA007,ca_introduction,,INT002678,2026-08-01,2026-08-08,accepted,,,,placed
APP002417,JOB00138,CAN00372,CA004,ca_introduction,,INT002680,2026-08-01,2026-08-08,accepted,,,,rejected
APP002418,JOB00482,CAN00448,CA004,ca_introduction,,INT002682,2026-08-01,2026-08-08,rejected,,,,rejected
APP002419,JOB00259,CAN01349,CA014,ca_introduction,,INT002686,2026-08-01,2026-08-07,rejected,,,,rejected
APP002420,JOB00754,CAN00408,CA015,self_entry,ENT000795,,2026-08-01,,,,,,screened_out
APP002421,JOB00664,CAN00612,CA022,self_entry,ENT001179,,2026-08-01,,,,,,screened_out
APP002422,JOB00790,CAN00831,CA016,self_entry,ENT001630,,2026-08-01,2026-08-09,rejected,,,,rejected
APP002423,JOB00684,CAN01793,CA001,self_entry,ENT003462,,2026-08-01,2026-08-05,accepted,,,,placed
APP002424,JOB00575,CAN00612,CA022,ca_introduction,,INT002683,2026-08-02,,,,,,screened_out
APP002425,JOB00421,CAN00155,CA002,ca_introduction,,INT002690,2026-08-02,2026-08-09,accepted,,,,placed
APP002427,JOB00547,CAN00778,CA008,ca_introduction,,INT002693,2026-08-02,,,2026-08-08,other,pre_recommendation,withdrawn
APP002428,JOB00379,CAN00989,CA019,ca_introduction,,INT002694,2026-08-02,2026-08-08,rejected,,,,rejected
APP002429,JOB00559,CAN00173,CA006,self_entry,ENT000356,,2026-08-02,2026-08-09,rejected,,,,rejected
APP002430,JOB00356,CAN00675,CA019,self_entry,ENT001309,,2026-08-02,,,,,,screened_out
APP002432,JOB00410,CAN00741,CA017,self_entry,ENT001434,,2026-08-02,2026-08-07,rejected,,,,rejected
APP002433,JOB00760,CAN00797,CA016,self_entry,ENT001536,,2026-08-02,,,2026-08-02,other,pre_recommendation,withdrawn
APP002434,JOB00503,CAN01430,CA013,self_entry,ENT002794,,2026-08-02,2026-08-07,accepted,,,,rejected
APP002435,JOB00578,CAN01716,CA022,self_entry,ENT003323,,2026-08-02,,,,,,screened_out
APP002436,JOB00476,CAN00989,CA019,ca_introduction,,INT002695,2026-08-03,2026-08-08,accepted,,,,placed
APP002437,JOB00513,CAN01249,CA008,ca_introduction,,INT002697,2026-08-03,2026-08-09,rejected,,,,rejected
APP002438,JOB00063,CAN01474,CA022,ca_introduction,,INT002698,2026-08-03,2026-08-09,accepted,2026-08-11,process_delay,post_recommendation,withdrawn
APP002439,JOB00187,CAN00555,CA015,ca_introduction,,INT002703,2026-08-03,,,,,,screened_out
APP002440,JOB00704,CAN00835,CA002,ca_introduction,,INT002706,2026-08-03,2026-08-08,accepted,,,,placed
APP002441,JOB00779,CAN00835,CA002,ca_introduction,,INT002707,2026-08-03,2026-08-10,accepted,,,,rejected
APP002444,JOB00721,CAN00705,CA014,self_entry,ENT001369,,2026-08-03,,,,,,screened_out
APP002446,JOB00386,CAN01266,CA002,self_entry,ENT002481,,2026-08-03,2026-08-10,accepted,2026-08-15,wage,post_recommendation,withdrawn
APP002447,JOB00557,CAN01850,CA001,self_entry,ENT003585,,2026-08-03,2026-08-09,accepted,,,,rejected
APP002448,JOB00679,CAN00555,CA015,ca_introduction,,INT002702,2026-08-04,2026-08-11,accepted,2026-08-23,accepted_other_job,post_visit,withdrawn
APP002449,JOB00547,CAN00555,CA015,ca_introduction,,INT002704,2026-08-04,2026-08-10,accepted,,,,placed
APP002450,JOB00756,CAN01006,CA020,ca_introduction,,INT002709,2026-08-04,,,,,,screened_out
APP002451,JOB00704,CAN00552,CA013,ca_introduction,,INT002712,2026-08-04,,,2026-08-06,process_delay,pre_recommendation,withdrawn
APP002452,JOB00754,CAN00552,CA013,ca_introduction,,INT002713,2026-08-04,2026-08-10,rejected,,,,rejected
APP002454,JOB00784,CAN01216,CA015,self_entry,ENT002386,,2026-08-04,,,2026-08-05,wage,pre_recommendation,withdrawn
APP002455,JOB00453,CAN01681,CA007,self_entry,ENT003262,,2026-08-04,,,,,,screened_out
APP002456,JOB00553,CAN01696,CA009,self_entry,ENT003292,,2026-08-04,2026-08-10,accepted,,,,rejected
APP002457,JOB00445,CAN00160,CA021,ca_introduction,,INT002711,2026-08-05,2026-08-11,rejected,,,,rejected
APP002458,JOB00776,CAN00037,CA014,ca_introduction,,INT002714,2026-08-05,2026-08-13,rejected,,,,rejected
APP002459,JOB00771,CAN00212,CA009,ca_introduction,,INT002716,2026-08-05,,,2026-08-10,other,pre_recommendation,withdrawn
APP002460,JOB00457,CAN00212,CA009,ca_introduction,,INT002717,2026-08-05,2026-08-11,accepted,,,,placed
APP002461,JOB00616,CAN01134,CA007,ca_introduction,,INT002722,2026-08-05,,,,,,screened_out
APP002462,JOB00729,CAN01645,CA015,self_entry,ENT003206,,2026-08-05,,,,,,screened_out
APP002463,JOB00375,CAN01771,CA013,self_entry,ENT003427,,2026-08-05,2026-08-10,accepted,,,,placed
APP002464,JOB00085,CAN00491,CA020,ca_introduction,,INT002719,2026-08-06,2026-08-11,rejected,,,,rejected
APP002465,JOB00791,CAN00220,CA010,self_entry,ENT000451,,2026-08-06,2026-08-13,accepted,,,,rejected
APP002466,JOB00777,CAN00922,CA013,self_entry,ENT001812,,2026-08-06,,,2026-08-12,process_delay,pre_recommendation,withdrawn
APP002467,JOB00664,CAN00243,CA007,ca_introduction,,INT002724,2026-08-07,2026-08-12,accepted,,,,rejected
APP002468,JOB00684,CAN00903,CA022,ca_introduction,,INT002726,2026-08-07,2026-08-10,accepted,,,,rejected
APP002469,JOB00036,CAN00903,CA022,ca_introduction,,INT002727,2026-08-07,,,2026-08-15,process_delay,pre_recommendation,withdrawn
APP002470,JOB00522,CAN00999,CA020,self_entry,ENT001963,,2026-08-07,,,,,,screened_out
APP002472,JOB00411,CAN00429,CA002,ca_introduction,,INT002728,2026-08-08,2026-08-14,rejected,,,,rejected
APP002473,JOB00370,CAN00198,CA008,self_entry,ENT000404,,2026-08-08,,,,,,screened_out
APP002474,JOB00356,CAN00323,CA007,self_entry,ENT000643,,2026-08-08,2026-08-12,accepted,,,,rejected
APP002475,JOB00375,CAN01461,CA008,self_entry,ENT002858,,2026-08-08,2026-08-16,rejected,,,,rejected
APP002476,JOB00721,CAN01686,CA008,self_entry,ENT003270,,2026-08-08,,,,,,screened_out
APP002477,JOB00441,CAN01883,CA015,ca_introduction,,INT002729,2026-08-09,2026-08-15,accepted,2026-08-28,process_delay,post_visit,withdrawn
APP002478,JOB00513,CAN01883,CA015,ca_introduction,,INT002730,2026-08-09,2026-08-16,accepted,,,,rejected
APP002479,JOB00508,CAN00381,CA006,self_entry,ENT000756,,2026-08-09,,,,,,screened_out
APP002480,JOB00395,CAN00544,CA005,self_entry,ENT001049,,2026-08-09,2026-08-14,accepted,,,,rejected
APP002481,JOB00367,CAN01734,CA020,self_entry,ENT003361,,2026-08-09,2026-08-14,accepted,2026-08-26,other,post_visit,withdrawn
APP002482,JOB00371,CAN00265,CA002,ca_introduction,,INT002731,2026-08-10,2026-08-14,accepted,,,,rejected
APP002484,JOB00711,CAN01900,CA018,self_entry,ENT003685,,2026-08-10,,,2026-08-10,process_delay,pre_recommendation,withdrawn
APP002485,JOB00591,CAN01944,CA019,self_entry,ENT003771,,2026-08-10,,,,,,screened_out
APP002486,JOB00369,CAN01694,CA017,ca_introduction,,INT002734,2026-08-11,2026-08-19,accepted,,,,rejected
APP002487,JOB00711,CAN00360,CA003,self_entry,ENT000717,,2026-08-11,2026-08-19,accepted,,,,placed
APP002488,JOB00487,CAN00632,CA010,self_entry,ENT001222,,2026-08-11,2026-08-17,accepted,2026-08-29,wage,post_visit,withdrawn
APP002489,JOB00441,CAN00830,CA014,self_entry,ENT001626,,2026-08-11,2026-08-16,accepted,2026-08-29,process_delay,post_visit,withdrawn
APP002490,JOB00410,CAN01164,CA020,self_entry,ENT002300,,2026-08-11,,,2026-08-13,process_delay,pre_recommendation,withdrawn
APP002491,JOB00791,CAN01694,CA017,self_entry,ENT003288,,2026-08-11,2026-08-18,rejected,,,,rejected
APP002492,JOB00361,CAN00155,CA002,ca_introduction,,INT002741,2026-08-12,2026-08-18,rejected,,,,rejected
APP002493,JOB00415,CAN01412,CA008,ca_introduction,,INT002744,2026-08-12,2026-08-17,accepted,,,,rejected
APP002494,JOB00646,CAN00058,CA009,self_entry,ENT000109,,2026-08-12,,,,,,screened_out
APP002495,JOB00664,CAN00555,CA015,self_entry,ENT001073,,2026-08-12,2026-08-18,accepted,2026-08-23,accepted_other_job,post_recommendation,withdrawn
APP002496,JOB00557,CAN00155,CA002,ca_introduction,,INT002742,2026-08-13,,,2026-08-14,process_delay,pre_recommendation,withdrawn
APP002497,JOB00371,CAN00544,CA005,ca_introduction,,INT002743,2026-08-13,,,,,,screened_out
APP002500,JOB00520,CAN00617,CA004,self_entry,ENT001188,,2026-08-13,,,,,,screened_out
APP002501,JOB00575,CAN01753,CA016,self_entry,ENT003399,,2026-08-13,2026-08-21,accepted,,,,placed
APP002502,JOB00175,CAN01050,CA011,ca_introduction,,INT002746,2026-08-14,2026-08-20,accepted,2026-08-25,process_delay,post_recommendation,withdrawn
APP002503,JOB00613,CAN01379,CA007,ca_introduction,,INT002749,2026-08-14,2026-08-19,accepted,2026-08-22,other,post_recommendation,withdrawn
APP002504,JOB00457,CAN01451,CA002,ca_introduction,,INT002751,2026-08-14,2026-08-20,rejected,,,,rejected
APP002505,JOB00408,CAN00314,CA019,self_entry,ENT000626,,2026-08-14,2026-08-19,accepted,,,,placed
APP002507,JOB00604,CAN01430,CA013,self_entry,ENT002797,,2026-08-14,2026-08-21,rejected,,,,rejected
APP002508,JOB00591,CAN01617,CA020,self_entry,ENT003163,,2026-08-14,2026-08-21,accepted,,,,rejected
APP002509,JOB00505,CAN00937,CA009,ca_introduction,,INT002754,2026-08-15,2026-08-21,rejected,,,,rejected
APP002510,JOB00138,CAN01542,CA006,ca_introduction,,INT002755,2026-08-15,2026-08-22,accepted,2026-08-31,process_delay,post_recommendation,withdrawn
APP002511,JOB00455,CAN00028,CA007,ca_introduction,,INT002756,2026-08-15,2026-08-22,accepted,,,,placed
APP002512,JOB00774,CAN00612,CA022,ca_introduction,,INT002759,2026-08-15,2026-08-22,accepted,,,,rejected
APP002514,JOB00643,CAN00020,CA011,self_entry,ENT000035,,2026-08-15,2026-08-22,accepted,2026-08-28,process_delay,post_recommendation,withdrawn
APP002515,JOB00723,CAN00086,CA008,self_entry,ENT000182,,2026-08-15,,,,,,screened_out
APP002516,JOB00413,CAN00376,CA015,self_entry,ENT000739,,2026-08-15,2026-08-21,rejected,,,,rejected
APP002517,JOB00721,CAN00819,CA016,self_entry,ENT001597,,2026-08-15,,,,,,screened_out
APP002518,JOB00668,CAN01013,CA011,self_entry,ENT001997,,2026-08-15,,,,,,screened_out
APP002519,JOB00784,CAN01222,CA008,self_entry,ENT002400,,2026-08-15,2026-08-20,accepted,,,,placed
APP002521,JOB00413,CAN01461,CA008,ca_introduction,,INT002765,2026-08-16,2026-08-22,accepted,,,,rejected
APP002522,JOB00155,CAN01038,CA020,ca_introduction,,INT002771,2026-08-16,,,2026-08-16,wage,pre_recommendation,withdrawn
APP002524,JOB00437,CAN00394,CA013,self_entry,ENT000771,,2026-08-16,2026-08-23,accepted,,,,rejected
APP002525,JOB00622,CAN00694,CA003,self_entry,ENT001348,,2026-08-16,,,2026-08-19,process_delay,pre_recommendation,withdrawn
APP002526,JOB00217,CAN00372,CA004,ca_introduction,,INT002766,2026-08-17,2026-08-20,accepted,2026-09-08,process_delay,post_visit,withdrawn
APP002527,JOB00737,CAN00905,CA022,ca_introduction,,INT002768,2026-08-17,,,2026-08-21,wage,pre_recommendation,withdrawn
APP002528,JOB00699,CAN01539,CA021,ca_introduction,,INT002780,2026-08-17,,,2026-08-20,process_delay,pre_recommendation,withdrawn
APP002529,JOB00395,CAN01036,CA018,self_entry,ENT002051,,2026-08-17,2026-08-25,accepted,2026-08-26,process_delay,post_recommendation,withdrawn
APP002530,JOB00441,CAN01930,CA017,self_entry,ENT003744,,2026-08-17,,,2026-08-20,wage,pre_recommendation,withdrawn
APP002531,JOB00556,CAN01932,CA016,self_entry,ENT003751,,2026-08-17,2026-08-24,rejected,,,,rejected
APP002532,JOB00505,CAN00160,CA021,ca_introduction,,INT002772,2026-08-18,,,,,,screened_out
APP002533,JOB00670,CAN00381,CA022,ca_introduction,,INT002775,2026-08-18,2026-08-25,rejected,,,,rejected
APP002534,JOB00672,CAN01244,CA012,ca_introduction,,INT002776,2026-08-18,,,2026-08-18,process_delay,pre_recommendation,withdrawn
APP002535,JOB00508,CAN01244,CA012,ca_introduction,,INT002778,2026-08-18,,,2026-08-25,process_delay,pre_recommendation,withdrawn
APP002536,JOB00515,CAN01346,CA010,ca_introduction,,INT002779,2026-08-18,2026-08-25,accepted,,,,rejected
APP002537,JOB00556,CAN01446,CA005,ca_introduction,,INT002783,2026-08-18,2026-08-25,accepted,,,,rejected
APP002538,JOB00684,CAN00234,CA008,self_entry,ENT000479,,2026-08-18,2026-08-25,rejected,,,,rejected
APP002540,JOB00352,CAN01406,CA009,self_entry,ENT002751,,2026-08-18,,,,,,screened_out
APP002541,JOB00684,CAN00433,CA001,ca_introduction,,INT002784,2026-08-19,,,2026-08-21,process_delay,pre_recommendation,withdrawn
APP002542,JOB00055,CAN01910,CA003,ca_introduction,,INT002788,2026-08-19,2026-08-27,rejected,,,,rejected
APP002543,JOB00617,CAN00332,CA004,self_entry,ENT000657,,2026-08-19,,,,,,screened_out
APP002544,JOB00411,CAN00314,CA019,ca_introduction,,INT002790,2026-08-20,2026-08-28,accepted,,,,rejected
APP002545,JOB00441,CAN00609,CA015,self_entry,ENT001171,,2026-08-20,2026-08-26,accepted,,,,placed
APP002546,JOB00487,CAN00993,CA019,self_entry,ENT001951,,2026-08-20,,,,,,screened_out
APP002547,JOB00472,CAN00831,CA016,ca_introduction,,INT002791,2026-08-21,2026-08-27,accepted,2026-09-01,process_delay,post_recommendation,withdrawn
APP002548,JOB00086,CAN00831,CA016,ca_introduction,,INT002792,2026-08-21,2026-08-27,accepted,2026-09-02,process_delay,post_recommendation,withdrawn
APP002549,JOB00296,CAN01031,CA004,ca_introduction,,INT002793,2026-08-21,2026-08-27,accepted,,,,rejected
APP002550,JOB00180,CAN01415,CA019,ca_introduction,,INT002799,2026-08-21,2026-08-29,rejected,,,,rejected
APP002551,JOB00560,CAN00232,CA003,self_entry,ENT000476,,2026-08-21,2026-08-28,accepted,,,,placed
APP002552,JOB00413,CAN00433,CA001,self_entry,ENT000848,,2026-08-21,2026-08-27,accepted,,,,rejected
APP002553,JOB00777,CAN00699,CA022,self_entry,ENT001357,,2026-08-21,,,2026-08-25,process_delay,pre_recommendation,withdrawn
APP002555,JOB00622,CAN01326,CA006,self_entry,ENT002584,,2026-08-21,,,2026-08-29,process_delay,pre_recommendation,withdrawn
APP002556,JOB00538,CAN01691,CA002,self_entry,ENT003282,,2026-08-21,2026-08-27,accepted,,,,rejected
APP002557,JOB00787,CAN00555,CA015,ca_introduction,,INT002802,2026-08-22,,,2026-08-23,accepted_other_job,pre_recommendation,withdrawn
APP002558,JOB00455,CAN00770,CA014,ca_introduction,,INT002804,2026-08-22,2026-08-28,accepted,,,,placed
APP002559,JOB00175,CAN00770,CA014,ca_introduction,,INT002805,2026-08-22,2026-08-30,accepted,2026-09-03,process_delay,post_recommendation,withdrawn
APP002560,JOB00244,CAN01413,CA007,ca_introduction,,INT002808,2026-08-22,2026-08-26,rejected,,,,rejected
APP002561,JOB00426,CAN01489,CA012,ca_introduction,,INT002809,2026-08-22,2026-08-27,accepted,,,,placed
APP002562,JOB00624,CAN00351,CA008,self_entry,ENT000696,,2026-08-22,,,,,,screened_out
APP002564,JOB00522,CAN01126,CA010,self_entry,ENT002215,,2026-08-22,,,,,,screened_out
APP002565,JOB00536,CAN01413,CA007,ca_introduction,,INT002807,2026-08-23,2026-08-29,accepted,,,,placed
APP002566,JOB00432,CAN00562,CA019,ca_introduction,,INT002813,2026-08-23,2026-08-30,accepted,,,,rejected
APP002567,JOB00601,CAN00562,CA019,ca_introduction,,INT002814,2026-08-23,2026-08-29,accepted,,,,rejected
APP002568,JOB00784,CAN00187,CA002,self_entry,ENT000387,,2026-08-23,2026-08-29,accepted,,,,rejected
APP002569,JOB00668,CAN01738,CA008,self_entry,ENT003368,,2026-08-23,2026-08-28,rejected,,,,rejected
APP002570,JOB00588,CAN01795,CA008,self_entry,ENT003469,,2026-08-23,2026-08-29,accepted,,,,rejected
APP002572,JOB00480,CAN00215,CA011,ca_introduction,,INT002810,2026-08-24,2026-08-30,accepted,,,,rejected
APP002573,JOB00778,CAN00509,CA010,ca_introduction,,INT002812,2026-08-24,2026-08-29,rejected,,,,rejected
APP002574,JOB00794,CAN01860,CA016,ca_introduction,,INT002818,2026-08-24,2026-08-29,rejected,,,,rejected
APP002576,JOB00367,CAN00591,CA015,self_entry,ENT001141,,2026-08-24,2026-08-31,accepted,2026-09-11,process_delay,post_visit,withdrawn
APP002577,JOB00516,CAN01101,CA014,self_entry,ENT002170,,2026-08-24,,,,,,screened_out
APP002578,JOB00704,CAN00592,CA014,ca_introduction,,INT002815,2026-08-25,,,,,,screened_out
APP002579,JOB00365,CAN00644,CA019,ca_introduction,,INT002816,2026-08-25,2026-08-30,accepted,2026-09-05,process_delay,post_recommendation,withdrawn
APP002580,JOB00180,CAN01875,CA007,ca_introduction,,INT002819,2026-08-25,,,2026-08-26,other,pre_recommendation,withdrawn
APP002582,JOB00432,CAN00277,CA017,self_entry,ENT000560,,2026-08-25,,,,,,screened_out
APP002583,JOB00431,CAN00395,CA013,self_entry,ENT000774,,2026-08-25,2026-08-31,accepted,,,,rejected
APP002584,JOB00729,CAN00519,CA008,self_entry,ENT001012,,2026-08-25,2026-08-31,rejected,,,,rejected
APP002585,JOB00390,CAN01614,CA016,self_entry,ENT003154,,2026-08-25,,,2026-08-28,process_delay,pre_recommendation,withdrawn
APP002586,JOB00480,CAN01795,CA008,self_entry,ENT003474,,2026-08-25,,,,,,screened_out
APP002587,JOB00321,CAN00362,CA010,ca_introduction,,INT002821,2026-08-26,2026-09-01,accepted,,,,rejected
APP002588,JOB00479,CAN00362,CA010,ca_introduction,,INT002822,2026-08-26,2026-08-31,accepted,,,,placed
APP002589,JOB00581,CAN00560,CA008,ca_introduction,,INT002824,2026-08-26,,,2026-09-01,process_delay,pre_recommendation,withdrawn
APP002590,JOB00516,CAN00781,CA020,ca_introduction,,INT002826,2026-08-26,2026-09-01,rejected,,,,rejected
APP002591,JOB00558,CAN00781,CA020,ca_introduction,,INT002827,2026-08-26,2026-08-31,accepted,2026-09-05,wage,post_recommendation,withdrawn
APP002592,JOB00682,CAN01762,CA007,ca_introduction,,INT002830,2026-08-26,,,,,,screened_out
APP002593,JOB00457,CAN01885,CA006,ca_introduction,,INT002832,2026-08-26,2026-09-01,accepted,,,,rejected
APP002594,JOB00771,CAN01885,CA006,ca_introduction,,INT002833,2026-08-26,2026-09-01,accepted,2026-09-02,process_delay,post_recommendation,withdrawn
APP002595,JOB00560,CAN00388,CA011,self_entry,ENT000765,,2026-08-26,2026-09-02,accepted,2026-09-05,process_delay,post_recommendation,withdrawn
APP002597,JOB00487,CAN01520,CA013,self_entry,ENT002978,,2026-08-26,2026-09-01,accepted,,,,rejected
APP002598,JOB00537,CAN00168,CA005,ca_introduction,,INT002825,2026-08-27,2026-09-03,accepted,,,,rejected
APP002599,JOB00410,CAN00940,CA010,ca_introduction,,INT002829,2026-08-27,2026-09-03,accepted,,,,rejected
APP002600,JOB00441,CAN00407,CA014,ca_introduction,,INT002836,2026-08-27,2026-09-02,accepted,,,,placed
APP002601,JOB00486,CAN00407,CA014,ca_introduction,,INT002837,2026-08-27,2026-09-04,accepted,2026-09-16,accepted_other_job,post_visit,withdrawn
APP002602,JOB00175,CAN01297,CA009,ca_introduction,,INT002838,2026-08-27,2026-09-03,rejected,,,,rejected
APP002603,JOB00711,CAN00159,CA010,self_entry,ENT000331,,2026-08-27,,,,,,screened_out
APP002604,JOB00658,CAN00771,CA013,self_entry,ENT001487,,2026-08-27,2026-09-03,accepted,2026-09-07,process_delay,post_recommendation,withdrawn
APP002605,JOB00667,CAN00776,CA020,self_entry,ENT001497,,2026-08-27,,,,,,screened_out
APP002606,JOB00668,CAN01085,CA007,self_entry,ENT002135,,2026-08-27,2026-09-01,accepted,2026-09-04,process_delay,post_recommendation,withdrawn
APP002607,JOB00631,CAN01829,CA004,ca_introduction,,INT002839,2026-08-28,2026-09-03,rejected,,,,rejected
APP002608,JOB00345,CAN00331,CA004,ca_introduction,,INT002840,2026-08-28,2026-09-05,accepted,2026-09-16,process_delay,post_recommendation,withdrawn
APP002609,JOB00520,CAN00663,CA005,self_entry,ENT001285,,2026-08-28,,,,,,screened_out
APP002610,JOB00682,CAN01339,CA006,self_entry,ENT002608,,2026-08-28,2026-09-02,accepted,,,,rejected
APP002611,JOB00555,CAN01936,CA006,self_entry,ENT003759,,2026-08-28,,,,,,screened_out
APP002612,JOB00791,CAN00331,CA004,ca_introduction,,INT002841,2026-08-29,2026-09-04,accepted,,,,placed
APP002613,JOB00553,CAN01035,CA009,ca_introduction,,INT002843,2026-08-29,2026-09-04,accepted,,,,placed
APP002614,JOB00616,CAN01832,CA009,ca_introduction,,INT002847,2026-08-29,,,2026-08-30,process_delay,pre_recommendation,withdrawn
APP002615,JOB00770,CAN00341,CA007,self_entry,ENT000678,,2026-08-29,,,2026-08-29,process_delay,pre_recommendation,withdrawn
APP002617,JOB00520,CAN00673,CA020,self_entry,ENT001305,,2026-08-29,,,2026-09-02,process_delay,pre_recommendation,withdrawn
APP002619,JOB00760,CAN01195,CA001,self_entry,ENT002345,,2026-08-29,2026-09-03,accepted,,,,placed
APP002620,JOB00668,CAN01602,CA012,self_entry,ENT003118,,2026-08-29,,,,,,screened_out
APP002621,JOB00382,CAN00457,CA007,ca_introduction,,INT002846,2026-08-30,2026-09-06,accepted,,,,placed
APP002622,JOB00085,CAN01738,CA008,ca_introduction,,INT002848,2026-08-30,2026-09-04,accepted,2026-09-05,other,post_recommendation,withdrawn
APP002623,JOB00729,CAN00022,CA009,self_entry,ENT000041,,2026-08-30,,,2026-09-06,process_delay,pre_recommendation,withdrawn
APP002624,JOB00565,CAN00056,CA021,self_entry,ENT000106,,2026-08-30,2026-09-07,rejected,,,,rejected
APP002625,JOB00554,CAN00220,CA002,self_entry,ENT000449,,2026-08-30,,,2026-09-02,process_delay,pre_recommendation,withdrawn
APP002626,JOB00730,CAN00812,CA006,self_entry,ENT001576,,2026-08-30,,,2026-09-04,other,pre_recommendation,withdrawn
APP002627,JOB00554,CAN01274,CA022,self_entry,ENT002500,,2026-08-30,,,2026-09-02,process_delay,pre_recommendation,withdrawn
APP002629,JOB00333,CAN00461,CA008,ca_introduction,,INT002850,2026-08-31,2026-09-07,accepted,2026-09-07,other,post_recommendation,withdrawn
APP002630,JOB00748,CAN00234,CA008,self_entry,ENT000480,,2026-08-31,,,,,,screened_out
APP002631,JOB00558,CAN00876,CA007,self_entry,ENT001718,,2026-08-31,2026-09-06,rejected,,,,rejected
APP002632,JOB00708,CAN01519,CA005,self_entry,ENT002976,,2026-08-31,2026-09-06,rejected,,,,rejected
APP002633,JOB00410,CAN00461,CA008,ca_introduction,,INT002849,2026-09-01,,,,,,screened_out
APP002635,JOB00465,CAN00318,CA022,ca_introduction,,INT002855,2026-09-01,2026-09-06,accepted,,,,placed
APP002636,JOB00459,CAN01215,CA001,ca_introduction,,INT002860,2026-09-01,2026-09-08,accepted,2026-09-15,other,post_visit,withdrawn
APP002637,JOB00421,CAN01831,CA005,ca_introduction,,INT002863,2026-09-01,2026-09-06,accepted,2026-09-17,process_delay,post_visit,withdrawn
APP002639,JOB00658,CAN00425,CA017,self_entry,ENT000829,,2026-09-01,,,,,,screened_out
APP002640,JOB00751,CAN00859,CA001,self_entry,ENT001692,,2026-09-01,2026-09-06,rejected,,,,rejected
APP002641,JOB00588,CAN01456,CA016,self_entry,ENT002844,,2026-09-01,,,,,,screened_out
APP002642,JOB00588,CAN01602,CA012,self_entry,ENT003119,,2026-09-01,2026-09-07,accepted,,,,rejected
APP002643,JOB00383,CAN01912,CA006,self_entry,ENT003706,,2026-09-01,,,,,,screened_out
APP002644,JOB00212,CAN00318,CA022,ca_introduction,,INT002856,2026-09-02,,,2026-09-03,wage,pre_recommendation,withdrawn
APP002645,JOB00588,CAN01031,CA004,ca_introduction,,INT002857,2026-09-02,2026-09-08,accepted,2026-09-19,other,post_visit,withdrawn
APP002646,JOB00540,CAN01215,CA001,ca_introduction,,INT002861,2026-09-02,2026-09-08,accepted,,,,placed
APP002647,JOB00547,CAN00519,CA008,ca_introduction,,INT002867,2026-09-02,2026-09-08,accepted,,,,rejected
APP002648,JOB00383,CAN00279,CA014,self_entry,ENT000563,,2026-09-02,,,,,,screened_out
APP002649,JOB00687,CAN00889,CA020,self_entry,ENT001751,,2026-09-02,,,,,,screened_out
APP002651,JOB00547,CAN00187,CA007,ca_introduction,,INT002870,2026-09-03,2026-09-10,accepted,,,,rejected
APP002653,JOB00453,CAN01587,CA001,self_entry,ENT003089,,2026-09-03,,,,,,screened_out
APP002654,JOB00708,CAN01748,CA003,self_entry,ENT003385,,2026-09-03,,,,,,screened_out
APP002655,JOB00719,CAN01872,CA008,self_entry,ENT003625,,2026-09-03,,,,,,screened_out
APP002656,JOB00432,CAN00187,CA007,ca_introduction,,INT002869,2026-09-04,2026-09-09,rejected,,,,rejected
APP002657,JOB00598,CAN01162,CA009,ca_introduction,,INT002871,2026-09-04,,,2026-09-05,process_delay,pre_recommendation,withdrawn
APP002658,JOB00770,CAN00215,CA011,ca_introduction,,INT002872,2026-09-04,2026-09-09,accepted,,,,placed
APP002659,JOB00217,CAN01539,CA021,ca_introduction,,INT002873,2026-09-04,2026-09-12,accepted,2026-09-13,other,post_recommendation,withdrawn
APP002660,JOB00649,CAN00861,CA007,self_entry,ENT001695,,2026-09-04,2026-09-12,rejected,,,,rejected
APP002661,JOB00419,CAN00927,CA017,self_entry,ENT001824,,2026-09-04,,,,,,screened_out
APP002662,JOB00670,CAN01278,CA012,self_entry,ENT002508,,2026-09-04,,,,,,screened_out
APP002663,JOB00588,CAN01696,CA009,self_entry,ENT003291,,2026-09-04,,,,,,screened_out
APP002665,JOB00469,CAN01511,CA006,ca_introduction,,INT002875,2026-09-05,2026-09-10,accepted,,,,rejected
APP002667,JOB00581,CAN00318,CA022,self_entry,ENT000632,,2026-09-05,2026-09-13,rejected,,,,rejected
APP002668,JOB00749,CAN00831,CA016,self_entry,ENT001627,,2026-09-05,2026-09-10,accepted,2026-09-11,process_delay,post_recommendation,withdrawn
APP002669,JOB00643,CAN01622,CA001,self_entry,ENT003172,,2026-09-05,,,,,,screened_out
APP002670,JOB00449,CAN01651,CA015,ca_introduction,,INT002876,2026-09-06,,,2026-09-12,process_delay,pre_recommendation,withdrawn
APP002671,JOB00476,CAN00781,CA020,ca_introduction,,INT002877,2026-09-06,2026-09-14,accepted,2026-09-23,other,post_recommendation,withdrawn
APP002672,JOB00282,CAN01101,CA014,ca_introduction,,INT002879,2026-09-06,2026-09-13,accepted,,,,placed
APP002673,JOB00616,CAN01602,CA012,ca_introduction,,INT002882,2026-09-06,2026-09-14,accepted,,,,rejected
APP002674,JOB00575,CAN01602,CA012,ca_introduction,,INT002883,2026-09-06,2026-09-12,accepted,,,,rejected
APP002676,JOB00393,CAN00444,CA014,self_entry,ENT000867,,2026-09-06,,,,,,screened_out
APP002677,JOB00667,CAN00750,CA011,self_entry,ENT001455,,2026-09-06,2026-09-13,accepted,2026-09-23,process_delay,post_recommendation,withdrawn
APP002678,JOB00480,CAN01716,CA022,self_entry,ENT003324,,2026-09-06,2026-09-12,accepted,2026-09-21,process_delay,post_recommendation,withdrawn
APP002679,JOB00359,CAN00955,CA004,ca_introduction,,INT002878,2026-09-07,2026-09-13,accepted,2026-09-16,other,post_recommendation,withdrawn
APP002680,JOB00679,CAN01101,CA014,ca_introduction,,INT002880,2026-09-07,2026-09-14,rejected,,,,rejected
APP002681,JOB00601,CAN01461,CA008,ca_introduction,,INT002881,2026-09-07,2026-09-14,rejected,,,,rejected
APP002682,JOB00723,CAN01139,CA007,self_entry,ENT002253,,2026-09-07,2026-09-12,rejected,,,,rejected
APP002683,JOB00581,CAN00407,CA014,self_entry,ENT000792,,2026-09-08,2026-09-16,accepted,2026-09-16,accepted_other_job,post_recommendation,withdrawn
APP002684,JOB00452,CAN01359,CA009,self_entry,ENT002652,,2026-09-08,,,,,,screened_out
APP002685,JOB00377,CAN01602,CA012,self_entry,ENT003122,,2026-09-08,,,,,,screened_out
APP002686,JOB00388,CAN01622,CA001,self_entry,ENT003174,,2026-09-08,,,2026-09-13,process_delay,pre_recommendation,withdrawn
APP002687,JOB00655,CAN01795,CA008,self_entry,ENT003470,,2026-09-08,,,,,,screened_out
APP002688,JOB00494,CAN01897,CA012,self_entry,ENT003678,,2026-09-08,2026-09-15,accepted,,,,placed
APP002689,JOB00554,CAN00560,CA008,ca_introduction,,INT002885,2026-09-09,2026-09-14,accepted,2026-09-27,process_delay,post_visit,withdrawn
APP002690,JOB00462,CAN00509,CA010,ca_introduction,,INT002887,2026-09-09,2026-09-14,accepted,,,,rejected
APP002691,JOB00575,CAN00807,CA011,ca_introduction,,INT002889,2026-09-09,2026-09-15,accepted,2026-09-18,process_delay,post_recommendation,withdrawn
APP002692,JOB00588,CAN00105,CA003,self_entry,ENT000224,,2026-09-09,2026-09-15,accepted,2026-09-18,process_delay,post_recommendation,withdrawn
APP002693,JOB00393,CAN00582,CA007,self_entry,ENT001124,,2026-09-09,,,2026-09-10,process_delay,pre_recommendation,withdrawn
APP002694,JOB00655,CAN00597,CA005,self_entry,ENT001153,,2026-09-09,,,2026-09-15,process_delay,pre_recommendation,withdrawn
APP002695,JOB00609,CAN00648,CA003,self_entry,ENT001252,,2026-09-09,,,2026-09-14,wage,pre_recommendation,withdrawn
APP002696,JOB00668,CAN00660,CA002,self_entry,ENT001279,,2026-09-09,2026-09-16,accepted,,,,rejected
APP002697,JOB00581,CAN00831,CA016,self_entry,ENT001629,,2026-09-09,,,,,,screened_out
APP002698,JOB00554,CAN00887,CA015,self_entry,ENT001747,,2026-09-09,2026-09-15,accepted,,,,recommended
APP002699,JOB00655,CAN01614,CA016,self_entry,ENT003157,,2026-09-09,,,,,,screened_out
APP002700,JOB00187,CAN00562,CA019,ca_introduction,,INT002888,2026-09-10,2026-09-17,rejected,,,,rejected
APP002701,JOB00180,CAN01038,CA020,ca_introduction,,INT002892,2026-09-10,2026-09-17,accepted,,,,rejected
APP002702,JOB00388,CAN00445,CA010,self_entry,ENT000869,,2026-09-10,,,,,,screened_out
APP002703,JOB00562,CAN01355,CA002,self_entry,ENT002643,,2026-09-10,,,,,,screened_out
APP002704,JOB00536,CAN00876,CA007,ca_introduction,,INT002895,2026-09-11,2026-09-18,rejected,,,,rejected
APP002705,JOB00601,CAN01414,CA008,ca_introduction,,INT002896,2026-09-11,2026-09-19,accepted,,,,recommended
APP002706,JOB00027,CAN01901,CA011,ca_introduction,,INT002899,2026-09-11,2026-09-17,accepted,,,,rejected
APP002707,JOB00666,CAN00062,CA007,self_entry,ENT000122,,2026-09-11,,,,,,screened_out
APP002708,JOB00432,CAN00756,CA006,self_entry,ENT001461,,2026-09-11,,,,,,screened_out
APP002709,JOB00714,CAN00876,CA007,self_entry,ENT001720,,2026-09-11,2026-09-18,accepted,2026-09-25,process_delay,post_recommendation,withdrawn
APP002710,JOB00714,CAN01875,CA007,self_entry,ENT003630,,2026-09-11,2026-09-19,accepted,,,,rejected
APP002711,JOB00063,CAN01366,CA003,ca_introduction,,INT002901,2026-09-12,2026-09-19,rejected,,,,rejected
APP002712,JOB00682,CAN00940,CA010,ca_introduction,,INT002904,2026-09-12,2026-09-17,accepted,,,,rejected
APP002713,JOB00585,CAN01020,CA012,self_entry,ENT002020,,2026-09-12,,,,,,screened_out
APP002714,JOB00507,CAN01178,CA001,self_entry,ENT002322,,2026-09-12,2026-09-17,accepted,2026-09-24,wage,post_recommendation,withdrawn
APP002715,JOB00480,CAN00756,CA006,ca_introduction,,INT002903,2026-09-13,,,2026-09-20,process_delay,pre_recommendation,withdrawn
APP002716,JOB00658,CAN00940,CA010,ca_introduction,,INT002905,2026-09-13,2026-09-20,accepted,,,,recommended
APP002717,JOB00797,CAN00187,CA007,ca_introduction,,INT002906,2026-09-13,2026-09-20,accepted,,,,recommended
APP002718,JOB00507,CAN00336,CA001,self_entry,ENT000667,,2026-09-13,2026-09-18,accepted,,,,rejected
APP002719,JOB00666,CAN00355,CA017,self_entry,ENT000701,,2026-09-13,,,2026-09-16,other,pre_recommendation,withdrawn
APP002720,JOB00666,CAN00784,CA011,self_entry,ENT001512,,2026-09-13,,,,,,screened_out
APP002721,JOB00494,CAN00831,CA016,self_entry,ENT001628,,2026-09-13,2026-09-18,accepted,,,,recommended
APP002723,JOB00772,CAN01351,CA002,self_entry,ENT002629,,2026-09-13,2026-09-19,rejected,,,,rejected
APP002724,JOB00415,CAN01622,CA001,ca_introduction,,INT002909,2026-09-14,2026-09-21,rejected,,,,rejected
APP002725,JOB00142,CAN00087,CA022,ca_introduction,,INT002910,2026-09-14,2026-09-21,accepted,2026-09-26,wage,post_recommendation,withdrawn
APP002726,JOB00554,CAN00242,CA001,self_entry,ENT000489,,2026-09-14,2026-09-20,accepted,,,,recommended
APP002727,JOB00714,CAN00527,CA020,self_entry,ENT001021,,2026-09-14,,,,,,screened_out
APP002728,JOB00468,CAN01604,CA022,self_entry,ENT003129,,2026-09-14,,,2026-09-14,process_delay,pre_recommendation,withdrawn
APP002729,JOB00622,CAN01069,CA003,ca_introduction,,INT002911,2026-09-15,2026-09-21,rejected,,,,rejected
APP002732,JOB00682,CAN01817,CA020,self_entry,ENT003519,,2026-09-15,2026-09-21,accepted,2026-09-23,other,post_recommendation,withdrawn
APP002733,JOB00580,CAN00450,CA021,ca_introduction,,INT002914,2026-09-16,2026-09-23,rejected,,,,rejected
APP002734,JOB00390,CAN00220,CA002,self_entry,ENT000452,,2026-09-16,,,,,,screened_out
APP002735,JOB00650,CAN00512,CA003,self_entry,ENT000993,,2026-09-16,,,2026-09-23,process_delay,pre_recommendation,withdrawn
APP002736,JOB00437,CAN00534,CA003,self_entry,ENT001027,,2026-09-16,2026-09-23,rejected,,,,rejected
APP002737,JOB00618,CAN00894,CA012,self_entry,ENT001762,,2026-09-16,2026-09-21,rejected,,,,rejected
APP002738,JOB00650,CAN00999,CA020,self_entry,ENT001964,,2026-09-16,,,,,,screened_out
APP002739,JOB00609,CAN01025,CA006,self_entry,ENT002031,,2026-09-16,,,2026-09-19,process_delay,pre_recommendation,withdrawn
APP002740,JOB00730,CAN01215,CA001,self_entry,ENT002385,,2026-09-16,,,2026-09-20,accepted_other_job,pre_recommendation,withdrawn
APP002742,JOB00800,CAN01351,CA002,self_entry,ENT002630,,2026-09-16,2026-09-21,accepted,,,,recommended
APP002743,JOB00353,CAN01533,CA011,self_entry,ENT003002,,2026-09-16,,,2026-09-24,process_delay,pre_recommendation,withdrawn
APP002744,JOB00581,CAN01590,CA003,self_entry,ENT003097,,2026-09-16,2026-09-24,rejected,,,,rejected
APP002745,JOB00471,CAN01819,CA018,self_entry,ENT003524,,2026-09-16,2026-09-23,rejected,,,,rejected
APP002746,JOB00771,CAN01020,CA012,ca_introduction,,INT002916,2026-09-17,2026-09-23,accepted,2026-09-27,process_delay,post_recommendation,withdrawn
APP002747,JOB00462,CAN01062,CA020,ca_introduction,,INT002918,2026-09-17,,,2026-09-23,process_delay,pre_recommendation,withdrawn
APP002748,JOB00085,CAN00527,CA020,ca_introduction,,INT002921,2026-09-17,2026-09-23,accepted,,,,recommended
APP002749,JOB00589,CAN00527,CA020,ca_introduction,,INT002922,2026-09-17,2026-09-24,accepted,,,,recommended
APP002750,JOB00699,CAN01151,CA013,ca_introduction,,INT002925,2026-09-17,2026-09-23,accepted,,,,recommended
APP002751,JOB00478,CAN00065,CA005,self_entry,ENT000128,,2026-09-17,2026-09-22,accepted,,,,recommended
APP002752,JOB00461,CAN00208,CA015,self_entry,ENT000429,,2026-09-17,,,,,,screened_out
APP002755,JOB00719,CAN01513,CA021,self_entry,ENT002965,,2026-09-17,,,,,,screened_out
APP002756,JOB00429,CAN01151,CA013,ca_introduction,,INT002923,2026-09-18,2026-09-23,accepted,2026-09-30,other,post_recommendation,withdrawn
APP002757,JOB00791,CAN01817,CA020,ca_introduction,,INT002926,2026-09-18,,,2026-09-23,other,pre_recommendation,withdrawn
APP002758,JOB00432,CAN00038,CA004,self_entry,ENT000073,,2026-09-18,2026-09-24,rejected,,,,rejected
APP002759,JOB00609,CAN00043,CA011,self_entry,ENT000085,,2026-09-18,2026-09-24,accepted,,,,recommended
APP002760,JOB00667,CAN00053,CA005,self_entry,ENT000100,,2026-09-18,2026-09-24,rejected,,,,rejected
APP002761,JOB00564,CAN00083,CA016,self_entry,ENT000173,,2026-09-18,2026-09-24,rejected,,,,rejected
APP002762,JOB00493,CAN00156,CA002,self_entry,ENT000325,,2026-09-18,,,,,,screened_out
APP002763,JOB00564,CAN00925,CA007,self_entry,ENT001820,,2026-09-18,,,2026-09-18,process_delay,pre_recommendation,withdrawn
APP002765,JOB00800,CAN01427,CA001,self_entry,ENT002791,,2026-09-18,,,,,,screened_out
APP002767,JOB00549,CAN00781,CA020,ca_introduction,,INT002929,2026-09-19,,,2026-09-23,other,pre_recommendation,withdrawn
APP002768,JOB00160,CAN01178,CA001,ca_introduction,,INT002931,2026-09-19,2026-09-26,accepted,,,,recommended
APP002769,JOB00388,CAN00043,CA011,self_entry,ENT000086,,2026-09-19,,,,,,screened_out
APP002770,JOB00764,CAN00104,CA002,self_entry,ENT000219,,2026-09-19,,,,,,screened_out
APP002771,JOB00558,CAN00456,CA019,self_entry,ENT000890,,2026-09-19,,,,,,screened_out
APP002773,JOB00517,CAN00963,CA001,self_entry,ENT001898,,2026-09-19,2026-09-26,accepted,,,,recommended
APP002774,JOB00749,CAN01276,CA004,self_entry,ENT002504,,2026-09-19,2026-09-21,rejected,,,,rejected
APP002775,JOB00510,CAN01298,CA008,self_entry,ENT002538,,2026-09-19,,,,,,screened_out
APP002776,JOB00720,CAN01412,CA008,self_entry,ENT002763,,2026-09-19,2026-09-26,rejected,,,,rejected
APP002777,JOB00622,CAN01590,CA003,self_entry,ENT003096,,2026-09-19,,,,,,screened_out
APP002778,JOB00471,CAN01730,CA006,self_entry,ENT003354,,2026-09-19,2026-09-27,rejected,,,,rejected
APP002779,JOB00360,CAN01449,CA007,ca_introduction,,INT002934,2026-09-20,,,,,,screened_out
APP002780,JOB00655,CAN00034,CA014,self_entry,ENT000069,,2026-09-20,,,2026-09-22,other,pre_recommendation,withdrawn
APP002781,JOB00703,CAN00790,CA022,self_entry,ENT001522,,2026-09-20,,,,,,screened_out
APP002782,JOB00781,CAN01018,CA008,self_entry,ENT002016,,2026-09-20,,,2026-09-22,other,pre_recommendation,withdrawn
APP002784,JOB00668,CAN01608,CA006,self_entry,ENT003139,,2026-09-20,,,,,,screened_out
APP002785,JOB00720,CAN01740,CA001,self_entry,ENT003372,,2026-09-20,2026-09-27,accepted,,,,recommended
APP002787,JOB00581,CAN00146,CA005,self_entry,ENT000297,,2026-09-21,2026-09-27,accepted,,,,recommended
APP002788,JOB00726,CAN00463,CA011,self_entry,ENT000902,,2026-09-21,,,,,,screened_out
APP002789,JOB00459,CAN00687,CA002,self_entry,ENT001331,,2026-09-21,2026-09-27,rejected,,,,rejected
APP002790,JOB00643,CAN00725,CA019,self_entry,ENT001400,,2026-09-21,2026-09-25,accepted,2026-09-27,other,post_recommendation,withdrawn
APP002791,JOB00719,CAN00968,CA014,self_entry,ENT001905,,2026-09-21,,,2026-09-21,wage,pre_recommendation,withdrawn
APP002792,JOB00764,CAN01165,CA011,self_entry,ENT002301,,2026-09-21,,,,,,screened_out
APP002793,JOB00609,CAN01362,CA013,self_entry,ENT002656,,2026-09-21,,,,,,screened_out
APP002794,JOB00469,CAN01492,CA007,self_entry,ENT002923,,2026-09-21,,,2026-09-24,other,pre_recommendation,withdrawn
APP002796,JOB00650,CAN00533,CA021,self_entry,ENT001026,,2026-09-22,2026-09-28,rejected,,,,rejected
APP002797,JOB00416,CAN00676,CA013,self_entry,ENT001312,,2026-09-22,,,2026-09-24,process_delay,pre_recommendation,withdrawn
APP002798,JOB00764,CAN01030,CA001,self_entry,ENT002043,,2026-09-22,2026-09-30,rejected,,,,rejected
APP002799,JOB00708,CAN01475,CA006,self_entry,ENT002888,,2026-09-22,,,,,,screened_out
APP002801,JOB00472,CAN00586,CA002,ca_introduction,,INT002941,2026-09-23,2026-09-29,accepted,,,,recommended
APP002802,JOB00800,CAN01360,CA016,ca_introduction,,INT002942,2026-09-23,2026-09-30,accepted,,,,recommended
APP002803,JOB00138,CAN01360,CA016,ca_introduction,,INT002943,2026-09-23,2026-09-29,accepted,,,,recommended
APP002804,JOB00662,CAN01360,CA016,ca_introduction,,INT002944,2026-09-23,,,2026-09-28,process_delay,pre_recommendation,withdrawn
APP002805,JOB00668,CAN01848,CA010,ca_introduction,,INT002945,2026-09-23,2026-09-29,accepted,,,,recommended
APP002807,JOB00702,CAN00006,CA004,self_entry,ENT000011,,2026-09-23,2026-09-28,rejected,,,,rejected
APP002808,JOB00468,CAN00217,CA015,self_entry,ENT000443,,2026-09-23,,,2026-09-29,process_delay,pre_recommendation,withdrawn
APP002809,JOB00452,CAN01332,CA021,self_entry,ENT002596,,2026-09-23,,,,,,screened_out
APP002810,JOB00650,CAN01334,CA005,self_entry,ENT002601,,2026-09-23,,,2026-09-26,process_delay,pre_recommendation,withdrawn
APP002811,JOB00432,CAN01696,CA009,self_entry,ENT003295,,2026-09-23,,,,,,screened_out
APP002813,JOB00426,CAN00940,CA010,ca_introduction,,INT002950,2026-09-24,2026-09-30,accepted,,,,recommended
APP002814,JOB00608,CAN01259,CA019,ca_introduction,,INT002952,2026-09-24,,,2026-09-30,process_delay,pre_recommendation,withdrawn
APP002815,JOB00406,CAN00641,CA001,self_entry,ENT001239,,2026-09-24,,,,,,confirmed
APP002816,JOB00429,CAN00757,CA010,self_entry,ENT001466,,2026-09-24,,,,,,screened_out
APP002818,JOB00478,CAN00899,CA017,self_entry,ENT001768,,2026-09-24,,,2026-09-26,wage,pre_recommendation,withdrawn
APP002819,JOB00659,CAN01165,CA011,self_entry,ENT002303,,2026-09-24,2026-09-29,accepted,,,,recommended
APP002820,JOB00751,CAN01525,CA001,self_entry,ENT002987,,2026-09-24,,,,,,confirmed
APP002821,JOB00494,CAN01696,CA009,self_entry,ENT003293,,2026-09-24,2026-09-30,accepted,,,,recommended
APP002822,JOB00096,CAN01162,CA009,ca_introduction,,INT002951,2026-09-25,2026-09-30,accepted,,,,recommended
APP002823,JOB00352,CAN01886,CA022,ca_introduction,,INT002955,2026-09-25,,,,,,confirmed
APP002824,JOB00513,CAN00146,CA005,ca_introduction,,INT002956,2026-09-25,2026-09-28,accepted,,,,recommended
APP002825,JOB00618,CAN00088,CA015,self_entry,ENT000186,,2026-09-25,,,,,,screened_out
APP002826,JOB00702,CAN00189,CA019,self_entry,ENT000393,,2026-09-25,,,,,,screened_out
APP002827,JOB00393,CAN00417,CA022,self_entry,ENT000820,,2026-09-25,,,,,,confirmed
APP002828,JOB00517,CAN00688,CA012,self_entry,ENT001336,,2026-09-25,,,,,,confirmed
APP002829,JOB00461,CAN00954,CA021,self_entry,ENT001883,,2026-09-25,,,,,,confirmed
APP002830,JOB00494,CAN01508,CA005,self_entry,ENT002956,,2026-09-25,,,,,,screened_out
APP002831,JOB00407,CAN01546,CA002,self_entry,ENT003023,,2026-09-25,,,,,,confirmed
APP002832,JOB00380,CAN01795,CA008,self_entry,ENT003471,,2026-09-25,,,,,,screened_out
APP002833,JOB00772,CAN01851,CA014,self_entry,ENT003587,,2026-09-25,2026-09-30,accepted,,,,recommended
APP002834,JOB00702,CAN01886,CA022,self_entry,ENT003651,,2026-09-25,,,,,,confirmed
APP002835,JOB00513,CAN00543,CA008,ca_introduction,,INT002958,2026-09-26,,,,,,confirmed
APP002836,JOB00554,CAN00163,CA022,self_entry,ENT000342,,2026-09-26,,,,,,confirmed
APP002837,JOB00730,CAN00571,CA002,self_entry,ENT001099,,2026-09-26,,,,,,confirmed
APP002838,JOB00393,CAN00612,CA022,self_entry,ENT001181,,2026-09-26,,,,,,confirmed
APP002839,JOB00628,CAN00704,CA019,self_entry,ENT001368,,2026-09-26,,,,,,screened_out
APP002840,JOB00511,CAN00723,CA015,self_entry,ENT001395,,2026-09-26,,,,,,confirmed
APP002841,JOB00668,CAN00846,CA004,self_entry,ENT001673,,2026-09-26,,,,,,confirmed
APP002842,JOB00658,CAN00913,CA003,self_entry,ENT001794,,2026-09-26,,,,,,confirmed
APP002843,JOB00590,CAN01020,CA012,self_entry,ENT002018,,2026-09-26,,,,,,screened_out
APP002844,JOB00719,CAN01031,CA004,self_entry,ENT002046,,2026-09-26,,,,,,screened_out
APP002845,JOB00511,CAN01332,CA021,self_entry,ENT002597,,2026-09-26,,,,,,confirmed
APP002847,JOB00529,CAN01624,CA010,self_entry,ENT003177,,2026-09-26,,,,,,confirmed
APP002848,JOB00353,CAN01875,CA007,self_entry,ENT003628,,2026-09-26,,,,,,screened_out
APP002849,JOB00456,CAN01519,CA005,ca_introduction,,INT002966,2026-09-27,,,,,,confirmed
APP002850,JOB00447,CAN00049,CA021,self_entry,ENT000092,,2026-09-27,,,,,,confirmed
APP002852,JOB00641,CAN00645,CA016,self_entry,ENT001243,,2026-09-27,,,,,,screened_out
APP002853,JOB00447,CAN00815,CA005,self_entry,ENT001585,,2026-09-27,,,,,,screened_out
APP002854,JOB00456,CAN01031,CA004,self_entry,ENT002044,,2026-09-27,,,2026-09-30,process_delay,pre_recommendation,withdrawn
APP002856,JOB00636,CAN01366,CA003,self_entry,ENT002666,,2026-09-27,,,,,,confirmed
APP002857,JOB00788,CAN01402,CA010,self_entry,ENT002744,,2026-09-27,,,,,,screened_out
APP002859,JOB00650,CAN01624,CA010,self_entry,ENT003179,,2026-09-27,,,,,,confirmed
APP002860,JOB00406,CAN01630,CA022,self_entry,ENT003184,,2026-09-27,,,,,,confirmed
APP002861,JOB00478,CAN01833,CA009,self_entry,ENT003555,,2026-09-27,,,,,,confirmed
APP002863,JOB00519,CAN01896,CA005,self_entry,ENT003671,,2026-09-27,,,,,,screened_out
APP002864,JOB00063,CAN01519,CA005,ca_introduction,,INT002967,2026-09-28,,,,,,confirmed
APP002865,JOB00383,CAN01165,CA011,ca_introduction,,INT002969,2026-09-28,,,,,,confirmed
APP002866,JOB00468,CAN00070,CA016,self_entry,ENT000146,,2026-09-28,,,,,,screened_out
APP002867,JOB00572,CAN00074,CA002,self_entry,ENT000155,,2026-09-28,,,,,,confirmed
APP002868,JOB00529,CAN00146,CA005,self_entry,ENT000299,,2026-09-28,,,,,,confirmed
APP002869,JOB00636,CAN00521,CA015,self_entry,ENT001015,,2026-09-28,,,,,,screened_out
APP002870,JOB00416,CAN00543,CA008,self_entry,ENT001048,,2026-09-28,,,,,,confirmed
APP002871,JOB00478,CAN00853,CA004,self_entry,ENT001681,,2026-09-28,,,2026-09-30,process_delay,pre_recommendation,withdrawn
APP002872,JOB00564,CAN01804,CA018,self_entry,ENT003487,,2026-09-28,,,,,,screened_out
APP002873,JOB00749,CAN01901,CA011,self_entry,ENT003687,,2026-09-28,,,,,,confirmed
APP002874,JOB00554,CAN01590,CA003,ca_introduction,,INT002970,2026-09-29,,,2026-09-30,process_delay,pre_recommendation,withdrawn
APP002875,JOB00736,CAN01602,CA012,ca_introduction,,INT002971,2026-09-29,,,,,,confirmed
APP002876,JOB00524,CAN00533,CA021,ca_introduction,,INT002972,2026-09-29,,,2026-09-30,process_delay,pre_recommendation,withdrawn
APP002877,JOB00415,CAN00840,CA010,ca_introduction,,INT002973,2026-09-29,,,,,,confirmed
APP002878,JOB00441,CAN00853,CA004,ca_introduction,,INT002974,2026-09-29,,,2026-09-30,wage,pre_recommendation,withdrawn
APP002879,JOB00658,CAN00161,CA014,self_entry,ENT000335,,2026-09-29,,,2026-09-30,wage,pre_recommendation,withdrawn
APP002880,JOB00519,CAN00336,CA001,self_entry,ENT000668,,2026-09-29,,,,,,screened_out
APP002881,JOB00456,CAN00430,CA013,self_entry,ENT000839,,2026-09-29,,,,,,screened_out
APP002882,JOB00417,CAN00568,CA020,self_entry,ENT001093,,2026-09-29,,,,,,screened_out
APP002883,JOB00781,CAN00660,CA002,self_entry,ENT001277,,2026-09-29,,,,,,confirmed
APP002884,JOB00502,CAN00813,CA007,self_entry,ENT001577,,2026-09-29,,,,,,screened_out
APP002885,JOB00650,CAN01176,CA018,self_entry,ENT002319,,2026-09-29,,,,,,screened_out
APP002887,JOB00707,CAN01737,CA017,self_entry,ENT003367,,2026-09-29,,,,,,screened_out
APP002888,JOB00417,CAN01772,CA001,self_entry,ENT003430,,2026-09-29,,,,,,screened_out
APP002889,JOB00380,CAN01786,CA019,self_entry,ENT003447,,2026-09-29,,,,,,screened_out
APP002890,JOB00629,CAN01787,CA018,self_entry,ENT003453,,2026-09-29,,,2026-09-30,other,pre_recommendation,withdrawn
APP002891,JOB00478,CAN01851,CA014,self_entry,ENT003586,,2026-09-29,,,2026-09-30,wage,pre_recommendation,withdrawn
APP002892,JOB00624,CAN01461,CA008,ca_introduction,,INT002976,2026-09-30,,,,,,confirmed
APP002893,JOB00380,CAN00325,CA002,self_entry,ENT000645,,2026-09-30,,,,,,screened_out
APP002894,JOB00374,CAN00432,CA010,self_entry,ENT000844,,2026-09-30,,,,,,screened_out
APP002895,JOB00407,CAN00482,CA006,self_entry,ENT000933,,2026-09-30,,,,,,screened_out
APP002896,JOB00641,CAN00521,CA015,self_entry,ENT001014,,2026-09-30,,,,,,confirmed
APP002897,JOB00417,CAN00807,CA011,self_entry,ENT001561,,2026-09-30,,,,,,screened_out
APP002899,JOB00554,CAN00899,CA017,self_entry,ENT001771,,2026-09-30,,,,,,confirmed
APP002900,JOB00580,CAN01097,CA004,self_entry,ENT002161,,2026-09-30,,,,,,confirmed
APP002901,JOB00447,CAN01267,CA007,self_entry,ENT002485,,2026-09-30,,,,,,screened_out
APP002902,JOB00707,CAN01381,CA005,self_entry,ENT002689,,2026-09-30,,,,,,confirmed
APP002903,JOB00641,CAN01554,CA016,self_entry,ENT003035,,2026-09-30,,,,,,screened_out
APP002904,JOB00502,CAN01770,CA004,self_entry,ENT003423,,2026-09-30,,,,,,confirmed
APP002905,JOB00425,CAN01770,CA004,self_entry,ENT003424,,2026-09-30,,,,,,screened_out
