activity_id,candidate_id,activity_date,activity_type,ca_id
ACT000001,CAN00001,2026-05-12,initial_contact,CA020
ACT000002,CAN00001,2026-05-18,initial_interview,CA020
ACT000003,CAN00001,2026-06-08,follow_up,CA020
ACT000004,CAN00002,2025-04-04,initial_contact,CA001
ACT000005,CAN00002,2025-04-08,initial_interview,CA001
ACT000006,CAN00003,2025-11-18,initial_contact,CA015
ACT000007,CAN00003,2025-11-20,initial_interview,CA015
ACT000008,CAN00004,2025-06-05,initial_contact,CA008
ACT000009,CAN00004,2025-06-09,initial_interview,CA008
ACT000010,CAN00004,2025-06-18,follow_up,CA008
ACT000011,CAN00005,2025-06-20,initial_contact,CA010
ACT000012,CAN00005,2025-06-25,initial_interview,CA010
ACT000013,CAN00005,2025-07-13,follow_up,CA010
ACT000014,CAN00006,2026-04-20,initial_contact,CA004
ACT000015,CAN00006,2026-04-28,initial_interview,CA004
ACT000016,CAN00006,2026-05-10,follow_up,CA004
ACT000017,CAN00007,2026-01-07,initial_contact,CA005
ACT000018,CAN00007,2026-01-10,initial_interview,CA005
ACT000019,CAN00008,2025-09-26,initial_contact,CA002
ACT000020,CAN00008,2025-09-28,initial_interview,CA002
ACT000021,CAN00008,2025-10-08,follow_up,CA002
ACT000022,CAN00008,2025-10-28,follow_up,CA002
ACT000023,CAN00010,2026-08-11,initial_contact,CA010
ACT000024,CAN00010,2026-08-20,initial_interview,CA010
ACT000025,CAN00010,2026-09-02,follow_up,CA010
ACT000026,CAN00011,2025-10-14,initial_contact,CA005
ACT000027,CAN00012,2025-09-24,initial_contact,CA017
ACT000028,CAN00012,2025-09-25,initial_interview,CA017
ACT000029,CAN00012,2025-10-09,follow_up,CA017
ACT000030,CAN00013,2025-11-15,initial_contact,CA016
ACT000031,CAN00013,2025-11-22,initial_interview,CA016
ACT000032,CAN00014,2026-09-30,initial_contact,CA017
ACT000033,CAN00015,2026-01-06,initial_contact,CA002
ACT000034,CAN00015,2026-01-14,initial_interview,CA002
ACT000035,CAN00015,2026-01-23,follow_up,CA002
ACT000036,CAN00016,2025-11-02,initial_contact,CA017
ACT000037,CAN00016,2025-11-04,initial_interview,CA017
ACT000038,CAN00016,2025-11-13,follow_up,CA017
ACT000039,CAN00016,2025-11-30,follow_up,CA017
ACT000040,CAN00017,2025-04-15,initial_contact,CA016
ACT000041,CAN00017,2025-04-19,initial_interview,CA016
ACT000042,CAN00017,2025-05-10,follow_up,CA016
ACT000043,CAN00018,2025-10-09,initial_contact,CA007
ACT000044,CAN00018,2025-10-11,initial_interview,CA007
ACT000046,CAN00019,2025-01-10,initial_contact,CA009
ACT000047,CAN00019,2025-01-13,initial_interview,CA009
ACT000048,CAN00020,2026-04-05,initial_contact,CA011
ACT000049,CAN00020,2026-04-09,initial_interview,CA011
ACT000050,CAN00021,2026-06-10,initial_contact,CA005
ACT000051,CAN00021,2026-06-18,initial_interview,CA005
ACT000052,CAN00021,2026-07-06,follow_up,CA005
ACT000053,CAN00022,2026-08-24,initial_contact,CA009
ACT000054,CAN00022,2026-08-27,initial_interview,CA009
ACT000055,CAN00022,2026-09-06,follow_up,CA009
ACT000056,CAN00023,2025-12-21,initial_contact,CA005
ACT000057,CAN00023,2025-12-26,initial_interview,CA005
ACT000058,CAN00023,2026-01-03,follow_up,CA005
ACT000059,CAN00024,2026-05-05,initial_contact,CA019
ACT000060,CAN00024,2026-05-11,initial_interview,CA019
ACT000061,CAN00024,2026-05-22,follow_up,CA019
ACT000062,CAN00025,2026-03-17,initial_contact,CA003
ACT000063,CAN00026,2026-01-08,initial_contact,CA015
ACT000064,CAN00026,2026-01-14,initial_interview,CA015
ACT000065,CAN00026,2026-02-03,follow_up,CA015
ACT000066,CAN00027,2025-12-27,initial_contact,CA002
ACT000067,CAN00027,2026-01-02,initial_interview,CA002
ACT000068,CAN00027,2026-01-13,follow_up,CA002
ACT000069,CAN00027,2026-01-25,follow_up,CA002
ACT000070,CAN00028,2026-08-09,initial_contact,CA007
ACT000071,CAN00028,2026-08-15,initial_interview,CA007
ACT000072,CAN00029,2025-05-03,initial_contact,CA014
ACT000073,CAN00029,2025-05-05,initial_interview,CA014
ACT000074,CAN00030,2025-04-01,initial_contact,CA005
ACT000075,CAN00030,2025-04-03,initial_interview,CA005
ACT000076,CAN00030,2025-04-18,follow_up,CA005
ACT000077,CAN00031,2025-11-14,initial_contact,CA004
ACT000078,CAN00031,2025-11-19,initial_interview,CA004
ACT000079,CAN00031,2025-12-10,follow_up,CA004
ACT000080,CAN00032,2026-03-08,initial_contact,CA014
ACT000081,CAN00033,2025-06-20,initial_contact,CA008
ACT000082,CAN00033,2025-06-21,initial_interview,CA008
ACT000083,CAN00034,2026-08-31,initial_contact,CA014
ACT000084,CAN00034,2026-09-10,initial_interview,CA014
ACT000085,CAN00034,2026-09-21,follow_up,CA014
ACT000086,CAN00035,2025-02-04,initial_contact,CA008
ACT000087,CAN00035,2025-02-07,initial_interview,CA008
ACT000088,CAN00035,2025-02-15,follow_up,CA008
ACT000089,CAN00035,2025-02-24,follow_up,CA008
ACT000090,CAN00036,2025-05-14,initial_contact,CA007
ACT000091,CAN00036,2025-05-17,initial_interview,CA007
ACT000092,CAN00036,2025-05-29,follow_up,CA007
ACT000093,CAN00037,2026-07-30,initial_contact,CA014
ACT000094,CAN00037,2026-08-05,initial_interview,CA014
ACT000095,CAN00037,2026-08-22,follow_up,CA014
ACT000096,CAN00038,2026-02-11,initial_contact,CA004
ACT000097,CAN00038,2026-02-15,initial_interview,CA004
ACT000098,CAN00038,2026-02-26,follow_up,CA004
ACT000099,CAN00039,2025-04-16,initial_contact,CA010
ACT000100,CAN00039,2025-04-21,initial_interview,CA010
ACT000101,CAN00039,2025-05-08,follow_up,CA010
ACT000102,CAN00039,2025-05-15,follow_up,CA010
ACT000103,CAN00040,2026-03-31,initial_contact,CA018
ACT000104,CAN00040,2026-04-04,initial_interview,CA018
ACT000105,CAN00040,2026-04-17,follow_up,CA018
ACT000106,CAN00040,2026-05-06,follow_up,CA018
ACT000107,CAN00041,2025-10-06,initial_contact,CA001
ACT000108,CAN00041,2025-10-07,initial_interview,CA001
ACT000109,CAN00042,2025-09-17,initial_contact,CA002
ACT000110,CAN00042,2025-09-19,initial_interview,CA002
ACT000111,CAN00043,2026-09-08,initial_contact,CA011
ACT000112,CAN00043,2026-09-18,initial_interview,CA011
ACT000113,CAN00044,2026-06-05,initial_contact,CA002
ACT000114,CAN00044,2026-06-13,initial_interview,CA002
ACT000115,CAN00044,2026-06-30,follow_up,CA002
ACT000116,CAN00045,2025-04-25,initial_contact,CA016
ACT000117,CAN00045,2025-04-30,initial_interview,CA016
ACT000118,CAN00045,2025-05-21,follow_up,CA016
ACT000119,CAN00045,2025-06-07,follow_up,CA016
ACT000120,CAN00046,2026-03-26,initial_contact,CA019
ACT000121,CAN00047,2025-03-09,initial_contact,CA019
ACT000122,CAN00047,2025-03-12,initial_interview,CA019
ACT000123,CAN00048,2025-05-15,initial_contact,CA013
ACT000124,CAN00048,2025-05-19,initial_interview,CA013
ACT000125,CAN00049,2026-09-02,initial_contact,CA021
ACT000126,CAN00049,2026-09-09,initial_interview,CA021
ACT000127,CAN00049,2026-09-20,follow_up,CA021
ACT000128,CAN00050,2026-01-15,initial_contact,CA010
ACT000129,CAN00050,2026-01-21,initial_interview,CA010
ACT000130,CAN00050,2026-02-05,follow_up,CA010
ACT000131,CAN00051,2025-08-22,initial_contact,CA017
ACT000132,CAN00051,2025-08-24,initial_interview,CA017
ACT000133,CAN00051,2025-09-02,follow_up,CA017
ACT000134,CAN00052,2025-04-24,initial_contact,CA009
ACT000135,CAN00052,2025-04-28,initial_interview,CA009
ACT000136,CAN00052,2025-05-10,follow_up,CA009
ACT000137,CAN00052,2025-05-17,follow_up,CA009
ACT000138,CAN00053,2026-01-15,initial_contact,CA005
ACT000139,CAN00053,2026-01-20,initial_interview,CA005
ACT000140,CAN00053,2026-02-04,follow_up,CA005
ACT000141,CAN00054,2026-03-19,initial_contact,CA011
ACT000142,CAN00054,2026-03-25,initial_interview,CA011
ACT000143,CAN00054,2026-04-02,follow_up,CA011
ACT000144,CAN00054,2026-04-21,follow_up,CA011
ACT000145,CAN00055,2025-11-15,initial_contact,CA008
ACT000146,CAN00056,2025-04-19,initial_contact,CA021
ACT000147,CAN00056,2025-04-22,initial_interview,CA021
ACT000148,CAN00057,2026-02-27,initial_contact,CA001
ACT000149,CAN00057,2026-03-09,initial_interview,CA001
ACT000150,CAN00058,2026-06-14,initial_contact,CA009
ACT000151,CAN00058,2026-06-21,initial_interview,CA009
ACT000152,CAN00058,2026-07-02,follow_up,CA009
ACT000153,CAN00058,2026-07-20,follow_up,CA009
ACT000154,CAN00059,2025-10-11,initial_contact,CA007
ACT000155,CAN00059,2025-10-20,initial_interview,CA007
ACT000156,CAN00059,2025-10-28,follow_up,CA007
ACT000157,CAN00060,2025-08-25,initial_contact,CA016
ACT000158,CAN00060,2025-08-26,initial_interview,CA016
ACT000159,CAN00061,2026-06-27,initial_contact,CA008
ACT000160,CAN00061,2026-07-05,initial_interview,CA008
ACT000161,CAN00061,2026-07-15,follow_up,CA008
ACT000162,CAN00062,2026-06-19,initial_contact,CA007
ACT000163,CAN00062,2026-06-28,initial_interview,CA007
ACT000164,CAN00063,2025-04-22,initial_contact,CA012
ACT000165,CAN00063,2025-04-26,initial_interview,CA012
ACT000167,CAN00064,2026-02-16,initial_contact,CA016
ACT000168,CAN00064,2026-02-22,initial_interview,CA016
ACT000169,CAN00065,2026-08-10,initial_contact,CA005
ACT000170,CAN00065,2026-08-16,initial_interview,CA005
ACT000171,CAN00066,2026-01-29,initial_contact,CA004
ACT000172,CAN00066,2026-02-06,initial_interview,CA004
ACT000173,CAN00066,2026-02-14,follow_up,CA004
ACT000174,CAN00067,2026-03-12,initial_contact,CA016
ACT000175,CAN00067,2026-03-18,initial_interview,CA016
ACT000176,CAN00067,2026-03-27,follow_up,CA016
ACT000177,CAN00068,2026-05-12,initial_contact,CA007
ACT000178,CAN00068,2026-05-21,initial_interview,CA007
ACT000179,CAN00068,2026-06-13,follow_up,CA007
ACT000180,CAN00069,2025-10-14,initial_contact,CA003
ACT000181,CAN00069,2025-10-21,initial_interview,CA003
ACT000182,CAN00070,2026-08-31,initial_contact,CA016
ACT000183,CAN00070,2026-09-06,initial_interview,CA016
ACT000184,CAN00070,2026-09-27,follow_up,CA016
ACT000185,CAN00071,2025-04-13,initial_contact,CA011
ACT000186,CAN00071,2025-04-17,initial_interview,CA011
ACT000187,CAN00072,2026-03-07,initial_contact,CA010
ACT000188,CAN00072,2026-03-11,initial_interview,CA010
ACT000189,CAN00072,2026-03-24,follow_up,CA010
ACT000191,CAN00073,2025-05-28,initial_contact,CA017
ACT000192,CAN00074,2026-09-29,initial_contact,CA002
ACT000193,CAN00075,2025-11-17,initial_contact,CA011
ACT000194,CAN00075,2025-11-20,initial_interview,CA011
ACT000195,CAN00075,2025-12-01,follow_up,CA011
ACT000196,CAN00076,2025-02-23,initial_contact,CA015
ACT000197,CAN00076,2025-02-24,initial_interview,CA015
ACT000198,CAN00076,2025-03-05,follow_up,CA015
ACT000199,CAN00076,2025-03-16,follow_up,CA015
ACT000200,CAN00077,2026-02-12,initial_contact,CA005
ACT000201,CAN00078,2025-06-29,initial_contact,CA019
ACT000202,CAN00078,2025-07-03,initial_interview,CA019
ACT000203,CAN00078,2025-07-17,follow_up,CA019
ACT000204,CAN00079,2026-05-08,initial_contact,CA009
ACT000205,CAN00079,2026-05-14,initial_interview,CA009
ACT000206,CAN00079,2026-06-03,follow_up,CA009
ACT000207,CAN00080,2026-01-24,initial_contact,CA020
ACT000208,CAN00080,2026-01-29,initial_interview,CA020
ACT000209,CAN00081,2026-07-24,initial_contact,CA007
ACT000210,CAN00081,2026-08-01,initial_interview,CA007
ACT000211,CAN00082,2025-09-26,initial_contact,CA002
ACT000212,CAN00082,2025-10-01,initial_interview,CA002
ACT000213,CAN00082,2025-10-16,follow_up,CA002
ACT000214,CAN00083,2026-02-26,initial_contact,CA016
ACT000215,CAN00084,2026-06-12,initial_contact,CA011
ACT000216,CAN00084,2026-06-21,initial_interview,CA011
ACT000217,CAN00084,2026-07-12,follow_up,CA011
ACT000218,CAN00085,2025-08-12,initial_contact,CA021
ACT000219,CAN00086,2025-06-25,initial_contact,CA008
ACT000220,CAN00086,2025-06-28,initial_interview,CA008
ACT000221,CAN00086,2025-07-10,follow_up,CA008
ACT000222,CAN00086,2025-07-17,follow_up,CA008
ACT000223,CAN00087,2026-09-04,initial_contact,CA022
ACT000224,CAN00087,2026-09-14,initial_interview,CA022
ACT000225,CAN00088,2026-05-20,initial_contact,CA015
ACT000226,CAN00088,2026-05-24,initial_interview,CA015
ACT000227,CAN00088,2026-06-06,follow_up,CA015
ACT000228,CAN00089,2025-06-19,initial_contact,CA008
ACT000229,CAN00089,2025-06-24,initial_interview,CA008
ACT000230,CAN00089,2025-07-13,follow_up,CA008
ACT000231,CAN00089,2025-07-26,follow_up,CA008
ACT000232,CAN00090,2026-09-25,initial_contact,CA013
ACT000233,CAN00091,2026-07-21,initial_contact,CA001
ACT000234,CAN00091,2026-07-28,initial_interview,CA001
ACT000235,CAN00092,2025-11-02,initial_contact,CA003
ACT000236,CAN00092,2025-11-08,initial_interview,CA003
ACT000237,CAN00092,2025-11-16,follow_up,CA003
ACT000238,CAN00093,2026-04-17,initial_contact,CA006
ACT000239,CAN00093,2026-04-22,initial_interview,CA006
ACT000240,CAN00094,2026-05-12,initial_contact,CA010
ACT000241,CAN00094,2026-05-19,initial_interview,CA010
ACT000242,CAN00094,2026-06-10,follow_up,CA010
ACT000243,CAN00095,2026-02-17,initial_contact,CA014
ACT000244,CAN00095,2026-02-21,initial_interview,CA014
ACT000245,CAN00095,2026-03-04,follow_up,CA014
ACT000246,CAN00095,2026-03-28,follow_up,CA014
ACT000247,CAN00096,2026-06-11,initial_contact,CA022
ACT000248,CAN00096,2026-06-20,initial_interview,CA022
ACT000249,CAN00097,2025-08-10,initial_contact,CA009
ACT000250,CAN00097,2025-08-15,initial_interview,CA009
ACT000251,CAN00099,2026-05-17,initial_contact,CA009
ACT000252,CAN00099,2026-05-23,initial_interview,CA009
ACT000253,CAN00099,2026-06-02,follow_up,CA009
ACT000254,CAN00100,2026-06-20,initial_contact,CA001
ACT000255,CAN00100,2026-06-22,initial_interview,CA001
ACT000256,CAN00100,2026-07-02,follow_up,CA001
ACT000257,CAN00101,2026-02-08,initial_contact,CA013
ACT000258,CAN00101,2026-02-12,initial_interview,CA013
ACT000259,CAN00101,2026-03-02,follow_up,CA013
ACT000260,CAN00102,2026-05-16,initial_contact,CA001
ACT000261,CAN00102,2026-05-20,initial_interview,CA001
ACT000262,CAN00102,2026-06-10,follow_up,CA001
ACT000263,CAN00102,2026-06-25,follow_up,CA001
ACT000264,CAN00103,2025-11-30,initial_contact,CA009
ACT000265,CAN00103,2025-12-05,initial_interview,CA009
ACT000268,CAN00104,2026-02-27,initial_contact,CA002
ACT000269,CAN00104,2026-03-06,initial_interview,CA002
ACT000270,CAN00105,2026-09-10,initial_contact,CA003
ACT000271,CAN00105,2026-09-20,initial_interview,CA003
ACT000272,CAN00106,2025-05-06,initial_contact,CA020
ACT000273,CAN00106,2025-05-07,initial_interview,CA020
ACT000274,CAN00106,2025-05-21,follow_up,CA020
ACT000275,CAN00107,2025-03-10,initial_contact,CA018
ACT000276,CAN00107,2025-03-15,initial_interview,CA018
ACT000277,CAN00107,2025-04-05,follow_up,CA018
ACT000278,CAN00108,2026-03-01,initial_contact,CA019
ACT000279,CAN00108,2026-03-06,initial_interview,CA019
ACT000280,CAN00109,2025-02-17,initial_contact,CA013
ACT000281,CAN00110,2025-08-26,initial_contact,CA016
ACT000282,CAN00111,2026-08-08,initial_contact,CA004
ACT000283,CAN00111,2026-08-17,initial_interview,CA004
ACT000284,CAN00112,2026-02-27,initial_contact,CA016
ACT000285,CAN00112,2026-03-07,initial_interview,CA016
ACT000286,CAN00112,2026-03-21,follow_up,CA016
ACT000287,CAN00113,2025-04-14,initial_contact,CA003
ACT000288,CAN00113,2025-04-19,initial_interview,CA003
ACT000289,CAN00114,2025-10-24,initial_contact,CA011
ACT000290,CAN00114,2025-10-27,initial_interview,CA011
ACT000291,CAN00114,2025-11-18,follow_up,CA011
ACT000292,CAN00115,2025-10-28,initial_contact,CA017
ACT000293,CAN00115,2025-11-01,initial_interview,CA017
ACT000294,CAN00115,2025-11-11,follow_up,CA017
ACT000295,CAN00116,2026-09-28,initial_contact,CA018
ACT000296,CAN00117,2026-04-11,initial_contact,CA008
ACT000297,CAN00118,2026-02-01,initial_contact,CA021
ACT000298,CAN00118,2026-02-05,initial_interview,CA021
ACT000299,CAN00118,2026-02-22,follow_up,CA021
ACT000300,CAN00119,2025-06-11,initial_contact,CA013
ACT000301,CAN00119,2025-06-16,initial_interview,CA013
ACT000302,CAN00120,2025-11-20,initial_contact,CA013
ACT000303,CAN00120,2025-11-27,initial_interview,CA013
ACT000304,CAN00120,2025-12-08,follow_up,CA013
ACT000305,CAN00120,2025-12-20,follow_up,CA013
ACT000306,CAN00121,2025-02-28,initial_contact,CA004
ACT000307,CAN00121,2025-03-04,initial_interview,CA004
ACT000308,CAN00121,2025-03-17,follow_up,CA004
ACT000309,CAN00122,2025-07-19,initial_contact,CA005
ACT000310,CAN00122,2025-07-22,initial_interview,CA005
ACT000311,CAN00123,2025-11-26,initial_contact,CA005
ACT000312,CAN00123,2025-11-30,initial_interview,CA005
ACT000313,CAN00123,2025-12-10,follow_up,CA005
ACT000314,CAN00124,2025-05-21,initial_contact,CA016
ACT000315,CAN00124,2025-05-25,initial_interview,CA016
ACT000316,CAN00125,2025-09-02,initial_contact,CA011
ACT000317,CAN00126,2025-09-04,initial_contact,CA010
ACT000318,CAN00126,2025-09-07,initial_interview,CA010
ACT000319,CAN00127,2026-02-06,initial_contact,CA007
ACT000320,CAN00127,2026-02-12,initial_interview,CA007
ACT000321,CAN00127,2026-03-07,follow_up,CA007
ACT000322,CAN00128,2026-04-28,initial_contact,CA016
ACT000323,CAN00128,2026-05-04,initial_interview,CA016
ACT000324,CAN00128,2026-05-14,follow_up,CA016
ACT000325,CAN00129,2025-10-02,initial_contact,CA001
ACT000326,CAN00129,2025-10-05,initial_interview,CA001
ACT000327,CAN00129,2025-10-23,follow_up,CA001
ACT000328,CAN00129,2025-11-12,follow_up,CA001
ACT000329,CAN00130,2025-03-19,initial_contact,CA020
ACT000330,CAN00130,2025-03-20,initial_interview,CA020
ACT000331,CAN00130,2025-04-03,follow_up,CA020
ACT000332,CAN00131,2025-11-27,initial_contact,CA019
ACT000333,CAN00131,2025-12-05,initial_interview,CA019
ACT000334,CAN00132,2025-12-14,initial_contact,CA017
ACT000335,CAN00132,2025-12-19,initial_interview,CA017
ACT000336,CAN00133,2025-06-15,initial_contact,CA014
ACT000337,CAN00133,2025-06-18,initial_interview,CA014
ACT000338,CAN00134,2026-03-07,initial_contact,CA014
ACT000339,CAN00135,2025-05-07,initial_contact,CA010
ACT000340,CAN00135,2025-05-09,initial_interview,CA010
ACT000341,CAN00136,2026-01-12,initial_contact,CA014
ACT000342,CAN00136,2026-01-17,initial_interview,CA014
ACT000343,CAN00137,2026-09-08,initial_contact,CA008
ACT000344,CAN00137,2026-09-18,initial_interview,CA008
ACT000345,CAN00138,2025-07-12,initial_contact,CA006
ACT000346,CAN00138,2025-07-16,initial_interview,CA006
ACT000347,CAN00139,2025-07-28,initial_contact,CA007
ACT000348,CAN00140,2025-02-07,initial_contact,CA002
ACT000349,CAN00140,2025-02-11,initial_interview,CA002
ACT000350,CAN00140,2025-02-26,follow_up,CA002
ACT000351,CAN00141,2026-04-07,initial_contact,CA022
ACT000352,CAN00141,2026-04-13,initial_interview,CA022
ACT000353,CAN00142,2026-09-22,initial_contact,CA013
ACT000354,CAN00143,2025-05-27,initial_contact,CA014
ACT000355,CAN00143,2025-05-31,initial_interview,CA014
ACT000356,CAN00144,2025-03-13,initial_contact,CA015
ACT000357,CAN00144,2025-03-14,initial_interview,CA015
ACT000358,CAN00145,2025-06-20,initial_contact,CA004
ACT000359,CAN00145,2025-06-22,initial_interview,CA004
ACT000360,CAN00146,2026-09-19,initial_contact,CA005
ACT000361,CAN00146,2026-09-25,initial_interview,CA005
ACT000362,CAN00147,2026-09-28,initial_contact,CA006
ACT000363,CAN00148,2026-01-29,initial_contact,CA018
ACT000364,CAN00148,2026-01-31,initial_interview,CA018
ACT000365,CAN00148,2026-02-16,follow_up,CA018
ACT000366,CAN00148,2026-02-28,follow_up,CA018
ACT000367,CAN00149,2025-11-20,initial_contact,CA014
ACT000368,CAN00150,2026-05-30,initial_contact,CA010
ACT000369,CAN00150,2026-06-06,initial_interview,CA010
ACT000370,CAN00151,2025-12-27,initial_contact,CA007
ACT000371,CAN00151,2025-12-30,initial_interview,CA007
ACT000373,CAN00152,2026-01-12,initial_contact,CA007
ACT000374,CAN00152,2026-01-18,initial_interview,CA007
ACT000375,CAN00152,2026-01-27,follow_up,CA007
ACT000376,CAN00152,2026-02-09,follow_up,CA007
ACT000377,CAN00153,2026-01-19,initial_contact,CA013
ACT000378,CAN00154,2025-12-13,initial_contact,CA015
ACT000379,CAN00154,2025-12-19,initial_interview,CA015
ACT000380,CAN00154,2026-01-01,follow_up,CA015
ACT000381,CAN00155,2026-07-25,initial_contact,CA002
ACT000382,CAN00155,2026-08-02,initial_interview,CA002
ACT000383,CAN00155,2026-08-12,follow_up,CA002
ACT000384,CAN00156,2026-09-18,initial_contact,CA002
ACT000385,CAN00156,2026-09-28,initial_interview,CA002
ACT000386,CAN00157,2025-11-25,initial_contact,CA006
ACT000387,CAN00157,2025-12-01,initial_interview,CA006
ACT000388,CAN00158,2026-03-31,initial_contact,CA004
ACT000389,CAN00158,2026-04-04,initial_interview,CA004
ACT000390,CAN00158,2026-04-19,follow_up,CA004
ACT000391,CAN00159,2025-05-02,initial_contact,CA010
ACT000392,CAN00159,2025-05-04,initial_interview,CA010
ACT000393,CAN00159,2025-05-23,follow_up,CA010
ACT000394,CAN00160,2026-07-30,initial_contact,CA021
ACT000395,CAN00160,2026-08-04,initial_interview,CA021
ACT000396,CAN00160,2026-08-17,follow_up,CA021
ACT000397,CAN00161,2026-05-21,initial_contact,CA014
ACT000398,CAN00161,2026-05-30,initial_interview,CA014
ACT000399,CAN00161,2026-06-17,follow_up,CA014
ACT000400,CAN00161,2026-07-11,follow_up,CA014
ACT000401,CAN00162,2025-06-14,initial_contact,CA013
ACT000402,CAN00162,2025-06-15,initial_interview,CA013
ACT000403,CAN00163,2026-09-21,initial_contact,CA022
ACT000404,CAN00163,2026-09-26,initial_interview,CA022
ACT000405,CAN00164,2025-08-31,initial_contact,CA009
ACT000406,CAN00164,2025-09-04,initial_interview,CA009
ACT000407,CAN00165,2025-12-09,initial_contact,CA014
ACT000408,CAN00165,2025-12-12,initial_interview,CA014
ACT000409,CAN00165,2025-12-28,follow_up,CA014
ACT000410,CAN00165,2026-01-13,follow_up,CA014
ACT000411,CAN00166,2026-05-18,initial_contact,CA017
ACT000412,CAN00166,2026-05-24,initial_interview,CA017
ACT000413,CAN00166,2026-06-14,follow_up,CA017
ACT000414,CAN00167,2025-06-10,initial_contact,CA014
ACT000415,CAN00167,2025-06-11,initial_interview,CA014
ACT000416,CAN00167,2025-06-19,follow_up,CA014
ACT000417,CAN00168,2026-08-22,initial_contact,CA005
ACT000418,CAN00168,2026-08-26,initial_interview,CA005
ACT000419,CAN00169,2026-05-17,initial_contact,CA007
ACT000420,CAN00169,2026-05-25,initial_interview,CA007
ACT000421,CAN00169,2026-06-10,follow_up,CA007
ACT000422,CAN00170,2025-09-25,initial_contact,CA004
ACT000423,CAN00171,2026-02-03,initial_contact,CA001
ACT000424,CAN00172,2025-04-11,initial_contact,CA021
ACT000425,CAN00172,2025-04-13,initial_interview,CA021
ACT000426,CAN00173,2025-10-12,initial_contact,CA006
ACT000427,CAN00173,2025-10-13,initial_interview,CA006
ACT000428,CAN00173,2025-11-01,follow_up,CA006
ACT000429,CAN00174,2026-04-27,initial_contact,CA008
ACT000430,CAN00174,2026-05-05,initial_interview,CA008
ACT000431,CAN00174,2026-05-25,follow_up,CA008
ACT000432,CAN00175,2026-01-24,initial_contact,CA020
ACT000433,CAN00175,2026-01-30,initial_interview,CA020
ACT000434,CAN00176,2025-06-15,initial_contact,CA020
ACT000435,CAN00176,2025-06-19,initial_interview,CA020
ACT000436,CAN00176,2025-07-02,follow_up,CA020
ACT000437,CAN00177,2026-03-15,initial_contact,CA012
ACT000438,CAN00177,2026-03-21,initial_interview,CA012
ACT000439,CAN00177,2026-03-29,follow_up,CA012
ACT000440,CAN00179,2025-09-12,initial_contact,CA004
ACT000441,CAN00179,2025-09-16,initial_interview,CA004
ACT000442,CAN00179,2025-09-24,follow_up,CA004
ACT000443,CAN00180,2026-05-23,initial_contact,CA015
ACT000444,CAN00180,2026-05-29,initial_interview,CA015
ACT000445,CAN00181,2025-07-24,initial_contact,CA012
ACT000446,CAN00181,2025-07-28,initial_interview,CA012
ACT000447,CAN00182,2025-02-07,initial_contact,CA014
ACT000448,CAN00182,2025-02-11,initial_interview,CA014
ACT000449,CAN00183,2026-01-02,initial_contact,CA019
ACT000450,CAN00183,2026-01-05,initial_interview,CA019
ACT000451,CAN00183,2026-01-23,follow_up,CA019
ACT000452,CAN00184,2026-09-17,initial_contact,CA022
ACT000453,CAN00184,2026-09-24,initial_interview,CA022
ACT000454,CAN00185,2025-07-11,initial_contact,CA019
ACT000455,CAN00185,2025-07-14,initial_interview,CA019
ACT000457,CAN00186,2026-04-13,initial_contact,CA021
ACT000458,CAN00186,2026-04-18,initial_interview,CA021
ACT000459,CAN00187,2026-08-25,initial_contact,CA007
ACT000460,CAN00187,2026-09-03,initial_interview,CA007
ACT000461,CAN00187,2026-09-13,follow_up,CA007
ACT000462,CAN00188,2025-04-07,initial_contact,CA004
ACT000463,CAN00189,2026-09-26,initial_contact,CA001
ACT000464,CAN00190,2025-09-14,initial_contact,CA001
ACT000465,CAN00190,2025-09-15,initial_interview,CA001
ACT000466,CAN00190,2025-09-28,follow_up,CA001
ACT000467,CAN00190,2025-10-16,follow_up,CA001
ACT000468,CAN00191,2026-01-23,initial_contact,CA019
ACT000469,CAN00191,2026-01-27,initial_interview,CA019
ACT000470,CAN00191,2026-02-11,follow_up,CA019
ACT000471,CAN00192,2026-03-03,initial_contact,CA007
ACT000472,CAN00192,2026-03-10,initial_interview,CA007
ACT000473,CAN00192,2026-03-25,follow_up,CA007
ACT000474,CAN00193,2026-04-11,initial_contact,CA002
ACT000475,CAN00193,2026-04-18,initial_interview,CA002
ACT000477,CAN00194,2025-08-29,initial_contact,CA011
ACT000478,CAN00195,2025-09-28,initial_contact,CA008
ACT000479,CAN00195,2025-10-03,initial_interview,CA008
ACT000480,CAN00195,2025-10-17,follow_up,CA008
ACT000481,CAN00196,2026-02-09,initial_contact,CA008
ACT000482,CAN00196,2026-02-16,initial_interview,CA008
ACT000483,CAN00196,2026-03-02,follow_up,CA008
ACT000484,CAN00197,2026-08-16,initial_contact,CA010
ACT000485,CAN00197,2026-08-22,initial_interview,CA010
ACT000486,CAN00197,2026-09-02,follow_up,CA010
ACT000487,CAN00198,2026-04-24,initial_contact,CA008
ACT000488,CAN00198,2026-04-28,initial_interview,CA008
ACT000489,CAN00198,2026-05-16,follow_up,CA008
ACT000490,CAN00199,2026-05-06,initial_contact,CA003
ACT000491,CAN00199,2026-05-15,initial_interview,CA003
ACT000492,CAN00200,2025-03-25,initial_contact,CA006
ACT000493,CAN00200,2025-03-26,initial_interview,CA006
ACT000494,CAN00200,2025-04-07,follow_up,CA006
ACT000495,CAN00200,2025-04-27,follow_up,CA006
ACT000496,CAN00201,2026-06-24,initial_contact,CA011
ACT000497,CAN00202,2025-05-08,initial_contact,CA013
ACT000498,CAN00203,2025-12-03,initial_contact,CA008
ACT000499,CAN00203,2025-12-10,initial_interview,CA008
ACT000500,CAN00203,2025-12-27,follow_up,CA008
ACT000501,CAN00204,2026-02-17,initial_contact,CA017
ACT000502,CAN00204,2026-02-23,initial_interview,CA017
ACT000503,CAN00205,2026-06-05,initial_contact,CA018
ACT000504,CAN00206,2026-01-02,initial_contact,CA002
ACT000505,CAN00206,2026-01-05,initial_interview,CA002
ACT000506,CAN00206,2026-01-14,follow_up,CA002
ACT000507,CAN00206,2026-02-02,follow_up,CA002
ACT000508,CAN00207,2026-05-02,initial_contact,CA011
ACT000509,CAN00207,2026-05-10,initial_interview,CA011
ACT000510,CAN00207,2026-05-29,follow_up,CA011
ACT000511,CAN00208,2026-05-17,initial_contact,CA015
ACT000512,CAN00208,2026-05-25,initial_interview,CA015
ACT000513,CAN00208,2026-06-03,follow_up,CA015
ACT000514,CAN00209,2025-06-25,initial_contact,CA006
ACT000515,CAN00209,2025-06-28,initial_interview,CA006
ACT000516,CAN00210,2025-07-09,initial_contact,CA018
ACT000517,CAN00210,2025-07-11,initial_interview,CA018
ACT000518,CAN00211,2025-09-18,initial_contact,CA008
ACT000519,CAN00211,2025-09-20,initial_interview,CA008
ACT000520,CAN00211,2025-10-01,follow_up,CA008
ACT000521,CAN00212,2026-07-08,initial_contact,CA009
ACT000522,CAN00212,2026-07-14,initial_interview,CA009
ACT000523,CAN00212,2026-08-05,follow_up,CA009
ACT000524,CAN00213,2025-08-26,initial_contact,CA014
ACT000525,CAN00213,2025-08-27,initial_interview,CA014
ACT000526,CAN00213,2025-09-03,follow_up,CA014
ACT000527,CAN00214,2026-06-09,initial_contact,CA005
ACT000528,CAN00215,2026-08-01,initial_contact,CA011
ACT000529,CAN00215,2026-08-08,initial_interview,CA011
ACT000530,CAN00215,2026-08-23,follow_up,CA011
ACT000531,CAN00215,2026-09-04,follow_up,CA011
ACT000532,CAN00216,2025-05-29,initial_contact,CA014
ACT000533,CAN00216,2025-06-03,initial_interview,CA014
ACT000534,CAN00217,2025-04-02,initial_contact,CA015
ACT000535,CAN00217,2025-04-07,initial_interview,CA015
ACT000536,CAN00218,2026-06-25,initial_contact,CA010
ACT000537,CAN00218,2026-07-03,initial_interview,CA010
ACT000538,CAN00219,2026-03-21,initial_contact,CA006
ACT000539,CAN00219,2026-03-30,initial_interview,CA006
ACT000540,CAN00220,2026-08-07,initial_contact,CA002
ACT000541,CAN00220,2026-08-13,initial_interview,CA002
ACT000542,CAN00220,2026-08-28,follow_up,CA002
ACT000543,CAN00221,2025-09-30,initial_contact,CA011
ACT000544,CAN00221,2025-10-01,initial_interview,CA011
ACT000545,CAN00222,2026-05-11,initial_contact,CA022
ACT000546,CAN00222,2026-05-17,initial_interview,CA022
ACT000547,CAN00223,2025-06-22,initial_contact,CA006
ACT000548,CAN00223,2025-06-25,initial_interview,CA006
ACT000549,CAN00223,2025-07-16,follow_up,CA006
ACT000550,CAN00224,2025-12-09,initial_contact,CA012
ACT000551,CAN00224,2025-12-10,initial_interview,CA012
ACT000552,CAN00224,2025-12-21,follow_up,CA012
ACT000553,CAN00225,2025-07-09,initial_contact,CA015
ACT000554,CAN00225,2025-07-10,initial_interview,CA015
ACT000555,CAN00225,2025-07-26,follow_up,CA015
ACT000556,CAN00226,2025-11-17,initial_contact,CA009
ACT000557,CAN00226,2025-11-19,initial_interview,CA009
ACT000558,CAN00226,2025-12-01,follow_up,CA009
ACT000559,CAN00227,2025-06-04,initial_contact,CA007
ACT000560,CAN00227,2025-06-07,initial_interview,CA007
ACT000561,CAN00227,2025-06-18,follow_up,CA007
ACT000562,CAN00228,2025-08-22,initial_contact,CA010
ACT000563,CAN00228,2025-08-25,initial_interview,CA010
ACT000564,CAN00228,2025-09-15,follow_up,CA010
ACT000565,CAN00228,2025-09-25,follow_up,CA010
ACT000566,CAN00229,2026-06-13,initial_contact,CA017
ACT000567,CAN00229,2026-06-22,initial_interview,CA017
ACT000568,CAN00229,2026-07-10,follow_up,CA017
ACT000569,CAN00230,2025-10-29,initial_contact,CA005
ACT000570,CAN00230,2025-11-03,initial_interview,CA005
ACT000571,CAN00230,2025-11-21,follow_up,CA005
ACT000572,CAN00230,2025-12-12,follow_up,CA005
ACT000573,CAN00231,2025-05-20,initial_contact,CA016
ACT000574,CAN00231,2025-05-22,initial_interview,CA016
ACT000575,CAN00231,2025-06-03,follow_up,CA016
ACT000576,CAN00232,2025-11-15,initial_contact,CA003
ACT000577,CAN00233,2026-04-26,initial_contact,CA001
ACT000578,CAN00233,2026-05-04,initial_interview,CA001
ACT000579,CAN00234,2026-04-12,initial_contact,CA008
ACT000580,CAN00235,2025-01-27,initial_contact,CA001
ACT000581,CAN00236,2025-08-01,initial_contact,CA021
ACT000582,CAN00236,2025-08-05,initial_interview,CA021
ACT000583,CAN00236,2025-08-25,follow_up,CA021
ACT000584,CAN00237,2025-10-02,initial_contact,CA012
ACT000585,CAN00237,2025-10-04,initial_interview,CA012
ACT000586,CAN00237,2025-10-15,follow_up,CA012
ACT000587,CAN00238,2026-02-06,initial_contact,CA021
ACT000588,CAN00238,2026-02-14,initial_interview,CA021
ACT000589,CAN00238,2026-03-08,follow_up,CA021
ACT000590,CAN00239,2025-04-06,initial_contact,CA018
ACT000591,CAN00239,2025-04-08,initial_interview,CA018
ACT000594,CAN00240,2026-07-12,initial_contact,CA022
ACT000595,CAN00240,2026-07-22,initial_interview,CA022
ACT000596,CAN00241,2025-05-10,initial_contact,CA017
ACT000597,CAN00242,2026-06-21,initial_contact,CA001
ACT000598,CAN00242,2026-06-29,initial_interview,CA001
ACT000599,CAN00242,2026-07-20,follow_up,CA001
ACT000600,CAN00243,2026-07-01,initial_contact,CA007
ACT000601,CAN00243,2026-07-08,initial_interview,CA007
ACT000602,CAN00243,2026-07-24,follow_up,CA007
ACT000603,CAN00243,2026-08-06,follow_up,CA007
ACT000604,CAN00244,2025-05-31,initial_contact,CA008
ACT000605,CAN00245,2026-04-11,initial_contact,CA010
ACT000606,CAN00245,2026-04-17,initial_interview,CA010
ACT000607,CAN00245,2026-04-28,follow_up,CA010
ACT000608,CAN00245,2026-05-09,follow_up,CA010
ACT000609,CAN00246,2025-06-28,initial_contact,CA020
ACT000610,CAN00246,2025-07-01,initial_interview,CA020
ACT000611,CAN00246,2025-07-14,follow_up,CA020
ACT000613,CAN00247,2026-03-06,initial_contact,CA005
ACT000614,CAN00248,2026-04-04,initial_contact,CA016
ACT000615,CAN00248,2026-04-11,initial_interview,CA016
ACT000616,CAN00249,2025-04-24,initial_contact,CA008
ACT000617,CAN00249,2025-04-29,initial_interview,CA008
ACT000618,CAN00249,2025-05-15,follow_up,CA008
ACT000619,CAN00250,2026-02-14,initial_contact,CA007
ACT000620,CAN00251,2026-03-28,initial_contact,CA003
ACT000621,CAN00253,2025-01-31,initial_contact,CA012
ACT000622,CAN00253,2025-02-05,initial_interview,CA012
ACT000623,CAN00253,2025-02-22,follow_up,CA012
ACT000624,CAN00254,2026-05-20,initial_contact,CA015
ACT000625,CAN00254,2026-05-26,initial_interview,CA015
ACT000626,CAN00254,2026-06-11,follow_up,CA015
ACT000628,CAN00255,2026-03-24,initial_contact,CA005
ACT000629,CAN00255,2026-03-31,initial_interview,CA005
ACT000630,CAN00255,2026-04-17,follow_up,CA005
ACT000631,CAN00256,2025-04-28,initial_contact,CA009
ACT000632,CAN00256,2025-04-30,initial_interview,CA009
ACT000633,CAN00256,2025-05-10,follow_up,CA009
ACT000634,CAN00256,2025-05-18,follow_up,CA009
ACT000635,CAN00257,2025-09-01,initial_contact,CA008
ACT000636,CAN00257,2025-09-08,initial_interview,CA008
ACT000637,CAN00257,2025-09-20,follow_up,CA008
ACT000638,CAN00258,2025-05-16,initial_contact,CA008
ACT000639,CAN00258,2025-05-20,initial_interview,CA008
ACT000640,CAN00258,2025-06-09,follow_up,CA008
ACT000641,CAN00259,2025-11-29,initial_contact,CA012
ACT000642,CAN00259,2025-12-04,initial_interview,CA012
ACT000643,CAN00259,2025-12-20,follow_up,CA012
ACT000644,CAN00260,2026-05-17,initial_contact,CA006
ACT000645,CAN00261,2026-07-05,initial_contact,CA008
ACT000646,CAN00261,2026-07-15,initial_interview,CA008
ACT000647,CAN00261,2026-08-03,follow_up,CA008
ACT000648,CAN00261,2026-08-15,follow_up,CA008
ACT000649,CAN00262,2025-11-13,initial_contact,CA006
ACT000650,CAN00262,2025-11-15,initial_interview,CA006
ACT000653,CAN00263,2026-02-11,initial_contact,CA021
ACT000654,CAN00263,2026-02-17,initial_interview,CA021
ACT000655,CAN00264,2026-07-17,initial_contact,CA014
ACT000656,CAN00264,2026-07-23,initial_interview,CA014
ACT000657,CAN00264,2026-08-16,follow_up,CA014
ACT000658,CAN00265,2026-08-05,initial_contact,CA002
ACT000659,CAN00265,2026-08-10,initial_interview,CA002
ACT000660,CAN00265,2026-08-25,follow_up,CA002
ACT000661,CAN00266,2026-04-22,initial_contact,CA018
ACT000662,CAN00266,2026-04-29,initial_interview,CA018
ACT000663,CAN00266,2026-05-20,follow_up,CA018
ACT000664,CAN00266,2026-06-03,follow_up,CA018
ACT000665,CAN00267,2026-09-23,initial_contact,CA008
ACT000666,CAN00267,2026-09-29,initial_interview,CA008
ACT000667,CAN00268,2026-02-08,initial_contact,CA021
ACT000668,CAN00268,2026-02-14,initial_interview,CA021
ACT000669,CAN00268,2026-02-26,follow_up,CA021
ACT000670,CAN00269,2025-12-09,initial_contact,CA019
ACT000671,CAN00269,2025-12-16,initial_interview,CA019
ACT000672,CAN00269,2026-01-03,follow_up,CA019
ACT000673,CAN00270,2026-04-27,initial_contact,CA021
ACT000674,CAN00270,2026-04-30,initial_interview,CA021
ACT000675,CAN00271,2025-07-03,initial_contact,CA002
ACT000676,CAN00271,2025-07-05,initial_interview,CA002
ACT000677,CAN00272,2026-02-08,initial_contact,CA020
ACT000678,CAN00272,2026-02-16,initial_interview,CA020
ACT000679,CAN00273,2025-03-26,initial_contact,CA016
ACT000680,CAN00274,2025-08-09,initial_contact,CA014
ACT000681,CAN00274,2025-08-10,initial_interview,CA014
ACT000682,CAN00274,2025-08-27,follow_up,CA014
ACT000683,CAN00275,2025-12-17,initial_contact,CA018
ACT000684,CAN00275,2025-12-24,initial_interview,CA018
ACT000686,CAN00276,2026-06-20,initial_contact,CA002
ACT000687,CAN00276,2026-06-25,initial_interview,CA002
ACT000688,CAN00277,2026-07-16,initial_contact,CA017
ACT000689,CAN00277,2026-07-26,initial_interview,CA017
ACT000690,CAN00277,2026-08-17,follow_up,CA017
ACT000691,CAN00278,2026-09-21,initial_contact,CA009
ACT000692,CAN00278,2026-09-28,initial_interview,CA009
ACT000693,CAN00279,2026-07-20,initial_contact,CA014
ACT000694,CAN00279,2026-07-28,initial_interview,CA014
ACT000695,CAN00279,2026-08-14,follow_up,CA014
ACT000696,CAN00280,2025-01-18,initial_contact,CA005
ACT000697,CAN00280,2025-01-21,initial_interview,CA005
ACT000698,CAN00280,2025-02-01,follow_up,CA005
ACT000699,CAN00280,2025-02-17,follow_up,CA005
ACT000700,CAN00281,2025-10-01,initial_contact,CA016
ACT000701,CAN00281,2025-10-06,initial_interview,CA016
ACT000702,CAN00281,2025-10-20,follow_up,CA016
ACT000703,CAN00281,2025-10-28,follow_up,CA016
ACT000704,CAN00282,2025-10-20,initial_contact,CA020
ACT000705,CAN00282,2025-10-25,initial_interview,CA020
ACT000706,CAN00282,2025-11-04,follow_up,CA020
ACT000707,CAN00283,2025-01-19,initial_contact,CA005
ACT000708,CAN00283,2025-01-22,initial_interview,CA005
ACT000709,CAN00283,2025-02-03,follow_up,CA005
ACT000710,CAN00284,2025-09-12,initial_contact,CA005
ACT000711,CAN00285,2025-02-17,initial_contact,CA009
ACT000712,CAN00285,2025-02-18,initial_interview,CA009
ACT000713,CAN00286,2026-03-28,initial_contact,CA004
ACT000714,CAN00286,2026-04-04,initial_interview,CA004
ACT000715,CAN00286,2026-04-23,follow_up,CA004
ACT000716,CAN00286,2026-05-05,follow_up,CA004
ACT000717,CAN00287,2025-08-26,initial_contact,CA007
ACT000718,CAN00287,2025-08-30,initial_interview,CA007
ACT000719,CAN00287,2025-09-08,follow_up,CA007
ACT000720,CAN00288,2025-10-10,initial_contact,CA009
ACT000721,CAN00288,2025-10-12,initial_interview,CA009
ACT000722,CAN00288,2025-11-03,follow_up,CA009
ACT000723,CAN00288,2025-11-22,follow_up,CA009
ACT000724,CAN00289,2026-06-02,initial_contact,CA005
ACT000725,CAN00290,2025-03-04,initial_contact,CA013
ACT000726,CAN00290,2025-03-08,initial_interview,CA013
ACT000727,CAN00290,2025-03-17,follow_up,CA013
ACT000728,CAN00291,2025-04-16,initial_contact,CA007
ACT000729,CAN00291,2025-04-17,initial_interview,CA007
ACT000730,CAN00292,2025-09-06,initial_contact,CA015
ACT000731,CAN00292,2025-09-11,initial_interview,CA015
ACT000732,CAN00293,2026-04-12,initial_contact,CA020
ACT000733,CAN00293,2026-04-20,initial_interview,CA020
ACT000734,CAN00293,2026-05-04,follow_up,CA020
ACT000735,CAN00294,2026-01-07,initial_contact,CA020
ACT000736,CAN00294,2026-01-12,initial_interview,CA020
ACT000737,CAN00294,2026-01-22,follow_up,CA020
ACT000738,CAN00295,2025-09-12,initial_contact,CA008
ACT000739,CAN00296,2025-05-10,initial_contact,CA011
ACT000740,CAN00296,2025-05-12,initial_interview,CA011
ACT000741,CAN00296,2025-05-24,follow_up,CA011
ACT000742,CAN00296,2025-06-07,follow_up,CA011
ACT000743,CAN00297,2025-09-27,initial_contact,CA003
ACT000744,CAN00297,2025-09-29,initial_interview,CA003
ACT000745,CAN00298,2026-04-26,initial_contact,CA010
ACT000746,CAN00298,2026-04-30,initial_interview,CA010
ACT000747,CAN00299,2025-08-03,initial_contact,CA005
ACT000748,CAN00300,2025-10-28,initial_contact,CA020
ACT000749,CAN00300,2025-10-31,initial_interview,CA020
ACT000750,CAN00301,2026-05-16,initial_contact,CA019
ACT000751,CAN00301,2026-05-22,initial_interview,CA019
ACT000752,CAN00301,2026-06-13,follow_up,CA019
ACT000753,CAN00302,2025-04-02,initial_contact,CA014
ACT000754,CAN00303,2026-09-15,initial_contact,CA007
ACT000755,CAN00303,2026-09-23,initial_interview,CA007
ACT000756,CAN00304,2026-02-21,initial_contact,CA015
ACT000757,CAN00305,2026-01-23,initial_contact,CA008
ACT000758,CAN00305,2026-01-30,initial_interview,CA008
ACT000759,CAN00306,2025-03-10,initial_contact,CA001
ACT000760,CAN00306,2025-03-14,initial_interview,CA001
ACT000761,CAN00306,2025-03-25,follow_up,CA001
ACT000762,CAN00307,2026-05-05,initial_contact,CA002
ACT000763,CAN00308,2025-07-02,initial_contact,CA001
ACT000764,CAN00309,2026-05-08,initial_contact,CA016
ACT000765,CAN00309,2026-05-11,initial_interview,CA016
ACT000766,CAN00309,2026-05-23,follow_up,CA016
ACT000767,CAN00310,2025-03-25,initial_contact,CA008
ACT000768,CAN00310,2025-03-26,initial_interview,CA008
ACT000769,CAN00310,2025-04-14,follow_up,CA008
ACT000770,CAN00311,2025-03-27,initial_contact,CA019
ACT000771,CAN00311,2025-03-31,initial_interview,CA019
ACT000772,CAN00311,2025-04-12,follow_up,CA019
ACT000773,CAN00312,2026-05-21,initial_contact,CA008
ACT000774,CAN00312,2026-05-26,initial_interview,CA008
ACT000775,CAN00312,2026-06-16,follow_up,CA008
ACT000776,CAN00313,2025-02-02,initial_contact,CA001
ACT000777,CAN00313,2025-02-07,initial_interview,CA001
ACT000778,CAN00314,2026-08-10,initial_contact,CA019
ACT000779,CAN00314,2026-08-20,initial_interview,CA019
ACT000780,CAN00315,2025-09-01,initial_contact,CA015
ACT000781,CAN00315,2025-09-03,initial_interview,CA015
ACT000782,CAN00315,2025-09-11,follow_up,CA015
ACT000783,CAN00316,2025-08-08,initial_contact,CA011
ACT000784,CAN00316,2025-08-09,initial_interview,CA011
ACT000785,CAN00316,2025-08-30,follow_up,CA011
ACT000786,CAN00317,2026-03-31,initial_contact,CA005
ACT000787,CAN00317,2026-04-10,initial_interview,CA005
ACT000788,CAN00318,2026-08-11,initial_contact,CA022
ACT000789,CAN00318,2026-08-17,initial_interview,CA022
ACT000790,CAN00318,2026-09-01,follow_up,CA022
ACT000791,CAN00318,2026-09-11,follow_up,CA022
ACT000792,CAN00319,2026-06-10,initial_contact,CA007
ACT000793,CAN00319,2026-06-15,initial_interview,CA007
ACT000794,CAN00319,2026-07-05,follow_up,CA007
ACT000795,CAN00319,2026-07-24,follow_up,CA007
ACT000796,CAN00320,2025-02-05,initial_contact,CA016
ACT000797,CAN00321,2026-04-02,initial_contact,CA002
ACT000798,CAN00321,2026-04-08,initial_interview,CA002
ACT000799,CAN00321,2026-04-20,follow_up,CA002
ACT000800,CAN00322,2025-07-09,initial_contact,CA010
ACT000801,CAN00322,2025-07-13,initial_interview,CA010
ACT000802,CAN00322,2025-08-02,follow_up,CA010
ACT000803,CAN00323,2026-03-07,initial_contact,CA007
ACT000804,CAN00323,2026-03-14,initial_interview,CA007
ACT000805,CAN00323,2026-04-01,follow_up,CA007
ACT000806,CAN00324,2025-11-12,initial_contact,CA009
ACT000807,CAN00324,2025-11-13,initial_interview,CA009
ACT000808,CAN00325,2026-09-29,initial_contact,CA002
ACT000809,CAN00326,2025-06-23,initial_contact,CA008
ACT000810,CAN00326,2025-06-26,initial_interview,CA008
ACT000811,CAN00326,2025-07-05,follow_up,CA008
ACT000812,CAN00327,2026-04-10,initial_contact,CA022
ACT000813,CAN00327,2026-04-15,initial_interview,CA022
ACT000814,CAN00327,2026-05-03,follow_up,CA022
ACT000815,CAN00327,2026-05-22,follow_up,CA022
ACT000816,CAN00328,2025-05-26,initial_contact,CA001
ACT000817,CAN00328,2025-05-29,initial_interview,CA001
ACT000818,CAN00328,2025-06-18,follow_up,CA001
ACT000819,CAN00329,2025-08-14,initial_contact,CA009
ACT000820,CAN00329,2025-08-15,initial_interview,CA009
ACT000821,CAN00329,2025-09-03,follow_up,CA009
ACT000822,CAN00330,2026-04-03,initial_contact,CA003
ACT000823,CAN00331,2026-08-22,initial_contact,CA004
ACT000824,CAN00331,2026-08-28,initial_interview,CA004
ACT000825,CAN00332,2026-08-17,initial_contact,CA004
ACT000826,CAN00332,2026-08-25,initial_interview,CA004
ACT000827,CAN00333,2025-08-03,initial_contact,CA012
ACT000828,CAN00333,2025-08-06,initial_interview,CA012
ACT000829,CAN00333,2025-08-23,follow_up,CA012
ACT000830,CAN00333,2025-09-08,follow_up,CA012
ACT000831,CAN00334,2025-01-21,initial_contact,CA015
ACT000832,CAN00334,2025-01-26,initial_interview,CA015
ACT000833,CAN00334,2025-02-03,follow_up,CA015
ACT000834,CAN00335,2025-10-07,initial_contact,CA001
ACT000835,CAN00335,2025-10-13,initial_interview,CA001
ACT000836,CAN00336,2026-08-29,initial_contact,CA001
ACT000837,CAN00337,2025-12-26,initial_contact,CA018
ACT000838,CAN00337,2025-12-30,initial_interview,CA018
ACT000839,CAN00337,2026-01-14,follow_up,CA018
ACT000840,CAN00338,2026-09-01,initial_contact,CA011
ACT000841,CAN00338,2026-09-10,initial_interview,CA011
ACT000842,CAN00339,2026-06-24,initial_contact,CA019
ACT000843,CAN00339,2026-07-02,initial_interview,CA019
ACT000844,CAN00340,2025-07-29,initial_contact,CA020
ACT000845,CAN00340,2025-07-31,initial_interview,CA020
ACT000846,CAN00340,2025-08-14,follow_up,CA020
ACT000847,CAN00341,2025-11-17,initial_contact,CA007
ACT000848,CAN00341,2025-11-20,initial_interview,CA007
ACT000849,CAN00342,2026-07-06,initial_contact,CA013
ACT000850,CAN00342,2026-07-14,initial_interview,CA013
ACT000851,CAN00342,2026-08-01,follow_up,CA013
ACT000852,CAN00343,2025-03-05,initial_contact,CA017
ACT000853,CAN00343,2025-03-06,initial_interview,CA017
ACT000854,CAN00343,2025-03-14,follow_up,CA017
ACT000855,CAN00343,2025-03-28,follow_up,CA017
ACT000856,CAN00344,2025-05-11,initial_contact,CA008
ACT000857,CAN00344,2025-05-15,initial_interview,CA008
ACT000858,CAN00344,2025-05-24,follow_up,CA008
ACT000859,CAN00345,2026-03-19,initial_contact,CA015
ACT000860,CAN00345,2026-03-28,initial_interview,CA015
ACT000861,CAN00345,2026-04-18,follow_up,CA015
ACT000862,CAN00346,2025-07-12,initial_contact,CA001
ACT000863,CAN00346,2025-07-15,initial_interview,CA001
ACT000864,CAN00346,2025-08-03,follow_up,CA001
ACT000865,CAN00347,2026-04-12,initial_contact,CA014
ACT000866,CAN00347,2026-04-17,initial_interview,CA014
ACT000867,CAN00347,2026-05-04,follow_up,CA014
ACT000868,CAN00348,2025-12-19,initial_contact,CA010
ACT000869,CAN00348,2025-12-25,initial_interview,CA010
ACT000870,CAN00348,2026-01-15,follow_up,CA010
ACT000871,CAN00349,2025-04-08,initial_contact,CA007
ACT000872,CAN00349,2025-04-10,initial_interview,CA007
ACT000873,CAN00349,2025-04-22,follow_up,CA007
ACT000874,CAN00350,2026-02-26,initial_contact,CA021
ACT000875,CAN00350,2026-03-02,initial_interview,CA021
ACT000876,CAN00350,2026-03-21,follow_up,CA021
ACT000877,CAN00351,2025-10-03,initial_contact,CA008
ACT000878,CAN00351,2025-10-12,initial_interview,CA008
ACT000879,CAN00351,2025-11-01,follow_up,CA008
ACT000880,CAN00352,2026-09-28,initial_contact,CA007
ACT000881,CAN00353,2025-11-20,initial_contact,CA006
ACT000882,CAN00353,2025-11-23,initial_interview,CA006
ACT000883,CAN00353,2025-12-08,follow_up,CA006
ACT000884,CAN00354,2025-04-17,initial_contact,CA003
ACT000885,CAN00354,2025-04-19,initial_interview,CA003
ACT000886,CAN00354,2025-05-04,follow_up,CA003
ACT000887,CAN00355,2026-07-12,initial_contact,CA017
ACT000888,CAN00355,2026-07-18,initial_interview,CA017
ACT000889,CAN00355,2026-08-07,follow_up,CA017
ACT000890,CAN00356,2026-05-17,initial_contact,CA018
ACT000891,CAN00356,2026-05-23,initial_interview,CA018
ACT000892,CAN00356,2026-06-09,follow_up,CA018
ACT000893,CAN00356,2026-07-01,follow_up,CA018
ACT000894,CAN00357,2025-05-25,initial_contact,CA015
ACT000895,CAN00357,2025-05-26,initial_interview,CA015
ACT000896,CAN00357,2025-06-12,follow_up,CA015
ACT000897,CAN00358,2026-02-13,initial_contact,CA001
ACT000898,CAN00358,2026-02-18,initial_interview,CA001
ACT000899,CAN00359,2026-04-22,initial_contact,CA010
ACT000900,CAN00359,2026-04-30,initial_interview,CA010
ACT000901,CAN00359,2026-05-12,follow_up,CA010
ACT000902,CAN00360,2025-08-11,initial_contact,CA003
ACT000903,CAN00360,2025-08-16,initial_interview,CA003
ACT000904,CAN00361,2025-11-08,initial_contact,CA003
ACT000905,CAN00361,2025-11-13,initial_interview,CA003
ACT000906,CAN00362,2026-08-08,initial_contact,CA010
ACT000907,CAN00362,2026-08-14,initial_interview,CA010
ACT000908,CAN00362,2026-08-25,follow_up,CA010
ACT000910,CAN00363,2025-11-09,initial_contact,CA002
ACT000911,CAN00363,2025-11-16,initial_interview,CA002
ACT000912,CAN00363,2025-12-02,follow_up,CA002
ACT000913,CAN00364,2026-02-23,initial_contact,CA021
ACT000914,CAN00364,2026-02-27,initial_interview,CA021
ACT000915,CAN00364,2026-03-14,follow_up,CA021
ACT000917,CAN00365,2025-10-04,initial_contact,CA018
ACT000918,CAN00365,2025-10-08,initial_interview,CA018
ACT000919,CAN00365,2025-10-27,follow_up,CA018
ACT000920,CAN00365,2025-11-17,follow_up,CA018
ACT000921,CAN00366,2026-06-22,initial_contact,CA016
ACT000922,CAN00366,2026-06-29,initial_interview,CA016
ACT000923,CAN00367,2025-07-12,initial_contact,CA009
ACT000924,CAN00368,2026-04-19,initial_contact,CA022
ACT000925,CAN00368,2026-04-27,initial_interview,CA022
ACT000926,CAN00368,2026-05-06,follow_up,CA022
ACT000927,CAN00369,2025-06-01,initial_contact,CA005
ACT000928,CAN00369,2025-06-06,initial_interview,CA005
ACT000929,CAN00370,2025-06-26,initial_contact,CA013
ACT000930,CAN00371,2026-05-27,initial_contact,CA013
ACT000931,CAN00371,2026-05-31,initial_interview,CA013
ACT000932,CAN00371,2026-06-10,follow_up,CA013
ACT000933,CAN00372,2026-07-26,initial_contact,CA004
ACT000934,CAN00372,2026-08-01,initial_interview,CA004
ACT000935,CAN00372,2026-08-16,follow_up,CA004
ACT000936,CAN00373,2026-02-24,initial_contact,CA001
ACT000937,CAN00373,2026-03-01,initial_interview,CA001
ACT000938,CAN00373,2026-03-10,follow_up,CA001
ACT000939,CAN00374,2025-02-20,initial_contact,CA018
ACT000940,CAN00374,2025-02-22,initial_interview,CA018
ACT000941,CAN00374,2025-03-12,follow_up,CA018
ACT000942,CAN00375,2026-03-17,initial_contact,CA015
ACT000943,CAN00375,2026-03-23,initial_interview,CA015
ACT000945,CAN00376,2026-08-19,initial_contact,CA003
ACT000946,CAN00376,2026-08-26,initial_interview,CA003
ACT000947,CAN00376,2026-09-15,follow_up,CA003
ACT000948,CAN00377,2026-01-19,initial_contact,CA013
ACT000949,CAN00377,2026-01-26,initial_interview,CA013
ACT000950,CAN00377,2026-02-15,follow_up,CA013
ACT000951,CAN00377,2026-03-06,follow_up,CA013
ACT000952,CAN00378,2025-07-11,initial_contact,CA021
ACT000953,CAN00379,2026-05-14,initial_contact,CA006
ACT000954,CAN00379,2026-05-24,initial_interview,CA006
ACT000955,CAN00379,2026-06-16,follow_up,CA006
ACT000956,CAN00380,2025-11-17,initial_contact,CA008
ACT000957,CAN00380,2025-11-20,initial_interview,CA008
ACT000958,CAN00381,2026-08-10,initial_contact,CA022
ACT000959,CAN00381,2026-08-17,initial_interview,CA022
ACT000960,CAN00382,2026-02-13,initial_contact,CA011
ACT000961,CAN00382,2026-02-23,initial_interview,CA011
ACT000962,CAN00382,2026-03-16,follow_up,CA011
ACT000963,CAN00383,2026-04-10,initial_contact,CA019
ACT000964,CAN00383,2026-04-19,initial_interview,CA019
ACT000965,CAN00383,2026-05-03,follow_up,CA019
ACT000966,CAN00384,2025-12-26,initial_contact,CA003
ACT000967,CAN00384,2025-12-28,initial_interview,CA003
ACT000968,CAN00384,2026-01-14,follow_up,CA003
ACT000969,CAN00385,2025-01-31,initial_contact,CA021
ACT000970,CAN00385,2025-02-01,initial_interview,CA021
ACT000971,CAN00385,2025-02-13,follow_up,CA021
ACT000972,CAN00386,2026-08-03,initial_contact,CA022
ACT000973,CAN00386,2026-08-12,initial_interview,CA022
ACT000974,CAN00386,2026-08-24,follow_up,CA022
ACT000975,CAN00387,2025-07-19,initial_contact,CA015
ACT000976,CAN00387,2025-07-24,initial_interview,CA015
ACT000977,CAN00387,2025-08-12,follow_up,CA015
ACT000978,CAN00387,2025-08-21,follow_up,CA015
ACT000979,CAN00388,2025-07-22,initial_contact,CA011
ACT000980,CAN00389,2026-08-30,initial_contact,CA019
ACT000981,CAN00389,2026-09-05,initial_interview,CA019
ACT000982,CAN00389,2026-09-18,follow_up,CA019
ACT000983,CAN00390,2025-10-04,initial_contact,CA020
ACT000984,CAN00391,2025-07-28,initial_contact,CA014
ACT000985,CAN00391,2025-08-01,initial_interview,CA014
ACT000986,CAN00391,2025-08-16,follow_up,CA014
ACT000987,CAN00391,2025-09-05,follow_up,CA014
ACT000988,CAN00392,2025-12-29,initial_contact,CA003
ACT000989,CAN00392,2025-12-31,initial_interview,CA003
ACT000990,CAN00393,2026-03-14,initial_contact,CA018
ACT000991,CAN00393,2026-03-21,initial_interview,CA018
ACT000992,CAN00393,2026-04-06,follow_up,CA018
ACT000993,CAN00394,2026-08-04,initial_contact,CA013
ACT000994,CAN00394,2026-08-10,initial_interview,CA013
ACT000995,CAN00395,2026-05-15,initial_contact,CA013
ACT000996,CAN00395,2026-05-23,initial_interview,CA013
ACT000997,CAN00395,2026-06-12,follow_up,CA013
ACT000998,CAN00395,2026-07-04,follow_up,CA013
ACT000999,CAN00396,2026-04-14,initial_contact,CA015
ACT001000,CAN00396,2026-04-21,initial_interview,CA015
ACT001001,CAN00396,2026-05-10,follow_up,CA015
ACT001002,CAN00397,2025-01-30,initial_contact,CA018
ACT001003,CAN00397,2025-02-04,initial_interview,CA018
ACT001004,CAN00397,2025-02-11,follow_up,CA018
ACT001005,CAN00398,2026-09-23,initial_contact,CA014
ACT001006,CAN00399,2025-05-20,initial_contact,CA004
ACT001007,CAN00399,2025-05-23,initial_interview,CA004
ACT001008,CAN00400,2025-02-22,initial_contact,CA017
ACT001009,CAN00400,2025-02-24,initial_interview,CA017
ACT001010,CAN00400,2025-03-11,follow_up,CA017
ACT001011,CAN00401,2025-01-19,initial_contact,CA011
ACT001012,CAN00401,2025-01-24,initial_interview,CA011
ACT001013,CAN00401,2025-02-01,follow_up,CA011
ACT001014,CAN00402,2025-08-13,initial_contact,CA019
ACT001015,CAN00402,2025-08-14,initial_interview,CA019
ACT001016,CAN00403,2025-05-12,initial_contact,CA004
ACT001017,CAN00403,2025-05-15,initial_interview,CA004
ACT001018,CAN00403,2025-05-30,follow_up,CA004
ACT001019,CAN00404,2026-02-03,initial_contact,CA007
ACT001020,CAN00404,2026-02-11,initial_interview,CA007
ACT001021,CAN00404,2026-02-21,follow_up,CA007
ACT001022,CAN00405,2025-06-04,initial_contact,CA012
ACT001023,CAN00405,2025-06-07,initial_interview,CA012
ACT001024,CAN00406,2025-11-22,initial_contact,CA006
ACT001025,CAN00406,2025-11-27,initial_interview,CA006
ACT001026,CAN00406,2025-12-11,follow_up,CA006
ACT001027,CAN00407,2026-08-19,initial_contact,CA014
ACT001028,CAN00407,2026-08-27,initial_interview,CA014
ACT001029,CAN00407,2026-09-09,follow_up,CA014
ACT001031,CAN00408,2026-07-29,initial_contact,CA015
ACT001032,CAN00408,2026-08-05,initial_interview,CA015
ACT001033,CAN00408,2026-08-18,follow_up,CA015
ACT001034,CAN00409,2026-03-22,initial_contact,CA016
ACT001035,CAN00409,2026-03-30,initial_interview,CA016
ACT001036,CAN00409,2026-04-08,follow_up,CA016
ACT001037,CAN00410,2026-01-06,initial_contact,CA010
ACT001038,CAN00410,2026-01-14,initial_interview,CA010
ACT001039,CAN00410,2026-01-23,follow_up,CA010
ACT001040,CAN00411,2025-09-14,initial_contact,CA002
ACT001041,CAN00411,2025-09-15,initial_interview,CA002
ACT001042,CAN00412,2025-04-03,initial_contact,CA012
ACT001043,CAN00412,2025-04-04,initial_interview,CA012
ACT001044,CAN00413,2026-08-16,initial_contact,CA004
ACT001045,CAN00413,2026-08-17,initial_interview,CA004
ACT001046,CAN00413,2026-08-26,follow_up,CA004
ACT001047,CAN00414,2026-01-01,initial_contact,CA004
ACT001048,CAN00414,2026-01-07,initial_interview,CA004
ACT001050,CAN00415,2026-01-19,initial_contact,CA002
ACT001051,CAN00415,2026-01-24,initial_interview,CA002
ACT001052,CAN00415,2026-02-10,follow_up,CA002
ACT001053,CAN00415,2026-02-18,follow_up,CA002
ACT001054,CAN00416,2025-07-21,initial_contact,CA010
ACT001055,CAN00417,2026-08-12,initial_contact,CA022
ACT001056,CAN00418,2025-01-14,initial_contact,CA014
ACT001057,CAN00418,2025-01-19,initial_interview,CA014
ACT001058,CAN00419,2026-02-28,initial_contact,CA008
ACT001059,CAN00419,2026-03-03,initial_interview,CA008
ACT001060,CAN00419,2026-03-15,follow_up,CA008
ACT001061,CAN00419,2026-04-05,follow_up,CA008
ACT001062,CAN00420,2025-12-13,initial_contact,CA020
ACT001063,CAN00420,2025-12-18,initial_interview,CA020
ACT001064,CAN00421,2025-01-27,initial_contact,CA018
ACT001065,CAN00421,2025-02-01,initial_interview,CA018
ACT001066,CAN00422,2025-07-22,initial_contact,CA010
ACT001067,CAN00422,2025-07-23,initial_interview,CA010
ACT001068,CAN00422,2025-08-04,follow_up,CA010
ACT001069,CAN00423,2025-01-23,initial_contact,CA002
ACT001070,CAN00423,2025-01-25,initial_interview,CA002
ACT001071,CAN00423,2025-02-02,follow_up,CA002
ACT001072,CAN00423,2025-02-15,follow_up,CA002
ACT001073,CAN00424,2026-02-13,initial_contact,CA018
ACT001074,CAN00424,2026-02-23,initial_interview,CA018
ACT001075,CAN00424,2026-03-17,follow_up,CA018
ACT001076,CAN00424,2026-04-02,follow_up,CA018
ACT001077,CAN00425,2025-01-11,initial_contact,CA017
ACT001078,CAN00426,2025-10-12,initial_contact,CA014
ACT001079,CAN00426,2025-10-15,initial_interview,CA014
ACT001080,CAN00426,2025-10-31,follow_up,CA014
ACT001081,CAN00427,2025-04-28,initial_contact,CA013
ACT001082,CAN00427,2025-05-03,initial_interview,CA013
ACT001083,CAN00427,2025-05-20,follow_up,CA013
ACT001084,CAN00428,2025-09-14,initial_contact,CA004
ACT001085,CAN00428,2025-09-17,initial_interview,CA004
ACT001086,CAN00428,2025-10-07,follow_up,CA004
ACT001087,CAN00429,2026-07-18,initial_contact,CA002
ACT001088,CAN00429,2026-07-28,initial_interview,CA002
ACT001089,CAN00429,2026-08-07,follow_up,CA002
ACT001090,CAN00430,2026-03-13,initial_contact,CA013
ACT001091,CAN00430,2026-03-23,initial_interview,CA013
ACT001092,CAN00430,2026-04-03,follow_up,CA013
ACT001093,CAN00431,2025-02-15,initial_contact,CA014
ACT001094,CAN00432,2026-09-11,initial_contact,CA010
ACT001095,CAN00432,2026-09-20,initial_interview,CA010
ACT001096,CAN00433,2026-08-13,initial_contact,CA001
ACT001097,CAN00433,2026-08-19,initial_interview,CA001
ACT001098,CAN00433,2026-09-04,follow_up,CA001
ACT001099,CAN00434,2025-08-28,initial_contact,CA008
ACT001100,CAN00434,2025-08-30,initial_interview,CA008
ACT001101,CAN00434,2025-09-10,follow_up,CA008
ACT001102,CAN00434,2025-09-30,follow_up,CA008
ACT001103,CAN00435,2025-12-24,initial_contact,CA002
ACT001104,CAN00435,2026-01-02,initial_interview,CA002
ACT001105,CAN00435,2026-01-19,follow_up,CA002
ACT001106,CAN00435,2026-02-02,follow_up,CA002
ACT001107,CAN00436,2025-09-13,initial_contact,CA004
ACT001108,CAN00437,2026-02-02,initial_contact,CA011
ACT001109,CAN00437,2026-02-10,initial_interview,CA011
ACT001110,CAN00438,2026-02-14,initial_contact,CA020
ACT001111,CAN00438,2026-02-24,initial_interview,CA020
ACT001112,CAN00438,2026-03-16,follow_up,CA020
ACT001113,CAN00438,2026-04-06,follow_up,CA020
ACT001114,CAN00439,2025-07-29,initial_contact,CA012
ACT001115,CAN00439,2025-08-01,initial_interview,CA012
ACT001118,CAN00440,2026-07-11,initial_contact,CA007
ACT001119,CAN00440,2026-07-17,initial_interview,CA007
ACT001120,CAN00441,2025-12-22,initial_contact,CA009
ACT001121,CAN00441,2025-12-24,initial_interview,CA009
ACT001122,CAN00441,2026-01-05,follow_up,CA009
ACT001123,CAN00442,2026-04-11,initial_contact,CA012
ACT001124,CAN00443,2025-12-21,initial_contact,CA002
ACT001125,CAN00444,2026-07-14,initial_contact,CA014
ACT001126,CAN00444,2026-07-24,initial_interview,CA014
ACT001127,CAN00444,2026-08-05,follow_up,CA014
ACT001128,CAN00445,2025-08-18,initial_contact,CA010
ACT001129,CAN00446,2025-03-04,initial_contact,CA002
ACT001130,CAN00446,2025-03-05,initial_interview,CA002
ACT001131,CAN00446,2025-03-24,follow_up,CA002
ACT001132,CAN00447,2025-11-04,initial_contact,CA018
ACT001133,CAN00448,2026-06-14,initial_contact,CA004
ACT001134,CAN00448,2026-06-24,initial_interview,CA004
ACT001135,CAN00448,2026-07-15,follow_up,CA004
ACT001136,CAN00448,2026-08-01,follow_up,CA004
ACT001137,CAN00449,2025-09-26,initial_contact,CA016
ACT001138,CAN00449,2025-09-27,initial_interview,CA016
ACT001139,CAN00449,2025-10-05,follow_up,CA016
ACT001140,CAN00450,2026-09-10,initial_contact,CA021
ACT001141,CAN00450,2026-09-16,initial_interview,CA021
ACT001142,CAN00450,2026-09-27,follow_up,CA021
ACT001143,CAN00451,2025-10-11,initial_contact,CA005
ACT001144,CAN00451,2025-10-15,initial_interview,CA005
ACT001145,CAN00451,2025-10-24,follow_up,CA005
ACT001146,CAN00452,2025-04-11,initial_contact,CA017
ACT001147,CAN00452,2025-04-14,initial_interview,CA017
ACT001148,CAN00452,2025-04-23,follow_up,CA017
ACT001149,CAN00453,2025-11-27,initial_contact,CA020
ACT001150,CAN00453,2025-12-05,initial_interview,CA020
ACT001151,CAN00453,2025-12-23,follow_up,CA020
ACT001152,CAN00454,2026-04-29,initial_contact,CA001
ACT001153,CAN00454,2026-05-06,initial_interview,CA001
ACT001154,CAN00454,2026-05-26,follow_up,CA001
ACT001155,CAN00454,2026-06-09,follow_up,CA001
ACT001156,CAN00455,2025-04-15,initial_contact,CA015
ACT001157,CAN00456,2026-01-22,initial_contact,CA019
ACT001158,CAN00456,2026-01-27,initial_interview,CA019
ACT001159,CAN00456,2026-02-10,follow_up,CA019
ACT001160,CAN00457,2026-08-23,initial_contact,CA007
ACT001161,CAN00457,2026-08-29,initial_interview,CA007
ACT001162,CAN00458,2026-03-11,initial_contact,CA018
ACT001163,CAN00458,2026-03-17,initial_interview,CA018
ACT001164,CAN00458,2026-04-05,follow_up,CA018
ACT001166,CAN00459,2026-05-05,initial_contact,CA007
ACT001167,CAN00460,2026-02-11,initial_contact,CA011
ACT001168,CAN00460,2026-02-15,initial_interview,CA011
ACT001169,CAN00460,2026-03-06,follow_up,CA011
ACT001170,CAN00461,2026-08-21,initial_contact,CA008
ACT001171,CAN00461,2026-08-31,initial_interview,CA008
ACT001172,CAN00462,2026-07-19,initial_contact,CA011
ACT001173,CAN00462,2026-07-26,initial_interview,CA011
ACT001174,CAN00462,2026-08-07,follow_up,CA011
ACT001175,CAN00463,2026-01-10,initial_contact,CA011
ACT001176,CAN00463,2026-01-15,initial_interview,CA011
ACT001177,CAN00463,2026-01-27,follow_up,CA011
ACT001178,CAN00464,2026-06-03,initial_contact,CA005
ACT001179,CAN00464,2026-06-08,initial_interview,CA005
ACT001180,CAN00464,2026-07-01,follow_up,CA005
ACT001181,CAN00464,2026-07-15,follow_up,CA005
ACT001182,CAN00465,2025-05-20,initial_contact,CA013
ACT001183,CAN00465,2025-05-22,initial_interview,CA013
ACT001184,CAN00466,2026-07-20,initial_contact,CA006
ACT001185,CAN00466,2026-07-28,initial_interview,CA006
ACT001186,CAN00467,2026-06-28,initial_contact,CA007
ACT001187,CAN00467,2026-07-06,initial_interview,CA007
ACT001188,CAN00467,2026-07-22,follow_up,CA007
ACT001190,CAN00468,2026-03-31,initial_contact,CA008
ACT001191,CAN00468,2026-04-06,initial_interview,CA008
ACT001192,CAN00468,2026-04-27,follow_up,CA008
ACT001193,CAN00469,2025-09-27,initial_contact,CA017
ACT001194,CAN00469,2025-10-03,initial_interview,CA017
ACT001195,CAN00470,2026-02-07,initial_contact,CA020
ACT001196,CAN00470,2026-02-13,initial_interview,CA020
ACT001197,CAN00470,2026-02-26,follow_up,CA020
ACT001198,CAN00471,2026-02-08,initial_contact,CA002
ACT001199,CAN00471,2026-02-13,initial_interview,CA002
ACT001200,CAN00472,2026-09-06,initial_contact,CA005
ACT001201,CAN00472,2026-09-12,initial_interview,CA005
ACT001202,CAN00473,2026-01-01,initial_contact,CA019
ACT001203,CAN00473,2026-01-10,initial_interview,CA019
ACT001204,CAN00473,2026-01-24,follow_up,CA019
ACT001205,CAN00474,2026-01-19,initial_contact,CA016
ACT001206,CAN00474,2026-01-27,initial_interview,CA016
ACT001207,CAN00475,2026-07-19,initial_contact,CA001
ACT001208,CAN00475,2026-07-25,initial_interview,CA001
ACT001209,CAN00476,2025-06-05,initial_contact,CA010
ACT001210,CAN00476,2025-06-10,initial_interview,CA010
ACT001211,CAN00476,2025-06-28,follow_up,CA010
ACT001212,CAN00477,2025-10-06,initial_contact,CA007
ACT001213,CAN00477,2025-10-08,initial_interview,CA007
ACT001214,CAN00477,2025-10-28,follow_up,CA007
ACT001215,CAN00478,2025-12-30,initial_contact,CA011
ACT001216,CAN00478,2026-01-05,initial_interview,CA011
ACT001217,CAN00478,2026-01-23,follow_up,CA011
ACT001218,CAN00479,2025-08-03,initial_contact,CA012
ACT001219,CAN00479,2025-08-06,initial_interview,CA012
ACT001220,CAN00479,2025-08-17,follow_up,CA012
ACT001221,CAN00480,2026-05-18,initial_contact,CA011
ACT001222,CAN00480,2026-05-26,initial_interview,CA011
ACT001223,CAN00480,2026-06-06,follow_up,CA011
ACT001224,CAN00481,2025-10-04,initial_contact,CA005
ACT001225,CAN00481,2025-10-11,initial_interview,CA005
ACT001226,CAN00481,2025-10-24,follow_up,CA005
ACT001227,CAN00482,2026-06-17,initial_contact,CA006
ACT001228,CAN00482,2026-06-23,initial_interview,CA006
ACT001229,CAN00482,2026-07-09,follow_up,CA006
ACT001230,CAN00483,2026-07-25,initial_contact,CA021
ACT001231,CAN00483,2026-07-31,initial_interview,CA021
ACT001232,CAN00484,2025-11-17,initial_contact,CA010
ACT001233,CAN00484,2025-11-21,initial_interview,CA010
ACT001234,CAN00484,2025-12-12,follow_up,CA010
ACT001235,CAN00485,2025-04-24,initial_contact,CA018
ACT001236,CAN00485,2025-04-25,initial_interview,CA018
ACT001238,CAN00486,2026-07-24,initial_contact,CA014
ACT001239,CAN00486,2026-07-29,initial_interview,CA014
ACT001240,CAN00487,2025-08-25,initial_contact,CA013
ACT001241,CAN00487,2025-08-26,initial_interview,CA013
ACT001242,CAN00487,2025-09-06,follow_up,CA013
ACT001243,CAN00488,2026-07-08,initial_contact,CA007
ACT001244,CAN00488,2026-07-17,initial_interview,CA007
ACT001245,CAN00488,2026-07-31,follow_up,CA007
ACT001246,CAN00489,2025-08-11,initial_contact,CA016
ACT001247,CAN00490,2025-02-23,initial_contact,CA004
ACT001248,CAN00490,2025-02-27,initial_interview,CA004
ACT001249,CAN00490,2025-03-14,follow_up,CA004
ACT001250,CAN00491,2026-07-14,initial_contact,CA020
ACT001251,CAN00491,2026-07-20,initial_interview,CA020
ACT001252,CAN00491,2026-08-05,follow_up,CA020
ACT001253,CAN00492,2025-08-15,initial_contact,CA001
ACT001254,CAN00492,2025-08-17,initial_interview,CA001
ACT001255,CAN00492,2025-08-25,follow_up,CA001
ACT001256,CAN00492,2025-09-07,follow_up,CA001
ACT001257,CAN00493,2025-01-24,initial_contact,CA005
ACT001258,CAN00494,2025-06-21,initial_contact,CA013
ACT001259,CAN00494,2025-06-23,initial_interview,CA013
ACT001260,CAN00494,2025-06-30,follow_up,CA013
ACT001261,CAN00495,2026-05-09,initial_contact,CA017
ACT001262,CAN00495,2026-05-17,initial_interview,CA017
ACT001263,CAN00496,2026-02-03,initial_contact,CA018
ACT001264,CAN00496,2026-02-10,initial_interview,CA018
ACT001265,CAN00496,2026-03-02,follow_up,CA018
ACT001266,CAN00496,2026-03-19,follow_up,CA018
ACT001267,CAN00497,2026-04-30,initial_contact,CA019
ACT001268,CAN00497,2026-05-07,initial_interview,CA019
ACT001269,CAN00497,2026-05-27,follow_up,CA019
ACT001270,CAN00498,2025-04-15,initial_contact,CA014
ACT001271,CAN00498,2025-04-18,initial_interview,CA014
ACT001272,CAN00498,2025-04-28,follow_up,CA014
ACT001273,CAN00499,2025-11-24,initial_contact,CA015
ACT001274,CAN00499,2025-11-26,initial_interview,CA015
ACT001275,CAN00499,2025-12-05,follow_up,CA015
ACT001276,CAN00499,2025-12-12,follow_up,CA015
ACT001277,CAN00500,2026-08-19,initial_contact,CA006
ACT001278,CAN00500,2026-08-26,initial_interview,CA006
ACT001279,CAN00500,2026-09-10,follow_up,CA006
ACT001280,CAN00501,2025-04-09,initial_contact,CA017
ACT001281,CAN00501,2025-04-12,initial_interview,CA017
ACT001282,CAN00501,2025-05-02,follow_up,CA017
ACT001283,CAN00502,2026-01-28,initial_contact,CA006
ACT001284,CAN00502,2026-02-03,initial_interview,CA006
ACT001285,CAN00502,2026-02-25,follow_up,CA006
ACT001286,CAN00502,2026-03-08,follow_up,CA006
ACT001287,CAN00503,2025-01-28,initial_contact,CA019
ACT001288,CAN00503,2025-02-02,initial_interview,CA019
ACT001289,CAN00503,2025-02-14,follow_up,CA019
ACT001290,CAN00504,2025-09-07,initial_contact,CA006
ACT001291,CAN00505,2026-04-18,initial_contact,CA016
ACT001292,CAN00505,2026-04-27,initial_interview,CA016
ACT001293,CAN00506,2026-01-13,initial_contact,CA014
ACT001294,CAN00506,2026-01-21,initial_interview,CA014
ACT001295,CAN00507,2025-10-11,initial_contact,CA016
ACT001296,CAN00507,2025-10-16,initial_interview,CA016
ACT001297,CAN00507,2025-11-02,follow_up,CA016
ACT001298,CAN00508,2026-07-26,initial_contact,CA012
ACT001299,CAN00509,2026-08-13,initial_contact,CA010
ACT001300,CAN00509,2026-08-23,initial_interview,CA010
ACT001301,CAN00509,2026-09-09,follow_up,CA010
ACT001302,CAN00510,2025-02-20,initial_contact,CA016
ACT001303,CAN00510,2025-02-23,initial_interview,CA016
ACT001304,CAN00510,2025-03-10,follow_up,CA016
ACT001305,CAN00511,2026-02-21,initial_contact,CA010
ACT001306,CAN00511,2026-03-02,initial_interview,CA010
ACT001307,CAN00512,2026-05-14,initial_contact,CA003
ACT001308,CAN00512,2026-05-20,initial_interview,CA003
ACT001309,CAN00513,2025-01-10,initial_contact,CA012
ACT001310,CAN00513,2025-01-13,initial_interview,CA012
ACT001311,CAN00513,2025-01-26,follow_up,CA012
ACT001312,CAN00514,2026-02-05,initial_contact,CA007
ACT001313,CAN00514,2026-02-07,initial_interview,CA007
ACT001314,CAN00514,2026-02-15,follow_up,CA007
ACT001315,CAN00515,2025-08-20,initial_contact,CA007
ACT001316,CAN00515,2025-08-22,initial_interview,CA007
ACT001317,CAN00515,2025-09-11,follow_up,CA007
ACT001318,CAN00516,2026-03-09,initial_contact,CA020
ACT001319,CAN00516,2026-03-15,initial_interview,CA020
ACT001320,CAN00517,2025-03-13,initial_contact,CA003
ACT001321,CAN00517,2025-03-16,initial_interview,CA003
ACT001322,CAN00517,2025-03-24,follow_up,CA003
ACT001323,CAN00518,2025-04-30,initial_contact,CA021
ACT001324,CAN00518,2025-05-04,initial_interview,CA021
ACT001325,CAN00518,2025-05-14,follow_up,CA021
ACT001326,CAN00519,2026-08-24,initial_contact,CA008
ACT001327,CAN00519,2026-09-02,initial_interview,CA008
ACT001328,CAN00519,2026-09-16,follow_up,CA008
ACT001329,CAN00520,2025-08-01,initial_contact,CA012
ACT001330,CAN00520,2025-08-04,initial_interview,CA012
ACT001331,CAN00520,2025-08-16,follow_up,CA012
ACT001332,CAN00521,2026-08-20,initial_contact,CA015
ACT001333,CAN00522,2025-09-13,initial_contact,CA015
ACT001334,CAN00522,2025-09-17,initial_interview,CA015
ACT001335,CAN00522,2025-09-25,follow_up,CA015
ACT001336,CAN00523,2025-11-22,initial_contact,CA017
ACT001337,CAN00523,2025-11-25,initial_interview,CA017
ACT001338,CAN00524,2026-05-05,initial_contact,CA003
ACT001339,CAN00524,2026-05-13,initial_interview,CA003
ACT001340,CAN00524,2026-05-26,follow_up,CA003
ACT001341,CAN00525,2025-06-30,initial_contact,CA004
ACT001342,CAN00526,2025-11-08,initial_contact,CA010
ACT001343,CAN00526,2025-11-15,initial_interview,CA010
ACT001344,CAN00527,2026-09-11,initial_contact,CA020
ACT001345,CAN00527,2026-09-17,initial_interview,CA020
ACT001346,CAN00528,2026-06-03,initial_contact,CA001
ACT001347,CAN00528,2026-06-13,initial_interview,CA001
ACT001348,CAN00528,2026-06-20,follow_up,CA001
ACT001349,CAN00528,2026-07-03,follow_up,CA001
ACT001350,CAN00529,2025-08-04,initial_contact,CA015
ACT001351,CAN00529,2025-08-05,initial_interview,CA015
ACT001352,CAN00530,2025-07-08,initial_contact,CA015
ACT001353,CAN00530,2025-07-09,initial_interview,CA015
ACT001354,CAN00531,2025-09-12,initial_contact,CA015
ACT001355,CAN00531,2025-09-14,initial_interview,CA015
ACT001356,CAN00532,2026-04-01,initial_contact,CA017
ACT001357,CAN00533,2026-09-22,initial_contact,CA021
ACT001358,CAN00533,2026-09-29,initial_interview,CA021
ACT001359,CAN00534,2025-02-08,initial_contact,CA003
ACT001360,CAN00534,2025-02-09,initial_interview,CA003
ACT001361,CAN00534,2025-02-28,follow_up,CA003
ACT001362,CAN00535,2026-02-28,initial_contact,CA014
ACT001363,CAN00535,2026-03-03,initial_interview,CA014
ACT001364,CAN00535,2026-03-17,follow_up,CA014
ACT001365,CAN00536,2026-09-16,initial_contact,CA012
ACT001366,CAN00536,2026-09-25,initial_interview,CA012
ACT001367,CAN00537,2025-05-26,initial_contact,CA019
ACT001368,CAN00537,2025-05-28,initial_interview,CA019
ACT001369,CAN00537,2025-06-15,follow_up,CA019
ACT001370,CAN00538,2026-09-09,initial_contact,CA022
ACT001371,CAN00538,2026-09-17,initial_interview,CA022
ACT001372,CAN00538,2026-09-27,follow_up,CA022
ACT001373,CAN00539,2026-09-24,initial_contact,CA016
ACT001374,CAN00540,2025-03-06,initial_contact,CA015
ACT001375,CAN00540,2025-03-09,initial_interview,CA015
ACT001376,CAN00541,2025-04-30,initial_contact,CA021
ACT001377,CAN00541,2025-05-05,initial_interview,CA021
ACT001378,CAN00541,2025-05-20,follow_up,CA021
ACT001379,CAN00542,2025-06-23,initial_contact,CA013
ACT001380,CAN00543,2026-09-15,initial_contact,CA008
ACT001381,CAN00543,2026-09-25,initial_interview,CA008
ACT001382,CAN00544,2026-08-05,initial_contact,CA005
ACT001383,CAN00544,2026-08-12,initial_interview,CA005
ACT001384,CAN00544,2026-08-31,follow_up,CA005
ACT001385,CAN00544,2026-09-10,follow_up,CA005
ACT001386,CAN00545,2025-03-09,initial_contact,CA009
ACT001387,CAN00545,2025-03-11,initial_interview,CA009
ACT001388,CAN00546,2026-07-30,initial_contact,CA006
ACT001389,CAN00547,2026-04-13,initial_contact,CA019
ACT001390,CAN00547,2026-04-21,initial_interview,CA019
ACT001391,CAN00548,2025-08-12,initial_contact,CA005
ACT001392,CAN00548,2025-08-15,initial_interview,CA005
ACT001393,CAN00549,2026-06-06,initial_contact,CA022
ACT001394,CAN00550,2025-09-20,initial_contact,CA013
ACT001395,CAN00551,2025-09-26,initial_contact,CA007
ACT001396,CAN00551,2025-10-01,initial_interview,CA007
ACT001397,CAN00551,2025-10-18,follow_up,CA007
ACT001398,CAN00552,2026-07-02,initial_contact,CA013
ACT001399,CAN00552,2026-07-12,initial_interview,CA013
ACT001400,CAN00552,2026-08-04,follow_up,CA013
ACT001401,CAN00553,2025-08-07,initial_contact,CA014
ACT001402,CAN00553,2025-08-12,initial_interview,CA014
ACT001403,CAN00553,2025-08-27,follow_up,CA014
ACT001404,CAN00554,2025-10-27,initial_contact,CA006
ACT001405,CAN00554,2025-11-02,initial_interview,CA006
ACT001406,CAN00554,2025-11-24,follow_up,CA006
ACT001407,CAN00555,2026-07-27,initial_contact,CA015
ACT001408,CAN00555,2026-08-03,initial_interview,CA015
ACT001409,CAN00555,2026-08-22,follow_up,CA015
ACT001410,CAN00556,2026-09-26,initial_contact,CA013
ACT001411,CAN00557,2026-02-23,initial_contact,CA020
ACT001412,CAN00558,2025-03-25,initial_contact,CA015
ACT001413,CAN00559,2026-02-28,initial_contact,CA013
ACT001414,CAN00559,2026-03-09,initial_interview,CA013
ACT001415,CAN00559,2026-03-29,follow_up,CA013
ACT001416,CAN00559,2026-04-13,follow_up,CA013
ACT001417,CAN00560,2026-08-16,initial_contact,CA008
ACT001418,CAN00560,2026-08-25,initial_interview,CA008
ACT001419,CAN00560,2026-09-08,follow_up,CA008
ACT001420,CAN00561,2025-08-26,initial_contact,CA004
ACT001421,CAN00561,2025-08-30,initial_interview,CA004
ACT001422,CAN00562,2026-08-15,initial_contact,CA019
ACT001423,CAN00562,2026-08-23,initial_interview,CA019
ACT001424,CAN00562,2026-09-09,follow_up,CA019
ACT001425,CAN00563,2026-08-31,initial_contact,CA011
ACT001426,CAN00563,2026-09-08,initial_interview,CA011
ACT001427,CAN00563,2026-09-20,follow_up,CA011
ACT001428,CAN00564,2026-04-28,initial_contact,CA009
ACT001429,CAN00564,2026-05-02,initial_interview,CA009
ACT001430,CAN00564,2026-05-25,follow_up,CA009
ACT001431,CAN00565,2026-09-11,initial_contact,CA016
ACT001432,CAN00566,2025-11-28,initial_contact,CA001
ACT001433,CAN00566,2025-12-02,initial_interview,CA001
ACT001434,CAN00567,2025-09-27,initial_contact,CA013
ACT001435,CAN00567,2025-09-29,initial_interview,CA013
ACT001436,CAN00568,2025-04-15,initial_contact,CA020
ACT001437,CAN00569,2026-01-17,initial_contact,CA015
ACT001438,CAN00569,2026-01-24,initial_interview,CA015
ACT001439,CAN00569,2026-02-11,follow_up,CA015
ACT001440,CAN00570,2025-02-01,initial_contact,CA017
ACT001441,CAN00570,2025-02-05,initial_interview,CA017
ACT001442,CAN00570,2025-02-19,follow_up,CA017
ACT001443,CAN00571,2026-09-20,initial_contact,CA002
ACT001444,CAN00571,2026-09-27,initial_interview,CA002
ACT001445,CAN00572,2025-02-06,initial_contact,CA010
ACT001446,CAN00572,2025-02-11,initial_interview,CA010
ACT001447,CAN00572,2025-03-01,follow_up,CA010
ACT001448,CAN00573,2026-03-22,initial_contact,CA011
ACT001449,CAN00573,2026-03-30,initial_interview,CA011
ACT001450,CAN00574,2026-06-13,initial_contact,CA004
ACT001451,CAN00574,2026-06-19,initial_interview,CA004
ACT001452,CAN00574,2026-07-10,follow_up,CA004
ACT001453,CAN00574,2026-07-30,follow_up,CA004
ACT001454,CAN00575,2025-11-11,initial_contact,CA008
ACT001455,CAN00575,2025-11-16,initial_interview,CA008
ACT001456,CAN00575,2025-11-27,follow_up,CA008
ACT001457,CAN00576,2025-06-01,initial_contact,CA009
ACT001458,CAN00577,2026-05-17,initial_contact,CA012
ACT001459,CAN00577,2026-05-22,initial_interview,CA012
ACT001460,CAN00577,2026-06-01,follow_up,CA012
ACT001461,CAN00577,2026-06-20,follow_up,CA012
ACT001462,CAN00578,2025-07-30,initial_contact,CA009
ACT001463,CAN00579,2025-03-25,initial_contact,CA008
ACT001464,CAN00579,2025-03-29,initial_interview,CA008
ACT001465,CAN00580,2025-07-03,initial_contact,CA013
ACT001466,CAN00580,2025-07-05,initial_interview,CA013
ACT001467,CAN00580,2025-07-16,follow_up,CA013
ACT001468,CAN00581,2025-11-08,initial_contact,CA013
ACT001469,CAN00581,2025-11-17,initial_interview,CA013
ACT001470,CAN00582,2026-08-07,initial_contact,CA007
ACT001471,CAN00582,2026-08-16,initial_interview,CA007
ACT001472,CAN00582,2026-08-28,follow_up,CA007
ACT001473,CAN00583,2025-04-15,initial_contact,CA007
ACT001474,CAN00583,2025-04-18,initial_interview,CA007
ACT001475,CAN00584,2025-06-15,initial_contact,CA005
ACT001476,CAN00584,2025-06-19,initial_interview,CA005
ACT001477,CAN00585,2026-06-04,initial_contact,CA011
ACT001478,CAN00585,2026-06-13,initial_interview,CA011
ACT001479,CAN00586,2026-09-14,initial_contact,CA002
ACT001480,CAN00586,2026-09-22,initial_interview,CA002
ACT001481,CAN00587,2025-10-08,initial_contact,CA002
ACT001482,CAN00587,2025-10-13,initial_interview,CA002
ACT001483,CAN00587,2025-10-26,follow_up,CA002
ACT001484,CAN00587,2025-11-15,follow_up,CA002
ACT001485,CAN00588,2025-12-03,initial_contact,CA014
ACT001486,CAN00588,2025-12-12,initial_interview,CA014
ACT001487,CAN00588,2025-12-24,follow_up,CA014
ACT001488,CAN00589,2025-01-21,initial_contact,CA007
ACT001489,CAN00590,2026-02-03,initial_contact,CA020
ACT001490,CAN00590,2026-02-12,initial_interview,CA020
ACT001491,CAN00590,2026-03-03,follow_up,CA020
ACT001492,CAN00591,2025-05-14,initial_contact,CA015
ACT001493,CAN00591,2025-05-15,initial_interview,CA015
ACT001494,CAN00592,2026-07-19,initial_contact,CA014
ACT001495,CAN00592,2026-07-27,initial_interview,CA014
ACT001496,CAN00592,2026-08-15,follow_up,CA014
ACT001497,CAN00592,2026-08-24,follow_up,CA014
ACT001498,CAN00594,2025-06-28,initial_contact,CA007
ACT001499,CAN00594,2025-07-03,initial_interview,CA007
ACT001500,CAN00594,2025-07-16,follow_up,CA007
ACT001502,CAN00595,2026-05-05,initial_contact,CA005
ACT001503,CAN00595,2026-05-13,initial_interview,CA005
ACT001504,CAN00595,2026-05-31,follow_up,CA005
ACT001505,CAN00596,2025-01-11,initial_contact,CA019
ACT001506,CAN00596,2025-01-13,initial_interview,CA019
ACT001507,CAN00597,2026-03-05,initial_contact,CA005
ACT001508,CAN00597,2026-03-11,initial_interview,CA005
ACT001509,CAN00598,2025-06-17,initial_contact,CA004
ACT001510,CAN00598,2025-06-18,initial_interview,CA004
ACT001511,CAN00599,2025-04-03,initial_contact,CA018
ACT001512,CAN00599,2025-04-08,initial_interview,CA018
ACT001513,CAN00599,2025-04-24,follow_up,CA018
ACT001514,CAN00600,2025-09-06,initial_contact,CA017
ACT001515,CAN00600,2025-09-12,initial_interview,CA017
ACT001516,CAN00600,2025-10-02,follow_up,CA017
ACT001517,CAN00601,2025-10-23,initial_contact,CA006
ACT001518,CAN00601,2025-10-26,initial_interview,CA006
ACT001519,CAN00602,2025-04-25,initial_contact,CA011
ACT001520,CAN00602,2025-04-30,initial_interview,CA011
ACT001521,CAN00602,2025-05-19,follow_up,CA011
ACT001522,CAN00602,2025-05-29,follow_up,CA011
ACT001523,CAN00603,2025-02-05,initial_contact,CA008
ACT001524,CAN00603,2025-02-08,initial_interview,CA008
ACT001525,CAN00604,2025-03-03,initial_contact,CA017
ACT001526,CAN00604,2025-03-06,initial_interview,CA017
ACT001527,CAN00604,2025-03-17,follow_up,CA017
ACT001528,CAN00605,2025-07-07,initial_contact,CA001
ACT001529,CAN00606,2026-07-07,initial_contact,CA005
ACT001530,CAN00606,2026-07-13,initial_interview,CA005
ACT001531,CAN00606,2026-07-22,follow_up,CA005
ACT001532,CAN00606,2026-08-13,follow_up,CA005
ACT001533,CAN00607,2026-02-18,initial_contact,CA008
ACT001534,CAN00608,2025-06-02,initial_contact,CA003
ACT001535,CAN00608,2025-06-07,initial_interview,CA003
ACT001536,CAN00609,2025-11-05,initial_contact,CA015
ACT001537,CAN00610,2025-10-18,initial_contact,CA004
ACT001538,CAN00610,2025-10-23,initial_interview,CA004
ACT001539,CAN00610,2025-11-09,follow_up,CA004
ACT001540,CAN00611,2025-02-03,initial_contact,CA004
ACT001541,CAN00611,2025-02-04,initial_interview,CA004
ACT001542,CAN00612,2026-07-22,initial_contact,CA022
ACT001543,CAN00612,2026-08-01,initial_interview,CA022
ACT001544,CAN00612,2026-08-15,follow_up,CA022
ACT001545,CAN00612,2026-09-06,follow_up,CA022
ACT001546,CAN00613,2026-07-07,initial_contact,CA020
ACT001547,CAN00613,2026-07-15,initial_interview,CA020
ACT001548,CAN00614,2025-06-04,initial_contact,CA018
ACT001549,CAN00614,2025-06-09,initial_interview,CA018
ACT001550,CAN00615,2025-04-16,initial_contact,CA021
ACT001551,CAN00615,2025-04-20,initial_interview,CA021
ACT001552,CAN00615,2025-05-03,follow_up,CA021
ACT001553,CAN00616,2025-06-04,initial_contact,CA017
ACT001554,CAN00616,2025-06-05,initial_interview,CA017
ACT001555,CAN00616,2025-06-16,follow_up,CA017
ACT001556,CAN00616,2025-06-26,follow_up,CA017
ACT001557,CAN00617,2025-12-10,initial_contact,CA004
ACT001558,CAN00617,2025-12-15,initial_interview,CA004
ACT001559,CAN00618,2025-09-22,initial_contact,CA001
ACT001560,CAN00618,2025-09-27,initial_interview,CA001
ACT001561,CAN00619,2025-07-09,initial_contact,CA014
ACT001562,CAN00619,2025-07-12,initial_interview,CA014
ACT001563,CAN00619,2025-07-27,follow_up,CA014
ACT001564,CAN00620,2025-10-21,initial_contact,CA013
ACT001565,CAN00620,2025-10-26,initial_interview,CA013
ACT001566,CAN00620,2025-11-11,follow_up,CA013
ACT001567,CAN00621,2025-06-06,initial_contact,CA005
ACT001568,CAN00621,2025-06-08,initial_interview,CA005
ACT001569,CAN00621,2025-06-17,follow_up,CA005
ACT001570,CAN00622,2026-06-03,initial_contact,CA012
ACT001571,CAN00622,2026-06-11,initial_interview,CA012
ACT001572,CAN00623,2025-10-29,initial_contact,CA009
ACT001573,CAN00623,2025-11-02,initial_interview,CA009
ACT001574,CAN00623,2025-11-22,follow_up,CA009
ACT001575,CAN00624,2026-07-13,initial_contact,CA003
ACT001576,CAN00624,2026-07-22,initial_interview,CA003
ACT001577,CAN00625,2026-03-10,initial_contact,CA015
ACT001578,CAN00625,2026-03-16,initial_interview,CA015
ACT001579,CAN00625,2026-03-29,follow_up,CA015
ACT001580,CAN00626,2025-07-08,initial_contact,CA013
ACT001581,CAN00627,2025-07-01,initial_contact,CA018
ACT001582,CAN00628,2025-02-08,initial_contact,CA016
ACT001583,CAN00629,2025-12-08,initial_contact,CA010
ACT001584,CAN00629,2025-12-12,initial_interview,CA010
ACT001585,CAN00629,2025-12-29,follow_up,CA010
ACT001586,CAN00630,2025-01-08,initial_contact,CA004
ACT001587,CAN00630,2025-01-10,initial_interview,CA004
ACT001588,CAN00630,2025-01-31,follow_up,CA004
ACT001589,CAN00631,2026-04-17,initial_contact,CA009
ACT001590,CAN00631,2026-04-23,initial_interview,CA009
ACT001591,CAN00632,2026-01-09,initial_contact,CA010
ACT001592,CAN00632,2026-01-17,initial_interview,CA010
ACT001593,CAN00632,2026-01-27,follow_up,CA010
ACT001594,CAN00634,2025-08-12,initial_contact,CA002
ACT001595,CAN00634,2025-08-16,initial_interview,CA002
ACT001596,CAN00635,2025-05-19,initial_contact,CA019
ACT001597,CAN00635,2025-05-22,initial_interview,CA019
ACT001598,CAN00636,2026-04-20,initial_contact,CA022
ACT001599,CAN00637,2026-04-23,initial_contact,CA018
ACT001600,CAN00638,2025-08-30,initial_contact,CA020
ACT001601,CAN00638,2025-09-04,initial_interview,CA020
ACT001602,CAN00638,2025-09-16,follow_up,CA020
ACT001603,CAN00639,2025-04-18,initial_contact,CA019
ACT001604,CAN00639,2025-04-23,initial_interview,CA019
ACT001605,CAN00639,2025-05-12,follow_up,CA019
ACT001606,CAN00640,2025-03-03,initial_contact,CA003
ACT001607,CAN00641,2026-06-13,initial_contact,CA001
ACT001608,CAN00642,2025-09-10,initial_contact,CA002
ACT001609,CAN00642,2025-09-15,initial_interview,CA002
ACT001610,CAN00643,2026-04-05,initial_contact,CA002
ACT001611,CAN00643,2026-04-13,initial_interview,CA002
ACT001612,CAN00643,2026-04-22,follow_up,CA002
ACT001613,CAN00644,2026-08-14,initial_contact,CA019
ACT001614,CAN00644,2026-08-24,initial_interview,CA019
ACT001615,CAN00645,2026-08-12,initial_contact,CA016
ACT001616,CAN00645,2026-08-19,initial_interview,CA016
ACT001617,CAN00646,2026-04-26,initial_contact,CA007
ACT001618,CAN00646,2026-05-04,initial_interview,CA007
ACT001619,CAN00646,2026-05-22,follow_up,CA007
ACT001620,CAN00646,2026-06-10,follow_up,CA007
ACT001621,CAN00647,2026-01-09,initial_contact,CA011
ACT001622,CAN00647,2026-01-14,initial_interview,CA011
ACT001623,CAN00648,2026-04-03,initial_contact,CA003
ACT001624,CAN00648,2026-04-09,initial_interview,CA003
ACT001625,CAN00649,2025-10-02,initial_contact,CA006
ACT001626,CAN00650,2026-01-28,initial_contact,CA014
ACT001627,CAN00650,2026-02-03,initial_interview,CA014
ACT001628,CAN00650,2026-02-14,follow_up,CA014
ACT001629,CAN00650,2026-03-01,follow_up,CA014
ACT001630,CAN00651,2025-03-02,initial_contact,CA002
ACT001631,CAN00651,2025-03-05,initial_interview,CA002
ACT001632,CAN00651,2025-03-19,follow_up,CA002
ACT001633,CAN00652,2026-04-25,initial_contact,CA016
ACT001634,CAN00652,2026-04-27,initial_interview,CA016
ACT001635,CAN00653,2025-04-10,initial_contact,CA013
ACT001636,CAN00653,2025-04-14,initial_interview,CA013
ACT001637,CAN00653,2025-05-03,follow_up,CA013
ACT001638,CAN00654,2026-04-03,initial_contact,CA011
ACT001639,CAN00654,2026-04-11,initial_interview,CA011
ACT001640,CAN00654,2026-04-30,follow_up,CA011
ACT001641,CAN00655,2026-07-07,initial_contact,CA021
ACT001642,CAN00655,2026-07-13,initial_interview,CA021
ACT001643,CAN00655,2026-08-05,follow_up,CA021
ACT001644,CAN00656,2025-10-30,initial_contact,CA021
ACT001645,CAN00656,2025-11-05,initial_interview,CA021
ACT001646,CAN00657,2025-05-31,initial_contact,CA002
ACT001647,CAN00657,2025-06-05,initial_interview,CA002
ACT001648,CAN00657,2025-06-16,follow_up,CA002
ACT001649,CAN00658,2025-03-13,initial_contact,CA010
ACT001650,CAN00658,2025-03-15,initial_interview,CA010
ACT001651,CAN00658,2025-03-28,follow_up,CA010
ACT001652,CAN00659,2025-02-18,initial_contact,CA012
ACT001653,CAN00659,2025-02-19,initial_interview,CA012
ACT001654,CAN00659,2025-03-05,follow_up,CA012
ACT001655,CAN00659,2025-03-23,follow_up,CA012
ACT001656,CAN00660,2026-02-16,initial_contact,CA002
ACT001657,CAN00661,2025-07-06,initial_contact,CA002
ACT001658,CAN00661,2025-07-10,initial_interview,CA002
ACT001659,CAN00661,2025-07-26,follow_up,CA002
ACT001660,CAN00661,2025-08-08,follow_up,CA002
ACT001661,CAN00662,2026-09-05,initial_contact,CA019
ACT001662,CAN00662,2026-09-13,initial_interview,CA019
ACT001663,CAN00663,2026-06-19,initial_contact,CA005
ACT001664,CAN00663,2026-06-24,initial_interview,CA005
ACT001665,CAN00663,2026-07-03,follow_up,CA005
ACT001666,CAN00664,2025-08-29,initial_contact,CA013
ACT001667,CAN00664,2025-08-30,initial_interview,CA013
ACT001668,CAN00664,2025-09-17,follow_up,CA013
ACT001669,CAN00665,2025-09-09,initial_contact,CA006
ACT001670,CAN00665,2025-09-10,initial_interview,CA006
ACT001671,CAN00665,2025-09-29,follow_up,CA006
ACT001672,CAN00666,2025-07-06,initial_contact,CA006
ACT001673,CAN00666,2025-07-10,initial_interview,CA006
ACT001674,CAN00666,2025-07-26,follow_up,CA006
ACT001675,CAN00667,2026-06-17,initial_contact,CA020
ACT001676,CAN00667,2026-06-22,initial_interview,CA020
ACT001677,CAN00667,2026-07-03,follow_up,CA020
ACT001679,CAN00668,2026-05-22,initial_contact,CA016
ACT001680,CAN00668,2026-05-27,initial_interview,CA016
ACT001681,CAN00668,2026-06-10,follow_up,CA016
ACT001682,CAN00669,2026-06-15,initial_contact,CA004
ACT001683,CAN00669,2026-06-20,initial_interview,CA004
ACT001684,CAN00670,2025-09-17,initial_contact,CA019
ACT001685,CAN00670,2025-09-23,initial_interview,CA019
ACT001686,CAN00670,2025-10-08,follow_up,CA019
ACT001687,CAN00671,2025-06-26,initial_contact,CA012
ACT001688,CAN00671,2025-07-01,initial_interview,CA012
ACT001689,CAN00671,2025-07-10,follow_up,CA012
ACT001690,CAN00671,2025-07-20,follow_up,CA012
ACT001691,CAN00672,2026-02-06,initial_contact,CA005
ACT001692,CAN00672,2026-02-08,initial_interview,CA005
ACT001693,CAN00672,2026-02-17,follow_up,CA005
ACT001694,CAN00673,2026-03-23,initial_contact,CA020
ACT001695,CAN00674,2025-10-16,initial_contact,CA019
ACT001696,CAN00674,2025-10-19,initial_interview,CA019
ACT001697,CAN00674,2025-10-26,follow_up,CA019
ACT001698,CAN00675,2025-12-10,initial_contact,CA019
ACT001699,CAN00675,2025-12-19,initial_interview,CA019
ACT001700,CAN00675,2026-01-08,follow_up,CA019
ACT001701,CAN00676,2026-09-24,initial_contact,CA013
ACT001702,CAN00677,2026-01-28,initial_contact,CA008
ACT001703,CAN00677,2026-02-02,initial_interview,CA008
ACT001704,CAN00677,2026-02-24,follow_up,CA008
ACT001705,CAN00678,2025-08-16,initial_contact,CA004
ACT001706,CAN00678,2025-08-20,initial_interview,CA004
ACT001707,CAN00678,2025-09-06,follow_up,CA004
ACT001708,CAN00679,2026-05-05,initial_contact,CA016
ACT001709,CAN00679,2026-05-11,initial_interview,CA016
ACT001710,CAN00680,2026-02-17,initial_contact,CA011
ACT001711,CAN00681,2026-01-20,initial_contact,CA003
ACT001712,CAN00682,2025-04-28,initial_contact,CA012
ACT001713,CAN00682,2025-04-30,initial_interview,CA012
ACT001714,CAN00682,2025-05-10,follow_up,CA012
ACT001715,CAN00683,2025-12-22,initial_contact,CA018
ACT001716,CAN00683,2025-12-28,initial_interview,CA018
ACT001717,CAN00684,2025-04-22,initial_contact,CA019
ACT001718,CAN00685,2025-04-08,initial_contact,CA018
ACT001719,CAN00685,2025-04-11,initial_interview,CA018
ACT001720,CAN00685,2025-05-02,follow_up,CA018
ACT001721,CAN00686,2026-02-21,initial_contact,CA004
ACT001722,CAN00687,2026-09-06,initial_contact,CA002
ACT001723,CAN00687,2026-09-16,initial_interview,CA002
ACT001724,CAN00688,2026-09-27,initial_contact,CA012
ACT001725,CAN00689,2026-05-28,initial_contact,CA002
ACT001726,CAN00689,2026-06-04,initial_interview,CA002
ACT001727,CAN00689,2026-06-17,follow_up,CA002
ACT001728,CAN00690,2026-06-04,initial_contact,CA009
ACT001729,CAN00690,2026-06-07,initial_interview,CA009
ACT001730,CAN00690,2026-06-15,follow_up,CA009
ACT001731,CAN00691,2026-07-12,initial_contact,CA018
ACT001732,CAN00691,2026-07-22,initial_interview,CA018
ACT001733,CAN00692,2026-09-27,initial_contact,CA012
ACT001734,CAN00693,2026-02-06,initial_contact,CA010
ACT001735,CAN00694,2026-04-21,initial_contact,CA003
ACT001736,CAN00694,2026-04-28,initial_interview,CA003
ACT001737,CAN00694,2026-05-13,follow_up,CA003
ACT001738,CAN00695,2025-08-02,initial_contact,CA008
ACT001739,CAN00695,2025-08-06,initial_interview,CA008
ACT001740,CAN00696,2026-02-10,initial_contact,CA009
ACT001741,CAN00696,2026-02-14,initial_interview,CA009
ACT001742,CAN00697,2025-03-23,initial_contact,CA019
ACT001743,CAN00697,2025-03-25,initial_interview,CA019
ACT001744,CAN00697,2025-04-09,follow_up,CA019
ACT001745,CAN00698,2026-01-21,initial_contact,CA018
ACT001746,CAN00698,2026-01-30,initial_interview,CA018
ACT001747,CAN00698,2026-02-20,follow_up,CA018
ACT001748,CAN00698,2026-03-01,follow_up,CA018
ACT001749,CAN00699,2026-08-02,initial_contact,CA022
ACT001750,CAN00699,2026-08-08,initial_interview,CA022
ACT001751,CAN00700,2025-03-06,initial_contact,CA012
ACT001752,CAN00700,2025-03-09,initial_interview,CA012
ACT001753,CAN00700,2025-03-22,follow_up,CA012
ACT001754,CAN00701,2026-03-17,initial_contact,CA001
ACT001755,CAN00701,2026-03-21,initial_interview,CA001
ACT001756,CAN00702,2025-05-25,initial_contact,CA004
ACT001757,CAN00703,2026-04-08,initial_contact,CA020
ACT001758,CAN00704,2026-09-26,initial_contact,CA019
ACT001759,CAN00705,2025-02-22,initial_contact,CA014
ACT001760,CAN00705,2025-02-23,initial_interview,CA014
ACT001761,CAN00705,2025-03-06,follow_up,CA014
ACT001762,CAN00705,2025-03-20,follow_up,CA014
ACT001763,CAN00706,2026-04-05,initial_contact,CA021
ACT001764,CAN00706,2026-04-13,initial_interview,CA021
ACT001765,CAN00706,2026-04-30,follow_up,CA021
ACT001766,CAN00707,2026-06-25,initial_contact,CA015
ACT001767,CAN00707,2026-07-04,initial_interview,CA015
ACT001768,CAN00707,2026-07-14,follow_up,CA015
ACT001769,CAN00708,2025-11-04,initial_contact,CA010
ACT001770,CAN00708,2025-11-08,initial_interview,CA010
ACT001771,CAN00709,2026-05-31,initial_contact,CA017
ACT001772,CAN00709,2026-06-06,initial_interview,CA017
ACT001773,CAN00710,2026-06-30,initial_contact,CA014
ACT001774,CAN00711,2025-12-18,initial_contact,CA011
ACT001775,CAN00711,2025-12-23,initial_interview,CA011
ACT001776,CAN00712,2025-10-17,initial_contact,CA008
ACT001777,CAN00712,2025-10-20,initial_interview,CA008
ACT001778,CAN00712,2025-10-29,follow_up,CA008
ACT001779,CAN00713,2025-04-17,initial_contact,CA011
ACT001780,CAN00713,2025-04-20,initial_interview,CA011
ACT001781,CAN00713,2025-04-28,follow_up,CA011
ACT001782,CAN00714,2026-04-16,initial_contact,CA007
ACT001783,CAN00714,2026-04-26,initial_interview,CA007
ACT001784,CAN00715,2025-09-16,initial_contact,CA002
ACT001785,CAN00715,2025-09-18,initial_interview,CA002
ACT001788,CAN00716,2026-03-31,initial_contact,CA009
ACT001789,CAN00716,2026-04-09,initial_interview,CA009
ACT001790,CAN00717,2026-05-24,initial_contact,CA021
ACT001791,CAN00717,2026-05-27,initial_interview,CA021
ACT001792,CAN00717,2026-06-07,follow_up,CA021
ACT001793,CAN00718,2025-07-27,initial_contact,CA005
ACT001794,CAN00718,2025-07-29,initial_interview,CA005
ACT001795,CAN00719,2026-09-06,initial_contact,CA009
ACT001796,CAN00719,2026-09-12,initial_interview,CA009
ACT001797,CAN00720,2025-10-07,initial_contact,CA017
ACT001798,CAN00720,2025-10-10,initial_interview,CA017
ACT001799,CAN00720,2025-10-23,follow_up,CA017
ACT001800,CAN00721,2026-04-25,initial_contact,CA001
ACT001801,CAN00721,2026-05-01,initial_interview,CA001
ACT001802,CAN00721,2026-05-19,follow_up,CA001
ACT001803,CAN00722,2026-06-01,initial_contact,CA010
ACT001804,CAN00722,2026-06-08,initial_interview,CA010
ACT001805,CAN00722,2026-06-18,follow_up,CA010
ACT001806,CAN00723,2026-04-20,initial_contact,CA015
ACT001807,CAN00723,2026-04-26,initial_interview,CA015
ACT001808,CAN00723,2026-05-17,follow_up,CA015
ACT001809,CAN00724,2025-07-27,initial_contact,CA010
ACT001810,CAN00724,2025-07-30,initial_interview,CA010
ACT001811,CAN00724,2025-08-13,follow_up,CA010
ACT001812,CAN00724,2025-08-20,follow_up,CA010
ACT001813,CAN00725,2026-09-13,initial_contact,CA019
ACT001814,CAN00725,2026-09-22,initial_interview,CA019
ACT001815,CAN00726,2025-04-23,initial_contact,CA012
ACT001816,CAN00726,2025-04-27,initial_interview,CA012
ACT001817,CAN00726,2025-05-14,follow_up,CA012
ACT001818,CAN00727,2025-07-29,initial_contact,CA002
ACT001819,CAN00727,2025-08-01,initial_interview,CA002
ACT001822,CAN00728,2025-07-17,initial_contact,CA006
ACT001823,CAN00728,2025-07-22,initial_interview,CA006
ACT001824,CAN00729,2025-04-16,initial_contact,CA017
ACT001825,CAN00729,2025-04-20,initial_interview,CA017
ACT001826,CAN00729,2025-04-29,follow_up,CA017
ACT001827,CAN00730,2025-07-16,initial_contact,CA020
ACT001828,CAN00730,2025-07-21,initial_interview,CA020
ACT001829,CAN00730,2025-08-06,follow_up,CA020
ACT001830,CAN00731,2026-04-07,initial_contact,CA011
ACT001831,CAN00731,2026-04-16,initial_interview,CA011
ACT001832,CAN00731,2026-05-08,follow_up,CA011
ACT001833,CAN00733,2025-01-22,initial_contact,CA015
ACT001834,CAN00733,2025-01-26,initial_interview,CA015
ACT001835,CAN00734,2025-10-21,initial_contact,CA008
ACT001836,CAN00734,2025-10-23,initial_interview,CA008
ACT001837,CAN00734,2025-11-03,follow_up,CA008
ACT001838,CAN00735,2025-08-28,initial_contact,CA010
ACT001839,CAN00735,2025-08-31,initial_interview,CA010
ACT001840,CAN00735,2025-09-08,follow_up,CA010
ACT001841,CAN00735,2025-09-20,follow_up,CA010
ACT001842,CAN00736,2026-01-16,initial_contact,CA005
ACT001843,CAN00737,2026-01-16,initial_contact,CA006
ACT001844,CAN00737,2026-01-25,initial_interview,CA006
ACT001845,CAN00737,2026-02-13,follow_up,CA006
ACT001846,CAN00738,2026-03-29,initial_contact,CA012
ACT001847,CAN00739,2026-01-08,initial_contact,CA021
ACT001848,CAN00739,2026-01-12,initial_interview,CA021
ACT001849,CAN00740,2026-05-23,initial_contact,CA006
ACT001850,CAN00740,2026-05-31,initial_interview,CA006
ACT001851,CAN00740,2026-06-16,follow_up,CA006
ACT001852,CAN00741,2026-03-18,initial_contact,CA017
ACT001853,CAN00741,2026-03-26,initial_interview,CA017
ACT001854,CAN00742,2025-09-24,initial_contact,CA009
ACT001855,CAN00742,2025-09-28,initial_interview,CA009
ACT001856,CAN00742,2025-10-18,follow_up,CA009
ACT001857,CAN00743,2026-02-27,initial_contact,CA006
ACT001858,CAN00743,2026-03-04,initial_interview,CA006
ACT001859,CAN00744,2026-03-30,initial_contact,CA014
ACT001860,CAN00744,2026-04-05,initial_interview,CA014
ACT001861,CAN00744,2026-04-20,follow_up,CA014
ACT001862,CAN00745,2025-07-29,initial_contact,CA014
ACT001863,CAN00745,2025-07-31,initial_interview,CA014
ACT001864,CAN00745,2025-08-20,follow_up,CA014
ACT001865,CAN00745,2025-09-03,follow_up,CA014
ACT001866,CAN00747,2025-06-11,initial_contact,CA011
ACT001867,CAN00748,2025-02-12,initial_contact,CA006
ACT001868,CAN00748,2025-02-16,initial_interview,CA006
ACT001869,CAN00748,2025-02-28,follow_up,CA006
ACT001870,CAN00749,2026-04-09,initial_contact,CA010
ACT001871,CAN00749,2026-04-15,initial_interview,CA010
ACT001872,CAN00750,2025-05-22,initial_contact,CA011
ACT001873,CAN00750,2025-05-25,initial_interview,CA011
ACT001874,CAN00750,2025-06-15,follow_up,CA011
ACT001875,CAN00751,2026-01-18,initial_contact,CA009
ACT001876,CAN00751,2026-01-21,initial_interview,CA009
ACT001877,CAN00751,2026-01-30,follow_up,CA009
ACT001878,CAN00752,2025-03-24,initial_contact,CA006
ACT001879,CAN00752,2025-03-28,initial_interview,CA006
ACT001880,CAN00752,2025-04-15,follow_up,CA006
ACT001881,CAN00753,2025-12-31,initial_contact,CA010
ACT001882,CAN00753,2026-01-05,initial_interview,CA010
ACT001883,CAN00753,2026-01-15,follow_up,CA010
ACT001884,CAN00754,2025-05-17,initial_contact,CA013
ACT001885,CAN00754,2025-05-21,initial_interview,CA013
ACT001886,CAN00755,2025-12-05,initial_contact,CA009
ACT001887,CAN00755,2025-12-12,initial_interview,CA009
ACT001888,CAN00755,2025-12-31,follow_up,CA009
ACT001889,CAN00756,2026-09-02,initial_contact,CA006
ACT001890,CAN00756,2026-09-12,initial_interview,CA006
ACT001891,CAN00757,2026-09-10,initial_contact,CA010
ACT001892,CAN00758,2025-03-02,initial_contact,CA006
ACT001893,CAN00758,2025-03-05,initial_interview,CA006
ACT001894,CAN00758,2025-03-13,follow_up,CA006
ACT001895,CAN00759,2025-11-11,initial_contact,CA008
ACT001896,CAN00759,2025-11-19,initial_interview,CA008
ACT001897,CAN00759,2025-12-09,follow_up,CA008
ACT001898,CAN00760,2025-09-22,initial_contact,CA001
ACT001899,CAN00761,2026-04-01,initial_contact,CA010
ACT001900,CAN00761,2026-04-08,initial_interview,CA010
ACT001901,CAN00762,2025-08-12,initial_contact,CA006
ACT001902,CAN00762,2025-08-14,initial_interview,CA006
ACT001903,CAN00762,2025-08-24,follow_up,CA006
ACT001904,CAN00763,2025-02-02,initial_contact,CA016
ACT001905,CAN00763,2025-02-06,initial_interview,CA016
ACT001906,CAN00764,2025-03-15,initial_contact,CA015
ACT001907,CAN00764,2025-03-20,initial_interview,CA015
ACT001908,CAN00764,2025-03-30,follow_up,CA015
ACT001909,CAN00764,2025-04-16,follow_up,CA015
ACT001910,CAN00765,2025-12-31,initial_contact,CA019
ACT001911,CAN00765,2026-01-03,initial_interview,CA019
ACT001912,CAN00765,2026-01-12,follow_up,CA019
ACT001913,CAN00766,2025-12-07,initial_contact,CA002
ACT001914,CAN00766,2025-12-11,initial_interview,CA002
ACT001915,CAN00766,2025-12-27,follow_up,CA002
ACT001916,CAN00767,2026-04-09,initial_contact,CA011
ACT001917,CAN00767,2026-04-15,initial_interview,CA011
ACT001918,CAN00768,2026-02-22,initial_contact,CA013
ACT001919,CAN00768,2026-02-28,initial_interview,CA013
ACT001920,CAN00768,2026-03-13,follow_up,CA013
ACT001921,CAN00769,2026-07-08,initial_contact,CA015
ACT001922,CAN00769,2026-07-16,initial_interview,CA015
ACT001923,CAN00770,2026-08-13,initial_contact,CA014
ACT001924,CAN00770,2026-08-22,initial_interview,CA014
ACT001925,CAN00771,2026-05-25,initial_contact,CA013
ACT001926,CAN00771,2026-05-31,initial_interview,CA013
ACT001927,CAN00771,2026-06-19,follow_up,CA013
ACT001928,CAN00772,2026-03-09,initial_contact,CA006
ACT001929,CAN00772,2026-03-13,initial_interview,CA006
ACT001930,CAN00773,2026-06-12,initial_contact,CA007
ACT001931,CAN00773,2026-06-19,initial_interview,CA007
ACT001932,CAN00773,2026-07-10,follow_up,CA007
ACT001933,CAN00774,2025-03-29,initial_contact,CA007
ACT001934,CAN00774,2025-03-30,initial_interview,CA007
ACT001935,CAN00775,2026-05-29,initial_contact,CA002
ACT001936,CAN00776,2026-07-27,initial_contact,CA020
ACT001937,CAN00776,2026-08-06,initial_interview,CA020
ACT001938,CAN00776,2026-08-20,follow_up,CA020
ACT001939,CAN00777,2025-04-28,initial_contact,CA009
ACT001940,CAN00777,2025-05-03,initial_interview,CA009
ACT001941,CAN00777,2025-05-21,follow_up,CA009
ACT001942,CAN00778,2026-07-14,initial_contact,CA008
ACT001943,CAN00778,2026-07-22,initial_interview,CA008
ACT001944,CAN00778,2026-08-02,follow_up,CA008
ACT001945,CAN00779,2026-04-10,initial_contact,CA020
ACT001946,CAN00779,2026-04-17,initial_interview,CA020
ACT001947,CAN00779,2026-05-07,follow_up,CA020
ACT001948,CAN00780,2025-09-11,initial_contact,CA001
ACT001949,CAN00780,2025-09-16,initial_interview,CA001
ACT001950,CAN00781,2026-08-17,initial_contact,CA020
ACT001951,CAN00781,2026-08-26,initial_interview,CA020
ACT001952,CAN00781,2026-09-06,follow_up,CA020
ACT001953,CAN00781,2026-09-18,follow_up,CA020
ACT001954,CAN00782,2025-10-31,initial_contact,CA013
ACT001955,CAN00782,2025-11-04,initial_interview,CA013
ACT001956,CAN00783,2025-05-05,initial_contact,CA016
ACT001957,CAN00783,2025-05-07,initial_interview,CA016
ACT001958,CAN00784,2025-01-25,initial_contact,CA011
ACT001959,CAN00784,2025-01-28,initial_interview,CA011
ACT001960,CAN00784,2025-02-10,follow_up,CA011
ACT001961,CAN00784,2025-02-21,follow_up,CA011
ACT001962,CAN00785,2026-07-24,initial_contact,CA008
ACT001963,CAN00785,2026-08-01,initial_interview,CA008
ACT001964,CAN00785,2026-08-14,follow_up,CA008
ACT001965,CAN00786,2025-07-13,initial_contact,CA014
ACT001966,CAN00787,2025-03-04,initial_contact,CA003
ACT001967,CAN00787,2025-03-07,initial_interview,CA003
ACT001968,CAN00788,2025-04-02,initial_contact,CA009
ACT001969,CAN00788,2025-04-04,initial_interview,CA009
ACT001970,CAN00788,2025-04-15,follow_up,CA009
ACT001971,CAN00789,2025-06-15,initial_contact,CA002
ACT001972,CAN00789,2025-06-19,initial_interview,CA002
ACT001973,CAN00789,2025-06-29,follow_up,CA002
ACT001974,CAN00790,2026-07-04,initial_contact,CA022
ACT001975,CAN00790,2026-07-14,initial_interview,CA022
ACT001976,CAN00790,2026-08-03,follow_up,CA022
ACT001977,CAN00791,2025-06-23,initial_contact,CA014
ACT001978,CAN00791,2025-06-26,initial_interview,CA014
ACT001979,CAN00792,2025-08-14,initial_contact,CA019
ACT001980,CAN00793,2025-11-27,initial_contact,CA005
ACT001981,CAN00794,2025-09-26,initial_contact,CA008
ACT001982,CAN00794,2025-09-27,initial_interview,CA008
ACT001983,CAN00795,2025-08-29,initial_contact,CA003
ACT001984,CAN00795,2025-08-31,initial_interview,CA003
ACT001985,CAN00796,2026-06-02,initial_contact,CA021
ACT001986,CAN00796,2026-06-10,initial_interview,CA021
ACT001987,CAN00796,2026-06-21,follow_up,CA021
ACT001988,CAN00797,2026-05-24,initial_contact,CA016
ACT001989,CAN00797,2026-05-28,initial_interview,CA016
ACT001990,CAN00797,2026-06-13,follow_up,CA016
ACT001991,CAN00798,2025-11-27,initial_contact,CA021
ACT001992,CAN00798,2025-12-01,initial_interview,CA021
ACT001993,CAN00799,2025-07-18,initial_contact,CA001
ACT001994,CAN00799,2025-07-23,initial_interview,CA001
ACT001995,CAN00799,2025-08-08,follow_up,CA001
ACT001996,CAN00800,2025-12-08,initial_contact,CA020
ACT001997,CAN00801,2025-09-28,initial_contact,CA010
ACT001998,CAN00801,2025-10-01,initial_interview,CA010
ACT001999,CAN00801,2025-10-20,follow_up,CA010
ACT002000,CAN00802,2025-11-26,initial_contact,CA010
ACT002001,CAN00802,2025-12-01,initial_interview,CA010
ACT002002,CAN00802,2025-12-13,follow_up,CA010
ACT002003,CAN00802,2025-12-23,follow_up,CA010
ACT002004,CAN00803,2025-11-18,initial_contact,CA001
ACT002005,CAN00803,2025-11-24,initial_interview,CA001
ACT002006,CAN00803,2025-12-16,follow_up,CA001
ACT002007,CAN00803,2025-12-26,follow_up,CA001
ACT002008,CAN00804,2025-06-04,initial_contact,CA019
ACT002009,CAN00804,2025-06-07,initial_interview,CA019
ACT002010,CAN00804,2025-06-23,follow_up,CA019
ACT002011,CAN00805,2026-05-03,initial_contact,CA019
ACT002012,CAN00806,2026-03-08,initial_contact,CA004
ACT002013,CAN00806,2026-03-11,initial_interview,CA004
ACT002014,CAN00807,2026-08-30,initial_contact,CA011
ACT002015,CAN00807,2026-09-09,initial_interview,CA011
ACT002016,CAN00807,2026-09-28,follow_up,CA011
ACT002017,CAN00808,2026-01-14,initial_contact,CA018
ACT002018,CAN00808,2026-01-20,initial_interview,CA018
ACT002019,CAN00809,2026-04-11,initial_contact,CA009
ACT002020,CAN00809,2026-04-17,initial_interview,CA009
ACT002021,CAN00809,2026-05-04,follow_up,CA009
ACT002022,CAN00810,2025-10-03,initial_contact,CA009
ACT002023,CAN00810,2025-10-10,initial_interview,CA009
ACT002024,CAN00811,2025-09-27,initial_contact,CA005
ACT002025,CAN00811,2025-10-01,initial_interview,CA005
ACT002026,CAN00811,2025-10-19,follow_up,CA005
ACT002027,CAN00811,2025-10-29,follow_up,CA005
ACT002028,CAN00812,2025-01-23,initial_contact,CA006
ACT002029,CAN00812,2025-01-24,initial_interview,CA006
ACT002030,CAN00813,2026-02-16,initial_contact,CA007
ACT002031,CAN00815,2026-07-24,initial_contact,CA005
ACT002032,CAN00815,2026-07-31,initial_interview,CA005
ACT002033,CAN00816,2025-08-07,initial_contact,CA001
ACT002034,CAN00816,2025-08-11,initial_interview,CA001
ACT002035,CAN00816,2025-09-01,follow_up,CA001
ACT002036,CAN00817,2025-07-02,initial_contact,CA005
ACT002037,CAN00817,2025-07-05,initial_interview,CA005
ACT002038,CAN00817,2025-07-19,follow_up,CA005
ACT002039,CAN00818,2026-04-24,initial_contact,CA021
ACT002040,CAN00819,2026-05-14,initial_contact,CA016
ACT002041,CAN00819,2026-05-23,initial_interview,CA016
ACT002042,CAN00820,2025-09-10,initial_contact,CA003
ACT002043,CAN00820,2025-09-13,initial_interview,CA003
ACT002044,CAN00821,2025-09-20,initial_contact,CA011
ACT002045,CAN00821,2025-09-23,initial_interview,CA011
ACT002046,CAN00821,2025-10-03,follow_up,CA011
ACT002047,CAN00822,2025-02-24,initial_contact,CA003
ACT002048,CAN00822,2025-02-25,initial_interview,CA003
ACT002049,CAN00822,2025-03-06,follow_up,CA003
ACT002050,CAN00823,2025-04-04,initial_contact,CA011
ACT002051,CAN00823,2025-04-08,initial_interview,CA011
ACT002052,CAN00823,2025-04-20,follow_up,CA011
ACT002053,CAN00824,2026-01-12,initial_contact,CA010
ACT002054,CAN00824,2026-01-16,initial_interview,CA010
ACT002055,CAN00824,2026-02-08,follow_up,CA010
ACT002056,CAN00824,2026-02-20,follow_up,CA010
ACT002057,CAN00825,2025-06-21,initial_contact,CA011
ACT002058,CAN00825,2025-06-25,initial_interview,CA011
ACT002059,CAN00826,2025-10-09,initial_contact,CA017
ACT002060,CAN00826,2025-10-11,initial_interview,CA017
ACT002061,CAN00826,2025-10-22,follow_up,CA017
ACT002062,CAN00827,2025-12-04,initial_contact,CA012
ACT002063,CAN00828,2025-02-12,initial_contact,CA009
ACT002064,CAN00828,2025-02-16,initial_interview,CA009
ACT002065,CAN00829,2026-07-09,initial_contact,CA022
ACT002066,CAN00830,2026-04-16,initial_contact,CA014
ACT002067,CAN00831,2026-07-22,initial_contact,CA016
ACT002068,CAN00831,2026-07-29,initial_interview,CA016
ACT002069,CAN00831,2026-08-20,follow_up,CA016
ACT002070,CAN00832,2026-05-08,initial_contact,CA014
ACT002071,CAN00832,2026-05-14,initial_interview,CA014
ACT002072,CAN00832,2026-05-26,follow_up,CA014
ACT002073,CAN00833,2025-12-20,initial_contact,CA012
ACT002074,CAN00833,2025-12-25,initial_interview,CA012
ACT002075,CAN00834,2025-03-18,initial_contact,CA015
ACT002076,CAN00834,2025-03-19,initial_interview,CA015
ACT002077,CAN00834,2025-04-01,follow_up,CA015
ACT002078,CAN00835,2026-07-26,initial_contact,CA002
ACT002079,CAN00835,2026-08-03,initial_interview,CA002
ACT002080,CAN00835,2026-08-16,follow_up,CA002
ACT002081,CAN00836,2025-10-16,initial_contact,CA006
ACT002082,CAN00836,2025-10-19,initial_interview,CA006
ACT002083,CAN00836,2025-11-01,follow_up,CA006
ACT002084,CAN00837,2026-03-23,initial_contact,CA003
ACT002085,CAN00837,2026-03-27,initial_interview,CA003
ACT002086,CAN00837,2026-04-17,follow_up,CA003
ACT002087,CAN00838,2025-01-21,initial_contact,CA014
ACT002088,CAN00839,2025-12-24,initial_contact,CA015
ACT002089,CAN00839,2025-12-28,initial_interview,CA015
ACT002090,CAN00840,2026-09-21,initial_contact,CA010
ACT002091,CAN00840,2026-09-29,initial_interview,CA010
ACT002092,CAN00841,2026-01-01,initial_contact,CA009
ACT002093,CAN00841,2026-01-08,initial_interview,CA009
ACT002094,CAN00842,2025-07-15,initial_contact,CA002
ACT002095,CAN00842,2025-07-16,initial_interview,CA002
ACT002097,CAN00843,2026-01-28,initial_contact,CA018
ACT002098,CAN00843,2026-02-02,initial_interview,CA018
ACT002099,CAN00843,2026-02-26,follow_up,CA018
ACT002100,CAN00843,2026-03-05,follow_up,CA018
ACT002101,CAN00844,2025-08-01,initial_contact,CA005
ACT002102,CAN00844,2025-08-04,initial_interview,CA005
ACT002103,CAN00844,2025-08-13,follow_up,CA005
ACT002105,CAN00845,2025-12-02,initial_contact,CA001
ACT002106,CAN00845,2025-12-06,initial_interview,CA001
ACT002107,CAN00845,2025-12-23,follow_up,CA001
ACT002108,CAN00846,2026-09-13,initial_contact,CA004
ACT002109,CAN00846,2026-09-19,initial_interview,CA004
ACT002110,CAN00847,2026-05-18,initial_contact,CA018
ACT002111,CAN00847,2026-05-26,initial_interview,CA018
ACT002112,CAN00847,2026-06-11,follow_up,CA018
ACT002113,CAN00848,2025-04-06,initial_contact,CA009
ACT002114,CAN00848,2025-04-11,initial_interview,CA009
ACT002115,CAN00849,2026-04-10,initial_contact,CA021
ACT002116,CAN00849,2026-04-14,initial_interview,CA021
ACT002117,CAN00849,2026-04-24,follow_up,CA021
ACT002118,CAN00850,2025-01-15,initial_contact,CA019
ACT002119,CAN00850,2025-01-18,initial_interview,CA019
ACT002120,CAN00850,2025-02-07,follow_up,CA019
ACT002121,CAN00851,2026-06-27,initial_contact,CA013
ACT002122,CAN00851,2026-07-03,initial_interview,CA013
ACT002123,CAN00851,2026-07-24,follow_up,CA013
ACT002124,CAN00851,2026-08-14,follow_up,CA013
ACT002125,CAN00852,2025-06-01,initial_contact,CA020
ACT002126,CAN00852,2025-06-02,initial_interview,CA020
ACT002127,CAN00852,2025-06-17,follow_up,CA020
ACT002128,CAN00853,2026-09-21,initial_contact,CA004
ACT002129,CAN00853,2026-09-29,initial_interview,CA004
ACT002130,CAN00854,2025-12-29,initial_contact,CA016
ACT002131,CAN00854,2026-01-02,initial_interview,CA016
ACT002132,CAN00854,2026-01-21,follow_up,CA016
ACT002133,CAN00855,2026-07-14,initial_contact,CA013
ACT002134,CAN00855,2026-07-22,initial_interview,CA013
ACT002135,CAN00855,2026-08-10,follow_up,CA013
ACT002136,CAN00856,2025-11-10,initial_contact,CA019
ACT002137,CAN00857,2026-08-30,initial_contact,CA016
ACT002138,CAN00857,2026-09-09,initial_interview,CA016
ACT002139,CAN00857,2026-09-30,follow_up,CA016
ACT002140,CAN00858,2025-02-15,initial_contact,CA001
ACT002141,CAN00858,2025-02-17,initial_interview,CA001
ACT002142,CAN00858,2025-03-05,follow_up,CA001
ACT002143,CAN00859,2026-08-20,initial_contact,CA001
ACT002144,CAN00859,2026-08-26,initial_interview,CA001
ACT002145,CAN00859,2026-09-14,follow_up,CA001
ACT002146,CAN00860,2025-08-17,initial_contact,CA009
ACT002147,CAN00860,2025-08-18,initial_interview,CA009
ACT002148,CAN00860,2025-08-30,follow_up,CA009
ACT002149,CAN00861,2026-05-11,initial_contact,CA007
ACT002150,CAN00861,2026-05-18,initial_interview,CA007
ACT002151,CAN00862,2026-06-18,initial_contact,CA015
ACT002152,CAN00862,2026-06-24,initial_interview,CA015
ACT002153,CAN00862,2026-07-10,follow_up,CA015
ACT002154,CAN00863,2026-02-01,initial_contact,CA002
ACT002155,CAN00863,2026-02-11,initial_interview,CA002
ACT002156,CAN00863,2026-02-26,follow_up,CA002
ACT002157,CAN00864,2025-04-29,initial_contact,CA006
ACT002158,CAN00864,2025-05-01,initial_interview,CA006
ACT002159,CAN00865,2025-07-20,initial_contact,CA012
ACT002160,CAN00865,2025-07-22,initial_interview,CA012
ACT002161,CAN00865,2025-08-12,follow_up,CA012
ACT002162,CAN00866,2025-04-08,initial_contact,CA005
ACT002163,CAN00866,2025-04-11,initial_interview,CA005
ACT002164,CAN00866,2025-04-22,follow_up,CA005
ACT002165,CAN00867,2025-11-19,initial_contact,CA002
ACT002166,CAN00867,2025-11-24,initial_interview,CA002
ACT002167,CAN00867,2025-12-11,follow_up,CA002
ACT002168,CAN00868,2026-01-13,initial_contact,CA009
ACT002169,CAN00869,2025-07-19,initial_contact,CA020
ACT002170,CAN00869,2025-07-21,initial_interview,CA020
ACT002171,CAN00869,2025-08-03,follow_up,CA020
ACT002172,CAN00869,2025-08-20,follow_up,CA020
ACT002173,CAN00870,2025-11-10,initial_contact,CA018
ACT002174,CAN00870,2025-11-11,initial_interview,CA018
ACT002175,CAN00870,2025-11-22,follow_up,CA018
ACT002176,CAN00871,2025-11-10,initial_contact,CA005
ACT002177,CAN00871,2025-11-15,initial_interview,CA005
ACT002178,CAN00871,2025-11-23,follow_up,CA005
ACT002179,CAN00872,2026-03-02,initial_contact,CA019
ACT002180,CAN00872,2026-03-04,initial_interview,CA019
ACT002181,CAN00872,2026-03-17,follow_up,CA019
ACT002182,CAN00873,2025-11-11,initial_contact,CA010
ACT002183,CAN00873,2025-11-16,initial_interview,CA010
ACT002184,CAN00874,2026-08-08,initial_contact,CA006
ACT002185,CAN00875,2026-08-09,initial_contact,CA003
ACT002186,CAN00875,2026-08-15,initial_interview,CA003
ACT002187,CAN00875,2026-09-05,follow_up,CA003
ACT002188,CAN00876,2026-08-17,initial_contact,CA007
ACT002189,CAN00876,2026-08-21,initial_interview,CA007
ACT002190,CAN00876,2026-09-10,follow_up,CA007
ACT002191,CAN00877,2025-07-31,initial_contact,CA006
ACT002192,CAN00877,2025-08-05,initial_interview,CA006
ACT002193,CAN00878,2026-03-16,initial_contact,CA011
ACT002194,CAN00878,2026-03-21,initial_interview,CA011
ACT002195,CAN00878,2026-03-31,follow_up,CA011
ACT002196,CAN00879,2025-05-04,initial_contact,CA021
ACT002197,CAN00879,2025-05-08,initial_interview,CA021
ACT002198,CAN00879,2025-05-24,follow_up,CA021
ACT002199,CAN00879,2025-06-06,follow_up,CA021
ACT002200,CAN00880,2026-05-18,initial_contact,CA014
ACT002201,CAN00880,2026-05-28,initial_interview,CA014
ACT002202,CAN00880,2026-06-13,follow_up,CA014
ACT002203,CAN00881,2025-02-07,initial_contact,CA015
ACT002204,CAN00881,2025-02-09,initial_interview,CA015
ACT002205,CAN00881,2025-02-17,follow_up,CA015
ACT002206,CAN00882,2025-12-18,initial_contact,CA013
ACT002207,CAN00882,2025-12-23,initial_interview,CA013
ACT002208,CAN00882,2026-01-04,follow_up,CA013
ACT002209,CAN00883,2026-05-19,initial_contact,CA001
ACT002210,CAN00883,2026-05-25,initial_interview,CA001
ACT002211,CAN00883,2026-06-04,follow_up,CA001
ACT002213,CAN00884,2026-03-16,initial_contact,CA003
ACT002214,CAN00884,2026-03-26,initial_interview,CA003
ACT002215,CAN00885,2026-07-20,initial_contact,CA009
ACT002216,CAN00886,2026-06-04,initial_contact,CA019
ACT002217,CAN00887,2025-05-12,initial_contact,CA015
ACT002218,CAN00887,2025-05-14,initial_interview,CA015
ACT002219,CAN00887,2025-05-30,follow_up,CA015
ACT002220,CAN00888,2026-08-06,initial_contact,CA003
ACT002221,CAN00888,2026-08-14,initial_interview,CA003
ACT002222,CAN00888,2026-08-25,follow_up,CA003
ACT002223,CAN00889,2026-03-11,initial_contact,CA020
ACT002224,CAN00889,2026-03-18,initial_interview,CA020
ACT002225,CAN00889,2026-04-09,follow_up,CA020
ACT002226,CAN00890,2026-03-30,initial_contact,CA012
ACT002227,CAN00890,2026-04-09,initial_interview,CA012
ACT002229,CAN00891,2025-06-09,initial_contact,CA009
ACT002230,CAN00891,2025-06-10,initial_interview,CA009
ACT002231,CAN00891,2025-06-23,follow_up,CA009
ACT002232,CAN00892,2025-10-13,initial_contact,CA021
ACT002233,CAN00892,2025-10-19,initial_interview,CA021
ACT002234,CAN00893,2025-03-09,initial_contact,CA001
ACT002235,CAN00893,2025-03-11,initial_interview,CA001
ACT002236,CAN00893,2025-03-27,follow_up,CA001
ACT002237,CAN00894,2025-06-09,initial_contact,CA012
ACT002238,CAN00895,2026-02-28,initial_contact,CA002
ACT002239,CAN00895,2026-03-07,initial_interview,CA002
ACT002240,CAN00895,2026-03-22,follow_up,CA002
ACT002241,CAN00896,2025-07-03,initial_contact,CA018
ACT002242,CAN00896,2025-07-04,initial_interview,CA018
ACT002243,CAN00897,2025-12-08,initial_contact,CA020
ACT002244,CAN00897,2025-12-14,initial_interview,CA020
ACT002245,CAN00897,2025-12-27,follow_up,CA020
ACT002246,CAN00898,2026-01-28,initial_contact,CA012
ACT002247,CAN00898,2026-02-02,initial_interview,CA012
ACT002248,CAN00898,2026-02-26,follow_up,CA012
ACT002249,CAN00899,2026-09-24,initial_contact,CA017
ACT002250,CAN00900,2026-02-20,initial_contact,CA002
ACT002251,CAN00900,2026-02-27,initial_interview,CA002
ACT002252,CAN00901,2025-07-15,initial_contact,CA002
ACT002253,CAN00901,2025-07-20,initial_interview,CA002
ACT002254,CAN00902,2025-08-17,initial_contact,CA011
ACT002255,CAN00902,2025-08-19,initial_interview,CA011
ACT002256,CAN00902,2025-08-26,follow_up,CA011
ACT002257,CAN00903,2026-06-28,initial_contact,CA022
ACT002258,CAN00903,2026-07-06,initial_interview,CA022
ACT002259,CAN00903,2026-07-21,follow_up,CA022
ACT002260,CAN00903,2026-08-06,follow_up,CA022
ACT002261,CAN00904,2026-09-30,initial_contact,CA011
ACT002262,CAN00905,2026-07-15,initial_contact,CA022
ACT002263,CAN00905,2026-07-19,initial_interview,CA022
ACT002264,CAN00905,2026-07-31,follow_up,CA022
ACT002265,CAN00905,2026-08-16,follow_up,CA022
ACT002266,CAN00906,2025-05-10,initial_contact,CA015
ACT002267,CAN00906,2025-05-13,initial_interview,CA015
ACT002268,CAN00907,2026-06-20,initial_contact,CA009
ACT002269,CAN00908,2026-06-12,initial_contact,CA010
ACT002270,CAN00908,2026-06-18,initial_interview,CA010
ACT002271,CAN00908,2026-06-30,follow_up,CA010
ACT002272,CAN00908,2026-07-19,follow_up,CA010
ACT002273,CAN00909,2025-04-27,initial_contact,CA015
ACT002274,CAN00909,2025-04-29,initial_interview,CA015
ACT002275,CAN00910,2026-02-15,initial_contact,CA003
ACT002276,CAN00910,2026-02-24,initial_interview,CA003
ACT002277,CAN00910,2026-03-15,follow_up,CA003
ACT002278,CAN00911,2025-10-20,initial_contact,CA018
ACT002279,CAN00911,2025-10-22,initial_interview,CA018
ACT002280,CAN00911,2025-11-06,follow_up,CA018
ACT002281,CAN00913,2026-09-24,initial_contact,CA003
ACT002282,CAN00914,2026-09-08,initial_contact,CA010
ACT002283,CAN00914,2026-09-18,initial_interview,CA010
ACT002284,CAN00915,2025-09-19,initial_contact,CA004
ACT002285,CAN00916,2025-09-13,initial_contact,CA005
ACT002286,CAN00916,2025-09-17,initial_interview,CA005
ACT002287,CAN00916,2025-10-07,follow_up,CA005
ACT002288,CAN00917,2026-06-10,initial_contact,CA010
ACT002289,CAN00917,2026-06-18,initial_interview,CA010
ACT002290,CAN00917,2026-07-01,follow_up,CA010
ACT002291,CAN00918,2025-11-14,initial_contact,CA004
ACT002292,CAN00918,2025-11-17,initial_interview,CA004
ACT002293,CAN00918,2025-12-08,follow_up,CA004
ACT002294,CAN00919,2026-07-07,initial_contact,CA017
ACT002295,CAN00919,2026-07-15,initial_interview,CA017
ACT002296,CAN00919,2026-07-30,follow_up,CA017
ACT002297,CAN00920,2025-11-25,initial_contact,CA004
ACT002298,CAN00920,2025-11-28,initial_interview,CA004
ACT002299,CAN00921,2026-02-12,initial_contact,CA007
ACT002300,CAN00922,2026-04-15,initial_contact,CA013
ACT002301,CAN00922,2026-04-25,initial_interview,CA013
ACT002302,CAN00923,2025-07-21,initial_contact,CA007
ACT002303,CAN00923,2025-07-23,initial_interview,CA007
ACT002304,CAN00923,2025-07-31,follow_up,CA007
ACT002305,CAN00924,2026-01-01,initial_contact,CA013
ACT002306,CAN00924,2026-01-04,initial_interview,CA013
ACT002307,CAN00924,2026-01-22,follow_up,CA013
ACT002308,CAN00925,2026-08-09,initial_contact,CA007
ACT002309,CAN00925,2026-08-19,initial_interview,CA007
ACT002310,CAN00925,2026-09-08,follow_up,CA007
ACT002311,CAN00926,2025-08-13,initial_contact,CA017
ACT002312,CAN00926,2025-08-16,initial_interview,CA017
ACT002313,CAN00927,2025-02-12,initial_contact,CA017
ACT002314,CAN00928,2025-08-13,initial_contact,CA019
ACT002315,CAN00928,2025-08-17,initial_interview,CA019
ACT002316,CAN00928,2025-08-31,follow_up,CA019
ACT002317,CAN00929,2025-05-23,initial_contact,CA014
ACT002318,CAN00929,2025-05-28,initial_interview,CA014
ACT002319,CAN00929,2025-06-07,follow_up,CA014
ACT002321,CAN00930,2026-02-17,initial_contact,CA001
ACT002322,CAN00930,2026-02-27,initial_interview,CA001
ACT002323,CAN00931,2025-12-18,initial_contact,CA001
ACT002324,CAN00931,2025-12-24,initial_interview,CA001
ACT002325,CAN00931,2026-01-12,follow_up,CA001
ACT002326,CAN00932,2026-03-22,initial_contact,CA020
ACT002327,CAN00932,2026-03-29,initial_interview,CA020
ACT002328,CAN00932,2026-04-17,follow_up,CA020
ACT002329,CAN00932,2026-05-02,follow_up,CA020
ACT002330,CAN00933,2025-07-05,initial_contact,CA009
ACT002331,CAN00933,2025-07-08,initial_interview,CA009
ACT002332,CAN00933,2025-07-23,follow_up,CA009
ACT002333,CAN00933,2025-08-13,follow_up,CA009
ACT002334,CAN00934,2026-04-16,initial_contact,CA003
ACT002335,CAN00934,2026-04-22,initial_interview,CA003
ACT002336,CAN00934,2026-05-10,follow_up,CA003
ACT002337,CAN00935,2025-04-03,initial_contact,CA019
ACT002338,CAN00935,2025-04-04,initial_interview,CA019
ACT002339,CAN00935,2025-04-22,follow_up,CA019
ACT002340,CAN00936,2026-01-22,initial_contact,CA009
ACT002341,CAN00936,2026-01-29,initial_interview,CA009
ACT002342,CAN00936,2026-02-11,follow_up,CA009
ACT002343,CAN00936,2026-02-27,follow_up,CA009
ACT002344,CAN00937,2026-08-06,initial_contact,CA009
ACT002345,CAN00937,2026-08-14,initial_interview,CA009
ACT002346,CAN00937,2026-09-02,follow_up,CA009
ACT002347,CAN00937,2026-09-19,follow_up,CA009
ACT002348,CAN00938,2026-08-04,initial_contact,CA001
ACT002349,CAN00938,2026-08-11,initial_interview,CA001
ACT002350,CAN00938,2026-08-25,follow_up,CA001
ACT002351,CAN00939,2025-05-06,initial_contact,CA009
ACT002352,CAN00939,2025-05-07,initial_interview,CA009
ACT002353,CAN00939,2025-05-14,follow_up,CA009
ACT002354,CAN00940,2026-08-16,initial_contact,CA010
ACT002355,CAN00940,2026-08-26,initial_interview,CA010
ACT002356,CAN00940,2026-09-12,follow_up,CA010
ACT002357,CAN00940,2026-09-24,follow_up,CA010
ACT002358,CAN00941,2026-05-03,initial_contact,CA015
ACT002359,CAN00941,2026-05-10,initial_interview,CA015
ACT002360,CAN00942,2025-09-15,initial_contact,CA014
ACT002361,CAN00942,2025-09-17,initial_interview,CA014
ACT002362,CAN00942,2025-10-03,follow_up,CA014
ACT002363,CAN00943,2025-09-10,initial_contact,CA009
ACT002364,CAN00943,2025-09-15,initial_interview,CA009
ACT002365,CAN00944,2026-02-04,initial_contact,CA006
ACT002366,CAN00944,2026-02-10,initial_interview,CA006
ACT002367,CAN00944,2026-03-03,follow_up,CA006
ACT002368,CAN00945,2026-05-17,initial_contact,CA018
ACT002369,CAN00945,2026-05-26,initial_interview,CA018
ACT002370,CAN00945,2026-06-16,follow_up,CA018
ACT002371,CAN00946,2025-08-17,initial_contact,CA021
ACT002372,CAN00946,2025-08-21,initial_interview,CA021
ACT002373,CAN00947,2025-06-09,initial_contact,CA008
ACT002374,CAN00947,2025-06-11,initial_interview,CA008
ACT002375,CAN00948,2026-01-23,initial_contact,CA002
ACT002376,CAN00948,2026-01-30,initial_interview,CA002
ACT002377,CAN00949,2025-02-21,initial_contact,CA019
ACT002378,CAN00949,2025-02-23,initial_interview,CA019
ACT002379,CAN00949,2025-03-13,follow_up,CA019
ACT002380,CAN00950,2025-05-24,initial_contact,CA006
ACT002381,CAN00950,2025-05-28,initial_interview,CA006
ACT002382,CAN00951,2026-02-04,initial_contact,CA017
ACT002383,CAN00951,2026-02-08,initial_interview,CA017
ACT002384,CAN00952,2025-03-07,initial_contact,CA002
ACT002385,CAN00952,2025-03-12,initial_interview,CA002
ACT002386,CAN00952,2025-04-01,follow_up,CA002
ACT002387,CAN00953,2025-06-16,initial_contact,CA008
ACT002388,CAN00953,2025-06-19,initial_interview,CA008
ACT002389,CAN00953,2025-07-01,follow_up,CA008
ACT002390,CAN00954,2026-06-26,initial_contact,CA021
ACT002391,CAN00954,2026-07-03,initial_interview,CA021
ACT002392,CAN00954,2026-07-16,follow_up,CA021
ACT002393,CAN00955,2026-08-08,initial_contact,CA004
ACT002394,CAN00955,2026-08-16,initial_interview,CA004
ACT002395,CAN00955,2026-09-06,follow_up,CA004
ACT002396,CAN00956,2025-09-23,initial_contact,CA002
ACT002397,CAN00957,2025-12-22,initial_contact,CA010
ACT002398,CAN00957,2026-01-01,initial_interview,CA010
ACT002399,CAN00957,2026-01-22,follow_up,CA010
ACT002400,CAN00958,2025-07-09,initial_contact,CA004
ACT002401,CAN00958,2025-07-11,initial_interview,CA004
ACT002402,CAN00958,2025-07-29,follow_up,CA004
ACT002403,CAN00959,2025-10-25,initial_contact,CA005
ACT002404,CAN00960,2026-04-09,initial_contact,CA010
ACT002405,CAN00961,2025-05-03,initial_contact,CA004
ACT002406,CAN00961,2025-05-04,initial_interview,CA004
ACT002407,CAN00961,2025-05-15,follow_up,CA004
ACT002409,CAN00962,2025-10-10,initial_contact,CA021
ACT002410,CAN00962,2025-10-16,initial_interview,CA021
ACT002411,CAN00962,2025-11-06,follow_up,CA021
ACT002412,CAN00963,2026-01-13,initial_contact,CA001
ACT002413,CAN00964,2026-07-01,initial_contact,CA020
ACT002414,CAN00964,2026-07-07,initial_interview,CA020
ACT002415,CAN00965,2026-03-10,initial_contact,CA016
ACT002416,CAN00965,2026-03-19,initial_interview,CA016
ACT002417,CAN00965,2026-04-06,follow_up,CA016
ACT002418,CAN00965,2026-04-28,follow_up,CA016
ACT002419,CAN00966,2026-06-04,initial_contact,CA012
ACT002420,CAN00967,2025-12-15,initial_contact,CA017
ACT002421,CAN00967,2025-12-21,initial_interview,CA017
ACT002422,CAN00967,2025-12-31,follow_up,CA017
ACT002423,CAN00967,2026-01-09,follow_up,CA017
ACT002424,CAN00968,2026-09-19,initial_contact,CA014
ACT002425,CAN00969,2026-09-25,initial_contact,CA011
ACT002426,CAN00970,2025-12-12,initial_contact,CA013
ACT002427,CAN00970,2025-12-19,initial_interview,CA013
ACT002428,CAN00971,2026-05-19,initial_contact,CA019
ACT002429,CAN00971,2026-05-26,initial_interview,CA019
ACT002430,CAN00972,2025-12-15,initial_contact,CA004
ACT002431,CAN00973,2025-09-05,initial_contact,CA004
ACT002432,CAN00973,2025-09-10,initial_interview,CA004
ACT002433,CAN00973,2025-09-20,follow_up,CA004
ACT002434,CAN00974,2025-10-07,initial_contact,CA018
ACT002435,CAN00974,2025-10-12,initial_interview,CA018
ACT002436,CAN00974,2025-10-27,follow_up,CA018
ACT002437,CAN00975,2026-01-23,initial_contact,CA002
ACT002438,CAN00975,2026-01-29,initial_interview,CA002
ACT002439,CAN00975,2026-02-13,follow_up,CA002
ACT002440,CAN00976,2025-10-20,initial_contact,CA009
ACT002441,CAN00976,2025-10-24,initial_interview,CA009
ACT002442,CAN00976,2025-11-03,follow_up,CA009
ACT002443,CAN00977,2026-08-06,initial_contact,CA017
ACT002444,CAN00977,2026-08-11,initial_interview,CA017
ACT002445,CAN00978,2025-05-12,initial_contact,CA007
ACT002446,CAN00978,2025-05-14,initial_interview,CA007
ACT002447,CAN00978,2025-05-21,follow_up,CA007
ACT002448,CAN00978,2025-06-03,follow_up,CA007
ACT002449,CAN00979,2025-10-15,initial_contact,CA012
ACT002450,CAN00979,2025-10-19,initial_interview,CA012
ACT002451,CAN00979,2025-10-30,follow_up,CA012
ACT002452,CAN00979,2025-11-18,follow_up,CA012
ACT002453,CAN00980,2026-06-28,initial_contact,CA019
ACT002454,CAN00980,2026-07-07,initial_interview,CA019
ACT002455,CAN00980,2026-07-20,follow_up,CA019
ACT002456,CAN00981,2025-08-17,initial_contact,CA005
ACT002457,CAN00981,2025-08-20,initial_interview,CA005
ACT002458,CAN00981,2025-09-02,follow_up,CA005
ACT002459,CAN00982,2026-04-22,initial_contact,CA013
ACT002460,CAN00982,2026-04-24,initial_interview,CA013
ACT002461,CAN00982,2026-05-08,follow_up,CA013
ACT002462,CAN00982,2026-05-16,follow_up,CA013
ACT002463,CAN00983,2025-12-26,initial_contact,CA003
ACT002464,CAN00983,2025-12-30,initial_interview,CA003
ACT002465,CAN00984,2026-03-22,initial_contact,CA007
ACT002466,CAN00984,2026-03-25,initial_interview,CA007
ACT002467,CAN00985,2025-09-29,initial_contact,CA013
ACT002468,CAN00985,2025-10-02,initial_interview,CA013
ACT002469,CAN00985,2025-10-14,follow_up,CA013
ACT002470,CAN00986,2025-10-02,initial_contact,CA006
ACT002471,CAN00986,2025-10-04,initial_interview,CA006
ACT002472,CAN00986,2025-10-14,follow_up,CA006
ACT002473,CAN00987,2025-07-04,initial_contact,CA011
ACT002474,CAN00987,2025-07-08,initial_interview,CA011
ACT002475,CAN00987,2025-07-19,follow_up,CA011
ACT002476,CAN00988,2025-05-28,initial_contact,CA004
ACT002477,CAN00988,2025-06-02,initial_interview,CA004
ACT002478,CAN00989,2026-06-23,initial_contact,CA019
ACT002479,CAN00989,2026-06-30,initial_interview,CA019
ACT002480,CAN00989,2026-07-12,follow_up,CA019
ACT002481,CAN00989,2026-08-02,follow_up,CA019
ACT002482,CAN00990,2026-05-18,initial_contact,CA021
ACT002483,CAN00990,2026-05-25,initial_interview,CA021
ACT002484,CAN00990,2026-06-15,follow_up,CA021
ACT002485,CAN00991,2025-06-12,initial_contact,CA008
ACT002486,CAN00991,2025-06-14,initial_interview,CA008
ACT002487,CAN00992,2026-06-14,initial_contact,CA015
ACT002488,CAN00992,2026-06-24,initial_interview,CA015
ACT002489,CAN00992,2026-07-15,follow_up,CA015
ACT002490,CAN00993,2025-08-21,initial_contact,CA019
ACT002491,CAN00993,2025-08-22,initial_interview,CA019
ACT002492,CAN00993,2025-09-03,follow_up,CA019
ACT002493,CAN00994,2026-05-29,initial_contact,CA009
ACT002494,CAN00994,2026-06-08,initial_interview,CA009
ACT002495,CAN00994,2026-06-20,follow_up,CA009
ACT002496,CAN00994,2026-07-04,follow_up,CA009
ACT002497,CAN00995,2025-12-12,initial_contact,CA002
ACT002498,CAN00995,2025-12-16,initial_interview,CA002
ACT002499,CAN00996,2025-01-02,initial_contact,CA018
ACT002500,CAN00996,2025-01-03,initial_interview,CA018
ACT002501,CAN00997,2025-07-19,initial_contact,CA018
ACT002502,CAN00997,2025-07-23,initial_interview,CA018
ACT002503,CAN00998,2026-04-27,initial_contact,CA002
ACT002504,CAN00998,2026-05-04,initial_interview,CA002
ACT002505,CAN00998,2026-05-20,follow_up,CA002
ACT002506,CAN00999,2026-06-14,initial_contact,CA020
ACT002507,CAN00999,2026-06-19,initial_interview,CA020
ACT002508,CAN00999,2026-06-28,follow_up,CA020
ACT002509,CAN00999,2026-07-07,follow_up,CA020
ACT002510,CAN01000,2026-02-02,initial_contact,CA016
ACT002511,CAN01000,2026-02-10,initial_interview,CA016
ACT002512,CAN01001,2025-08-06,initial_contact,CA001
ACT002513,CAN01001,2025-08-10,initial_interview,CA001
ACT002514,CAN01001,2025-08-18,follow_up,CA001
ACT002515,CAN01002,2026-02-28,initial_contact,CA021
ACT002516,CAN01002,2026-03-07,initial_interview,CA021
ACT002517,CAN01002,2026-03-22,follow_up,CA021
ACT002518,CAN01003,2025-11-04,initial_contact,CA009
ACT002519,CAN01005,2025-06-04,initial_contact,CA014
ACT002520,CAN01005,2025-06-09,initial_interview,CA014
ACT002521,CAN01006,2026-07-14,initial_contact,CA020
ACT002522,CAN01006,2026-07-19,initial_interview,CA020
ACT002523,CAN01006,2026-08-03,follow_up,CA020
ACT002524,CAN01007,2025-01-16,initial_contact,CA018
ACT002525,CAN01007,2025-01-21,initial_interview,CA018
ACT002526,CAN01007,2025-01-31,follow_up,CA018
ACT002527,CAN01008,2025-05-22,initial_contact,CA007
ACT002528,CAN01008,2025-05-25,initial_interview,CA007
ACT002531,CAN01009,2026-06-27,initial_contact,CA017
ACT002532,CAN01009,2026-07-06,initial_interview,CA017
ACT002533,CAN01009,2026-07-18,follow_up,CA017
ACT002534,CAN01009,2026-08-02,follow_up,CA017
ACT002535,CAN01010,2026-06-22,initial_contact,CA002
ACT002536,CAN01010,2026-07-02,initial_interview,CA002
ACT002537,CAN01010,2026-07-15,follow_up,CA002
ACT002538,CAN01011,2025-03-12,initial_contact,CA020
ACT002539,CAN01012,2025-10-26,initial_contact,CA016
ACT002540,CAN01012,2025-11-01,initial_interview,CA016
ACT002541,CAN01012,2025-11-10,follow_up,CA016
ACT002542,CAN01013,2026-06-17,initial_contact,CA011
ACT002543,CAN01013,2026-06-23,initial_interview,CA011
ACT002544,CAN01013,2026-07-02,follow_up,CA011
ACT002545,CAN01014,2025-08-25,initial_contact,CA010
ACT002546,CAN01014,2025-08-30,initial_interview,CA010
ACT002547,CAN01014,2025-09-17,follow_up,CA010
ACT002549,CAN01015,2026-05-16,initial_contact,CA012
ACT002550,CAN01015,2026-05-26,initial_interview,CA012
ACT002551,CAN01015,2026-06-18,follow_up,CA012
ACT002552,CAN01016,2025-08-09,initial_contact,CA004
ACT002553,CAN01016,2025-08-14,initial_interview,CA004
ACT002554,CAN01016,2025-08-23,follow_up,CA004
ACT002555,CAN01017,2025-01-24,initial_contact,CA019
ACT002556,CAN01018,2026-04-28,initial_contact,CA008
ACT002557,CAN01018,2026-05-06,initial_interview,CA008
ACT002558,CAN01018,2026-05-16,follow_up,CA008
ACT002559,CAN01018,2026-06-08,follow_up,CA008
ACT002560,CAN01019,2026-09-11,initial_contact,CA012
ACT002561,CAN01019,2026-09-21,initial_interview,CA012
ACT002562,CAN01020,2026-09-10,initial_contact,CA012
ACT002563,CAN01020,2026-09-16,initial_interview,CA012
ACT002564,CAN01020,2026-09-25,follow_up,CA012
ACT002565,CAN01021,2026-04-12,initial_contact,CA012
ACT002566,CAN01021,2026-04-16,initial_interview,CA012
ACT002567,CAN01021,2026-05-02,follow_up,CA012
ACT002568,CAN01022,2025-11-04,initial_contact,CA008
ACT002569,CAN01023,2025-06-15,initial_contact,CA014
ACT002570,CAN01023,2025-06-17,initial_interview,CA014
ACT002571,CAN01023,2025-06-26,follow_up,CA014
ACT002572,CAN01024,2025-05-27,initial_contact,CA016
ACT002573,CAN01024,2025-06-01,initial_interview,CA016
ACT002574,CAN01025,2026-03-25,initial_contact,CA006
ACT002575,CAN01025,2026-04-03,initial_interview,CA006
ACT002576,CAN01026,2025-08-20,initial_contact,CA002
ACT002577,CAN01026,2025-08-25,initial_interview,CA002
ACT002578,CAN01026,2025-09-09,follow_up,CA002
ACT002579,CAN01027,2026-08-04,initial_contact,CA015
ACT002580,CAN01027,2026-08-09,initial_interview,CA015
ACT002581,CAN01028,2026-08-07,initial_contact,CA014
ACT002582,CAN01028,2026-08-17,initial_interview,CA014
ACT002583,CAN01029,2026-03-11,initial_contact,CA012
ACT002584,CAN01029,2026-03-17,initial_interview,CA012
ACT002585,CAN01030,2026-05-15,initial_contact,CA001
ACT002586,CAN01030,2026-05-21,initial_interview,CA001
ACT002587,CAN01030,2026-06-07,follow_up,CA001
ACT002588,CAN01031,2026-07-24,initial_contact,CA004
ACT002589,CAN01031,2026-07-31,initial_interview,CA004
ACT002590,CAN01031,2026-08-20,follow_up,CA004
ACT002591,CAN01031,2026-09-01,follow_up,CA004
ACT002592,CAN01032,2025-05-11,initial_contact,CA013
ACT002593,CAN01032,2025-05-15,initial_interview,CA013
ACT002594,CAN01032,2025-05-23,follow_up,CA013
ACT002596,CAN01033,2025-05-18,initial_contact,CA003
ACT002597,CAN01033,2025-05-22,initial_interview,CA003
ACT002598,CAN01034,2026-05-03,initial_contact,CA016
ACT002599,CAN01034,2026-05-08,initial_interview,CA016
ACT002600,CAN01034,2026-05-28,follow_up,CA016
ACT002601,CAN01035,2026-08-10,initial_contact,CA009
ACT002602,CAN01035,2026-08-18,initial_interview,CA009
ACT002603,CAN01035,2026-08-28,follow_up,CA009
ACT002604,CAN01036,2026-04-01,initial_contact,CA018
ACT002605,CAN01037,2025-12-15,initial_contact,CA007
ACT002606,CAN01038,2026-08-11,initial_contact,CA020
ACT002607,CAN01038,2026-08-16,initial_interview,CA020
ACT002608,CAN01038,2026-09-09,follow_up,CA020
ACT002609,CAN01039,2025-10-18,initial_contact,CA006
ACT002610,CAN01039,2025-10-19,initial_interview,CA006
ACT002611,CAN01040,2025-05-20,initial_contact,CA020
ACT002612,CAN01040,2025-05-25,initial_interview,CA020
ACT002613,CAN01041,2026-05-22,initial_contact,CA022
ACT002614,CAN01041,2026-05-28,initial_interview,CA022
ACT002615,CAN01041,2026-06-12,follow_up,CA022
ACT002616,CAN01041,2026-06-24,follow_up,CA022
ACT002617,CAN01042,2026-05-15,initial_contact,CA012
ACT002618,CAN01042,2026-05-21,initial_interview,CA012
ACT002619,CAN01043,2025-09-25,initial_contact,CA011
ACT002620,CAN01043,2025-09-28,initial_interview,CA011
ACT002623,CAN01044,2025-01-19,initial_contact,CA008
ACT002624,CAN01044,2025-01-20,initial_interview,CA008
ACT002625,CAN01045,2025-12-14,initial_contact,CA004
ACT002626,CAN01045,2025-12-20,initial_interview,CA004
ACT002627,CAN01046,2025-09-19,initial_contact,CA020
ACT002628,CAN01046,2025-09-23,initial_interview,CA020
ACT002629,CAN01046,2025-10-14,follow_up,CA020
ACT002630,CAN01046,2025-11-01,follow_up,CA020
ACT002631,CAN01047,2025-06-06,initial_contact,CA005
ACT002632,CAN01047,2025-06-11,initial_interview,CA005
ACT002633,CAN01048,2026-09-02,initial_contact,CA007
ACT002634,CAN01049,2025-07-31,initial_contact,CA011
ACT002635,CAN01050,2026-08-04,initial_contact,CA011
ACT002636,CAN01050,2026-08-13,initial_interview,CA011
ACT002637,CAN01051,2025-06-14,initial_contact,CA020
ACT002638,CAN01051,2025-06-17,initial_interview,CA020
ACT002639,CAN01052,2025-04-16,initial_contact,CA004
ACT002640,CAN01053,2026-04-24,initial_contact,CA017
ACT002641,CAN01053,2026-04-29,initial_interview,CA017
ACT002642,CAN01053,2026-05-11,follow_up,CA017
ACT002643,CAN01053,2026-05-28,follow_up,CA017
ACT002644,CAN01054,2025-07-11,initial_contact,CA019
ACT002645,CAN01055,2026-06-01,initial_contact,CA003
ACT002646,CAN01055,2026-06-06,initial_interview,CA003
ACT002647,CAN01055,2026-06-30,follow_up,CA003
ACT002648,CAN01056,2025-08-03,initial_contact,CA008
ACT002649,CAN01056,2025-08-08,initial_interview,CA008
ACT002650,CAN01056,2025-08-29,follow_up,CA008
ACT002651,CAN01057,2025-11-09,initial_contact,CA015
ACT002652,CAN01057,2025-11-12,initial_interview,CA015
ACT002653,CAN01057,2025-11-25,follow_up,CA015
ACT002654,CAN01058,2026-03-21,initial_contact,CA001
ACT002655,CAN01058,2026-03-28,initial_interview,CA001
ACT002656,CAN01059,2025-04-05,initial_contact,CA019
ACT002657,CAN01059,2025-04-06,initial_interview,CA019
ACT002658,CAN01059,2025-04-19,follow_up,CA019
ACT002659,CAN01059,2025-05-01,follow_up,CA019
ACT002660,CAN01060,2026-07-12,initial_contact,CA008
ACT002661,CAN01060,2026-07-19,initial_interview,CA008
ACT002662,CAN01061,2026-05-26,initial_contact,CA014
ACT002663,CAN01061,2026-06-05,initial_interview,CA014
ACT002664,CAN01062,2026-09-09,initial_contact,CA020
ACT002665,CAN01062,2026-09-16,initial_interview,CA020
ACT002666,CAN01062,2026-09-30,follow_up,CA020
ACT002667,CAN01063,2026-09-14,initial_contact,CA006
ACT002668,CAN01063,2026-09-22,initial_interview,CA006
ACT002669,CAN01064,2025-01-18,initial_contact,CA008
ACT002670,CAN01065,2026-04-18,initial_contact,CA001
ACT002671,CAN01065,2026-04-28,initial_interview,CA001
ACT002672,CAN01066,2025-05-25,initial_contact,CA021
ACT002673,CAN01066,2025-05-26,initial_interview,CA021
ACT002674,CAN01066,2025-06-09,follow_up,CA021
ACT002675,CAN01067,2025-06-17,initial_contact,CA007
ACT002676,CAN01067,2025-06-20,initial_interview,CA007
ACT002677,CAN01067,2025-07-04,follow_up,CA007
ACT002678,CAN01068,2025-12-30,initial_contact,CA011
ACT002679,CAN01068,2026-01-06,initial_interview,CA011
ACT002681,CAN01069,2026-09-06,initial_contact,CA003
ACT002682,CAN01069,2026-09-14,initial_interview,CA003
ACT002683,CAN01070,2026-03-16,initial_contact,CA009
ACT002684,CAN01070,2026-03-25,initial_interview,CA009
ACT002686,CAN01071,2025-04-30,initial_contact,CA012
ACT002687,CAN01071,2025-05-02,initial_interview,CA012
ACT002688,CAN01071,2025-05-17,follow_up,CA012
ACT002690,CAN01072,2025-06-09,initial_contact,CA006
ACT002691,CAN01072,2025-06-14,initial_interview,CA006
ACT002692,CAN01072,2025-06-22,follow_up,CA006
ACT002693,CAN01073,2025-12-11,initial_contact,CA010
ACT002694,CAN01073,2025-12-15,initial_interview,CA010
ACT002695,CAN01073,2026-01-03,follow_up,CA010
ACT002696,CAN01074,2025-12-23,initial_contact,CA008
ACT002697,CAN01074,2025-12-30,initial_interview,CA008
ACT002698,CAN01074,2026-01-07,follow_up,CA008
ACT002699,CAN01074,2026-01-26,follow_up,CA008
ACT002700,CAN01075,2025-12-13,initial_contact,CA005
ACT002701,CAN01075,2025-12-20,initial_interview,CA005
ACT002702,CAN01075,2026-01-07,follow_up,CA005
ACT002703,CAN01076,2025-10-19,initial_contact,CA014
ACT002704,CAN01076,2025-10-23,initial_interview,CA014
ACT002705,CAN01076,2025-11-05,follow_up,CA014
ACT002706,CAN01077,2026-02-26,initial_contact,CA006
ACT002707,CAN01077,2026-03-04,initial_interview,CA006
ACT002708,CAN01078,2025-10-31,initial_contact,CA018
ACT002709,CAN01078,2025-11-04,initial_interview,CA018
ACT002710,CAN01078,2025-11-13,follow_up,CA018
ACT002711,CAN01079,2025-06-03,initial_contact,CA016
ACT002712,CAN01079,2025-06-04,initial_interview,CA016
ACT002713,CAN01079,2025-06-24,follow_up,CA016
ACT002714,CAN01079,2025-07-04,follow_up,CA016
ACT002715,CAN01080,2025-10-01,initial_contact,CA003
ACT002716,CAN01080,2025-10-05,initial_interview,CA003
ACT002717,CAN01081,2026-04-22,initial_contact,CA010
ACT002718,CAN01081,2026-04-28,initial_interview,CA010
ACT002719,CAN01082,2025-07-27,initial_contact,CA011
ACT002720,CAN01082,2025-07-30,initial_interview,CA011
ACT002721,CAN01082,2025-08-11,follow_up,CA011
ACT002722,CAN01083,2026-02-28,initial_contact,CA002
ACT002723,CAN01083,2026-03-08,initial_interview,CA002
ACT002724,CAN01083,2026-04-01,follow_up,CA002
ACT002725,CAN01083,2026-04-22,follow_up,CA002
ACT002726,CAN01084,2025-11-24,initial_contact,CA015
ACT002727,CAN01084,2025-11-29,initial_interview,CA015
ACT002728,CAN01085,2025-09-28,initial_contact,CA007
ACT002729,CAN01085,2025-10-02,initial_interview,CA007
ACT002730,CAN01086,2025-09-30,initial_contact,CA021
ACT002731,CAN01086,2025-10-03,initial_interview,CA021
ACT002734,CAN01087,2025-12-05,initial_contact,CA019
ACT002735,CAN01088,2026-09-20,initial_contact,CA009
ACT002736,CAN01088,2026-09-26,initial_interview,CA009
ACT002737,CAN01089,2025-02-06,initial_contact,CA010
ACT002738,CAN01089,2025-02-11,initial_interview,CA010
ACT002739,CAN01089,2025-02-23,follow_up,CA010
ACT002740,CAN01090,2026-02-02,initial_contact,CA007
ACT002741,CAN01091,2025-07-14,initial_contact,CA008
ACT002742,CAN01091,2025-07-17,initial_interview,CA008
ACT002743,CAN01091,2025-08-04,follow_up,CA008
ACT002744,CAN01092,2025-07-22,initial_contact,CA017
ACT002745,CAN01092,2025-07-23,initial_interview,CA017
ACT002746,CAN01092,2025-08-13,follow_up,CA017
ACT002747,CAN01092,2025-08-22,follow_up,CA017
ACT002748,CAN01093,2026-03-04,initial_contact,CA005
ACT002749,CAN01093,2026-03-11,initial_interview,CA005
ACT002750,CAN01093,2026-03-28,follow_up,CA005
ACT002751,CAN01094,2025-08-08,initial_contact,CA007
ACT002752,CAN01094,2025-08-10,initial_interview,CA007
ACT002753,CAN01095,2025-04-24,initial_contact,CA010
ACT002754,CAN01095,2025-04-27,initial_interview,CA010
ACT002755,CAN01095,2025-05-09,follow_up,CA010
ACT002756,CAN01096,2025-02-18,initial_contact,CA003
ACT002757,CAN01096,2025-02-22,initial_interview,CA003
ACT002758,CAN01096,2025-03-07,follow_up,CA003
ACT002759,CAN01097,2026-05-25,initial_contact,CA004
ACT002760,CAN01097,2026-05-28,initial_interview,CA004
ACT002761,CAN01098,2025-06-19,initial_contact,CA001
ACT002762,CAN01098,2025-06-23,initial_interview,CA001
ACT002763,CAN01098,2025-07-02,follow_up,CA001
ACT002764,CAN01099,2026-08-19,initial_contact,CA021
ACT002765,CAN01100,2025-11-07,initial_contact,CA004
ACT002766,CAN01100,2025-11-12,initial_interview,CA004
ACT002767,CAN01101,2026-08-14,initial_contact,CA014
ACT002768,CAN01101,2026-08-20,initial_interview,CA014
ACT002769,CAN01101,2026-09-06,follow_up,CA014
ACT002770,CAN01102,2025-01-13,initial_contact,CA021
ACT002771,CAN01102,2025-01-15,initial_interview,CA021
ACT002772,CAN01103,2026-05-09,initial_contact,CA004
ACT002773,CAN01104,2025-12-09,initial_contact,CA003
ACT002774,CAN01104,2025-12-11,initial_interview,CA003
ACT002775,CAN01105,2025-05-01,initial_contact,CA008
ACT002776,CAN01105,2025-05-03,initial_interview,CA008
ACT002777,CAN01105,2025-05-22,follow_up,CA008
ACT002778,CAN01105,2025-05-29,follow_up,CA008
ACT002779,CAN01106,2025-09-10,initial_contact,CA020
ACT002780,CAN01106,2025-09-12,initial_interview,CA020
ACT002781,CAN01106,2025-09-28,follow_up,CA020
ACT002782,CAN01107,2025-12-24,initial_contact,CA007
ACT002783,CAN01107,2025-12-27,initial_interview,CA007
ACT002784,CAN01107,2026-01-16,follow_up,CA007
ACT002785,CAN01108,2026-03-13,initial_contact,CA003
ACT002786,CAN01108,2026-03-19,initial_interview,CA003
ACT002787,CAN01108,2026-03-29,follow_up,CA003
ACT002788,CAN01109,2025-10-22,initial_contact,CA006
ACT002789,CAN01109,2025-10-25,initial_interview,CA006
ACT002790,CAN01109,2025-11-01,follow_up,CA006
ACT002791,CAN01110,2026-02-10,initial_contact,CA003
ACT002792,CAN01110,2026-02-17,initial_interview,CA003
ACT002793,CAN01110,2026-02-26,follow_up,CA003
ACT002794,CAN01111,2026-03-12,initial_contact,CA004
ACT002795,CAN01111,2026-03-18,initial_interview,CA004
ACT002796,CAN01111,2026-04-03,follow_up,CA004
ACT002797,CAN01112,2026-06-08,initial_contact,CA015
ACT002798,CAN01112,2026-06-15,initial_interview,CA015
ACT002799,CAN01112,2026-07-07,follow_up,CA015
ACT002800,CAN01113,2025-10-27,initial_contact,CA016
ACT002801,CAN01113,2025-11-03,initial_interview,CA016
ACT002802,CAN01113,2025-11-19,follow_up,CA016
ACT002803,CAN01114,2026-09-26,initial_contact,CA007
ACT002804,CAN01115,2025-06-01,initial_contact,CA001
ACT002805,CAN01115,2025-06-02,initial_interview,CA001
ACT002806,CAN01116,2026-03-26,initial_contact,CA003
ACT002807,CAN01116,2026-04-04,initial_interview,CA003
ACT002808,CAN01117,2026-01-26,initial_contact,CA020
ACT002809,CAN01117,2026-01-30,initial_interview,CA020
ACT002810,CAN01117,2026-02-09,follow_up,CA020
ACT002811,CAN01118,2025-07-02,initial_contact,CA012
ACT002812,CAN01118,2025-07-04,initial_interview,CA012
ACT002813,CAN01119,2025-04-26,initial_contact,CA021
ACT002814,CAN01119,2025-04-30,initial_interview,CA021
ACT002815,CAN01119,2025-05-20,follow_up,CA021
ACT002816,CAN01120,2025-07-09,initial_contact,CA003
ACT002817,CAN01120,2025-07-14,initial_interview,CA003
ACT002818,CAN01120,2025-07-25,follow_up,CA003
ACT002819,CAN01121,2025-11-06,initial_contact,CA020
ACT002820,CAN01121,2025-11-12,initial_interview,CA020
ACT002821,CAN01121,2025-12-04,follow_up,CA020
ACT002822,CAN01122,2026-03-18,initial_contact,CA009
ACT002823,CAN01122,2026-03-23,initial_interview,CA009
ACT002824,CAN01122,2026-04-11,follow_up,CA009
ACT002825,CAN01123,2026-06-18,initial_contact,CA009
ACT002826,CAN01123,2026-06-26,initial_interview,CA009
ACT002827,CAN01124,2026-02-27,initial_contact,CA017
ACT002828,CAN01124,2026-03-05,initial_interview,CA017
ACT002829,CAN01124,2026-03-20,follow_up,CA017
ACT002830,CAN01124,2026-04-01,follow_up,CA017
ACT002831,CAN01125,2025-05-12,initial_contact,CA018
ACT002832,CAN01125,2025-05-17,initial_interview,CA018
ACT002833,CAN01126,2026-06-11,initial_contact,CA010
ACT002834,CAN01126,2026-06-17,initial_interview,CA010
ACT002835,CAN01126,2026-07-03,follow_up,CA010
ACT002836,CAN01127,2026-05-09,initial_contact,CA005
ACT002837,CAN01127,2026-05-15,initial_interview,CA005
ACT002838,CAN01127,2026-05-28,follow_up,CA005
ACT002839,CAN01128,2026-07-21,initial_contact,CA015
ACT002840,CAN01128,2026-07-29,initial_interview,CA015
ACT002841,CAN01128,2026-08-14,follow_up,CA015
ACT002842,CAN01129,2025-05-10,initial_contact,CA018
ACT002843,CAN01129,2025-05-13,initial_interview,CA018
ACT002844,CAN01130,2025-12-15,initial_contact,CA008
ACT002845,CAN01131,2026-07-09,initial_contact,CA017
ACT002846,CAN01131,2026-07-18,initial_interview,CA017
ACT002847,CAN01131,2026-08-10,follow_up,CA017
ACT002848,CAN01132,2025-10-13,initial_contact,CA017
ACT002849,CAN01132,2025-10-20,initial_interview,CA017
ACT002850,CAN01132,2025-10-27,follow_up,CA017
ACT002851,CAN01133,2026-06-14,initial_contact,CA006
ACT002852,CAN01133,2026-06-19,initial_interview,CA006
ACT002853,CAN01133,2026-07-03,follow_up,CA006
ACT002854,CAN01133,2026-07-12,follow_up,CA006
ACT002855,CAN01134,2026-07-28,initial_contact,CA007
ACT002856,CAN01134,2026-08-05,initial_interview,CA007
ACT002857,CAN01134,2026-08-18,follow_up,CA007
ACT002858,CAN01135,2025-06-13,initial_contact,CA019
ACT002859,CAN01135,2025-06-18,initial_interview,CA019
ACT002860,CAN01136,2025-11-01,initial_contact,CA004
ACT002861,CAN01136,2025-11-02,initial_interview,CA004
ACT002864,CAN01137,2025-04-03,initial_contact,CA013
ACT002865,CAN01137,2025-04-05,initial_interview,CA013
ACT002866,CAN01137,2025-04-13,follow_up,CA013
ACT002867,CAN01138,2025-03-09,initial_contact,CA020
ACT002868,CAN01139,2025-03-13,initial_contact,CA007
ACT002869,CAN01139,2025-03-16,initial_interview,CA007
ACT002870,CAN01139,2025-03-24,follow_up,CA007
ACT002871,CAN01139,2025-04-02,follow_up,CA007
ACT002872,CAN01140,2025-06-17,initial_contact,CA021
ACT002873,CAN01141,2025-11-20,initial_contact,CA006
ACT002874,CAN01141,2025-11-25,initial_interview,CA006
ACT002875,CAN01142,2025-08-18,initial_contact,CA018
ACT002876,CAN01142,2025-08-21,initial_interview,CA018
ACT002877,CAN01142,2025-08-29,follow_up,CA018
ACT002878,CAN01142,2025-09-09,follow_up,CA018
ACT002879,CAN01143,2026-04-01,initial_contact,CA014
ACT002880,CAN01143,2026-04-08,initial_interview,CA014
ACT002881,CAN01144,2025-08-01,initial_contact,CA018
ACT002882,CAN01144,2025-08-03,initial_interview,CA018
ACT002883,CAN01145,2026-08-14,initial_contact,CA015
ACT002884,CAN01145,2026-08-21,initial_interview,CA015
ACT002885,CAN01145,2026-08-29,follow_up,CA015
ACT002886,CAN01146,2025-10-17,initial_contact,CA015
ACT002887,CAN01146,2025-10-22,initial_interview,CA015
ACT002888,CAN01146,2025-10-30,follow_up,CA015
ACT002889,CAN01147,2025-04-12,initial_contact,CA016
ACT002890,CAN01147,2025-04-14,initial_interview,CA016
ACT002891,CAN01148,2026-09-08,initial_contact,CA006
ACT002892,CAN01148,2026-09-18,initial_interview,CA006
ACT002893,CAN01149,2026-05-20,initial_contact,CA021
ACT002894,CAN01149,2026-05-27,initial_interview,CA021
ACT002895,CAN01150,2026-06-06,initial_contact,CA011
ACT002896,CAN01150,2026-06-13,initial_interview,CA011
ACT002897,CAN01150,2026-07-05,follow_up,CA011
ACT002898,CAN01151,2026-09-09,initial_contact,CA013
ACT002899,CAN01151,2026-09-17,initial_interview,CA013
ACT002900,CAN01152,2025-12-13,initial_contact,CA020
ACT002901,CAN01152,2025-12-20,initial_interview,CA020
ACT002902,CAN01152,2026-01-06,follow_up,CA020
ACT002903,CAN01153,2025-05-16,initial_contact,CA015
ACT002904,CAN01153,2025-05-17,initial_interview,CA015
ACT002905,CAN01154,2026-02-22,initial_contact,CA010
ACT002906,CAN01154,2026-03-02,initial_interview,CA010
ACT002907,CAN01154,2026-03-12,follow_up,CA010
ACT002908,CAN01154,2026-03-27,follow_up,CA010
ACT002909,CAN01155,2025-11-18,initial_contact,CA020
ACT002910,CAN01155,2025-11-24,initial_interview,CA020
ACT002911,CAN01156,2025-10-01,initial_contact,CA021
ACT002912,CAN01156,2025-10-04,initial_interview,CA021
ACT002913,CAN01156,2025-10-22,follow_up,CA021
ACT002914,CAN01157,2025-09-11,initial_contact,CA016
ACT002915,CAN01157,2025-09-17,initial_interview,CA016
ACT002916,CAN01157,2025-09-26,follow_up,CA016
ACT002917,CAN01158,2026-02-21,initial_contact,CA016
ACT002918,CAN01158,2026-03-02,initial_interview,CA016
ACT002919,CAN01158,2026-03-14,follow_up,CA016
ACT002920,CAN01159,2026-02-20,initial_contact,CA007
ACT002921,CAN01159,2026-02-23,initial_interview,CA007
ACT002922,CAN01160,2026-06-04,initial_contact,CA017
ACT002923,CAN01160,2026-06-14,initial_interview,CA017
ACT002924,CAN01160,2026-06-28,follow_up,CA017
ACT002925,CAN01161,2026-02-22,initial_contact,CA004
ACT002926,CAN01161,2026-03-02,initial_interview,CA004
ACT002927,CAN01161,2026-03-26,follow_up,CA004
ACT002928,CAN01161,2026-04-18,follow_up,CA004
ACT002929,CAN01162,2026-08-24,initial_contact,CA009
ACT002930,CAN01162,2026-09-03,initial_interview,CA009
ACT002931,CAN01162,2026-09-24,follow_up,CA009
ACT002932,CAN01163,2025-11-30,initial_contact,CA005
ACT002933,CAN01163,2025-12-06,initial_interview,CA005
ACT002934,CAN01163,2025-12-24,follow_up,CA005
ACT002935,CAN01164,2026-07-14,initial_contact,CA020
ACT002936,CAN01164,2026-07-22,initial_interview,CA020
ACT002937,CAN01165,2026-09-20,initial_contact,CA011
ACT002938,CAN01165,2026-09-28,initial_interview,CA011
ACT002939,CAN01166,2025-06-20,initial_contact,CA007
ACT002940,CAN01166,2025-06-25,initial_interview,CA007
ACT002941,CAN01166,2025-07-12,follow_up,CA007
ACT002942,CAN01166,2025-07-25,follow_up,CA007
ACT002943,CAN01167,2025-07-14,initial_contact,CA018
ACT002944,CAN01168,2025-04-27,initial_contact,CA013
ACT002945,CAN01168,2025-04-29,initial_interview,CA013
ACT002946,CAN01168,2025-05-17,follow_up,CA013
ACT002947,CAN01169,2025-12-06,initial_contact,CA015
ACT002948,CAN01170,2026-02-23,initial_contact,CA018
ACT002949,CAN01170,2026-02-27,initial_interview,CA018
ACT002950,CAN01171,2025-10-28,initial_contact,CA009
ACT002951,CAN01171,2025-11-02,initial_interview,CA009
ACT002952,CAN01171,2025-11-18,follow_up,CA009
ACT002953,CAN01172,2026-05-05,initial_contact,CA016
ACT002954,CAN01172,2026-05-13,initial_interview,CA016
ACT002955,CAN01173,2026-02-15,initial_contact,CA013
ACT002956,CAN01173,2026-02-21,initial_interview,CA013
ACT002957,CAN01173,2026-03-04,follow_up,CA013
ACT002958,CAN01173,2026-03-21,follow_up,CA013
ACT002959,CAN01174,2025-02-05,initial_contact,CA016
ACT002960,CAN01174,2025-02-10,initial_interview,CA016
ACT002961,CAN01174,2025-02-24,follow_up,CA016
ACT002962,CAN01175,2025-05-26,initial_contact,CA008
ACT002963,CAN01175,2025-05-28,initial_interview,CA008
ACT002964,CAN01175,2025-06-06,follow_up,CA008
ACT002965,CAN01176,2026-07-06,initial_contact,CA018
ACT002966,CAN01176,2026-07-13,initial_interview,CA018
ACT002967,CAN01177,2025-05-05,initial_contact,CA020
ACT002968,CAN01177,2025-05-06,initial_interview,CA020
ACT002969,CAN01178,2026-08-25,initial_contact,CA001
ACT002970,CAN01178,2026-09-03,initial_interview,CA001
ACT002971,CAN01178,2026-09-18,follow_up,CA001
ACT002972,CAN01179,2025-04-07,initial_contact,CA001
ACT002973,CAN01179,2025-04-10,initial_interview,CA001
ACT002974,CAN01179,2025-04-21,follow_up,CA001
ACT002975,CAN01180,2025-11-28,initial_contact,CA013
ACT002976,CAN01180,2025-12-02,initial_interview,CA013
ACT002977,CAN01181,2026-01-14,initial_contact,CA020
ACT002978,CAN01181,2026-01-21,initial_interview,CA020
ACT002979,CAN01181,2026-02-05,follow_up,CA020
ACT002980,CAN01182,2025-11-21,initial_contact,CA011
ACT002981,CAN01183,2026-09-26,initial_contact,CA007
ACT002982,CAN01184,2026-08-22,initial_contact,CA008
ACT002983,CAN01184,2026-08-28,initial_interview,CA008
ACT002984,CAN01184,2026-09-09,follow_up,CA008
ACT002985,CAN01185,2026-06-16,initial_contact,CA021
ACT002986,CAN01185,2026-06-24,initial_interview,CA021
ACT002987,CAN01185,2026-07-15,follow_up,CA021
ACT002988,CAN01186,2026-06-22,initial_contact,CA016
ACT002989,CAN01186,2026-06-27,initial_interview,CA016
ACT002990,CAN01186,2026-07-06,follow_up,CA016
ACT002991,CAN01186,2026-07-21,follow_up,CA016
ACT002992,CAN01187,2025-07-29,initial_contact,CA003
ACT002993,CAN01188,2025-09-28,initial_contact,CA021
ACT002994,CAN01188,2025-10-03,initial_interview,CA021
ACT002995,CAN01188,2025-10-15,follow_up,CA021
ACT002997,CAN01189,2025-08-09,initial_contact,CA015
ACT002998,CAN01190,2026-07-27,initial_contact,CA022
ACT002999,CAN01190,2026-08-02,initial_interview,CA022
ACT003002,CAN01191,2026-01-21,initial_contact,CA017
ACT003003,CAN01191,2026-01-27,initial_interview,CA017
ACT003004,CAN01191,2026-02-09,follow_up,CA017
ACT003005,CAN01192,2026-08-25,initial_contact,CA008
ACT003006,CAN01192,2026-09-01,initial_interview,CA008
ACT003007,CAN01192,2026-09-17,follow_up,CA008
ACT003008,CAN01193,2025-05-12,initial_contact,CA008
ACT003009,CAN01193,2025-05-16,initial_interview,CA008
ACT003010,CAN01193,2025-05-29,follow_up,CA008
ACT003011,CAN01194,2025-03-29,initial_contact,CA010
ACT003012,CAN01194,2025-03-31,initial_interview,CA010
ACT003013,CAN01194,2025-04-11,follow_up,CA010
ACT003014,CAN01194,2025-04-18,follow_up,CA010
ACT003015,CAN01195,2025-05-10,initial_contact,CA001
ACT003016,CAN01195,2025-05-11,initial_interview,CA001
ACT003017,CAN01195,2025-05-31,follow_up,CA001
ACT003018,CAN01196,2025-02-12,initial_contact,CA010
ACT003019,CAN01196,2025-02-14,initial_interview,CA010
ACT003020,CAN01197,2025-08-11,initial_contact,CA013
ACT003021,CAN01197,2025-08-15,initial_interview,CA013
ACT003022,CAN01197,2025-08-28,follow_up,CA013
ACT003023,CAN01197,2025-09-13,follow_up,CA013
ACT003024,CAN01199,2025-12-09,initial_contact,CA018
ACT003025,CAN01199,2025-12-13,initial_interview,CA018
ACT003026,CAN01200,2025-08-23,initial_contact,CA010
ACT003027,CAN01200,2025-08-28,initial_interview,CA010
ACT003028,CAN01200,2025-09-18,follow_up,CA010
ACT003029,CAN01200,2025-10-05,follow_up,CA010
ACT003030,CAN01201,2025-01-22,initial_contact,CA011
ACT003031,CAN01201,2025-01-23,initial_interview,CA011
ACT003032,CAN01201,2025-02-06,follow_up,CA011
ACT003033,CAN01202,2025-08-18,initial_contact,CA007
ACT003034,CAN01202,2025-08-23,initial_interview,CA007
ACT003035,CAN01202,2025-09-12,follow_up,CA007
ACT003036,CAN01203,2025-06-25,initial_contact,CA014
ACT003037,CAN01203,2025-06-27,initial_interview,CA014
ACT003038,CAN01203,2025-07-16,follow_up,CA014
ACT003039,CAN01204,2026-01-12,initial_contact,CA016
ACT003040,CAN01204,2026-01-20,initial_interview,CA016
ACT003041,CAN01205,2025-04-03,initial_contact,CA016
ACT003042,CAN01205,2025-04-08,initial_interview,CA016
ACT003043,CAN01205,2025-04-21,follow_up,CA016
ACT003044,CAN01206,2025-08-20,initial_contact,CA014
ACT003045,CAN01206,2025-08-22,initial_interview,CA014
ACT003046,CAN01206,2025-09-02,follow_up,CA014
ACT003047,CAN01207,2026-07-06,initial_contact,CA011
ACT003048,CAN01207,2026-07-16,initial_interview,CA011
ACT003049,CAN01208,2026-01-03,initial_contact,CA014
ACT003050,CAN01208,2026-01-07,initial_interview,CA014
ACT003051,CAN01208,2026-01-19,follow_up,CA014
ACT003052,CAN01209,2026-09-22,initial_contact,CA021
ACT003053,CAN01210,2025-12-23,initial_contact,CA020
ACT003054,CAN01210,2025-12-27,initial_interview,CA020
ACT003055,CAN01210,2026-01-12,follow_up,CA020
ACT003056,CAN01211,2026-08-14,initial_contact,CA006
ACT003057,CAN01211,2026-08-24,initial_interview,CA006
ACT003058,CAN01212,2025-04-22,initial_contact,CA016
ACT003059,CAN01212,2025-04-23,initial_interview,CA016
ACT003060,CAN01212,2025-05-03,follow_up,CA016
ACT003061,CAN01213,2025-09-03,initial_contact,CA011
ACT003062,CAN01213,2025-09-07,initial_interview,CA011
ACT003063,CAN01213,2025-09-19,follow_up,CA011
ACT003064,CAN01214,2025-02-11,initial_contact,CA001
ACT003065,CAN01214,2025-02-15,initial_interview,CA001
ACT003066,CAN01215,2026-08-24,initial_contact,CA001
ACT003067,CAN01215,2026-09-01,initial_interview,CA001
ACT003069,CAN01216,2025-04-27,initial_contact,CA015
ACT003070,CAN01216,2025-05-01,initial_interview,CA015
ACT003071,CAN01216,2025-05-22,follow_up,CA015
ACT003072,CAN01217,2025-07-04,initial_contact,CA002
ACT003073,CAN01217,2025-07-05,initial_interview,CA002
ACT003074,CAN01217,2025-07-15,follow_up,CA002
ACT003075,CAN01218,2025-10-17,initial_contact,CA015
ACT003076,CAN01218,2025-10-20,initial_interview,CA015
ACT003077,CAN01218,2025-11-02,follow_up,CA015
ACT003079,CAN01219,2025-01-10,initial_contact,CA014
ACT003080,CAN01220,2026-04-17,initial_contact,CA005
ACT003081,CAN01220,2026-04-24,initial_interview,CA005
ACT003082,CAN01220,2026-05-15,follow_up,CA005
ACT003083,CAN01221,2026-08-18,initial_contact,CA005
ACT003084,CAN01222,2026-08-02,initial_contact,CA008
ACT003085,CAN01222,2026-08-11,initial_interview,CA008
ACT003086,CAN01222,2026-08-22,follow_up,CA008
ACT003087,CAN01223,2025-04-26,initial_contact,CA014
ACT003088,CAN01223,2025-04-30,initial_interview,CA014
ACT003089,CAN01223,2025-05-19,follow_up,CA014
ACT003090,CAN01224,2026-01-22,initial_contact,CA021
ACT003091,CAN01224,2026-01-27,initial_interview,CA021
ACT003092,CAN01225,2025-09-16,initial_contact,CA008
ACT003093,CAN01226,2025-05-08,initial_contact,CA012
ACT003094,CAN01226,2025-05-12,initial_interview,CA012
ACT003095,CAN01226,2025-05-25,follow_up,CA012
ACT003096,CAN01226,2025-06-15,follow_up,CA012
ACT003097,CAN01227,2025-04-23,initial_contact,CA004
ACT003098,CAN01227,2025-04-24,initial_interview,CA004
ACT003099,CAN01227,2025-05-04,follow_up,CA004
ACT003100,CAN01228,2025-12-23,initial_contact,CA006
ACT003101,CAN01228,2025-12-25,initial_interview,CA006
ACT003102,CAN01229,2026-03-29,initial_contact,CA013
ACT003103,CAN01230,2025-06-17,initial_contact,CA003
ACT003104,CAN01231,2026-01-31,initial_contact,CA005
ACT003105,CAN01231,2026-02-03,initial_interview,CA005
ACT003106,CAN01231,2026-02-18,follow_up,CA005
ACT003107,CAN01232,2025-04-27,initial_contact,CA011
ACT003108,CAN01232,2025-04-28,initial_interview,CA011
ACT003111,CAN01233,2025-09-19,initial_contact,CA003
ACT003112,CAN01233,2025-09-23,initial_interview,CA003
ACT003113,CAN01233,2025-10-07,follow_up,CA003
ACT003114,CAN01234,2026-03-18,initial_contact,CA014
ACT003115,CAN01234,2026-03-25,initial_interview,CA014
ACT003116,CAN01234,2026-04-13,follow_up,CA014
ACT003117,CAN01234,2026-05-07,follow_up,CA014
ACT003118,CAN01235,2025-04-26,initial_contact,CA010
ACT003119,CAN01235,2025-05-01,initial_interview,CA010
ACT003120,CAN01236,2025-06-19,initial_contact,CA017
ACT003121,CAN01236,2025-06-23,initial_interview,CA017
ACT003122,CAN01236,2025-06-30,follow_up,CA017
ACT003123,CAN01236,2025-07-13,follow_up,CA017
ACT003124,CAN01237,2025-10-03,initial_contact,CA007
ACT003125,CAN01237,2025-10-09,initial_interview,CA007
ACT003126,CAN01237,2025-10-20,follow_up,CA007
ACT003127,CAN01238,2025-10-22,initial_contact,CA009
ACT003128,CAN01238,2025-10-28,initial_interview,CA009
ACT003129,CAN01238,2025-11-14,follow_up,CA009
ACT003130,CAN01239,2025-02-24,initial_contact,CA004
ACT003131,CAN01239,2025-02-26,initial_interview,CA004
ACT003132,CAN01240,2026-04-09,initial_contact,CA006
ACT003133,CAN01240,2026-04-19,initial_interview,CA006
ACT003134,CAN01241,2025-10-21,initial_contact,CA006
ACT003135,CAN01241,2025-10-26,initial_interview,CA006
ACT003136,CAN01241,2025-11-08,follow_up,CA006
ACT003137,CAN01242,2025-11-14,initial_contact,CA019
ACT003138,CAN01242,2025-11-19,initial_interview,CA019
ACT003139,CAN01242,2025-12-04,follow_up,CA019
ACT003140,CAN01243,2026-04-01,initial_contact,CA019
ACT003141,CAN01243,2026-04-09,initial_interview,CA019
ACT003142,CAN01243,2026-04-19,follow_up,CA019
ACT003143,CAN01244,2026-07-19,initial_contact,CA012
ACT003144,CAN01244,2026-07-25,initial_interview,CA012
ACT003145,CAN01244,2026-08-17,follow_up,CA012
ACT003146,CAN01245,2026-04-02,initial_contact,CA015
ACT003147,CAN01245,2026-04-08,initial_interview,CA015
ACT003148,CAN01245,2026-04-27,follow_up,CA015
ACT003149,CAN01246,2026-03-21,initial_contact,CA012
ACT003150,CAN01246,2026-03-23,initial_interview,CA012
ACT003151,CAN01246,2026-04-08,follow_up,CA012
ACT003152,CAN01247,2026-06-12,initial_contact,CA010
ACT003153,CAN01248,2026-03-09,initial_contact,CA011
ACT003154,CAN01248,2026-03-15,initial_interview,CA011
ACT003155,CAN01249,2026-07-05,initial_contact,CA008
ACT003156,CAN01249,2026-07-11,initial_interview,CA008
ACT003157,CAN01249,2026-08-02,follow_up,CA008
ACT003158,CAN01249,2026-08-24,follow_up,CA008
ACT003159,CAN01250,2026-01-15,initial_contact,CA007
ACT003160,CAN01251,2025-06-29,initial_contact,CA009
ACT003161,CAN01251,2025-06-30,initial_interview,CA009
ACT003162,CAN01251,2025-07-09,follow_up,CA009
ACT003164,CAN01252,2025-11-16,initial_contact,CA020
ACT003165,CAN01252,2025-11-19,initial_interview,CA020
ACT003166,CAN01253,2026-09-28,initial_contact,CA010
ACT003167,CAN01254,2025-03-13,initial_contact,CA021
ACT003168,CAN01254,2025-03-14,initial_interview,CA021
ACT003169,CAN01254,2025-04-02,follow_up,CA021
ACT003170,CAN01255,2026-07-10,initial_contact,CA017
ACT003171,CAN01255,2026-07-16,initial_interview,CA017
ACT003172,CAN01256,2025-09-01,initial_contact,CA001
ACT003173,CAN01256,2025-09-02,initial_interview,CA001
ACT003174,CAN01257,2026-05-31,initial_contact,CA003
ACT003175,CAN01257,2026-06-05,initial_interview,CA003
ACT003176,CAN01257,2026-06-14,follow_up,CA003
ACT003177,CAN01257,2026-06-28,follow_up,CA003
ACT003178,CAN01258,2026-04-04,initial_contact,CA019
ACT003179,CAN01258,2026-04-12,initial_interview,CA019
ACT003180,CAN01259,2026-08-23,initial_contact,CA019
ACT003181,CAN01259,2026-08-31,initial_interview,CA019
ACT003182,CAN01259,2026-09-24,follow_up,CA019
ACT003183,CAN01260,2025-12-30,initial_contact,CA007
ACT003184,CAN01260,2026-01-05,initial_interview,CA007
ACT003185,CAN01261,2025-07-25,initial_contact,CA018
ACT003186,CAN01261,2025-07-27,initial_interview,CA018
ACT003187,CAN01261,2025-08-12,follow_up,CA018
ACT003188,CAN01262,2025-12-29,initial_contact,CA011
ACT003189,CAN01262,2026-01-03,initial_interview,CA011
ACT003190,CAN01262,2026-01-21,follow_up,CA011
ACT003191,CAN01263,2025-08-11,initial_contact,CA016
ACT003192,CAN01264,2025-11-29,initial_contact,CA017
ACT003193,CAN01264,2025-12-06,initial_interview,CA017
ACT003194,CAN01265,2026-03-08,initial_contact,CA005
ACT003195,CAN01265,2026-03-15,initial_interview,CA005
ACT003196,CAN01265,2026-04-01,follow_up,CA005
ACT003197,CAN01266,2026-08-04,initial_contact,CA002
ACT003198,CAN01266,2026-08-11,initial_interview,CA002
ACT003199,CAN01266,2026-08-21,follow_up,CA002
ACT003200,CAN01267,2025-07-18,initial_contact,CA007
ACT003201,CAN01268,2025-10-28,initial_contact,CA012
ACT003202,CAN01268,2025-10-31,initial_interview,CA012
ACT003203,CAN01268,2025-11-10,follow_up,CA012
ACT003204,CAN01269,2026-02-07,initial_contact,CA017
ACT003205,CAN01269,2026-02-10,initial_interview,CA017
ACT003206,CAN01270,2026-06-10,initial_contact,CA007
ACT003207,CAN01270,2026-06-17,initial_interview,CA007
ACT003208,CAN01270,2026-07-03,follow_up,CA007
ACT003209,CAN01271,2025-02-10,initial_contact,CA012
ACT003210,CAN01271,2025-02-12,initial_interview,CA012
ACT003211,CAN01271,2025-02-27,follow_up,CA012
ACT003212,CAN01272,2026-08-09,initial_contact,CA008
ACT003213,CAN01273,2025-04-27,initial_contact,CA012
ACT003214,CAN01273,2025-04-28,initial_interview,CA012
ACT003215,CAN01274,2026-08-14,initial_contact,CA022
ACT003216,CAN01274,2026-08-20,initial_interview,CA022
ACT003217,CAN01275,2025-12-14,initial_contact,CA003
ACT003218,CAN01275,2025-12-20,initial_interview,CA003
ACT003219,CAN01275,2026-01-02,follow_up,CA003
ACT003220,CAN01276,2026-09-20,initial_contact,CA004
ACT003221,CAN01276,2026-09-26,initial_interview,CA004
ACT003222,CAN01277,2026-01-05,initial_contact,CA003
ACT003223,CAN01278,2026-09-07,initial_contact,CA012
ACT003224,CAN01278,2026-09-14,initial_interview,CA012
ACT003225,CAN01278,2026-09-30,follow_up,CA012
ACT003226,CAN01279,2025-06-20,initial_contact,CA021
ACT003227,CAN01279,2025-06-24,initial_interview,CA021
ACT003228,CAN01279,2025-07-11,follow_up,CA021
ACT003229,CAN01280,2025-06-30,initial_contact,CA003
ACT003230,CAN01281,2025-12-23,initial_contact,CA014
ACT003231,CAN01281,2025-12-30,initial_interview,CA014
ACT003232,CAN01281,2026-01-11,follow_up,CA014
ACT003233,CAN01281,2026-01-25,follow_up,CA014
ACT003234,CAN01282,2026-01-12,initial_contact,CA016
ACT003235,CAN01283,2025-06-21,initial_contact,CA002
ACT003236,CAN01283,2025-06-24,initial_interview,CA002
ACT003237,CAN01283,2025-07-03,follow_up,CA002
ACT003238,CAN01284,2026-07-26,initial_contact,CA020
ACT003239,CAN01284,2026-08-01,initial_interview,CA020
ACT003241,CAN01285,2025-10-06,initial_contact,CA001
ACT003242,CAN01285,2025-10-11,initial_interview,CA001
ACT003243,CAN01285,2025-10-20,follow_up,CA001
ACT003244,CAN01286,2025-09-18,initial_contact,CA012
ACT003245,CAN01286,2025-09-22,initial_interview,CA012
ACT003246,CAN01287,2025-11-16,initial_contact,CA008
ACT003247,CAN01287,2025-11-23,initial_interview,CA008
ACT003248,CAN01288,2026-06-08,initial_contact,CA001
ACT003249,CAN01288,2026-06-18,initial_interview,CA001
ACT003250,CAN01288,2026-07-03,follow_up,CA001
ACT003251,CAN01289,2026-06-20,initial_contact,CA020
ACT003252,CAN01289,2026-06-28,initial_interview,CA020
ACT003253,CAN01290,2025-10-07,initial_contact,CA015
ACT003254,CAN01290,2025-10-08,initial_interview,CA015
ACT003255,CAN01291,2026-09-08,initial_contact,CA006
ACT003256,CAN01291,2026-09-16,initial_interview,CA006
ACT003257,CAN01292,2026-07-16,initial_contact,CA012
ACT003258,CAN01292,2026-07-23,initial_interview,CA012
ACT003259,CAN01293,2025-10-23,initial_contact,CA004
ACT003260,CAN01293,2025-10-27,initial_interview,CA004
ACT003261,CAN01293,2025-11-18,follow_up,CA004
ACT003262,CAN01294,2025-08-14,initial_contact,CA004
ACT003263,CAN01294,2025-08-17,initial_interview,CA004
ACT003264,CAN01295,2026-04-14,initial_contact,CA021
ACT003265,CAN01295,2026-04-21,initial_interview,CA021
ACT003266,CAN01296,2025-04-30,initial_contact,CA014
ACT003267,CAN01296,2025-05-04,initial_interview,CA014
ACT003268,CAN01296,2025-05-15,follow_up,CA014
ACT003269,CAN01297,2026-08-20,initial_contact,CA009
ACT003270,CAN01297,2026-08-27,initial_interview,CA009
ACT003271,CAN01298,2025-12-13,initial_contact,CA008
ACT003272,CAN01298,2025-12-17,initial_interview,CA008
ACT003273,CAN01298,2026-01-03,follow_up,CA008
ACT003274,CAN01299,2025-05-06,initial_contact,CA003
ACT003275,CAN01299,2025-05-10,initial_interview,CA003
ACT003276,CAN01299,2025-05-17,follow_up,CA003
ACT003277,CAN01299,2025-05-31,follow_up,CA003
ACT003278,CAN01300,2026-09-02,initial_contact,CA003
ACT003279,CAN01302,2026-07-18,initial_contact,CA003
ACT003280,CAN01303,2025-05-09,initial_contact,CA009
ACT003281,CAN01303,2025-05-13,initial_interview,CA009
ACT003282,CAN01304,2025-12-25,initial_contact,CA015
ACT003283,CAN01304,2025-12-30,initial_interview,CA015
ACT003284,CAN01304,2026-01-15,follow_up,CA015
ACT003285,CAN01305,2025-04-15,initial_contact,CA003
ACT003286,CAN01305,2025-04-17,initial_interview,CA003
ACT003287,CAN01306,2025-09-09,initial_contact,CA003
ACT003288,CAN01306,2025-09-10,initial_interview,CA003
ACT003289,CAN01307,2025-07-28,initial_contact,CA006
ACT003290,CAN01308,2025-07-04,initial_contact,CA011
ACT003291,CAN01308,2025-07-05,initial_interview,CA011
ACT003292,CAN01308,2025-07-14,follow_up,CA011
ACT003293,CAN01309,2025-10-23,initial_contact,CA018
ACT003294,CAN01309,2025-10-25,initial_interview,CA018
ACT003295,CAN01310,2025-08-15,initial_contact,CA017
ACT003296,CAN01310,2025-08-18,initial_interview,CA017
ACT003297,CAN01311,2026-05-23,initial_contact,CA020
ACT003298,CAN01311,2026-05-31,initial_interview,CA020
ACT003299,CAN01312,2025-03-26,initial_contact,CA009
ACT003300,CAN01312,2025-03-28,initial_interview,CA009
ACT003301,CAN01312,2025-04-10,follow_up,CA009
ACT003302,CAN01312,2025-04-23,follow_up,CA009
ACT003303,CAN01313,2026-09-16,initial_contact,CA003
ACT003304,CAN01313,2026-09-23,initial_interview,CA003
ACT003305,CAN01314,2025-02-20,initial_contact,CA016
ACT003306,CAN01314,2025-02-24,initial_interview,CA016
ACT003307,CAN01314,2025-03-08,follow_up,CA016
ACT003308,CAN01315,2026-08-14,initial_contact,CA021
ACT003309,CAN01315,2026-08-18,initial_interview,CA021
ACT003310,CAN01316,2026-05-19,initial_contact,CA011
ACT003311,CAN01316,2026-05-23,initial_interview,CA011
ACT003312,CAN01316,2026-06-01,follow_up,CA011
ACT003313,CAN01316,2026-06-12,follow_up,CA011
ACT003314,CAN01317,2025-07-27,initial_contact,CA020
ACT003315,CAN01317,2025-07-31,initial_interview,CA020
ACT003316,CAN01318,2026-01-31,initial_contact,CA007
ACT003317,CAN01319,2025-09-25,initial_contact,CA010
ACT003318,CAN01319,2025-09-28,initial_interview,CA010
ACT003319,CAN01319,2025-10-06,follow_up,CA010
ACT003320,CAN01319,2025-10-24,follow_up,CA010
ACT003321,CAN01320,2026-07-11,initial_contact,CA016
ACT003322,CAN01320,2026-07-17,initial_interview,CA016
ACT003323,CAN01320,2026-08-03,follow_up,CA016
ACT003324,CAN01321,2025-08-07,initial_contact,CA008
ACT003325,CAN01321,2025-08-08,initial_interview,CA008
ACT003326,CAN01321,2025-08-16,follow_up,CA008
ACT003327,CAN01322,2026-05-09,initial_contact,CA018
ACT003328,CAN01322,2026-05-15,initial_interview,CA018
ACT003330,CAN01323,2025-12-21,initial_contact,CA013
ACT003331,CAN01324,2026-03-20,initial_contact,CA006
ACT003332,CAN01324,2026-03-29,initial_interview,CA006
ACT003334,CAN01325,2026-05-03,initial_contact,CA006
ACT003335,CAN01325,2026-05-12,initial_interview,CA006
ACT003336,CAN01326,2025-12-20,initial_contact,CA006
ACT003337,CAN01326,2025-12-27,initial_interview,CA006
ACT003338,CAN01326,2026-01-14,follow_up,CA006
ACT003339,CAN01327,2025-11-25,initial_contact,CA013
ACT003340,CAN01328,2025-10-21,initial_contact,CA008
ACT003341,CAN01328,2025-10-25,initial_interview,CA008
ACT003342,CAN01329,2026-04-23,initial_contact,CA007
ACT003343,CAN01330,2026-07-04,initial_contact,CA007
ACT003344,CAN01330,2026-07-14,initial_interview,CA007
ACT003345,CAN01330,2026-07-27,follow_up,CA007
ACT003346,CAN01331,2025-10-01,initial_contact,CA008
ACT003347,CAN01331,2025-10-05,initial_interview,CA008
ACT003348,CAN01331,2025-10-15,follow_up,CA008
ACT003349,CAN01331,2025-11-02,follow_up,CA008
ACT003350,CAN01332,2026-04-08,initial_contact,CA021
ACT003351,CAN01333,2025-09-14,initial_contact,CA011
ACT003352,CAN01333,2025-09-16,initial_interview,CA011
ACT003353,CAN01333,2025-09-29,follow_up,CA011
ACT003355,CAN01334,2026-08-10,initial_contact,CA005
ACT003356,CAN01334,2026-08-16,initial_interview,CA005
ACT003357,CAN01334,2026-09-09,follow_up,CA005
ACT003358,CAN01335,2025-02-11,initial_contact,CA001
ACT003359,CAN01335,2025-02-16,initial_interview,CA001
ACT003360,CAN01335,2025-03-01,follow_up,CA001
ACT003361,CAN01336,2026-02-01,initial_contact,CA004
ACT003362,CAN01336,2026-02-04,initial_interview,CA004
ACT003363,CAN01337,2025-08-13,initial_contact,CA016
ACT003364,CAN01338,2026-01-16,initial_contact,CA007
ACT003365,CAN01338,2026-01-20,initial_interview,CA007
ACT003368,CAN01339,2026-07-09,initial_contact,CA006
ACT003369,CAN01339,2026-07-17,initial_interview,CA006
ACT003370,CAN01340,2025-12-27,initial_contact,CA015
ACT003371,CAN01340,2026-01-02,initial_interview,CA015
ACT003372,CAN01340,2026-01-16,follow_up,CA015
ACT003373,CAN01340,2026-01-25,follow_up,CA015
ACT003374,CAN01341,2025-09-05,initial_contact,CA013
ACT003375,CAN01341,2025-09-09,initial_interview,CA013
ACT003376,CAN01341,2025-09-17,follow_up,CA013
ACT003377,CAN01342,2026-02-15,initial_contact,CA012
ACT003378,CAN01342,2026-02-21,initial_interview,CA012
ACT003379,CAN01342,2026-03-09,follow_up,CA012
ACT003381,CAN01343,2025-06-05,initial_contact,CA011
ACT003382,CAN01343,2025-06-09,initial_interview,CA011
ACT003383,CAN01344,2025-10-31,initial_contact,CA014
ACT003384,CAN01344,2025-11-04,initial_interview,CA014
ACT003385,CAN01344,2025-11-17,follow_up,CA014
ACT003386,CAN01345,2026-02-23,initial_contact,CA007
ACT003387,CAN01345,2026-02-26,initial_interview,CA007
ACT003388,CAN01345,2026-03-14,follow_up,CA007
ACT003389,CAN01346,2026-07-20,initial_contact,CA010
ACT003390,CAN01346,2026-07-29,initial_interview,CA010
ACT003391,CAN01346,2026-08-17,follow_up,CA010
ACT003392,CAN01347,2025-11-15,initial_contact,CA014
ACT003393,CAN01347,2025-11-20,initial_interview,CA014
ACT003394,CAN01348,2026-03-31,initial_contact,CA015
ACT003395,CAN01349,2026-07-08,initial_contact,CA014
ACT003396,CAN01349,2026-07-16,initial_interview,CA014
ACT003397,CAN01349,2026-08-01,follow_up,CA014
ACT003398,CAN01350,2025-11-03,initial_contact,CA017
ACT003399,CAN01350,2025-11-08,initial_interview,CA017
ACT003400,CAN01350,2025-11-15,follow_up,CA017
ACT003401,CAN01351,2026-02-13,initial_contact,CA002
ACT003402,CAN01351,2026-02-18,initial_interview,CA002
ACT003403,CAN01352,2025-06-22,initial_contact,CA016
ACT003404,CAN01353,2026-09-26,initial_contact,CA009
ACT003405,CAN01354,2025-04-10,initial_contact,CA004
ACT003406,CAN01354,2025-04-13,initial_interview,CA004
ACT003407,CAN01354,2025-05-01,follow_up,CA004
ACT003408,CAN01355,2025-03-07,initial_contact,CA002
ACT003409,CAN01355,2025-03-08,initial_interview,CA002
ACT003410,CAN01355,2025-03-29,follow_up,CA002
ACT003411,CAN01356,2025-08-27,initial_contact,CA009
ACT003412,CAN01356,2025-08-29,initial_interview,CA009
ACT003415,CAN01357,2026-01-21,initial_contact,CA012
ACT003416,CAN01357,2026-01-29,initial_interview,CA012
ACT003417,CAN01357,2026-02-19,follow_up,CA012
ACT003418,CAN01357,2026-03-04,follow_up,CA012
ACT003419,CAN01358,2026-05-30,initial_contact,CA022
ACT003420,CAN01358,2026-06-06,initial_interview,CA022
ACT003421,CAN01359,2025-04-22,initial_contact,CA009
ACT003422,CAN01359,2025-04-26,initial_interview,CA009
ACT003423,CAN01359,2025-05-16,follow_up,CA009
ACT003424,CAN01360,2026-09-16,initial_contact,CA016
ACT003425,CAN01360,2026-09-22,initial_interview,CA016
ACT003426,CAN01361,2025-05-10,initial_contact,CA005
ACT003427,CAN01361,2025-05-15,initial_interview,CA005
ACT003428,CAN01361,2025-05-31,follow_up,CA005
ACT003429,CAN01362,2026-09-09,initial_contact,CA013
ACT003430,CAN01362,2026-09-18,initial_interview,CA013
ACT003431,CAN01363,2025-08-05,initial_contact,CA016
ACT003432,CAN01363,2025-08-06,initial_interview,CA016
ACT003434,CAN01364,2025-06-05,initial_contact,CA016
ACT003435,CAN01364,2025-06-07,initial_interview,CA016
ACT003436,CAN01364,2025-06-26,follow_up,CA016
ACT003438,CAN01365,2026-02-24,initial_contact,CA018
ACT003439,CAN01365,2026-03-02,initial_interview,CA018
ACT003440,CAN01365,2026-03-23,follow_up,CA018
ACT003441,CAN01366,2026-08-13,initial_contact,CA003
ACT003442,CAN01366,2026-08-19,initial_interview,CA003
ACT003443,CAN01366,2026-09-11,follow_up,CA003
ACT003444,CAN01366,2026-09-24,follow_up,CA003
ACT003445,CAN01367,2026-03-03,initial_contact,CA021
ACT003446,CAN01368,2026-07-18,initial_contact,CA007
ACT003447,CAN01368,2026-07-27,initial_interview,CA007
ACT003450,CAN01369,2025-12-03,initial_contact,CA020
ACT003451,CAN01369,2025-12-05,initial_interview,CA020
ACT003452,CAN01370,2026-06-02,initial_contact,CA021
ACT003453,CAN01370,2026-06-10,initial_interview,CA021
ACT003454,CAN01370,2026-06-26,follow_up,CA021
ACT003455,CAN01371,2026-06-05,initial_contact,CA008
ACT003456,CAN01372,2025-08-12,initial_contact,CA009
ACT003457,CAN01372,2025-08-16,initial_interview,CA009
ACT003458,CAN01372,2025-09-03,follow_up,CA009
ACT003459,CAN01372,2025-09-14,follow_up,CA009
ACT003460,CAN01373,2025-09-19,initial_contact,CA018
ACT003461,CAN01373,2025-09-23,initial_interview,CA018
ACT003462,CAN01373,2025-10-01,follow_up,CA018
ACT003463,CAN01373,2025-10-23,follow_up,CA018
ACT003464,CAN01374,2025-04-25,initial_contact,CA008
ACT003465,CAN01375,2026-09-01,initial_contact,CA017
ACT003466,CAN01375,2026-09-07,initial_interview,CA017
ACT003467,CAN01376,2025-01-25,initial_contact,CA004
ACT003468,CAN01376,2025-01-27,initial_interview,CA004
ACT003469,CAN01376,2025-02-07,follow_up,CA004
ACT003470,CAN01377,2026-07-18,initial_contact,CA008
ACT003471,CAN01377,2026-07-28,initial_interview,CA008
ACT003472,CAN01377,2026-08-09,follow_up,CA008
ACT003473,CAN01378,2026-06-06,initial_contact,CA013
ACT003474,CAN01378,2026-06-12,initial_interview,CA013
ACT003475,CAN01379,2026-07-04,initial_contact,CA007
ACT003476,CAN01379,2026-07-10,initial_interview,CA007
ACT003477,CAN01379,2026-07-29,follow_up,CA007
ACT003478,CAN01379,2026-08-13,follow_up,CA007
ACT003479,CAN01380,2026-02-20,initial_contact,CA012
ACT003480,CAN01380,2026-02-26,initial_interview,CA012
ACT003481,CAN01380,2026-03-22,follow_up,CA012
ACT003482,CAN01380,2026-04-06,follow_up,CA012
ACT003483,CAN01381,2025-12-15,initial_contact,CA005
ACT003484,CAN01381,2025-12-19,initial_interview,CA005
ACT003485,CAN01381,2025-12-29,follow_up,CA005
ACT003486,CAN01382,2026-04-26,initial_contact,CA011
ACT003487,CAN01383,2026-05-10,initial_contact,CA012
ACT003488,CAN01384,2025-10-07,initial_contact,CA017
ACT003489,CAN01384,2025-10-13,initial_interview,CA017
ACT003490,CAN01384,2025-10-26,follow_up,CA017
ACT003491,CAN01385,2025-11-23,initial_contact,CA003
ACT003492,CAN01385,2025-11-29,initial_interview,CA003
ACT003493,CAN01385,2025-12-15,follow_up,CA003
ACT003494,CAN01386,2026-03-20,initial_contact,CA020
ACT003495,CAN01386,2026-03-26,initial_interview,CA020
ACT003496,CAN01387,2025-06-03,initial_contact,CA003
ACT003497,CAN01387,2025-06-04,initial_interview,CA003
ACT003498,CAN01387,2025-06-22,follow_up,CA003
ACT003499,CAN01388,2026-03-23,initial_contact,CA002
ACT003500,CAN01388,2026-03-29,initial_interview,CA002
ACT003501,CAN01389,2025-09-04,initial_contact,CA001
ACT003502,CAN01389,2025-09-10,initial_interview,CA001
ACT003503,CAN01390,2025-10-31,initial_contact,CA019
ACT003504,CAN01390,2025-11-06,initial_interview,CA019
ACT003505,CAN01390,2025-11-16,follow_up,CA019
ACT003506,CAN01390,2025-11-30,follow_up,CA019
ACT003507,CAN01391,2025-03-22,initial_contact,CA009
ACT003508,CAN01391,2025-03-26,initial_interview,CA009
ACT003509,CAN01391,2025-04-02,follow_up,CA009
ACT003510,CAN01392,2026-02-01,initial_contact,CA014
ACT003511,CAN01392,2026-02-06,initial_interview,CA014
ACT003512,CAN01392,2026-02-22,follow_up,CA014
ACT003513,CAN01393,2026-04-18,initial_contact,CA013
ACT003514,CAN01393,2026-04-24,initial_interview,CA013
ACT003515,CAN01393,2026-05-08,follow_up,CA013
ACT003516,CAN01394,2026-06-30,initial_contact,CA013
ACT003517,CAN01394,2026-07-06,initial_interview,CA013
ACT003518,CAN01394,2026-07-20,follow_up,CA013
ACT003519,CAN01395,2025-07-08,initial_contact,CA013
ACT003520,CAN01395,2025-07-10,initial_interview,CA013
ACT003521,CAN01396,2025-08-04,initial_contact,CA018
ACT003522,CAN01396,2025-08-06,initial_interview,CA018
ACT003523,CAN01396,2025-08-17,follow_up,CA018
ACT003524,CAN01397,2026-02-21,initial_contact,CA008
ACT003525,CAN01397,2026-02-23,initial_interview,CA008
ACT003526,CAN01398,2026-06-03,initial_contact,CA018
ACT003527,CAN01398,2026-06-13,initial_interview,CA018
ACT003528,CAN01398,2026-06-23,follow_up,CA018
ACT003529,CAN01399,2025-08-23,initial_contact,CA012
ACT003530,CAN01400,2025-03-12,initial_contact,CA011
ACT003531,CAN01400,2025-03-17,initial_interview,CA011
ACT003532,CAN01400,2025-03-26,follow_up,CA011
ACT003533,CAN01401,2025-06-07,initial_contact,CA014
ACT003534,CAN01401,2025-06-11,initial_interview,CA014
ACT003535,CAN01402,2026-04-18,initial_contact,CA010
ACT003536,CAN01403,2026-01-23,initial_contact,CA014
ACT003537,CAN01403,2026-01-27,initial_interview,CA014
ACT003538,CAN01403,2026-02-06,follow_up,CA014
ACT003539,CAN01404,2026-08-02,initial_contact,CA018
ACT003540,CAN01404,2026-08-11,initial_interview,CA018
ACT003541,CAN01404,2026-08-30,follow_up,CA018
ACT003542,CAN01405,2025-12-13,initial_contact,CA016
ACT003543,CAN01405,2025-12-18,initial_interview,CA016
ACT003544,CAN01405,2025-12-27,follow_up,CA016
ACT003545,CAN01406,2025-12-16,initial_contact,CA009
ACT003546,CAN01406,2025-12-21,initial_interview,CA009
ACT003547,CAN01406,2025-12-30,follow_up,CA009
ACT003548,CAN01407,2026-05-31,initial_contact,CA007
ACT003549,CAN01408,2026-08-21,initial_contact,CA006
ACT003550,CAN01408,2026-08-27,initial_interview,CA006
ACT003551,CAN01409,2026-05-14,initial_contact,CA010
ACT003552,CAN01410,2025-09-19,initial_contact,CA002
ACT003553,CAN01410,2025-09-20,initial_interview,CA002
ACT003554,CAN01410,2025-10-05,follow_up,CA002
ACT003555,CAN01410,2025-10-26,follow_up,CA002
ACT003556,CAN01411,2026-09-07,initial_contact,CA003
ACT003557,CAN01412,2026-07-19,initial_contact,CA008
ACT003558,CAN01412,2026-07-27,initial_interview,CA008
ACT003559,CAN01412,2026-08-12,follow_up,CA008
ACT003560,CAN01413,2026-08-15,initial_contact,CA007
ACT003561,CAN01413,2026-08-22,initial_interview,CA007
ACT003562,CAN01414,2026-08-31,initial_contact,CA008
ACT003563,CAN01414,2026-09-10,initial_interview,CA008
ACT003564,CAN01414,2026-09-29,follow_up,CA008
ACT003565,CAN01415,2026-07-27,initial_contact,CA019
ACT003566,CAN01415,2026-08-01,initial_interview,CA019
ACT003567,CAN01415,2026-08-21,follow_up,CA019
ACT003568,CAN01416,2025-08-10,initial_contact,CA008
ACT003569,CAN01416,2025-08-13,initial_interview,CA008
ACT003570,CAN01417,2026-04-03,initial_contact,CA020
ACT003571,CAN01419,2025-04-06,initial_contact,CA015
ACT003572,CAN01419,2025-04-07,initial_interview,CA015
ACT003573,CAN01419,2025-04-23,follow_up,CA015
ACT003574,CAN01419,2025-05-01,follow_up,CA015
ACT003575,CAN01420,2025-08-16,initial_contact,CA007
ACT003576,CAN01420,2025-08-18,initial_interview,CA007
ACT003577,CAN01420,2025-09-02,follow_up,CA007
ACT003578,CAN01421,2026-06-10,initial_contact,CA018
ACT003579,CAN01421,2026-06-16,initial_interview,CA018
ACT003580,CAN01421,2026-07-01,follow_up,CA018
ACT003581,CAN01421,2026-07-14,follow_up,CA018
ACT003582,CAN01422,2026-09-06,initial_contact,CA016
ACT003583,CAN01423,2025-11-18,initial_contact,CA018
ACT003584,CAN01423,2025-11-22,initial_interview,CA018
ACT003585,CAN01423,2025-12-07,follow_up,CA018
ACT003586,CAN01424,2025-02-11,initial_contact,CA012
ACT003587,CAN01424,2025-02-16,initial_interview,CA012
ACT003588,CAN01425,2025-07-20,initial_contact,CA011
ACT003589,CAN01425,2025-07-24,initial_interview,CA011
ACT003591,CAN01426,2025-12-21,initial_contact,CA017
ACT003592,CAN01427,2026-07-02,initial_contact,CA001
ACT003593,CAN01427,2026-07-10,initial_interview,CA001
ACT003594,CAN01427,2026-07-24,follow_up,CA001
ACT003595,CAN01428,2025-05-21,initial_contact,CA011
ACT003596,CAN01428,2025-05-24,initial_interview,CA011
ACT003597,CAN01428,2025-06-04,follow_up,CA011
ACT003598,CAN01428,2025-06-16,follow_up,CA011
ACT003599,CAN01429,2025-06-18,initial_contact,CA007
ACT003600,CAN01430,2026-08-01,initial_contact,CA013
ACT003601,CAN01430,2026-08-10,initial_interview,CA013
ACT003602,CAN01430,2026-08-31,follow_up,CA013
ACT003603,CAN01431,2025-04-04,initial_contact,CA002
ACT003604,CAN01432,2025-10-14,initial_contact,CA012
ACT003605,CAN01432,2025-10-18,initial_interview,CA012
ACT003606,CAN01432,2025-11-04,follow_up,CA012
ACT003607,CAN01433,2025-08-24,initial_contact,CA010
ACT003608,CAN01434,2025-08-20,initial_contact,CA002
ACT003609,CAN01434,2025-08-22,initial_interview,CA002
ACT003610,CAN01434,2025-09-09,follow_up,CA002
ACT003611,CAN01435,2025-07-27,initial_contact,CA014
ACT003612,CAN01436,2026-06-18,initial_contact,CA004
ACT003613,CAN01436,2026-06-22,initial_interview,CA004
ACT003614,CAN01436,2026-07-07,follow_up,CA004
ACT003615,CAN01437,2026-01-27,initial_contact,CA008
ACT003616,CAN01437,2026-02-03,initial_interview,CA008
ACT003617,CAN01437,2026-02-15,follow_up,CA008
ACT003618,CAN01438,2025-04-25,initial_contact,CA002
ACT003619,CAN01438,2025-04-26,initial_interview,CA002
ACT003620,CAN01439,2026-05-12,initial_contact,CA010
ACT003621,CAN01439,2026-05-17,initial_interview,CA010
ACT003622,CAN01439,2026-05-29,follow_up,CA010
ACT003623,CAN01439,2026-06-08,follow_up,CA010
ACT003624,CAN01440,2025-09-06,initial_contact,CA002
ACT003625,CAN01440,2025-09-09,initial_interview,CA002
ACT003626,CAN01440,2025-09-19,follow_up,CA002
ACT003627,CAN01441,2026-05-20,initial_contact,CA006
ACT003628,CAN01441,2026-05-29,initial_interview,CA006
ACT003629,CAN01441,2026-06-12,follow_up,CA006
ACT003631,CAN01442,2025-07-06,initial_contact,CA001
ACT003632,CAN01442,2025-07-11,initial_interview,CA001
ACT003633,CAN01443,2026-03-19,initial_contact,CA008
ACT003634,CAN01443,2026-03-24,initial_interview,CA008
ACT003635,CAN01444,2026-01-27,initial_contact,CA005
ACT003636,CAN01444,2026-01-30,initial_interview,CA005
ACT003637,CAN01444,2026-02-14,follow_up,CA005
ACT003638,CAN01444,2026-02-27,follow_up,CA005
ACT003639,CAN01445,2025-06-03,initial_contact,CA002
ACT003640,CAN01445,2025-06-07,initial_interview,CA002
ACT003641,CAN01446,2026-07-21,initial_contact,CA005
ACT003642,CAN01446,2026-07-31,initial_interview,CA005
ACT003643,CAN01446,2026-08-18,follow_up,CA005
ACT003644,CAN01447,2026-01-17,initial_contact,CA015
ACT003645,CAN01447,2026-01-24,initial_interview,CA015
ACT003646,CAN01448,2025-03-30,initial_contact,CA019
ACT003647,CAN01448,2025-04-04,initial_interview,CA019
ACT003648,CAN01448,2025-04-22,follow_up,CA019
ACT003649,CAN01449,2026-09-11,initial_contact,CA007
ACT003650,CAN01449,2026-09-19,initial_interview,CA007
ACT003651,CAN01449,2026-09-30,follow_up,CA007
ACT003652,CAN01450,2026-04-22,initial_contact,CA022
ACT003653,CAN01450,2026-04-29,initial_interview,CA022
ACT003654,CAN01451,2026-06-26,initial_contact,CA002
ACT003655,CAN01451,2026-07-03,initial_interview,CA002
ACT003656,CAN01451,2026-07-22,follow_up,CA002
ACT003657,CAN01451,2026-08-13,follow_up,CA002
ACT003658,CAN01452,2025-11-12,initial_contact,CA013
ACT003659,CAN01452,2025-11-16,initial_interview,CA013
ACT003660,CAN01452,2025-12-06,follow_up,CA013
ACT003661,CAN01453,2025-11-28,initial_contact,CA005
ACT003662,CAN01453,2025-12-03,initial_interview,CA005
ACT003663,CAN01453,2025-12-25,follow_up,CA005
ACT003664,CAN01453,2026-01-08,follow_up,CA005
ACT003665,CAN01454,2025-04-18,initial_contact,CA004
ACT003666,CAN01454,2025-04-19,initial_interview,CA004
ACT003667,CAN01454,2025-05-04,follow_up,CA004
ACT003668,CAN01455,2026-06-16,initial_contact,CA012
ACT003669,CAN01455,2026-06-23,initial_interview,CA012
ACT003670,CAN01455,2026-07-10,follow_up,CA012
ACT003671,CAN01456,2025-06-25,initial_contact,CA016
ACT003672,CAN01456,2025-06-30,initial_interview,CA016
ACT003673,CAN01456,2025-07-11,follow_up,CA016
ACT003674,CAN01457,2026-03-26,initial_contact,CA016
ACT003675,CAN01457,2026-04-02,initial_interview,CA016
ACT003676,CAN01458,2026-04-04,initial_contact,CA004
ACT003677,CAN01458,2026-04-13,initial_interview,CA004
ACT003678,CAN01458,2026-04-25,follow_up,CA004
ACT003679,CAN01459,2025-09-08,initial_contact,CA019
ACT003680,CAN01459,2025-09-11,initial_interview,CA019
ACT003681,CAN01459,2025-09-27,follow_up,CA019
ACT003682,CAN01460,2025-02-07,initial_contact,CA006
ACT003683,CAN01460,2025-02-09,initial_interview,CA006
ACT003684,CAN01460,2025-02-17,follow_up,CA006
ACT003685,CAN01461,2026-08-07,initial_contact,CA008
ACT003686,CAN01461,2026-08-15,initial_interview,CA008
ACT003687,CAN01461,2026-09-06,follow_up,CA008
ACT003688,CAN01461,2026-09-30,follow_up,CA008
ACT003689,CAN01462,2026-09-16,initial_contact,CA005
ACT003690,CAN01463,2025-08-04,initial_contact,CA021
ACT003691,CAN01463,2025-08-08,initial_interview,CA021
ACT003692,CAN01463,2025-08-19,follow_up,CA021
ACT003693,CAN01464,2026-09-26,initial_contact,CA018
ACT003694,CAN01465,2025-12-01,initial_contact,CA002
ACT003695,CAN01466,2025-06-20,initial_contact,CA006
ACT003696,CAN01466,2025-06-21,initial_interview,CA006
ACT003697,CAN01466,2025-07-01,follow_up,CA006
ACT003698,CAN01467,2026-02-24,initial_contact,CA009
ACT003699,CAN01468,2026-03-09,initial_contact,CA021
ACT003700,CAN01468,2026-03-16,initial_interview,CA021
ACT003701,CAN01468,2026-04-08,follow_up,CA021
ACT003702,CAN01469,2025-09-02,initial_contact,CA007
ACT003703,CAN01469,2025-09-04,initial_interview,CA007
ACT003705,CAN01470,2025-10-07,initial_contact,CA009
ACT003706,CAN01470,2025-10-12,initial_interview,CA009
ACT003707,CAN01470,2025-10-31,follow_up,CA009
ACT003708,CAN01471,2025-07-27,initial_contact,CA009
ACT003709,CAN01471,2025-07-29,initial_interview,CA009
ACT003710,CAN01472,2026-03-05,initial_contact,CA013
ACT003711,CAN01472,2026-03-14,initial_interview,CA013
ACT003712,CAN01472,2026-04-06,follow_up,CA013
ACT003713,CAN01473,2026-02-01,initial_contact,CA020
ACT003714,CAN01473,2026-02-10,initial_interview,CA020
ACT003715,CAN01473,2026-02-20,follow_up,CA020
ACT003716,CAN01474,2026-07-29,initial_contact,CA022
ACT003717,CAN01474,2026-08-02,initial_interview,CA022
ACT003718,CAN01475,2026-09-27,initial_contact,CA006
ACT003719,CAN01476,2026-04-25,initial_contact,CA021
ACT003720,CAN01476,2026-04-28,initial_interview,CA021
ACT003721,CAN01477,2025-04-10,initial_contact,CA019
ACT003722,CAN01477,2025-04-15,initial_interview,CA019
ACT003723,CAN01477,2025-05-01,follow_up,CA019
ACT003724,CAN01478,2026-03-05,initial_contact,CA015
ACT003725,CAN01478,2026-03-10,initial_interview,CA015
ACT003726,CAN01478,2026-03-29,follow_up,CA015
ACT003727,CAN01478,2026-04-11,follow_up,CA015
ACT003728,CAN01479,2025-05-03,initial_contact,CA021
ACT003729,CAN01480,2026-01-13,initial_contact,CA007
ACT003730,CAN01480,2026-01-18,initial_interview,CA007
ACT003731,CAN01480,2026-02-07,follow_up,CA007
ACT003732,CAN01481,2025-10-22,initial_contact,CA010
ACT003733,CAN01481,2025-10-25,initial_interview,CA010
ACT003734,CAN01482,2025-05-11,initial_contact,CA006
ACT003735,CAN01483,2025-10-30,initial_contact,CA008
ACT003736,CAN01483,2025-11-04,initial_interview,CA008
ACT003737,CAN01483,2025-11-14,follow_up,CA008
ACT003739,CAN01484,2025-06-27,initial_contact,CA010
ACT003740,CAN01484,2025-06-30,initial_interview,CA010
ACT003741,CAN01485,2025-03-26,initial_contact,CA004
ACT003742,CAN01485,2025-03-27,initial_interview,CA004
ACT003743,CAN01485,2025-04-15,follow_up,CA004
ACT003744,CAN01486,2026-04-20,initial_contact,CA020
ACT003745,CAN01486,2026-04-29,initial_interview,CA020
ACT003746,CAN01486,2026-05-12,follow_up,CA020
ACT003747,CAN01488,2025-04-23,initial_contact,CA021
ACT003748,CAN01488,2025-04-24,initial_interview,CA021
ACT003749,CAN01488,2025-05-06,follow_up,CA021
ACT003750,CAN01489,2026-07-29,initial_contact,CA012
ACT003751,CAN01489,2026-08-06,initial_interview,CA012
ACT003752,CAN01489,2026-08-22,follow_up,CA012
ACT003753,CAN01490,2025-02-28,initial_contact,CA008
ACT003754,CAN01490,2025-03-01,initial_interview,CA008
ACT003755,CAN01491,2026-06-04,initial_contact,CA010
ACT003756,CAN01491,2026-06-10,initial_interview,CA010
ACT003758,CAN01492,2026-07-30,initial_contact,CA007
ACT003759,CAN01492,2026-08-05,initial_interview,CA007
ACT003760,CAN01492,2026-08-13,follow_up,CA007
ACT003761,CAN01493,2026-09-05,initial_contact,CA008
ACT003762,CAN01493,2026-09-13,initial_interview,CA008
ACT003763,CAN01494,2026-03-11,initial_contact,CA001
ACT003764,CAN01495,2026-07-09,initial_contact,CA001
ACT003765,CAN01495,2026-07-19,initial_interview,CA001
ACT003766,CAN01496,2025-07-23,initial_contact,CA019
ACT003767,CAN01497,2026-04-19,initial_contact,CA012
ACT003768,CAN01497,2026-04-27,initial_interview,CA012
ACT003769,CAN01497,2026-05-07,follow_up,CA012
ACT003770,CAN01497,2026-05-20,follow_up,CA012
ACT003771,CAN01498,2025-10-25,initial_contact,CA012
ACT003772,CAN01498,2025-10-27,initial_interview,CA012
ACT003773,CAN01498,2025-11-12,follow_up,CA012
ACT003774,CAN01499,2026-06-19,initial_contact,CA005
ACT003775,CAN01499,2026-06-27,initial_interview,CA005
ACT003776,CAN01499,2026-07-21,follow_up,CA005
ACT003777,CAN01500,2025-06-13,initial_contact,CA017
ACT003778,CAN01500,2025-06-15,initial_interview,CA017
ACT003779,CAN01500,2025-07-03,follow_up,CA017
ACT003780,CAN01501,2026-02-08,initial_contact,CA012
ACT003781,CAN01501,2026-02-18,initial_interview,CA012
ACT003782,CAN01501,2026-03-02,follow_up,CA012
ACT003783,CAN01501,2026-03-15,follow_up,CA012
ACT003784,CAN01502,2025-03-19,initial_contact,CA009
ACT003785,CAN01502,2025-03-20,initial_interview,CA009
ACT003786,CAN01502,2025-04-03,follow_up,CA009
ACT003787,CAN01503,2025-09-08,initial_contact,CA011
ACT003788,CAN01503,2025-09-12,initial_interview,CA011
ACT003789,CAN01503,2025-09-21,follow_up,CA011
ACT003790,CAN01504,2025-06-23,initial_contact,CA016
ACT003791,CAN01504,2025-06-25,initial_interview,CA016
ACT003792,CAN01504,2025-07-07,follow_up,CA016
ACT003793,CAN01505,2025-12-20,initial_contact,CA008
ACT003794,CAN01505,2025-12-22,initial_interview,CA008
ACT003795,CAN01505,2026-01-07,follow_up,CA008
ACT003796,CAN01505,2026-01-21,follow_up,CA008
ACT003797,CAN01506,2025-05-25,initial_contact,CA004
ACT003798,CAN01506,2025-05-30,initial_interview,CA004
ACT003799,CAN01506,2025-06-06,follow_up,CA004
ACT003800,CAN01507,2025-05-11,initial_contact,CA018
ACT003801,CAN01508,2026-01-14,initial_contact,CA005
ACT003802,CAN01509,2025-04-03,initial_contact,CA011
ACT003803,CAN01509,2025-04-07,initial_interview,CA011
ACT003804,CAN01510,2025-05-06,initial_contact,CA005
ACT003805,CAN01511,2026-08-26,initial_contact,CA006
ACT003806,CAN01511,2026-09-05,initial_interview,CA006
ACT003807,CAN01512,2025-07-05,initial_contact,CA015
ACT003808,CAN01512,2025-07-10,initial_interview,CA015
ACT003809,CAN01512,2025-07-20,follow_up,CA015
ACT003810,CAN01513,2026-09-09,initial_contact,CA021
ACT003811,CAN01514,2026-06-01,initial_contact,CA010
ACT003812,CAN01514,2026-06-08,initial_interview,CA010
ACT003813,CAN01515,2026-06-06,initial_contact,CA013
ACT003814,CAN01515,2026-06-14,initial_interview,CA013
ACT003815,CAN01515,2026-07-04,follow_up,CA013
ACT003816,CAN01516,2025-09-17,initial_contact,CA012
ACT003817,CAN01517,2025-05-18,initial_contact,CA019
ACT003818,CAN01517,2025-05-19,initial_interview,CA019
ACT003819,CAN01518,2025-07-03,initial_contact,CA008
ACT003820,CAN01518,2025-07-05,initial_interview,CA008
ACT003821,CAN01519,2026-08-31,initial_contact,CA005
ACT003822,CAN01519,2026-09-09,initial_interview,CA005
ACT003823,CAN01519,2026-09-27,follow_up,CA005
ACT003824,CAN01520,2026-05-12,initial_contact,CA013
ACT003825,CAN01520,2026-05-20,initial_interview,CA013
ACT003826,CAN01520,2026-05-28,follow_up,CA013
ACT003827,CAN01521,2026-05-06,initial_contact,CA003
ACT003828,CAN01521,2026-05-15,initial_interview,CA003
ACT003829,CAN01521,2026-06-08,follow_up,CA003
ACT003830,CAN01522,2025-12-18,initial_contact,CA001
ACT003831,CAN01522,2025-12-25,initial_interview,CA001
ACT003832,CAN01523,2026-03-26,initial_contact,CA005
ACT003833,CAN01523,2026-04-02,initial_interview,CA005
ACT003834,CAN01523,2026-04-13,follow_up,CA005
ACT003835,CAN01524,2025-12-08,initial_contact,CA021
ACT003836,CAN01524,2025-12-10,initial_interview,CA021
ACT003837,CAN01524,2025-12-25,follow_up,CA021
ACT003838,CAN01525,2025-05-12,initial_contact,CA001
ACT003839,CAN01525,2025-05-17,initial_interview,CA001
ACT003840,CAN01525,2025-06-06,follow_up,CA001
ACT003841,CAN01526,2025-11-26,initial_contact,CA001
ACT003842,CAN01526,2025-11-29,initial_interview,CA001
ACT003843,CAN01527,2025-08-28,initial_contact,CA012
ACT003844,CAN01527,2025-09-01,initial_interview,CA012
ACT003845,CAN01527,2025-09-18,follow_up,CA012
ACT003846,CAN01528,2026-05-30,initial_contact,CA017
ACT003847,CAN01528,2026-06-05,initial_interview,CA017
ACT003848,CAN01528,2026-06-15,follow_up,CA017
ACT003849,CAN01529,2025-10-12,initial_contact,CA021
ACT003850,CAN01530,2025-12-04,initial_contact,CA001
ACT003851,CAN01530,2025-12-12,initial_interview,CA001
ACT003852,CAN01530,2025-12-25,follow_up,CA001
ACT003853,CAN01531,2025-07-26,initial_contact,CA020
ACT003854,CAN01531,2025-07-30,initial_interview,CA020
ACT003855,CAN01532,2025-08-26,initial_contact,CA013
ACT003856,CAN01533,2026-08-13,initial_contact,CA011
ACT003857,CAN01534,2026-05-21,initial_contact,CA003
ACT003858,CAN01534,2026-05-29,initial_interview,CA003
ACT003859,CAN01535,2026-02-21,initial_contact,CA016
ACT003860,CAN01535,2026-03-01,initial_interview,CA016
ACT003861,CAN01535,2026-03-14,follow_up,CA016
ACT003862,CAN01535,2026-04-01,follow_up,CA016
ACT003863,CAN01536,2025-06-11,initial_contact,CA019
ACT003864,CAN01536,2025-06-14,initial_interview,CA019
ACT003865,CAN01536,2025-06-30,follow_up,CA019
ACT003866,CAN01537,2026-04-17,initial_contact,CA021
ACT003867,CAN01537,2026-04-27,initial_interview,CA021
ACT003868,CAN01537,2026-05-13,follow_up,CA021
ACT003869,CAN01538,2026-02-16,initial_contact,CA011
ACT003870,CAN01539,2026-08-11,initial_contact,CA021
ACT003871,CAN01539,2026-08-17,initial_interview,CA021
ACT003872,CAN01539,2026-09-04,follow_up,CA021
ACT003873,CAN01540,2025-12-28,initial_contact,CA010
ACT003874,CAN01540,2025-12-31,initial_interview,CA010
ACT003875,CAN01541,2025-07-21,initial_contact,CA006
ACT003876,CAN01541,2025-07-24,initial_interview,CA006
ACT003877,CAN01542,2026-08-06,initial_contact,CA006
ACT003878,CAN01542,2026-08-14,initial_interview,CA006
ACT003879,CAN01543,2025-07-18,initial_contact,CA001
ACT003880,CAN01544,2025-04-15,initial_contact,CA017
ACT003881,CAN01544,2025-04-17,initial_interview,CA017
ACT003882,CAN01544,2025-04-30,follow_up,CA017
ACT003883,CAN01545,2026-01-07,initial_contact,CA001
ACT003884,CAN01545,2026-01-14,initial_interview,CA001
ACT003885,CAN01546,2025-12-08,initial_contact,CA002
ACT003886,CAN01546,2025-12-10,initial_interview,CA002
ACT003887,CAN01546,2025-12-28,follow_up,CA002
ACT003888,CAN01547,2026-06-26,initial_contact,CA015
ACT003889,CAN01547,2026-06-29,initial_interview,CA015
ACT003890,CAN01548,2025-06-16,initial_contact,CA010
ACT003891,CAN01548,2025-06-18,initial_interview,CA010
ACT003892,CAN01548,2025-07-04,follow_up,CA010
ACT003893,CAN01549,2026-03-10,initial_contact,CA014
ACT003894,CAN01549,2026-03-16,initial_interview,CA014
ACT003895,CAN01550,2026-06-17,initial_contact,CA015
ACT003896,CAN01550,2026-06-26,initial_interview,CA015
ACT003898,CAN01551,2026-01-04,initial_contact,CA004
ACT003899,CAN01551,2026-01-12,initial_interview,CA004
ACT003900,CAN01552,2026-01-05,initial_contact,CA014
ACT003901,CAN01552,2026-01-12,initial_interview,CA014
ACT003902,CAN01552,2026-01-24,follow_up,CA014
ACT003903,CAN01552,2026-02-04,follow_up,CA014
ACT003904,CAN01553,2026-01-29,initial_contact,CA013
ACT003905,CAN01553,2026-02-07,initial_interview,CA013
ACT003906,CAN01554,2025-06-24,initial_contact,CA016
ACT003907,CAN01554,2025-06-25,initial_interview,CA016
ACT003908,CAN01554,2025-07-09,follow_up,CA016
ACT003909,CAN01554,2025-07-17,follow_up,CA016
ACT003910,CAN01555,2026-07-22,initial_contact,CA022
ACT003911,CAN01555,2026-07-29,initial_interview,CA022
ACT003912,CAN01556,2026-04-23,initial_contact,CA017
ACT003913,CAN01556,2026-05-01,initial_interview,CA017
ACT003914,CAN01556,2026-05-20,follow_up,CA017
ACT003915,CAN01557,2026-06-05,initial_contact,CA015
ACT003916,CAN01557,2026-06-12,initial_interview,CA015
ACT003917,CAN01557,2026-07-03,follow_up,CA015
ACT003918,CAN01558,2026-07-15,initial_contact,CA019
ACT003919,CAN01559,2025-11-26,initial_contact,CA008
ACT003920,CAN01559,2025-12-01,initial_interview,CA008
ACT003921,CAN01559,2025-12-16,follow_up,CA008
ACT003922,CAN01560,2025-12-19,initial_contact,CA020
ACT003923,CAN01560,2025-12-23,initial_interview,CA020
ACT003924,CAN01560,2026-01-01,follow_up,CA020
ACT003926,CAN01561,2025-08-18,initial_contact,CA019
ACT003927,CAN01561,2025-08-19,initial_interview,CA019
ACT003928,CAN01562,2025-07-31,initial_contact,CA013
ACT003929,CAN01563,2025-09-30,initial_contact,CA016
ACT003930,CAN01563,2025-10-05,initial_interview,CA016
ACT003931,CAN01563,2025-10-14,follow_up,CA016
ACT003932,CAN01564,2025-01-17,initial_contact,CA010
ACT003933,CAN01564,2025-01-18,initial_interview,CA010
ACT003934,CAN01565,2026-02-20,initial_contact,CA004
ACT003935,CAN01565,2026-02-26,initial_interview,CA004
ACT003936,CAN01565,2026-03-20,follow_up,CA004
ACT003937,CAN01566,2025-01-22,initial_contact,CA012
ACT003938,CAN01566,2025-01-23,initial_interview,CA012
ACT003939,CAN01566,2025-01-31,follow_up,CA012
ACT003940,CAN01566,2025-02-12,follow_up,CA012
ACT003941,CAN01567,2026-01-07,initial_contact,CA012
ACT003942,CAN01567,2026-01-11,initial_interview,CA012
ACT003943,CAN01567,2026-01-25,follow_up,CA012
ACT003944,CAN01568,2025-05-29,initial_contact,CA001
ACT003945,CAN01568,2025-06-02,initial_interview,CA001
ACT003946,CAN01569,2026-04-27,initial_contact,CA001
ACT003947,CAN01569,2026-05-06,initial_interview,CA001
ACT003948,CAN01570,2026-05-05,initial_contact,CA014
ACT003949,CAN01570,2026-05-14,initial_interview,CA014
ACT003950,CAN01570,2026-06-01,follow_up,CA014
ACT003951,CAN01571,2026-04-20,initial_contact,CA015
ACT003952,CAN01571,2026-04-27,initial_interview,CA015
ACT003953,CAN01571,2026-05-17,follow_up,CA015
ACT003954,CAN01572,2025-02-27,initial_contact,CA019
ACT003955,CAN01572,2025-03-02,initial_interview,CA019
ACT003956,CAN01572,2025-03-15,follow_up,CA019
ACT003957,CAN01573,2026-01-30,initial_contact,CA009
ACT003958,CAN01573,2026-02-06,initial_interview,CA009
ACT003959,CAN01573,2026-02-18,follow_up,CA009
ACT003960,CAN01574,2026-06-17,initial_contact,CA007
ACT003961,CAN01574,2026-06-27,initial_interview,CA007
ACT003962,CAN01574,2026-07-10,follow_up,CA007
ACT003963,CAN01574,2026-07-26,follow_up,CA007
ACT003964,CAN01575,2025-02-04,initial_contact,CA015
ACT003965,CAN01575,2025-02-06,initial_interview,CA015
ACT003966,CAN01575,2025-02-17,follow_up,CA015
ACT003967,CAN01576,2026-06-30,initial_contact,CA019
ACT003968,CAN01577,2026-04-14,initial_contact,CA017
ACT003969,CAN01577,2026-04-21,initial_interview,CA017
ACT003970,CAN01577,2026-05-04,follow_up,CA017
ACT003971,CAN01578,2026-01-31,initial_contact,CA012
ACT003972,CAN01578,2026-02-06,initial_interview,CA012
ACT003973,CAN01579,2026-06-30,initial_contact,CA009
ACT003974,CAN01579,2026-07-08,initial_interview,CA009
ACT003975,CAN01579,2026-07-24,follow_up,CA009
ACT003976,CAN01580,2025-10-17,initial_contact,CA011
ACT003977,CAN01580,2025-10-18,initial_interview,CA011
ACT003978,CAN01580,2025-11-06,follow_up,CA011
ACT003979,CAN01581,2026-03-06,initial_contact,CA018
ACT003980,CAN01581,2026-03-16,initial_interview,CA018
ACT003982,CAN01582,2025-11-16,initial_contact,CA001
ACT003983,CAN01582,2025-11-20,initial_interview,CA001
ACT003984,CAN01582,2025-11-27,follow_up,CA001
ACT003985,CAN01583,2026-07-11,initial_contact,CA020
ACT003986,CAN01583,2026-07-17,initial_interview,CA020
ACT003987,CAN01583,2026-08-10,follow_up,CA020
ACT003988,CAN01584,2025-11-18,initial_contact,CA018
ACT003989,CAN01584,2025-11-23,initial_interview,CA018
ACT003992,CAN01585,2025-08-11,initial_contact,CA011
ACT003993,CAN01585,2025-08-15,initial_interview,CA011
ACT003994,CAN01585,2025-08-28,follow_up,CA011
ACT003995,CAN01585,2025-09-13,follow_up,CA011
ACT003996,CAN01586,2025-07-04,initial_contact,CA010
ACT003997,CAN01586,2025-07-05,initial_interview,CA010
ACT003998,CAN01586,2025-07-23,follow_up,CA010
ACT003999,CAN01586,2025-08-10,follow_up,CA010
ACT004000,CAN01587,2026-06-14,initial_contact,CA001
ACT004001,CAN01587,2026-06-22,initial_interview,CA001
ACT004002,CAN01587,2026-07-04,follow_up,CA001
ACT004003,CAN01588,2025-07-09,initial_contact,CA011
ACT004004,CAN01588,2025-07-14,initial_interview,CA011
ACT004005,CAN01589,2025-09-23,initial_contact,CA021
ACT004006,CAN01589,2025-09-25,initial_interview,CA021
ACT004007,CAN01589,2025-10-05,follow_up,CA021
ACT004008,CAN01590,2026-09-18,initial_contact,CA003
ACT004009,CAN01590,2026-09-28,initial_interview,CA003
ACT004010,CAN01591,2026-02-20,initial_contact,CA015
ACT004011,CAN01592,2026-01-30,initial_contact,CA018
ACT004012,CAN01592,2026-02-04,initial_interview,CA018
ACT004013,CAN01592,2026-02-18,follow_up,CA018
ACT004014,CAN01593,2025-05-14,initial_contact,CA002
ACT004015,CAN01593,2025-05-15,initial_interview,CA002
ACT004017,CAN01594,2025-11-08,initial_contact,CA004
ACT004018,CAN01594,2025-11-14,initial_interview,CA004
ACT004019,CAN01595,2025-11-01,initial_contact,CA002
ACT004020,CAN01595,2025-11-06,initial_interview,CA002
ACT004021,CAN01595,2025-11-22,follow_up,CA002
ACT004022,CAN01595,2025-12-10,follow_up,CA002
ACT004023,CAN01596,2026-04-21,initial_contact,CA012
ACT004024,CAN01596,2026-04-27,initial_interview,CA012
ACT004025,CAN01596,2026-05-14,follow_up,CA012
ACT004026,CAN01597,2026-05-22,initial_contact,CA019
ACT004027,CAN01597,2026-05-30,initial_interview,CA019
ACT004028,CAN01598,2026-03-14,initial_contact,CA007
ACT004029,CAN01598,2026-03-20,initial_interview,CA007
ACT004030,CAN01598,2026-04-02,follow_up,CA007
ACT004031,CAN01599,2025-04-29,initial_contact,CA003
ACT004032,CAN01599,2025-05-03,initial_interview,CA003
ACT004033,CAN01600,2025-06-01,initial_contact,CA013
ACT004034,CAN01600,2025-06-02,initial_interview,CA013
ACT004035,CAN01601,2026-09-18,initial_contact,CA002
ACT004036,CAN01601,2026-09-24,initial_interview,CA002
ACT004037,CAN01602,2026-08-28,initial_contact,CA012
ACT004038,CAN01602,2026-09-06,initial_interview,CA012
ACT004039,CAN01602,2026-09-28,follow_up,CA012
ACT004040,CAN01603,2026-03-31,initial_contact,CA011
ACT004041,CAN01603,2026-04-08,initial_interview,CA011
ACT004042,CAN01604,2026-06-16,initial_contact,CA022
ACT004043,CAN01604,2026-06-24,initial_interview,CA022
ACT004044,CAN01604,2026-07-08,follow_up,CA022
ACT004045,CAN01604,2026-07-29,follow_up,CA022
ACT004046,CAN01605,2025-04-04,initial_contact,CA021
ACT004047,CAN01605,2025-04-05,initial_interview,CA021
ACT004048,CAN01606,2025-05-04,initial_contact,CA003
ACT004049,CAN01607,2026-01-11,initial_contact,CA005
ACT004050,CAN01607,2026-01-15,initial_interview,CA005
ACT004051,CAN01607,2026-01-28,follow_up,CA005
ACT004052,CAN01608,2026-03-17,initial_contact,CA006
ACT004053,CAN01608,2026-03-21,initial_interview,CA006
ACT004054,CAN01609,2025-10-11,initial_contact,CA021
ACT004055,CAN01609,2025-10-16,initial_interview,CA021
ACT004056,CAN01609,2025-10-28,follow_up,CA021
ACT004057,CAN01610,2025-02-06,initial_contact,CA010
ACT004058,CAN01610,2025-02-08,initial_interview,CA010
ACT004059,CAN01611,2025-09-25,initial_contact,CA003
ACT004060,CAN01611,2025-09-28,initial_interview,CA003
ACT004061,CAN01612,2026-02-23,initial_contact,CA016
ACT004062,CAN01612,2026-03-01,initial_interview,CA016
ACT004063,CAN01613,2026-06-05,initial_contact,CA006
ACT004064,CAN01613,2026-06-11,initial_interview,CA006
ACT004065,CAN01613,2026-06-26,follow_up,CA006
ACT004066,CAN01614,2026-03-16,initial_contact,CA016
ACT004067,CAN01614,2026-03-22,initial_interview,CA016
ACT004068,CAN01615,2026-09-30,initial_contact,CA010
ACT004069,CAN01616,2026-02-19,initial_contact,CA009
ACT004070,CAN01616,2026-02-22,initial_interview,CA009
ACT004071,CAN01616,2026-03-14,follow_up,CA009
ACT004072,CAN01617,2025-08-04,initial_contact,CA020
ACT004073,CAN01617,2025-08-07,initial_interview,CA020
ACT004074,CAN01617,2025-08-15,follow_up,CA020
ACT004075,CAN01618,2025-03-12,initial_contact,CA011
ACT004076,CAN01618,2025-03-17,initial_interview,CA011
ACT004077,CAN01619,2026-01-30,initial_contact,CA014
ACT004078,CAN01619,2026-02-03,initial_interview,CA014
ACT004079,CAN01620,2025-08-01,initial_contact,CA003
ACT004080,CAN01620,2025-08-03,initial_interview,CA003
ACT004081,CAN01621,2025-11-12,initial_contact,CA017
ACT004082,CAN01622,2026-08-18,initial_contact,CA001
ACT004083,CAN01622,2026-08-25,initial_interview,CA001
ACT004084,CAN01622,2026-09-13,follow_up,CA001
ACT004085,CAN01623,2025-07-18,initial_contact,CA015
ACT004086,CAN01623,2025-07-21,initial_interview,CA015
ACT004087,CAN01623,2025-08-07,follow_up,CA015
ACT004088,CAN01623,2025-08-26,follow_up,CA015
ACT004089,CAN01624,2026-03-06,initial_contact,CA010
ACT004090,CAN01624,2026-03-09,initial_interview,CA010
ACT004091,CAN01624,2026-03-25,follow_up,CA010
ACT004092,CAN01625,2025-11-14,initial_contact,CA018
ACT004093,CAN01626,2025-10-04,initial_contact,CA016
ACT004094,CAN01626,2025-10-09,initial_interview,CA016
ACT004095,CAN01626,2025-10-26,follow_up,CA016
ACT004096,CAN01627,2025-07-23,initial_contact,CA015
ACT004097,CAN01627,2025-07-25,initial_interview,CA015
ACT004098,CAN01628,2025-08-20,initial_contact,CA012
ACT004099,CAN01628,2025-08-24,initial_interview,CA012
ACT004100,CAN01629,2026-09-21,initial_contact,CA011
ACT004101,CAN01629,2026-09-28,initial_interview,CA011
ACT004102,CAN01630,2026-07-01,initial_contact,CA022
ACT004103,CAN01630,2026-07-10,initial_interview,CA022
ACT004104,CAN01630,2026-07-27,follow_up,CA022
ACT004105,CAN01631,2025-09-03,initial_contact,CA007
ACT004106,CAN01631,2025-09-06,initial_interview,CA007
ACT004107,CAN01631,2025-09-17,follow_up,CA007
ACT004108,CAN01632,2025-11-18,initial_contact,CA018
ACT004109,CAN01632,2025-11-25,initial_interview,CA018
ACT004110,CAN01632,2025-12-05,follow_up,CA018
ACT004111,CAN01632,2025-12-16,follow_up,CA018
ACT004112,CAN01633,2025-06-22,initial_contact,CA020
ACT004113,CAN01633,2025-06-27,initial_interview,CA020
ACT004114,CAN01633,2025-07-13,follow_up,CA020
ACT004115,CAN01634,2026-07-07,initial_contact,CA018
ACT004116,CAN01634,2026-07-17,initial_interview,CA018
ACT004117,CAN01634,2026-07-27,follow_up,CA018
ACT004118,CAN01635,2026-05-06,initial_contact,CA020
ACT004119,CAN01635,2026-05-16,initial_interview,CA020
ACT004120,CAN01635,2026-06-08,follow_up,CA020
ACT004121,CAN01636,2026-07-13,initial_contact,CA008
ACT004122,CAN01636,2026-07-16,initial_interview,CA008
ACT004123,CAN01636,2026-07-26,follow_up,CA008
ACT004124,CAN01637,2026-03-26,initial_contact,CA009
ACT004125,CAN01637,2026-04-02,initial_interview,CA009
ACT004126,CAN01638,2026-02-17,initial_contact,CA001
ACT004127,CAN01638,2026-02-27,initial_interview,CA001
ACT004128,CAN01638,2026-03-06,follow_up,CA001
ACT004129,CAN01639,2026-04-09,initial_contact,CA019
ACT004130,CAN01639,2026-04-15,initial_interview,CA019
ACT004131,CAN01639,2026-04-24,follow_up,CA019
ACT004132,CAN01640,2025-11-16,initial_contact,CA010
ACT004133,CAN01640,2025-11-17,initial_interview,CA010
ACT004134,CAN01640,2025-12-06,follow_up,CA010
ACT004135,CAN01640,2025-12-21,follow_up,CA010
ACT004136,CAN01641,2026-05-18,initial_contact,CA008
ACT004137,CAN01641,2026-05-26,initial_interview,CA008
ACT004138,CAN01641,2026-06-04,follow_up,CA008
ACT004140,CAN01642,2026-04-21,initial_contact,CA003
ACT004141,CAN01642,2026-04-30,initial_interview,CA003
ACT004142,CAN01643,2025-04-04,initial_contact,CA002
ACT004143,CAN01643,2025-04-06,initial_interview,CA002
ACT004144,CAN01643,2025-04-13,follow_up,CA002
ACT004145,CAN01644,2025-08-27,initial_contact,CA001
ACT004146,CAN01644,2025-09-01,initial_interview,CA001
ACT004147,CAN01644,2025-09-11,follow_up,CA001
ACT004148,CAN01644,2025-09-21,follow_up,CA001
ACT004149,CAN01645,2025-03-07,initial_contact,CA015
ACT004150,CAN01646,2025-12-06,initial_contact,CA020
ACT004151,CAN01647,2026-05-10,initial_contact,CA014
ACT004152,CAN01647,2026-05-17,initial_interview,CA014
ACT004153,CAN01647,2026-06-01,follow_up,CA014
ACT004154,CAN01647,2026-06-18,follow_up,CA014
ACT004155,CAN01648,2025-06-09,initial_contact,CA018
ACT004156,CAN01648,2025-06-10,initial_interview,CA018
ACT004157,CAN01648,2025-06-19,follow_up,CA018
ACT004158,CAN01649,2025-04-12,initial_contact,CA017
ACT004159,CAN01649,2025-04-15,initial_interview,CA017
ACT004160,CAN01649,2025-05-03,follow_up,CA017
ACT004161,CAN01650,2025-07-31,initial_contact,CA014
ACT004162,CAN01650,2025-08-01,initial_interview,CA014
ACT004163,CAN01651,2026-08-28,initial_contact,CA015
ACT004164,CAN01651,2026-09-05,initial_interview,CA015
ACT004165,CAN01652,2025-11-05,initial_contact,CA008
ACT004166,CAN01652,2025-11-12,initial_interview,CA008
ACT004167,CAN01652,2025-11-23,follow_up,CA008
ACT004168,CAN01653,2026-04-02,initial_contact,CA020
ACT004169,CAN01653,2026-04-08,initial_interview,CA020
ACT004170,CAN01654,2025-06-18,initial_contact,CA001
ACT004171,CAN01654,2025-06-21,initial_interview,CA001
ACT004172,CAN01655,2026-05-04,initial_contact,CA005
ACT004173,CAN01656,2025-03-06,initial_contact,CA001
ACT004174,CAN01656,2025-03-09,initial_interview,CA001
ACT004175,CAN01656,2025-03-29,follow_up,CA001
ACT004176,CAN01657,2025-11-21,initial_contact,CA014
ACT004177,CAN01657,2025-11-27,initial_interview,CA014
ACT004178,CAN01657,2025-12-09,follow_up,CA014
ACT004179,CAN01658,2026-09-15,initial_contact,CA017
ACT004180,CAN01658,2026-09-22,initial_interview,CA017
ACT004181,CAN01659,2026-01-21,initial_contact,CA017
ACT004182,CAN01659,2026-01-24,initial_interview,CA017
ACT004183,CAN01659,2026-02-03,follow_up,CA017
ACT004184,CAN01660,2026-03-18,initial_contact,CA014
ACT004185,CAN01660,2026-03-25,initial_interview,CA014
ACT004186,CAN01660,2026-04-06,follow_up,CA014
ACT004187,CAN01661,2025-01-13,initial_contact,CA020
ACT004188,CAN01662,2025-07-29,initial_contact,CA003
ACT004189,CAN01662,2025-08-02,initial_interview,CA003
ACT004190,CAN01662,2025-08-17,follow_up,CA003
ACT004191,CAN01663,2026-01-30,initial_contact,CA014
ACT004192,CAN01663,2026-02-07,initial_interview,CA014
ACT004193,CAN01663,2026-02-16,follow_up,CA014
ACT004194,CAN01663,2026-02-24,follow_up,CA014
ACT004195,CAN01664,2025-08-14,initial_contact,CA021
ACT004196,CAN01665,2025-10-29,initial_contact,CA009
ACT004197,CAN01665,2025-11-01,initial_interview,CA009
ACT004198,CAN01665,2025-11-14,follow_up,CA009
ACT004199,CAN01666,2026-04-20,initial_contact,CA010
ACT004200,CAN01666,2026-04-25,initial_interview,CA010
ACT004201,CAN01666,2026-05-06,follow_up,CA010
ACT004202,CAN01667,2026-01-01,initial_contact,CA001
ACT004203,CAN01667,2026-01-05,initial_interview,CA001
ACT004204,CAN01667,2026-01-21,follow_up,CA001
ACT004205,CAN01668,2025-01-27,initial_contact,CA020
ACT004206,CAN01668,2025-01-31,initial_interview,CA020
ACT004207,CAN01669,2026-05-02,initial_contact,CA004
ACT004208,CAN01669,2026-05-09,initial_interview,CA004
ACT004209,CAN01670,2025-10-04,initial_contact,CA012
ACT004210,CAN01670,2025-10-06,initial_interview,CA012
ACT004211,CAN01671,2026-06-24,initial_contact,CA014
ACT004212,CAN01671,2026-06-30,initial_interview,CA014
ACT004213,CAN01671,2026-07-10,follow_up,CA014
ACT004214,CAN01671,2026-07-23,follow_up,CA014
ACT004215,CAN01672,2026-06-27,initial_contact,CA020
ACT004216,CAN01672,2026-07-07,initial_interview,CA020
ACT004217,CAN01672,2026-07-26,follow_up,CA020
ACT004218,CAN01673,2026-02-14,initial_contact,CA006
ACT004219,CAN01673,2026-02-20,initial_interview,CA006
ACT004220,CAN01674,2026-09-19,initial_contact,CA002
ACT004221,CAN01674,2026-09-26,initial_interview,CA002
ACT004222,CAN01675,2025-11-03,initial_contact,CA018
ACT004223,CAN01676,2025-03-26,initial_contact,CA012
ACT004224,CAN01676,2025-03-31,initial_interview,CA012
ACT004225,CAN01677,2025-11-14,initial_contact,CA020
ACT004226,CAN01677,2025-11-21,initial_interview,CA020
ACT004227,CAN01677,2025-11-30,follow_up,CA020
ACT004228,CAN01678,2025-06-19,initial_contact,CA013
ACT004229,CAN01678,2025-06-22,initial_interview,CA013
ACT004230,CAN01678,2025-07-09,follow_up,CA013
ACT004231,CAN01679,2025-07-12,initial_contact,CA010
ACT004232,CAN01679,2025-07-16,initial_interview,CA010
ACT004233,CAN01680,2026-03-04,initial_contact,CA021
ACT004234,CAN01680,2026-03-11,initial_interview,CA021
ACT004235,CAN01680,2026-03-25,follow_up,CA021
ACT004236,CAN01681,2026-04-26,initial_contact,CA007
ACT004237,CAN01681,2026-05-05,initial_interview,CA007
ACT004238,CAN01682,2026-02-08,initial_contact,CA017
ACT004239,CAN01682,2026-02-13,initial_interview,CA017
ACT004240,CAN01683,2026-03-31,initial_contact,CA021
ACT004241,CAN01683,2026-04-04,initial_interview,CA021
ACT004242,CAN01683,2026-04-26,follow_up,CA021
ACT004243,CAN01684,2025-07-17,initial_contact,CA012
ACT004244,CAN01685,2026-01-18,initial_contact,CA010
ACT004245,CAN01686,2026-03-08,initial_contact,CA008
ACT004246,CAN01686,2026-03-14,initial_interview,CA008
ACT004247,CAN01686,2026-03-27,follow_up,CA008
ACT004248,CAN01687,2025-06-09,initial_contact,CA012
ACT004249,CAN01687,2025-06-11,initial_interview,CA012
ACT004250,CAN01688,2026-03-08,initial_contact,CA015
ACT004251,CAN01688,2026-03-16,initial_interview,CA015
ACT004252,CAN01688,2026-03-23,follow_up,CA015
ACT004253,CAN01689,2026-01-06,initial_contact,CA014
ACT004254,CAN01690,2025-05-10,initial_contact,CA019
ACT004255,CAN01690,2025-05-14,initial_interview,CA019
ACT004256,CAN01690,2025-05-30,follow_up,CA019
ACT004257,CAN01691,2025-05-11,initial_contact,CA002
ACT004258,CAN01691,2025-05-13,initial_interview,CA002
ACT004259,CAN01691,2025-05-27,follow_up,CA002
ACT004260,CAN01692,2026-01-12,initial_contact,CA014
ACT004261,CAN01692,2026-01-18,initial_interview,CA014
ACT004262,CAN01693,2026-03-26,initial_contact,CA015
ACT004263,CAN01693,2026-03-30,initial_interview,CA015
ACT004264,CAN01694,2026-07-23,initial_contact,CA017
ACT004265,CAN01694,2026-07-30,initial_interview,CA017
ACT004266,CAN01694,2026-08-10,follow_up,CA017
ACT004267,CAN01695,2026-06-14,initial_contact,CA013
ACT004268,CAN01696,2026-06-26,initial_contact,CA009
ACT004269,CAN01697,2026-02-22,initial_contact,CA017
ACT004270,CAN01697,2026-02-28,initial_interview,CA017
ACT004271,CAN01697,2026-03-20,follow_up,CA017
ACT004272,CAN01698,2026-03-01,initial_contact,CA007
ACT004273,CAN01698,2026-03-07,initial_interview,CA007
ACT004274,CAN01698,2026-03-16,follow_up,CA007
ACT004275,CAN01699,2025-11-09,initial_contact,CA004
ACT004276,CAN01699,2025-11-15,initial_interview,CA004
ACT004277,CAN01699,2025-11-29,follow_up,CA004
ACT004278,CAN01700,2025-10-08,initial_contact,CA014
ACT004279,CAN01700,2025-10-13,initial_interview,CA014
ACT004280,CAN01700,2025-10-21,follow_up,CA014
ACT004281,CAN01701,2025-06-04,initial_contact,CA005
ACT004282,CAN01701,2025-06-06,initial_interview,CA005
ACT004283,CAN01701,2025-06-20,follow_up,CA005
ACT004284,CAN01702,2026-03-18,initial_contact,CA011
ACT004285,CAN01702,2026-03-27,initial_interview,CA011
ACT004286,CAN01703,2026-07-05,initial_contact,CA003
ACT004287,CAN01703,2026-07-12,initial_interview,CA003
ACT004288,CAN01704,2026-05-20,initial_contact,CA003
ACT004289,CAN01704,2026-05-25,initial_interview,CA003
ACT004290,CAN01705,2026-01-24,initial_contact,CA015
ACT004291,CAN01705,2026-01-28,initial_interview,CA015
ACT004292,CAN01705,2026-02-08,follow_up,CA015
ACT004294,CAN01706,2025-05-25,initial_contact,CA020
ACT004295,CAN01706,2025-05-30,initial_interview,CA020
ACT004298,CAN01707,2026-01-02,initial_contact,CA003
ACT004299,CAN01707,2026-01-06,initial_interview,CA003
ACT004300,CAN01707,2026-01-28,follow_up,CA003
ACT004301,CAN01708,2025-12-18,initial_contact,CA013
ACT004302,CAN01709,2025-10-18,initial_contact,CA002
ACT004303,CAN01709,2025-10-21,initial_interview,CA002
ACT004304,CAN01710,2026-05-24,initial_contact,CA014
ACT004305,CAN01710,2026-05-27,initial_interview,CA014
ACT004306,CAN01710,2026-06-13,follow_up,CA014
ACT004307,CAN01711,2025-04-28,initial_contact,CA016
ACT004308,CAN01711,2025-04-30,initial_interview,CA016
ACT004309,CAN01711,2025-05-13,follow_up,CA016
ACT004310,CAN01712,2025-06-16,initial_contact,CA015
ACT004311,CAN01712,2025-06-19,initial_interview,CA015
ACT004312,CAN01713,2026-04-02,initial_contact,CA006
ACT004313,CAN01713,2026-04-11,initial_interview,CA006
ACT004314,CAN01713,2026-04-30,follow_up,CA006
ACT004315,CAN01714,2025-04-23,initial_contact,CA008
ACT004316,CAN01714,2025-04-24,initial_interview,CA008
ACT004317,CAN01714,2025-05-01,follow_up,CA008
ACT004318,CAN01715,2026-06-28,initial_contact,CA021
ACT004319,CAN01716,2026-07-23,initial_contact,CA022
ACT004320,CAN01716,2026-07-31,initial_interview,CA022
ACT004321,CAN01716,2026-08-16,follow_up,CA022
ACT004322,CAN01717,2026-02-22,initial_contact,CA003
ACT004323,CAN01717,2026-02-26,initial_interview,CA003
ACT004324,CAN01718,2025-07-29,initial_contact,CA011
ACT004325,CAN01719,2026-01-10,initial_contact,CA016
ACT004326,CAN01719,2026-01-18,initial_interview,CA016
ACT004327,CAN01720,2025-09-05,initial_contact,CA019
ACT004328,CAN01720,2025-09-11,initial_interview,CA019
ACT004329,CAN01720,2025-09-25,follow_up,CA019
ACT004330,CAN01721,2025-08-24,initial_contact,CA019
ACT004331,CAN01721,2025-08-28,initial_interview,CA019
ACT004332,CAN01722,2026-02-06,initial_contact,CA013
ACT004333,CAN01722,2026-02-13,initial_interview,CA013
ACT004334,CAN01722,2026-02-23,follow_up,CA013
ACT004335,CAN01723,2025-11-06,initial_contact,CA012
ACT004336,CAN01724,2025-04-09,initial_contact,CA009
ACT004337,CAN01724,2025-04-14,initial_interview,CA009
ACT004338,CAN01724,2025-04-26,follow_up,CA009
ACT004339,CAN01724,2025-05-14,follow_up,CA009
ACT004340,CAN01725,2025-06-24,initial_contact,CA001
ACT004341,CAN01725,2025-06-25,initial_interview,CA001
ACT004342,CAN01725,2025-07-07,follow_up,CA001
ACT004343,CAN01725,2025-07-17,follow_up,CA001
ACT004344,CAN01726,2025-07-26,initial_contact,CA004
ACT004345,CAN01726,2025-07-28,initial_interview,CA004
ACT004346,CAN01726,2025-08-04,follow_up,CA004
ACT004347,CAN01726,2025-08-23,follow_up,CA004
ACT004348,CAN01727,2026-03-29,initial_contact,CA019
ACT004349,CAN01728,2025-02-14,initial_contact,CA014
ACT004350,CAN01728,2025-02-18,initial_interview,CA014
ACT004351,CAN01729,2026-06-22,initial_contact,CA016
ACT004352,CAN01730,2026-06-09,initial_contact,CA006
ACT004353,CAN01730,2026-06-13,initial_interview,CA006
ACT004354,CAN01730,2026-06-29,follow_up,CA006
ACT004355,CAN01731,2025-06-15,initial_contact,CA015
ACT004356,CAN01731,2025-06-16,initial_interview,CA015
ACT004357,CAN01732,2026-04-01,initial_contact,CA012
ACT004358,CAN01733,2026-06-30,initial_contact,CA001
ACT004359,CAN01733,2026-07-08,initial_interview,CA001
ACT004361,CAN01734,2026-06-06,initial_contact,CA020
ACT004362,CAN01734,2026-06-14,initial_interview,CA020
ACT004363,CAN01734,2026-06-28,follow_up,CA020
ACT004364,CAN01734,2026-07-07,follow_up,CA020
ACT004365,CAN01735,2026-09-23,initial_contact,CA018
ACT004366,CAN01736,2025-06-07,initial_contact,CA004
ACT004367,CAN01736,2025-06-11,initial_interview,CA004
ACT004368,CAN01736,2025-06-18,follow_up,CA004
ACT004369,CAN01736,2025-07-01,follow_up,CA004
ACT004370,CAN01737,2026-09-27,initial_contact,CA017
ACT004371,CAN01738,2026-08-14,initial_contact,CA008
ACT004372,CAN01738,2026-08-21,initial_interview,CA008
ACT004373,CAN01738,2026-08-30,follow_up,CA008
ACT004374,CAN01739,2025-12-03,initial_contact,CA004
ACT004375,CAN01739,2025-12-06,initial_interview,CA004
ACT004376,CAN01740,2026-02-03,initial_contact,CA001
ACT004377,CAN01740,2026-02-08,initial_interview,CA001
ACT004378,CAN01740,2026-02-19,follow_up,CA001
ACT004379,CAN01740,2026-03-06,follow_up,CA001
ACT004380,CAN01741,2026-02-17,initial_contact,CA009
ACT004381,CAN01742,2025-09-01,initial_contact,CA011
ACT004382,CAN01742,2025-09-06,initial_interview,CA011
ACT004383,CAN01742,2025-09-24,follow_up,CA011
ACT004384,CAN01743,2026-05-20,initial_contact,CA021
ACT004385,CAN01744,2025-07-21,initial_contact,CA021
ACT004386,CAN01744,2025-07-22,initial_interview,CA021
ACT004387,CAN01744,2025-08-07,follow_up,CA021
ACT004388,CAN01744,2025-08-18,follow_up,CA021
ACT004389,CAN01745,2025-05-12,initial_contact,CA002
ACT004390,CAN01745,2025-05-17,initial_interview,CA002
ACT004391,CAN01745,2025-05-27,follow_up,CA002
ACT004392,CAN01746,2025-02-26,initial_contact,CA002
ACT004393,CAN01746,2025-02-27,initial_interview,CA002
ACT004394,CAN01747,2025-11-29,initial_contact,CA001
ACT004395,CAN01747,2025-12-06,initial_interview,CA001
ACT004396,CAN01748,2026-08-26,initial_contact,CA003
ACT004397,CAN01748,2026-09-02,initial_interview,CA003
ACT004398,CAN01748,2026-09-15,follow_up,CA003
ACT004399,CAN01749,2026-01-14,initial_contact,CA017
ACT004400,CAN01749,2026-01-16,initial_interview,CA017
ACT004401,CAN01749,2026-01-28,follow_up,CA017
ACT004402,CAN01750,2026-04-12,initial_contact,CA017
ACT004403,CAN01751,2025-11-25,initial_contact,CA003
ACT004404,CAN01751,2025-11-28,initial_interview,CA003
ACT004405,CAN01751,2025-12-09,follow_up,CA003
ACT004406,CAN01751,2025-12-18,follow_up,CA003
ACT004407,CAN01752,2025-10-18,initial_contact,CA012
ACT004408,CAN01752,2025-10-23,initial_interview,CA012
ACT004409,CAN01752,2025-11-10,follow_up,CA012
ACT004410,CAN01752,2025-12-02,follow_up,CA012
ACT004411,CAN01753,2026-05-01,initial_contact,CA016
ACT004412,CAN01753,2026-05-07,initial_interview,CA016
ACT004413,CAN01753,2026-05-26,follow_up,CA016
ACT004414,CAN01754,2026-05-22,initial_contact,CA017
ACT004415,CAN01755,2025-08-29,initial_contact,CA019
ACT004416,CAN01755,2025-08-31,initial_interview,CA019
ACT004417,CAN01755,2025-09-12,follow_up,CA019
ACT004418,CAN01756,2025-01-24,initial_contact,CA005
ACT004419,CAN01756,2025-01-25,initial_interview,CA005
ACT004420,CAN01757,2026-04-23,initial_contact,CA021
ACT004421,CAN01757,2026-04-30,initial_interview,CA021
ACT004422,CAN01757,2026-05-15,follow_up,CA021
ACT004423,CAN01757,2026-05-30,follow_up,CA021
ACT004424,CAN01758,2025-06-15,initial_contact,CA012
ACT004425,CAN01758,2025-06-19,initial_interview,CA012
ACT004426,CAN01758,2025-06-29,follow_up,CA012
ACT004427,CAN01758,2025-07-15,follow_up,CA012
ACT004428,CAN01759,2025-09-29,initial_contact,CA013
ACT004429,CAN01759,2025-10-04,initial_interview,CA013
ACT004430,CAN01759,2025-10-20,follow_up,CA013
ACT004431,CAN01760,2026-05-15,initial_contact,CA011
ACT004432,CAN01760,2026-05-21,initial_interview,CA011
ACT004433,CAN01761,2025-07-03,initial_contact,CA015
ACT004434,CAN01761,2025-07-06,initial_interview,CA015
ACT004435,CAN01761,2025-07-19,follow_up,CA015
ACT004436,CAN01761,2025-07-30,follow_up,CA015
ACT004437,CAN01762,2026-07-08,initial_contact,CA007
ACT004438,CAN01762,2026-07-13,initial_interview,CA007
ACT004439,CAN01762,2026-08-04,follow_up,CA007
ACT004440,CAN01762,2026-08-26,follow_up,CA007
ACT004441,CAN01763,2025-09-28,initial_contact,CA008
ACT004442,CAN01763,2025-10-03,initial_interview,CA008
ACT004443,CAN01763,2025-10-20,follow_up,CA008
ACT004444,CAN01764,2026-04-02,initial_contact,CA006
ACT004445,CAN01764,2026-04-09,initial_interview,CA006
ACT004446,CAN01764,2026-04-23,follow_up,CA006
ACT004447,CAN01765,2026-04-21,initial_contact,CA001
ACT004448,CAN01765,2026-04-28,initial_interview,CA001
ACT004449,CAN01765,2026-05-20,follow_up,CA001
ACT004450,CAN01766,2025-09-14,initial_contact,CA004
ACT004451,CAN01766,2025-09-18,initial_interview,CA004
ACT004452,CAN01767,2025-06-21,initial_contact,CA019
ACT004453,CAN01767,2025-06-23,initial_interview,CA019
ACT004455,CAN01768,2025-07-13,initial_contact,CA001
ACT004456,CAN01768,2025-07-14,initial_interview,CA001
ACT004457,CAN01768,2025-07-22,follow_up,CA001
ACT004458,CAN01769,2025-02-12,initial_contact,CA014
ACT004459,CAN01769,2025-02-13,initial_interview,CA014
ACT004460,CAN01770,2026-08-23,initial_contact,CA004
ACT004461,CAN01770,2026-08-31,initial_interview,CA004
ACT004462,CAN01771,2025-11-29,initial_contact,CA013
ACT004463,CAN01771,2025-12-01,initial_interview,CA013
ACT004464,CAN01771,2025-12-10,follow_up,CA013
ACT004465,CAN01772,2026-09-30,initial_contact,CA001
ACT004466,CAN01773,2026-04-20,initial_contact,CA020
ACT004467,CAN01773,2026-04-23,initial_interview,CA020
ACT004468,CAN01774,2025-06-01,initial_contact,CA014
ACT004469,CAN01774,2025-06-05,initial_interview,CA014
ACT004470,CAN01775,2025-11-15,initial_contact,CA015
ACT004471,CAN01775,2025-11-18,initial_interview,CA015
ACT004472,CAN01776,2025-07-23,initial_contact,CA002
ACT004473,CAN01776,2025-07-25,initial_interview,CA002
ACT004474,CAN01776,2025-08-09,follow_up,CA002
ACT004475,CAN01776,2025-08-30,follow_up,CA002
ACT004476,CAN01777,2026-01-30,initial_contact,CA020
ACT004477,CAN01777,2026-02-05,initial_interview,CA020
ACT004478,CAN01777,2026-02-15,follow_up,CA020
ACT004479,CAN01777,2026-03-04,follow_up,CA020
ACT004480,CAN01778,2026-09-26,initial_contact,CA015
ACT004481,CAN01779,2026-04-04,initial_contact,CA005
ACT004482,CAN01779,2026-04-14,initial_interview,CA005
ACT004483,CAN01780,2026-06-25,initial_contact,CA014
ACT004484,CAN01780,2026-07-02,initial_interview,CA014
ACT004485,CAN01781,2026-03-15,initial_contact,CA016
ACT004486,CAN01781,2026-03-23,initial_interview,CA016
ACT004487,CAN01782,2025-10-23,initial_contact,CA015
ACT004488,CAN01782,2025-11-01,initial_interview,CA015
ACT004489,CAN01782,2025-11-15,follow_up,CA015
ACT004490,CAN01783,2025-03-11,initial_contact,CA011
ACT004491,CAN01784,2026-02-26,initial_contact,CA009
ACT004492,CAN01784,2026-03-02,initial_interview,CA009
ACT004493,CAN01784,2026-03-15,follow_up,CA009
ACT004494,CAN01785,2025-11-14,initial_contact,CA013
ACT004495,CAN01785,2025-11-18,initial_interview,CA013
ACT004496,CAN01785,2025-12-02,follow_up,CA013
ACT004497,CAN01786,2026-05-10,initial_contact,CA019
ACT004498,CAN01786,2026-05-13,initial_interview,CA019
ACT004499,CAN01787,2026-09-29,initial_contact,CA018
ACT004500,CAN01788,2025-08-29,initial_contact,CA018
ACT004501,CAN01788,2025-09-03,initial_interview,CA018
ACT004502,CAN01789,2025-10-20,initial_contact,CA011
ACT004503,CAN01789,2025-10-24,initial_interview,CA011
ACT004504,CAN01789,2025-11-12,follow_up,CA011
ACT004505,CAN01790,2026-04-05,initial_contact,CA012
ACT004506,CAN01790,2026-04-10,initial_interview,CA012
ACT004507,CAN01790,2026-04-22,follow_up,CA012
ACT004508,CAN01791,2025-03-05,initial_contact,CA013
ACT004509,CAN01792,2025-05-24,initial_contact,CA007
ACT004510,CAN01792,2025-05-29,initial_interview,CA007
ACT004511,CAN01792,2025-06-13,follow_up,CA007
ACT004512,CAN01793,2026-04-23,initial_contact,CA001
ACT004513,CAN01793,2026-04-28,initial_interview,CA001
ACT004514,CAN01793,2026-05-08,follow_up,CA001
ACT004515,CAN01793,2026-05-18,follow_up,CA001
ACT004516,CAN01794,2026-04-02,initial_contact,CA012
ACT004517,CAN01795,2026-08-23,initial_contact,CA008
ACT004518,CAN01796,2025-12-15,initial_contact,CA010
ACT004519,CAN01796,2025-12-17,initial_interview,CA010
ACT004520,CAN01797,2026-08-27,initial_contact,CA007
ACT004521,CAN01797,2026-09-02,initial_interview,CA007
ACT004522,CAN01797,2026-09-23,follow_up,CA007
ACT004523,CAN01798,2025-01-14,initial_contact,CA007
ACT004524,CAN01799,2025-06-22,initial_contact,CA003
ACT004525,CAN01799,2025-06-23,initial_interview,CA003
ACT004526,CAN01799,2025-07-03,follow_up,CA003
ACT004528,CAN01800,2025-12-31,initial_contact,CA011
ACT004529,CAN01800,2026-01-04,initial_interview,CA011
ACT004530,CAN01801,2026-03-23,initial_contact,CA013
ACT004531,CAN01801,2026-03-29,initial_interview,CA013
ACT004532,CAN01801,2026-04-10,follow_up,CA013
ACT004533,CAN01802,2026-05-26,initial_contact,CA019
ACT004534,CAN01803,2025-08-04,initial_contact,CA015
ACT004535,CAN01803,2025-08-05,initial_interview,CA015
ACT004536,CAN01804,2025-04-14,initial_contact,CA018
ACT004537,CAN01804,2025-04-19,initial_interview,CA018
ACT004538,CAN01804,2025-04-28,follow_up,CA018
ACT004539,CAN01805,2026-03-02,initial_contact,CA009
ACT004540,CAN01805,2026-03-07,initial_interview,CA009
ACT004541,CAN01806,2025-10-05,initial_contact,CA003
ACT004542,CAN01806,2025-10-13,initial_interview,CA003
ACT004543,CAN01806,2025-10-22,follow_up,CA003
ACT004544,CAN01807,2026-05-17,initial_contact,CA012
ACT004545,CAN01807,2026-05-22,initial_interview,CA012
ACT004546,CAN01807,2026-06-01,follow_up,CA012
ACT004547,CAN01807,2026-06-12,follow_up,CA012
ACT004548,CAN01808,2025-01-04,initial_contact,CA021
ACT004549,CAN01808,2025-01-06,initial_interview,CA021
ACT004550,CAN01808,2025-01-16,follow_up,CA021
ACT004551,CAN01809,2026-06-23,initial_contact,CA008
ACT004552,CAN01810,2026-07-20,initial_contact,CA021
ACT004553,CAN01811,2026-05-25,initial_contact,CA008
ACT004554,CAN01811,2026-05-30,initial_interview,CA008
ACT004555,CAN01812,2025-07-05,initial_contact,CA008
ACT004556,CAN01812,2025-07-06,initial_interview,CA008
ACT004557,CAN01812,2025-07-24,follow_up,CA008
ACT004558,CAN01813,2026-05-02,initial_contact,CA003
ACT004559,CAN01813,2026-05-07,initial_interview,CA003
ACT004560,CAN01814,2025-11-08,initial_contact,CA012
ACT004561,CAN01814,2025-11-14,initial_interview,CA012
ACT004562,CAN01814,2025-11-23,follow_up,CA012
ACT004564,CAN01815,2026-04-13,initial_contact,CA005
ACT004565,CAN01815,2026-04-22,initial_interview,CA005
ACT004566,CAN01815,2026-05-05,follow_up,CA005
ACT004567,CAN01816,2026-04-04,initial_contact,CA010
ACT004568,CAN01816,2026-04-09,initial_interview,CA010
ACT004569,CAN01816,2026-04-22,follow_up,CA010
ACT004570,CAN01817,2026-08-19,initial_contact,CA020
ACT004571,CAN01817,2026-08-28,initial_interview,CA020
ACT004572,CAN01817,2026-09-17,follow_up,CA020
ACT004573,CAN01818,2026-04-12,initial_contact,CA014
ACT004574,CAN01818,2026-04-21,initial_interview,CA014
ACT004575,CAN01819,2026-07-02,initial_contact,CA018
ACT004576,CAN01819,2026-07-05,initial_interview,CA018
ACT004577,CAN01819,2026-07-18,follow_up,CA018
ACT004578,CAN01820,2026-06-24,initial_contact,CA013
ACT004579,CAN01820,2026-06-29,initial_interview,CA013
ACT004581,CAN01821,2026-04-17,initial_contact,CA002
ACT004582,CAN01821,2026-04-26,initial_interview,CA002
ACT004583,CAN01822,2026-04-21,initial_contact,CA003
ACT004584,CAN01822,2026-04-25,initial_interview,CA003
ACT004585,CAN01822,2026-05-12,follow_up,CA003
ACT004586,CAN01823,2025-11-04,initial_contact,CA011
ACT004587,CAN01823,2025-11-06,initial_interview,CA011
ACT004588,CAN01824,2026-02-06,initial_contact,CA011
ACT004589,CAN01825,2026-02-18,initial_contact,CA013
ACT004590,CAN01825,2026-02-23,initial_interview,CA013
ACT004591,CAN01825,2026-03-19,follow_up,CA013
ACT004592,CAN01826,2025-11-21,initial_contact,CA002
ACT004593,CAN01826,2025-11-23,initial_interview,CA002
ACT004594,CAN01826,2025-12-12,follow_up,CA002
ACT004595,CAN01827,2026-02-19,initial_contact,CA005
ACT004596,CAN01827,2026-02-22,initial_interview,CA005
ACT004597,CAN01827,2026-03-07,follow_up,CA005
ACT004598,CAN01828,2025-05-25,initial_contact,CA017
ACT004599,CAN01829,2026-07-15,initial_contact,CA004
ACT004600,CAN01829,2026-07-24,initial_interview,CA004
ACT004601,CAN01829,2026-08-12,follow_up,CA004
ACT004602,CAN01829,2026-08-27,follow_up,CA004
ACT004603,CAN01830,2026-06-25,initial_contact,CA005
ACT004604,CAN01830,2026-07-03,initial_interview,CA005
ACT004605,CAN01830,2026-07-16,follow_up,CA005
ACT004606,CAN01831,2026-08-07,initial_contact,CA005
ACT004607,CAN01831,2026-08-15,initial_interview,CA005
ACT004608,CAN01831,2026-09-01,follow_up,CA005
ACT004609,CAN01832,2026-08-20,initial_contact,CA009
ACT004610,CAN01832,2026-08-29,initial_interview,CA009
ACT004611,CAN01832,2026-09-15,follow_up,CA009
ACT004612,CAN01833,2026-09-30,initial_contact,CA022
ACT004613,CAN01834,2026-06-18,initial_contact,CA012
ACT004614,CAN01834,2026-06-28,initial_interview,CA012
ACT004615,CAN01834,2026-07-21,follow_up,CA012
ACT004616,CAN01835,2025-10-26,initial_contact,CA014
ACT004617,CAN01835,2025-10-30,initial_interview,CA014
ACT004618,CAN01835,2025-11-13,follow_up,CA014
ACT004619,CAN01836,2026-06-13,initial_contact,CA016
ACT004620,CAN01836,2026-06-19,initial_interview,CA016
ACT004621,CAN01836,2026-06-27,follow_up,CA016
ACT004622,CAN01837,2026-03-21,initial_contact,CA013
ACT004623,CAN01837,2026-03-27,initial_interview,CA013
ACT004624,CAN01838,2025-12-08,initial_contact,CA014
ACT004625,CAN01839,2025-09-15,initial_contact,CA010
ACT004626,CAN01839,2025-09-18,initial_interview,CA010
ACT004627,CAN01840,2026-02-04,initial_contact,CA016
ACT004628,CAN01841,2026-05-03,initial_contact,CA019
ACT004629,CAN01841,2026-05-09,initial_interview,CA019
ACT004630,CAN01841,2026-05-19,follow_up,CA019
ACT004631,CAN01842,2026-05-24,initial_contact,CA003
ACT004632,CAN01842,2026-05-31,initial_interview,CA003
ACT004633,CAN01842,2026-06-12,follow_up,CA003
ACT004634,CAN01842,2026-07-03,follow_up,CA003
ACT004635,CAN01843,2025-05-08,initial_contact,CA009
ACT004636,CAN01843,2025-05-09,initial_interview,CA009
ACT004637,CAN01843,2025-05-26,follow_up,CA009
ACT004638,CAN01844,2025-05-11,initial_contact,CA005
ACT004639,CAN01845,2025-05-03,initial_contact,CA011
ACT004640,CAN01845,2025-05-06,initial_interview,CA011
ACT004641,CAN01845,2025-05-27,follow_up,CA011
ACT004642,CAN01845,2025-06-16,follow_up,CA011
ACT004643,CAN01846,2025-12-26,initial_contact,CA006
ACT004644,CAN01847,2025-06-19,initial_contact,CA002
ACT004645,CAN01847,2025-06-21,initial_interview,CA002
ACT004646,CAN01847,2025-06-30,follow_up,CA002
ACT004647,CAN01847,2025-07-21,follow_up,CA002
ACT004648,CAN01848,2026-09-15,initial_contact,CA010
ACT004649,CAN01848,2026-09-22,initial_interview,CA010
ACT004650,CAN01849,2026-03-14,initial_contact,CA014
ACT004651,CAN01849,2026-03-22,initial_interview,CA014
ACT004652,CAN01849,2026-04-11,follow_up,CA014
ACT004653,CAN01850,2025-03-03,initial_contact,CA001
ACT004654,CAN01850,2025-03-06,initial_interview,CA001
ACT004655,CAN01851,2026-09-16,initial_contact,CA014
ACT004656,CAN01852,2026-07-13,initial_contact,CA019
ACT004657,CAN01852,2026-07-20,initial_interview,CA019
ACT004658,CAN01852,2026-08-11,follow_up,CA019
ACT004659,CAN01852,2026-08-21,follow_up,CA019
ACT004660,CAN01853,2026-07-03,initial_contact,CA011
ACT004661,CAN01853,2026-07-11,initial_interview,CA011
ACT004662,CAN01853,2026-07-24,follow_up,CA011
ACT004664,CAN01854,2026-09-20,initial_contact,CA016
ACT004665,CAN01854,2026-09-27,initial_interview,CA016
ACT004666,CAN01855,2026-01-05,initial_contact,CA012
ACT004667,CAN01855,2026-01-09,initial_interview,CA012
ACT004668,CAN01855,2026-01-25,follow_up,CA012
ACT004669,CAN01855,2026-02-06,follow_up,CA012
ACT004670,CAN01856,2025-06-24,initial_contact,CA003
ACT004671,CAN01856,2025-06-27,initial_interview,CA003
ACT004672,CAN01856,2025-07-16,follow_up,CA003
ACT004673,CAN01856,2025-07-31,follow_up,CA003
ACT004674,CAN01857,2025-09-12,initial_contact,CA020
ACT004675,CAN01857,2025-09-18,initial_interview,CA020
ACT004676,CAN01857,2025-09-29,follow_up,CA020
ACT004677,CAN01858,2026-07-07,initial_contact,CA022
ACT004678,CAN01859,2025-04-06,initial_contact,CA011
ACT004679,CAN01859,2025-04-11,initial_interview,CA011
ACT004680,CAN01860,2026-08-15,initial_contact,CA016
ACT004681,CAN01860,2026-08-24,initial_interview,CA016
ACT004682,CAN01861,2025-09-01,initial_contact,CA017
ACT004683,CAN01861,2025-09-05,initial_interview,CA017
ACT004684,CAN01861,2025-09-25,follow_up,CA017
ACT004685,CAN01862,2025-03-21,initial_contact,CA010
ACT004686,CAN01862,2025-03-23,initial_interview,CA010
ACT004687,CAN01862,2025-04-03,follow_up,CA010
ACT004688,CAN01863,2026-06-10,initial_contact,CA005
ACT004689,CAN01863,2026-06-16,initial_interview,CA005
ACT004690,CAN01863,2026-07-05,follow_up,CA005
ACT004691,CAN01864,2025-06-07,initial_contact,CA017
ACT004692,CAN01864,2025-06-08,initial_interview,CA017
ACT004694,CAN01865,2026-01-23,initial_contact,CA017
ACT004695,CAN01865,2026-01-29,initial_interview,CA017
ACT004696,CAN01865,2026-02-05,follow_up,CA017
ACT004697,CAN01866,2025-09-01,initial_contact,CA016
ACT004698,CAN01866,2025-09-07,initial_interview,CA016
ACT004699,CAN01866,2025-09-24,follow_up,CA016
ACT004700,CAN01867,2025-11-23,initial_contact,CA014
ACT004701,CAN01867,2025-11-28,initial_interview,CA014
ACT004702,CAN01867,2025-12-09,follow_up,CA014
ACT004703,CAN01867,2025-12-24,follow_up,CA014
ACT004704,CAN01868,2025-09-27,initial_contact,CA021
ACT004705,CAN01869,2025-02-23,initial_contact,CA012
ACT004706,CAN01869,2025-02-24,initial_interview,CA012
ACT004707,CAN01869,2025-03-10,follow_up,CA012
ACT004708,CAN01870,2025-11-01,initial_contact,CA009
ACT004709,CAN01870,2025-11-05,initial_interview,CA009
ACT004710,CAN01870,2025-11-26,follow_up,CA009
ACT004711,CAN01871,2025-12-29,initial_contact,CA003
ACT004712,CAN01871,2025-12-31,initial_interview,CA003
ACT004713,CAN01872,2026-07-03,initial_contact,CA008
ACT004714,CAN01873,2026-01-27,initial_contact,CA005
ACT004715,CAN01873,2026-02-03,initial_interview,CA005
ACT004716,CAN01873,2026-02-24,follow_up,CA005
ACT004717,CAN01873,2026-03-16,follow_up,CA005
ACT004718,CAN01874,2025-01-22,initial_contact,CA009
ACT004719,CAN01874,2025-01-23,initial_interview,CA009
ACT004720,CAN01874,2025-02-11,follow_up,CA009
ACT004721,CAN01875,2026-07-14,initial_contact,CA007
ACT004722,CAN01875,2026-07-21,initial_interview,CA007
ACT004723,CAN01875,2026-08-05,follow_up,CA007
ACT004724,CAN01875,2026-08-24,follow_up,CA007
ACT004725,CAN01876,2026-06-08,initial_contact,CA017
ACT004726,CAN01876,2026-06-14,initial_interview,CA017
ACT004727,CAN01877,2025-04-22,initial_contact,CA006
ACT004728,CAN01877,2025-04-24,initial_interview,CA006
ACT004730,CAN01878,2025-11-12,initial_contact,CA011
ACT004731,CAN01878,2025-11-19,initial_interview,CA011
ACT004733,CAN01879,2026-09-27,initial_contact,CA015
ACT004734,CAN01880,2026-02-07,initial_contact,CA017
ACT004735,CAN01880,2026-02-14,initial_interview,CA017
ACT004736,CAN01880,2026-02-25,follow_up,CA017
ACT004737,CAN01881,2025-06-01,initial_contact,CA011
ACT004738,CAN01881,2025-06-04,initial_interview,CA011
ACT004739,CAN01881,2025-06-25,follow_up,CA011
ACT004740,CAN01882,2025-06-01,initial_contact,CA008
ACT004741,CAN01882,2025-06-04,initial_interview,CA008
ACT004742,CAN01882,2025-06-11,follow_up,CA008
ACT004743,CAN01883,2026-07-05,initial_contact,CA015
ACT004744,CAN01883,2026-07-15,initial_interview,CA015
ACT004745,CAN01883,2026-08-08,follow_up,CA015
ACT004746,CAN01884,2025-07-26,initial_contact,CA006
ACT004747,CAN01884,2025-07-30,initial_interview,CA006
ACT004748,CAN01884,2025-08-12,follow_up,CA006
ACT004749,CAN01885,2026-08-18,initial_contact,CA006
ACT004750,CAN01885,2026-08-26,initial_interview,CA006
ACT004751,CAN01886,2026-09-10,initial_contact,CA022
ACT004752,CAN01886,2026-09-17,initial_interview,CA022
ACT004753,CAN01886,2026-09-24,follow_up,CA022
ACT004754,CAN01887,2025-08-20,initial_contact,CA020
ACT004755,CAN01887,2025-08-22,initial_interview,CA020
ACT004756,CAN01888,2025-09-11,initial_contact,CA008
ACT004757,CAN01888,2025-09-13,initial_interview,CA008
ACT004759,CAN01889,2025-05-17,initial_contact,CA009
ACT004760,CAN01889,2025-05-19,initial_interview,CA009
ACT004761,CAN01890,2025-09-11,initial_contact,CA012
ACT004762,CAN01890,2025-09-13,initial_interview,CA012
ACT004763,CAN01891,2026-05-02,initial_contact,CA016
ACT004764,CAN01891,2026-05-08,initial_interview,CA016
ACT004765,CAN01892,2025-10-08,initial_contact,CA012
ACT004766,CAN01892,2025-10-10,initial_interview,CA012
ACT004767,CAN01892,2025-10-31,follow_up,CA012
ACT004768,CAN01893,2025-12-26,initial_contact,CA007
ACT004769,CAN01893,2025-12-31,initial_interview,CA007
ACT004770,CAN01893,2026-01-21,follow_up,CA007
ACT004771,CAN01894,2025-04-27,initial_contact,CA012
ACT004772,CAN01894,2025-05-02,initial_interview,CA012
ACT004773,CAN01895,2025-12-06,initial_contact,CA018
ACT004774,CAN01896,2025-09-02,initial_contact,CA005
ACT004775,CAN01896,2025-09-07,initial_interview,CA005
ACT004776,CAN01896,2025-09-23,follow_up,CA005
ACT004777,CAN01896,2025-10-12,follow_up,CA005
ACT004778,CAN01897,2026-01-22,initial_contact,CA012
ACT004779,CAN01897,2026-01-31,initial_interview,CA012
ACT004780,CAN01897,2026-02-21,follow_up,CA012
ACT004781,CAN01898,2025-09-03,initial_contact,CA017
ACT004782,CAN01898,2025-09-07,initial_interview,CA017
ACT004783,CAN01898,2025-09-23,follow_up,CA017
ACT004784,CAN01899,2025-05-30,initial_contact,CA009
ACT004785,CAN01899,2025-06-02,initial_interview,CA009
ACT004786,CAN01899,2025-06-12,follow_up,CA009
ACT004787,CAN01900,2026-01-09,initial_contact,CA018
ACT004788,CAN01901,2026-09-02,initial_contact,CA011
ACT004789,CAN01901,2026-09-10,initial_interview,CA011
ACT004790,CAN01902,2025-08-30,initial_contact,CA013
ACT004791,CAN01902,2025-09-01,initial_interview,CA013
ACT004794,CAN01903,2026-03-02,initial_contact,CA012
ACT004795,CAN01903,2026-03-10,initial_interview,CA012
ACT004796,CAN01903,2026-03-19,follow_up,CA012
ACT004797,CAN01904,2026-02-01,initial_contact,CA013
ACT004798,CAN01905,2025-07-20,initial_contact,CA019
ACT004799,CAN01905,2025-07-21,initial_interview,CA019
ACT004800,CAN01906,2026-06-23,initial_contact,CA001
ACT004801,CAN01906,2026-06-29,initial_interview,CA001
ACT004802,CAN01907,2025-11-28,initial_contact,CA021
ACT004803,CAN01908,2025-09-18,initial_contact,CA010
ACT004804,CAN01908,2025-09-21,initial_interview,CA010
ACT004805,CAN01908,2025-09-29,follow_up,CA010
ACT004807,CAN01909,2026-02-04,initial_contact,CA008
ACT004808,CAN01909,2026-02-12,initial_interview,CA008
ACT004809,CAN01909,2026-03-04,follow_up,CA008
ACT004810,CAN01910,2026-07-23,initial_contact,CA003
ACT004811,CAN01910,2026-08-01,initial_interview,CA003
ACT004812,CAN01910,2026-08-19,follow_up,CA003
ACT004813,CAN01911,2025-05-03,initial_contact,CA002
ACT004814,CAN01912,2025-07-11,initial_contact,CA006
ACT004815,CAN01913,2026-01-10,initial_contact,CA011
ACT004816,CAN01913,2026-01-15,initial_interview,CA011
ACT004817,CAN01914,2025-08-21,initial_contact,CA021
ACT004818,CAN01914,2025-08-26,initial_interview,CA021
ACT004819,CAN01915,2025-05-12,initial_contact,CA001
ACT004820,CAN01916,2025-10-10,initial_contact,CA003
ACT004821,CAN01916,2025-10-16,initial_interview,CA003
ACT004822,CAN01916,2025-10-31,follow_up,CA003
ACT004823,CAN01917,2025-10-03,initial_contact,CA009
ACT004824,CAN01917,2025-10-09,initial_interview,CA009
ACT004825,CAN01918,2025-12-14,initial_contact,CA003
ACT004826,CAN01918,2025-12-20,initial_interview,CA003
ACT004827,CAN01918,2026-01-10,follow_up,CA003
ACT004828,CAN01919,2026-03-19,initial_contact,CA021
ACT004829,CAN01919,2026-03-27,initial_interview,CA021
ACT004830,CAN01919,2026-04-11,follow_up,CA021
ACT004831,CAN01920,2025-01-14,initial_contact,CA007
ACT004832,CAN01921,2025-05-28,initial_contact,CA007
ACT004833,CAN01921,2025-05-30,initial_interview,CA007
ACT004834,CAN01922,2025-05-15,initial_contact,CA002
ACT004835,CAN01922,2025-05-20,initial_interview,CA002
ACT004836,CAN01923,2026-06-14,initial_contact,CA003
ACT004837,CAN01923,2026-06-21,initial_interview,CA003
ACT004838,CAN01924,2025-06-25,initial_contact,CA008
ACT004839,CAN01924,2025-06-26,initial_interview,CA008
ACT004840,CAN01924,2025-07-07,follow_up,CA008
ACT004841,CAN01925,2025-04-13,initial_contact,CA009
ACT004842,CAN01926,2025-02-24,initial_contact,CA005
ACT004843,CAN01926,2025-02-27,initial_interview,CA005
ACT004844,CAN01927,2026-06-13,initial_contact,CA018
ACT004845,CAN01927,2026-06-21,initial_interview,CA018
ACT004846,CAN01928,2025-03-16,initial_contact,CA010
ACT004847,CAN01928,2025-03-21,initial_interview,CA010
ACT004848,CAN01928,2025-04-09,follow_up,CA010
ACT004849,CAN01928,2025-04-26,follow_up,CA010
ACT004850,CAN01929,2025-10-04,initial_contact,CA001
ACT004851,CAN01929,2025-10-08,initial_interview,CA001
ACT004852,CAN01929,2025-10-24,follow_up,CA001
ACT004853,CAN01930,2026-07-31,initial_contact,CA017
ACT004854,CAN01930,2026-08-07,initial_interview,CA017
ACT004855,CAN01931,2025-01-27,initial_contact,CA003
ACT004856,CAN01931,2025-01-28,initial_interview,CA003
ACT004857,CAN01931,2025-02-05,follow_up,CA003
ACT004858,CAN01932,2026-06-10,initial_contact,CA016
ACT004859,CAN01932,2026-06-17,initial_interview,CA016
ACT004860,CAN01933,2026-04-22,initial_contact,CA017
ACT004861,CAN01933,2026-04-27,initial_interview,CA017
ACT004862,CAN01933,2026-05-17,follow_up,CA017
ACT004863,CAN01934,2026-06-07,initial_contact,CA006
ACT004864,CAN01934,2026-06-13,initial_interview,CA006
ACT004865,CAN01934,2026-06-25,follow_up,CA006
ACT004866,CAN01935,2025-05-05,initial_contact,CA005
ACT004867,CAN01935,2025-05-06,initial_interview,CA005
ACT004868,CAN01936,2025-09-25,initial_contact,CA006
ACT004869,CAN01936,2025-10-01,initial_interview,CA006
ACT004870,CAN01936,2025-10-21,follow_up,CA006
ACT004871,CAN01937,2026-09-28,initial_contact,CA006
ACT004872,CAN01938,2026-05-04,initial_contact,CA013
ACT004873,CAN01938,2026-05-12,initial_interview,CA013
ACT004874,CAN01938,2026-05-21,follow_up,CA013
ACT004875,CAN01939,2026-03-05,initial_contact,CA021
ACT004876,CAN01939,2026-03-11,initial_interview,CA021
ACT004877,CAN01939,2026-03-30,follow_up,CA021
ACT004878,CAN01940,2025-10-06,initial_contact,CA021
ACT004879,CAN01940,2025-10-09,initial_interview,CA021
ACT004880,CAN01940,2025-10-24,follow_up,CA021
ACT004881,CAN01940,2025-11-02,follow_up,CA021
ACT004882,CAN01941,2025-12-22,initial_contact,CA009
ACT004883,CAN01942,2025-07-11,initial_contact,CA014
ACT004884,CAN01942,2025-07-15,initial_interview,CA014
ACT004885,CAN01942,2025-07-23,follow_up,CA014
ACT004886,CAN01943,2025-07-13,initial_contact,CA021
ACT004887,CAN01943,2025-07-15,initial_interview,CA021
ACT004888,CAN01943,2025-08-05,follow_up,CA021
ACT004889,CAN01944,2026-07-07,initial_contact,CA019
ACT004890,CAN01944,2026-07-13,initial_interview,CA019
ACT004891,CAN01944,2026-07-30,follow_up,CA019
ACT004892,CAN01945,2025-03-28,initial_contact,CA010
ACT004893,CAN01945,2025-04-02,initial_interview,CA010
ACT004894,CAN01945,2025-04-12,follow_up,CA010
ACT004895,CAN01946,2025-09-21,initial_contact,CA001
ACT004896,CAN01946,2025-09-28,initial_interview,CA001
ACT004897,CAN01947,2026-06-16,initial_contact,CA011
ACT004898,CAN01947,2026-06-24,initial_interview,CA011
ACT004899,CAN01947,2026-07-06,follow_up,CA011
ACT004900,CAN01948,2026-07-14,initial_contact,CA014
ACT004901,CAN01948,2026-07-18,initial_interview,CA014
ACT004902,CAN01949,2025-12-18,initial_contact,CA011
ACT004903,CAN01949,2025-12-21,initial_interview,CA011
ACT004904,CAN01949,2026-01-05,follow_up,CA011
ACT004905,CAN01950,2026-07-17,initial_contact,CA018
ACT004906,CAN01950,2026-07-25,initial_interview,CA018
