candidate_preference_id,candidate_id,effective_from,effective_to,preferred_occupation_id,preferred_location_id,desired_hourly_wage,preferred_work_style
PRE000001,CAN00001,2026-05-09,,OCC003,LOC001,1750,hybrid
PRE000002,CAN00002,2025-04-02,,OCC006,LOC001,2300,onsite
PRE000003,CAN00003,2025-11-14,,OCC002,LOC001,1200,onsite
PRE000004,CAN00004,2025-06-04,,OCC005,LOC003,1750,remote
PRE000005,CAN00005,2025-06-18,,OCC001,LOC005,1400,onsite
PRE000006,CAN00006,2026-04-14,,OCC003,LOC001,1700,onsite
PRE000007,CAN00007,2026-01-06,2026-01-22,OCC006,LOC002,2450,onsite
PRE000008,CAN00008,2025-09-25,2025-11-18,OCC003,LOC001,1500,hybrid
PRE000009,CAN00009,2026-09-30,,OCC005,LOC001,2150,hybrid
PRE000010,CAN00010,2026-08-05,,OCC006,LOC003,2250,onsite
PRE000011,CAN00011,2025-10-12,2026-04-09,OCC002,LOC002,1250,hybrid
PRE000012,CAN00012,2025-09-22,2025-11-30,OCC009,LOC001,3350,onsite
PRE000013,CAN00012,2025-12-01,,OCC009,LOC001,3300,onsite
PRE000014,CAN00013,2025-11-12,2025-12-03,OCC001,LOC006,1300,onsite
PRE000015,CAN00014,2026-09-28,,OCC004,LOC007,2400,remote
PRE000016,CAN00015,2026-01-04,2026-02-04,OCC003,LOC006,1650,hybrid
PRE000017,CAN00016,2025-10-29,,OCC007,LOC002,2150,remote
PRE000018,CAN00017,2025-04-14,2025-05-22,OCC009,LOC001,2800,remote
PRE000020,CAN00018,2025-10-09,2025-10-21,OCC009,LOC004,3150,onsite
PRE000021,CAN00019,2025-01-07,2025-05-14,OCC001,LOC007,1200,remote
PRE000022,CAN00019,2025-05-15,,OCC001,LOC007,1400,remote
PRE000023,CAN00020,2026-03-30,2026-08-24,OCC006,LOC002,2400,onsite
PRE000024,CAN00020,2026-08-25,,OCC006,LOC002,2800,onsite
PRE000025,CAN00021,2026-06-04,2026-08-16,OCC006,LOC008,2250,hybrid
PRE000026,CAN00022,2026-08-20,2026-09-06,OCC001,LOC003,1550,onsite
PRE000027,CAN00023,2025-12-17,2026-02-04,OCC010,LOC008,2600,hybrid
PRE000028,CAN00024,2026-04-30,2026-07-01,OCC009,LOC001,3500,onsite
PRE000029,CAN00024,2026-07-02,,OCC009,LOC001,3350,onsite
PRE000030,CAN00025,2026-03-12,,OCC003,LOC001,1800,onsite
PRE000031,CAN00026,2026-01-03,2026-06-13,OCC002,LOC001,1400,hybrid
PRE000032,CAN00026,2026-06-14,,OCC002,LOC001,1250,hybrid
PRE000033,CAN00027,2025-12-23,2026-03-21,OCC003,LOC003,1450,onsite
PRE000034,CAN00028,2026-08-02,2026-09-01,OCC009,LOC006,3400,hybrid
PRE000035,CAN00029,2025-04-30,,OCC002,LOC001,1200,remote
PRE000036,CAN00030,2025-03-30,2025-04-19,OCC002,LOC001,1200,onsite
PRE000037,CAN00031,2025-11-11,,OCC010,LOC001,2750,hybrid
PRE000038,CAN00032,2026-03-05,2026-05-22,OCC002,LOC005,1250,onsite
PRE000039,CAN00032,2026-05-23,2026-06-21,OCC002,LOC005,1350,onsite
PRE000040,CAN00033,2025-06-19,,OCC002,LOC001,1300,hybrid
PRE000041,CAN00034,2026-08-27,2026-09-22,OCC001,LOC008,1750,hybrid
PRE000042,CAN00035,2025-02-04,,OCC001,LOC006,1500,hybrid
PRE000043,CAN00036,2025-05-13,2025-08-08,OCC005,LOC006,2100,hybrid
PRE000044,CAN00037,2026-07-24,,OCC010,LOC003,3250,onsite
PRE000045,CAN00038,2026-02-09,,OCC001,LOC004,1400,remote
PRE000046,CAN00039,2025-04-14,,OCC001,LOC002,1300,onsite
PRE000047,CAN00040,2026-03-28,2026-05-09,OCC001,LOC002,1350,hybrid
PRE000048,CAN00041,2025-10-04,,OCC008,LOC006,2800,onsite
PRE000049,CAN00042,2025-09-16,,OCC002,LOC007,1200,onsite
PRE000050,CAN00043,2026-09-03,,OCC003,LOC001,1600,hybrid
PRE000051,CAN00044,2026-05-31,2026-07-02,OCC009,LOC002,3900,remote
PRE000052,CAN00045,2025-04-22,2025-08-08,OCC005,LOC001,2350,onsite
PRE000053,CAN00045,2025-08-09,,OCC005,LOC001,2250,onsite
PRE000054,CAN00046,2026-03-20,2026-06-11,OCC003,LOC002,1600,hybrid
PRE000055,CAN00046,2026-06-12,,OCC003,LOC002,1750,hybrid
PRE000056,CAN00047,2025-03-09,,OCC003,LOC003,1750,hybrid
PRE000057,CAN00048,2025-05-15,2025-10-24,OCC004,LOC003,2300,onsite
PRE000058,CAN00048,2025-10-25,,OCC004,LOC003,2200,onsite
PRE000059,CAN00049,2026-08-29,,OCC009,LOC001,3650,hybrid
PRE000060,CAN00050,2026-01-14,2026-06-07,OCC001,LOC001,1350,onsite
PRE000061,CAN00050,2026-06-08,,OCC001,LOC001,1400,onsite
PRE000062,CAN00051,2025-08-21,2025-09-15,OCC007,LOC001,2050,onsite
PRE000064,CAN00052,2025-04-22,,OCC004,LOC001,2400,onsite
PRE000065,CAN00053,2026-01-12,2026-06-05,OCC001,LOC006,1300,remote
PRE000066,CAN00053,2026-06-06,,OCC001,LOC006,1450,remote
PRE000067,CAN00054,2026-03-16,,OCC007,LOC006,2350,onsite
PRE000068,CAN00055,2025-11-14,,OCC001,LOC003,1350,onsite
PRE000069,CAN00056,2025-04-19,,OCC007,LOC003,2150,hybrid
PRE000070,CAN00057,2026-02-21,2026-05-11,OCC006,LOC007,2650,hybrid
PRE000071,CAN00057,2026-05-12,,OCC006,LOC007,2500,hybrid
PRE000072,CAN00058,2026-06-09,,OCC004,LOC006,2300,onsite
PRE000073,CAN00059,2025-10-10,,OCC010,LOC001,3100,onsite
PRE000074,CAN00060,2025-08-23,,OCC001,LOC002,1350,hybrid
PRE000075,CAN00061,2026-06-23,2026-09-13,OCC001,LOC001,1400,onsite
PRE000076,CAN00061,2026-09-14,,OCC001,LOC001,1300,onsite
PRE000077,CAN00062,2026-06-12,,OCC002,LOC004,1400,onsite
PRE000078,CAN00063,2025-04-22,2025-05-09,OCC008,LOC001,2950,hybrid
PRE000079,CAN00064,2026-02-12,2026-05-15,OCC006,LOC006,2600,onsite
PRE000080,CAN00064,2026-05-16,2026-05-17,OCC006,LOC006,2600,onsite
PRE000081,CAN00065,2026-08-04,,OCC010,LOC003,2850,hybrid
PRE000082,CAN00066,2026-01-26,,OCC004,LOC001,2450,hybrid
PRE000083,CAN00067,2026-03-06,2026-03-30,OCC002,LOC001,1400,onsite
PRE000084,CAN00068,2026-05-08,2026-06-14,OCC004,LOC006,2250,hybrid
PRE000085,CAN00069,2025-10-12,2025-11-01,OCC001,LOC001,1200,hybrid
PRE000086,CAN00070,2026-08-27,,OCC010,LOC006,2850,onsite
PRE000087,CAN00071,2025-04-12,2025-06-25,OCC004,LOC007,1850,remote
PRE000088,CAN00072,2026-03-01,2026-03-31,OCC005,LOC002,2250,remote
PRE000089,CAN00073,2025-05-28,2025-09-03,OCC005,LOC003,2100,remote
PRE000090,CAN00074,2026-09-23,,OCC010,LOC001,3200,onsite
PRE000091,CAN00075,2025-11-15,2025-12-10,OCC008,LOC004,3000,onsite
PRE000092,CAN00076,2025-02-22,2025-05-01,OCC008,LOC001,3250,onsite
PRE000093,CAN00076,2025-05-02,2025-06-08,OCC008,LOC001,3200,onsite
PRE000094,CAN00077,2026-02-07,2026-03-04,OCC001,LOC008,1250,onsite
PRE000095,CAN00078,2025-06-26,2025-07-29,OCC008,LOC004,3200,onsite
PRE000096,CAN00079,2026-05-04,,OCC005,LOC004,2200,onsite
PRE000097,CAN00080,2026-01-20,2026-07-14,OCC006,LOC001,2500,hybrid
PRE000098,CAN00080,2026-07-15,,OCC006,LOC001,2650,hybrid
PRE000099,CAN00081,2026-07-20,2026-08-21,OCC006,LOC001,2300,hybrid
PRE000100,CAN00082,2025-09-23,2025-10-16,OCC004,LOC005,1950,onsite
PRE000101,CAN00083,2026-02-24,,OCC003,LOC001,1800,hybrid
PRE000102,CAN00084,2026-06-06,2026-09-28,OCC002,LOC006,1450,onsite
PRE000103,CAN00085,2025-08-09,,OCC002,LOC001,1200,hybrid
PRE000104,CAN00086,2025-06-25,,OCC003,LOC001,1450,onsite
PRE000105,CAN00087,2026-08-30,,OCC009,LOC002,3750,onsite
PRE000106,CAN00088,2026-05-14,,OCC001,LOC006,1650,onsite
PRE000107,CAN00089,2025-06-19,,OCC001,LOC002,1350,onsite
PRE000108,CAN00090,2026-09-24,,OCC005,LOC001,2300,onsite
PRE000109,CAN00091,2026-07-18,2026-09-23,OCC006,LOC001,2450,hybrid
PRE000110,CAN00092,2025-10-28,2025-11-29,OCC001,LOC006,1350,remote
PRE000111,CAN00093,2026-04-12,,OCC004,LOC001,2400,onsite
PRE000112,CAN00094,2026-05-06,2026-06-25,OCC002,LOC002,1500,onsite
PRE000113,CAN00095,2026-02-14,2026-05-26,OCC006,LOC001,2600,onsite
PRE000114,CAN00096,2026-06-05,2026-08-18,OCC010,LOC001,3050,onsite
PRE000115,CAN00096,2026-08-19,,OCC010,LOC001,3000,onsite
PRE000116,CAN00097,2025-08-08,,OCC003,LOC001,1600,hybrid
PRE000117,CAN00098,2026-09-28,,OCC003,LOC006,2000,hybrid
PRE000118,CAN00099,2026-05-15,2026-06-23,OCC007,LOC001,2550,hybrid
PRE000119,CAN00100,2026-06-14,2026-07-09,OCC010,LOC005,3300,onsite
PRE000120,CAN00101,2026-02-06,2026-04-24,OCC002,LOC002,1300,remote
PRE000121,CAN00101,2026-04-25,2026-07-21,OCC002,LOC002,1250,remote
PRE000122,CAN00102,2026-05-09,,OCC003,LOC001,1700,onsite
PRE000123,CAN00103,2025-11-29,2025-12-21,OCC002,LOC006,1200,onsite
PRE000125,CAN00104,2026-02-24,2026-04-26,OCC007,LOC005,2450,remote
PRE000126,CAN00104,2026-04-27,,OCC007,LOC005,2400,remote
PRE000127,CAN00105,2026-09-05,,OCC001,LOC001,1400,onsite
PRE000128,CAN00106,2025-05-05,2025-06-19,OCC002,LOC003,1200,hybrid
PRE000129,CAN00107,2025-03-08,2025-07-13,OCC007,LOC003,2350,onsite
PRE000130,CAN00107,2025-07-14,,OCC007,LOC003,2100,onsite
PRE000131,CAN00108,2026-02-25,2026-07-14,OCC006,LOC002,2500,hybrid
PRE000132,CAN00108,2026-07-15,,OCC006,LOC002,2650,hybrid
PRE000133,CAN00109,2025-02-16,,OCC001,LOC002,1250,onsite
PRE000134,CAN00110,2025-08-24,2025-09-24,OCC004,LOC001,2250,onsite
PRE000135,CAN00111,2026-08-02,,OCC001,LOC006,1250,onsite
PRE000136,CAN00112,2026-02-25,2026-03-30,OCC001,LOC005,1350,remote
PRE000137,CAN00113,2025-04-13,,OCC002,LOC001,1200,remote
PRE000138,CAN00114,2025-10-21,2026-01-17,OCC001,LOC004,1200,hybrid
PRE000139,CAN00114,2026-01-18,,OCC001,LOC004,1350,hybrid
PRE000140,CAN00115,2025-10-26,2026-03-20,OCC001,LOC006,1400,remote
PRE000141,CAN00116,2026-09-23,,OCC002,LOC003,1450,onsite
PRE000142,CAN00117,2026-04-06,2026-07-03,OCC001,LOC002,1300,onsite
PRE000143,CAN00118,2026-01-30,2026-03-10,OCC007,LOC001,2650,hybrid
PRE000144,CAN00119,2025-06-11,,OCC004,LOC001,2400,hybrid
PRE000145,CAN00120,2025-11-20,2026-03-27,OCC007,LOC003,2200,hybrid
PRE000146,CAN00120,2026-03-28,,OCC007,LOC003,2350,hybrid
PRE000147,CAN00121,2025-02-25,,OCC001,LOC001,1200,hybrid
PRE000148,CAN00122,2025-07-19,2025-08-09,OCC006,LOC001,2450,onsite
PRE000149,CAN00123,2025-11-24,2025-12-15,OCC002,LOC004,1350,onsite
PRE000150,CAN00124,2025-05-19,,OCC009,LOC005,3500,onsite
PRE000151,CAN00125,2025-08-30,2025-12-27,OCC002,LOC008,1200,hybrid
PRE000152,CAN00125,2025-12-28,,OCC002,LOC008,1200,hybrid
PRE000153,CAN00126,2025-09-01,2025-09-17,OCC002,LOC001,1200,hybrid
PRE000154,CAN00127,2026-02-02,2026-06-09,OCC009,LOC004,3500,onsite
PRE000155,CAN00127,2026-06-10,,OCC009,LOC004,3700,onsite
PRE000156,CAN00128,2026-04-23,2026-06-21,OCC003,LOC001,1450,onsite
PRE000157,CAN00128,2026-06-22,,OCC003,LOC001,1500,onsite
PRE000158,CAN00129,2025-10-01,,OCC007,LOC001,2250,remote
PRE000159,CAN00130,2025-03-17,2025-05-13,OCC007,LOC001,2200,hybrid
PRE000160,CAN00131,2025-11-23,2025-12-27,OCC002,LOC001,1200,onsite
PRE000161,CAN00132,2025-12-13,,OCC003,LOC004,1800,remote
PRE000162,CAN00133,2025-06-13,2025-07-01,OCC009,LOC003,2900,hybrid
PRE000163,CAN00134,2026-03-04,,OCC004,LOC004,2200,onsite
PRE000164,CAN00135,2025-05-04,2025-09-15,OCC003,LOC001,1700,onsite
PRE000165,CAN00135,2025-09-16,,OCC003,LOC001,1850,onsite
PRE000166,CAN00136,2026-01-10,2026-02-26,OCC002,LOC006,1200,onsite
PRE000167,CAN00137,2026-09-02,,OCC010,LOC005,2650,hybrid
PRE000168,CAN00138,2025-07-09,2026-01-01,OCC002,LOC001,1550,onsite
PRE000169,CAN00139,2025-07-26,2025-11-03,OCC010,LOC004,3050,hybrid
PRE000170,CAN00139,2025-11-04,,OCC010,LOC004,3000,hybrid
PRE000171,CAN00140,2025-02-04,2025-07-04,OCC002,LOC001,1300,hybrid
PRE000172,CAN00140,2025-07-05,,OCC002,LOC001,1250,hybrid
PRE000173,CAN00141,2026-04-02,2026-05-06,OCC005,LOC008,2100,hybrid
PRE000175,CAN00142,2026-09-16,,OCC006,LOC004,2100,onsite
PRE000176,CAN00143,2025-05-26,,OCC002,LOC004,1500,hybrid
PRE000177,CAN00144,2025-03-10,,OCC002,LOC006,1200,remote
PRE000178,CAN00145,2025-06-20,,OCC006,LOC003,2200,onsite
PRE000179,CAN00146,2026-09-15,,OCC001,LOC008,1500,onsite
PRE000180,CAN00147,2026-09-24,,OCC009,LOC001,3350,onsite
PRE000181,CAN00148,2026-01-25,,OCC007,LOC001,2300,hybrid
PRE000182,CAN00149,2025-11-20,,OCC008,LOC001,2750,onsite
PRE000183,CAN00150,2026-05-27,2026-08-06,OCC007,LOC008,2400,remote
PRE000184,CAN00150,2026-08-07,,OCC007,LOC008,2500,remote
PRE000185,CAN00151,2025-12-22,2026-01-06,OCC002,LOC003,1350,hybrid
PRE000186,CAN00152,2026-01-08,2026-02-13,OCC001,LOC001,1350,onsite
PRE000188,CAN00153,2026-01-14,2026-05-10,OCC006,LOC001,2750,onsite
PRE000189,CAN00153,2026-05-11,,OCC006,LOC001,2750,onsite
PRE000190,CAN00154,2025-12-11,,OCC006,LOC001,2300,hybrid
PRE000191,CAN00155,2026-07-19,2026-08-19,OCC004,LOC001,2300,onsite
PRE000192,CAN00156,2026-09-14,,OCC001,LOC007,1750,onsite
PRE000193,CAN00157,2025-11-25,,OCC003,LOC001,1550,onsite
PRE000194,CAN00158,2026-03-24,,OCC006,LOC003,2650,onsite
PRE000195,CAN00159,2025-04-29,,OCC001,LOC003,1400,onsite
PRE000196,CAN00160,2026-07-23,,OCC002,LOC001,1250,hybrid
PRE000197,CAN00161,2026-05-20,,OCC002,LOC003,1450,onsite
PRE000198,CAN00162,2025-06-13,,OCC010,LOC001,2400,onsite
PRE000199,CAN00163,2026-09-16,,OCC003,LOC001,1550,onsite
PRE000200,CAN00164,2025-08-30,2026-02-03,OCC008,LOC005,3100,hybrid
PRE000201,CAN00164,2026-02-04,,OCC008,LOC005,3650,hybrid
PRE000202,CAN00165,2025-12-07,2026-01-13,OCC008,LOC004,3350,hybrid
PRE000203,CAN00166,2026-05-14,2026-08-03,OCC008,LOC004,3500,hybrid
PRE000204,CAN00167,2025-06-07,,OCC001,LOC001,1300,hybrid
PRE000205,CAN00168,2026-08-18,,OCC004,LOC005,2300,hybrid
PRE000206,CAN00169,2026-05-11,2026-06-12,OCC003,LOC007,1650,onsite
PRE000207,CAN00170,2025-09-23,2026-01-03,OCC008,LOC002,2600,remote
PRE000208,CAN00170,2026-01-04,,OCC008,LOC002,3000,remote
PRE000209,CAN00171,2026-01-30,2026-03-31,OCC002,LOC002,1300,onsite
PRE000210,CAN00171,2026-04-01,2026-05-07,OCC002,LOC002,1300,onsite
PRE000211,CAN00172,2025-04-11,,OCC006,LOC004,2400,hybrid
PRE000212,CAN00173,2025-10-11,,OCC010,LOC001,2850,onsite
PRE000213,CAN00174,2026-04-23,2026-09-30,OCC003,LOC002,1800,hybrid
PRE000214,CAN00175,2026-01-20,2026-04-11,OCC004,LOC001,2200,onsite
PRE000215,CAN00176,2025-06-12,2025-08-27,OCC004,LOC008,1950,onsite
PRE000216,CAN00176,2025-08-28,2025-09-22,OCC004,LOC008,2000,onsite
PRE000217,CAN00177,2026-03-14,2026-06-10,OCC008,LOC001,3600,remote
PRE000218,CAN00178,2026-09-30,,OCC003,LOC001,1700,remote
PRE000219,CAN00179,2025-09-10,,OCC006,LOC001,2300,onsite
PRE000220,CAN00180,2026-05-16,,OCC002,LOC004,1450,onsite
PRE000221,CAN00181,2025-07-24,2025-11-21,OCC004,LOC001,2350,onsite
PRE000222,CAN00181,2025-11-22,,OCC004,LOC001,2400,onsite
PRE000223,CAN00182,2025-02-04,,OCC002,LOC008,1200,onsite
PRE000224,CAN00183,2025-12-31,2026-02-10,OCC010,LOC003,2650,onsite
PRE000226,CAN00184,2026-09-14,,OCC005,LOC001,2200,onsite
PRE000227,CAN00185,2025-07-10,2025-07-22,OCC001,LOC001,1550,onsite
PRE000229,CAN00186,2026-04-09,,OCC002,LOC008,1500,hybrid
PRE000230,CAN00187,2026-08-19,,OCC007,LOC001,1950,onsite
PRE000231,CAN00188,2025-04-04,,OCC001,LOC001,1350,remote
PRE000232,CAN00189,2026-09-21,,OCC002,LOC001,1300,hybrid
PRE000233,CAN00190,2025-09-14,2025-10-19,OCC001,LOC002,1550,onsite
PRE000234,CAN00191,2026-01-19,,OCC001,LOC003,1250,hybrid
PRE000235,CAN00192,2026-02-26,,OCC008,LOC006,3600,onsite
PRE000236,CAN00193,2026-04-07,2026-05-02,OCC004,LOC005,2500,onsite
PRE000237,CAN00194,2025-08-28,2025-09-19,OCC001,LOC007,1200,onsite
PRE000238,CAN00195,2025-09-24,,OCC003,LOC008,1300,onsite
PRE000239,CAN00196,2026-02-03,,OCC010,LOC001,3300,onsite
PRE000240,CAN00197,2026-08-11,,OCC010,LOC006,2950,onsite
PRE000241,CAN00198,2026-04-19,2026-08-28,OCC006,LOC004,2700,hybrid
PRE000242,CAN00199,2026-05-02,,OCC005,LOC004,1950,onsite
PRE000243,CAN00200,2025-03-22,2025-06-16,OCC003,LOC001,1450,onsite
PRE000244,CAN00200,2025-06-17,,OCC003,LOC001,1750,onsite
PRE000245,CAN00201,2026-06-18,,OCC003,LOC001,1650,onsite
PRE000246,CAN00202,2025-05-05,2025-10-03,OCC007,LOC008,2000,remote
PRE000247,CAN00203,2025-11-28,2026-01-01,OCC003,LOC004,1600,remote
PRE000248,CAN00204,2026-02-15,2026-03-14,OCC002,LOC007,1550,remote
PRE000249,CAN00205,2026-05-30,2026-07-04,OCC005,LOC002,2200,hybrid
PRE000250,CAN00206,2025-12-29,2026-02-27,OCC006,LOC001,2250,onsite
PRE000251,CAN00207,2026-04-26,,OCC004,LOC007,2350,hybrid
PRE000252,CAN00208,2026-05-13,,OCC002,LOC002,1250,onsite
PRE000253,CAN00209,2025-06-23,,OCC010,LOC003,2600,remote
PRE000254,CAN00210,2025-07-06,,OCC006,LOC001,1850,hybrid
PRE000255,CAN00211,2025-09-17,2025-11-22,OCC006,LOC001,2400,onsite
PRE000256,CAN00212,2026-07-01,2026-08-28,OCC009,LOC004,3600,hybrid
PRE000257,CAN00213,2025-08-23,2025-09-14,OCC008,LOC007,3150,remote
PRE000259,CAN00214,2026-06-03,2026-07-09,OCC009,LOC004,3400,hybrid
PRE000260,CAN00215,2026-07-27,2026-09-25,OCC010,LOC001,2750,hybrid
PRE000261,CAN00216,2025-05-29,2025-09-29,OCC007,LOC002,2250,hybrid
PRE000262,CAN00216,2025-09-30,,OCC007,LOC002,2150,hybrid
PRE000263,CAN00217,2025-03-31,2025-06-29,OCC004,LOC001,2250,hybrid
PRE000264,CAN00217,2025-06-30,,OCC004,LOC001,2300,hybrid
PRE000265,CAN00218,2026-06-21,2026-07-07,OCC008,LOC001,3550,onsite
PRE000266,CAN00219,2026-03-15,2026-04-16,OCC004,LOC001,2400,remote
PRE000267,CAN00220,2026-08-01,,OCC001,LOC003,1500,onsite
PRE000268,CAN00221,2025-09-26,,OCC005,LOC001,1950,hybrid
PRE000269,CAN00222,2026-05-08,,OCC010,LOC001,3150,onsite
PRE000270,CAN00223,2025-06-20,2025-08-03,OCC003,LOC001,1400,hybrid
PRE000271,CAN00224,2025-12-05,,OCC006,LOC001,2400,onsite
PRE000272,CAN00225,2025-07-09,,OCC002,LOC004,1200,onsite
PRE000273,CAN00226,2025-11-13,2025-12-14,OCC004,LOC004,2550,hybrid
PRE000274,CAN00227,2025-06-01,2025-07-12,OCC001,LOC007,1250,onsite
PRE000275,CAN00228,2025-08-21,2026-01-09,OCC004,LOC001,2250,remote
PRE000276,CAN00228,2026-01-10,,OCC004,LOC001,2550,remote
PRE000277,CAN00229,2026-06-08,,OCC009,LOC001,3650,onsite
PRE000278,CAN00230,2025-10-26,,OCC003,LOC001,1700,onsite
PRE000279,CAN00231,2025-05-19,,OCC002,LOC001,1200,remote
PRE000280,CAN00232,2025-11-11,2026-09-12,OCC001,LOC004,1400,onsite
PRE000281,CAN00233,2026-04-24,2026-05-18,OCC010,LOC001,2850,onsite
PRE000282,CAN00234,2026-04-08,2026-09-26,OCC005,LOC001,2300,remote
PRE000283,CAN00234,2026-09-27,,OCC005,LOC001,2050,remote
PRE000284,CAN00235,2025-01-24,,OCC008,LOC005,2750,onsite
PRE000285,CAN00236,2025-07-31,2025-10-02,OCC005,LOC001,1950,onsite
PRE000286,CAN00236,2025-10-03,,OCC005,LOC001,2050,onsite
PRE000287,CAN00237,2025-09-29,2025-10-29,OCC003,LOC001,1600,hybrid
PRE000288,CAN00238,2026-02-03,,OCC007,LOC001,2400,hybrid
PRE000289,CAN00239,2025-04-04,2025-04-18,OCC008,LOC002,3300,hybrid
PRE000290,CAN00240,2026-07-05,,OCC007,LOC003,2300,onsite
PRE000291,CAN00241,2025-05-07,2025-05-29,OCC006,LOC003,2050,hybrid
PRE000292,CAN00242,2026-06-16,2026-08-19,OCC002,LOC002,1200,onsite
PRE000293,CAN00242,2026-08-20,,OCC002,LOC002,1400,onsite
PRE000294,CAN00243,2026-06-28,,OCC005,LOC001,2200,onsite
PRE000295,CAN00244,2025-05-31,,OCC002,LOC003,1200,hybrid
PRE000296,CAN00245,2026-04-08,2026-08-22,OCC006,LOC001,2250,onsite
PRE000297,CAN00245,2026-08-23,,OCC006,LOC001,2250,onsite
PRE000298,CAN00246,2025-06-26,2025-07-30,OCC002,LOC001,1250,hybrid
PRE000299,CAN00247,2026-02-28,,OCC002,LOC001,1500,onsite
PRE000300,CAN00248,2026-04-01,2026-04-24,OCC002,LOC002,1350,onsite
PRE000301,CAN00249,2025-04-21,2025-07-10,OCC009,LOC004,2850,hybrid
PRE000302,CAN00249,2025-07-11,,OCC009,LOC004,2950,hybrid
PRE000303,CAN00250,2026-02-08,,OCC002,LOC001,1300,remote
PRE000304,CAN00251,2026-03-23,2026-05-29,OCC007,LOC001,2050,onsite
PRE000305,CAN00251,2026-05-30,,OCC007,LOC001,2300,onsite
PRE000306,CAN00252,2026-09-26,,OCC001,LOC001,1500,onsite
PRE000307,CAN00253,2025-01-28,,OCC010,LOC001,2850,onsite
PRE000308,CAN00254,2026-05-16,2026-06-30,OCC001,LOC004,1350,hybrid
PRE000310,CAN00255,2026-03-24,,OCC006,LOC006,2150,onsite
PRE000311,CAN00256,2025-04-28,,OCC001,LOC001,1250,hybrid
PRE000312,CAN00257,2025-08-30,,OCC007,LOC001,2350,remote
PRE000313,CAN00258,2025-05-16,,OCC007,LOC004,2150,onsite
PRE000314,CAN00259,2025-11-25,2026-02-01,OCC008,LOC006,2600,remote
PRE000315,CAN00259,2026-02-02,,OCC008,LOC006,2950,remote
PRE000316,CAN00260,2026-05-11,2026-05-26,OCC007,LOC004,2450,hybrid
PRE000317,CAN00261,2026-07-02,,OCC004,LOC001,2250,hybrid
PRE000318,CAN00262,2025-11-09,2025-11-26,OCC007,LOC003,1700,hybrid
PRE000320,CAN00263,2026-02-06,2026-03-05,OCC003,LOC001,1650,onsite
PRE000321,CAN00264,2026-07-11,,OCC003,LOC001,1750,onsite
PRE000322,CAN00265,2026-08-01,,OCC001,LOC001,1550,onsite
PRE000323,CAN00266,2026-04-18,2026-09-29,OCC001,LOC001,1600,hybrid
PRE000324,CAN00267,2026-09-16,,OCC001,LOC005,1450,onsite
PRE000325,CAN00268,2026-02-02,2026-06-23,OCC002,LOC003,1450,hybrid
PRE000326,CAN00269,2025-12-06,2026-03-02,OCC007,LOC001,2150,hybrid
PRE000327,CAN00270,2026-04-23,2026-06-21,OCC010,LOC001,2600,onsite
PRE000328,CAN00271,2025-06-30,2025-07-20,OCC004,LOC007,2050,onsite
PRE000329,CAN00272,2026-02-04,2026-02-23,OCC008,LOC002,3300,onsite
PRE000330,CAN00273,2025-03-25,2025-07-17,OCC004,LOC001,2100,onsite
PRE000331,CAN00274,2025-08-09,2025-11-24,OCC007,LOC001,2000,onsite
PRE000332,CAN00274,2025-11-25,,OCC007,LOC001,2250,onsite
PRE000333,CAN00275,2025-12-14,2026-01-02,OCC008,LOC008,3150,onsite
PRE000334,CAN00276,2026-06-13,2026-07-14,OCC001,LOC001,1400,remote
PRE000335,CAN00277,2026-07-09,,OCC002,LOC002,1250,onsite
PRE000336,CAN00278,2026-09-16,,OCC009,LOC008,3150,remote
PRE000337,CAN00279,2026-07-16,,OCC003,LOC002,1600,onsite
PRE000338,CAN00280,2025-01-18,,OCC009,LOC006,3400,onsite
PRE000339,CAN00281,2025-09-29,2025-11-24,OCC007,LOC008,2300,onsite
PRE000340,CAN00282,2025-10-16,2026-04-09,OCC001,LOC001,1350,onsite
PRE000341,CAN00283,2025-01-17,,OCC006,LOC002,1800,hybrid
PRE000342,CAN00284,2025-09-10,,OCC006,LOC006,2250,onsite
PRE000343,CAN00285,2025-02-17,2026-07-11,OCC009,LOC001,3350,onsite
PRE000344,CAN00286,2026-03-23,2026-06-15,OCC008,LOC003,3550,onsite
PRE000345,CAN00287,2025-08-26,,OCC008,LOC001,2900,onsite
PRE000346,CAN00288,2025-10-09,2026-05-12,OCC005,LOC003,2150,remote
PRE000347,CAN00289,2026-05-30,2026-07-11,OCC003,LOC001,1800,remote
PRE000348,CAN00290,2025-03-04,2025-08-07,OCC007,LOC001,2000,hybrid
PRE000349,CAN00290,2025-08-08,,OCC007,LOC001,2000,hybrid
PRE000350,CAN00291,2025-04-15,,OCC001,LOC001,1350,onsite
PRE000351,CAN00292,2025-09-05,,OCC001,LOC001,1200,remote
PRE000352,CAN00293,2026-04-08,2026-07-09,OCC001,LOC008,1650,hybrid
PRE000353,CAN00294,2026-01-04,2026-05-07,OCC003,LOC001,1300,hybrid
PRE000354,CAN00295,2025-09-10,,OCC002,LOC002,1200,hybrid
PRE000355,CAN00296,2025-05-10,2025-06-24,OCC004,LOC007,2200,onsite
PRE000356,CAN00297,2025-09-22,,OCC004,LOC001,2000,hybrid
PRE000357,CAN00298,2026-04-20,,OCC009,LOC004,3800,hybrid
PRE000358,CAN00299,2025-08-03,2026-01-12,OCC001,LOC003,1350,hybrid
PRE000359,CAN00300,2025-10-24,,OCC008,LOC001,3050,onsite
PRE000360,CAN00301,2026-05-12,,OCC010,LOC001,3150,remote
PRE000361,CAN00302,2025-04-02,,OCC002,LOC001,1300,hybrid
PRE000362,CAN00303,2026-09-12,,OCC002,LOC001,1250,remote
PRE000363,CAN00304,2026-02-18,,OCC001,LOC001,1600,remote
PRE000364,CAN00305,2026-01-17,2026-02-02,OCC001,LOC001,1200,onsite
PRE000365,CAN00306,2025-03-09,,OCC003,LOC003,1650,onsite
PRE000366,CAN00307,2026-04-29,2026-07-01,OCC004,LOC006,2450,hybrid
PRE000367,CAN00308,2025-06-30,2025-11-07,OCC002,LOC002,1200,hybrid
PRE000368,CAN00309,2026-05-03,2026-08-09,OCC005,LOC003,2200,onsite
PRE000369,CAN00309,2026-08-10,,OCC005,LOC003,2300,onsite
PRE000370,CAN00310,2025-03-24,,OCC010,LOC004,2450,onsite
PRE000371,CAN00311,2025-03-26,,OCC006,LOC007,2100,hybrid
PRE000372,CAN00312,2026-05-14,2026-08-31,OCC002,LOC004,1250,onsite
PRE000373,CAN00313,2025-02-02,,OCC007,LOC004,2400,hybrid
PRE000374,CAN00314,2026-08-05,2026-09-06,OCC002,LOC003,1350,remote
PRE000375,CAN00315,2025-09-01,,OCC009,LOC003,3400,onsite
PRE000376,CAN00316,2025-08-06,2025-12-03,OCC003,LOC001,1750,hybrid
PRE000377,CAN00316,2025-12-04,,OCC003,LOC001,1600,hybrid
PRE000378,CAN00317,2026-03-28,2026-04-24,OCC002,LOC006,1400,hybrid
PRE000379,CAN00318,2026-08-07,2026-09-18,OCC003,LOC002,1800,onsite
PRE000380,CAN00319,2026-06-07,,OCC006,LOC001,2400,onsite
PRE000381,CAN00320,2025-02-03,,OCC006,LOC007,2300,onsite
PRE000382,CAN00321,2026-03-30,2026-08-12,OCC007,LOC007,2150,onsite
PRE000383,CAN00322,2025-07-07,,OCC005,LOC001,2000,remote
PRE000384,CAN00323,2026-03-03,,OCC005,LOC001,2400,hybrid
PRE000385,CAN00324,2025-11-09,2026-03-02,OCC001,LOC008,1300,hybrid
PRE000386,CAN00325,2026-09-25,,OCC001,LOC007,1500,onsite
PRE000387,CAN00326,2025-06-23,,OCC003,LOC001,1600,onsite
PRE000388,CAN00327,2026-04-04,,OCC010,LOC007,3300,remote
PRE000389,CAN00328,2025-05-24,2025-07-29,OCC007,LOC003,2350,hybrid
PRE000390,CAN00328,2025-07-30,,OCC007,LOC003,2450,hybrid
PRE000391,CAN00329,2025-08-13,2026-02-07,OCC010,LOC001,2700,onsite
PRE000392,CAN00329,2026-02-08,,OCC010,LOC001,3150,onsite
PRE000393,CAN00330,2026-03-31,,OCC001,LOC006,1600,hybrid
PRE000394,CAN00331,2026-08-18,2026-09-20,OCC002,LOC008,1300,hybrid
PRE000395,CAN00332,2026-08-12,2026-09-06,OCC001,LOC001,1500,hybrid
PRE000396,CAN00333,2025-08-03,2025-12-10,OCC003,LOC002,1550,onsite
PRE000397,CAN00334,2025-01-18,,OCC001,LOC006,1400,hybrid
PRE000398,CAN00335,2025-10-03,2025-10-29,OCC006,LOC001,2000,hybrid
PRE000399,CAN00336,2026-08-23,,OCC001,LOC006,1400,onsite
PRE000400,CAN00337,2025-12-22,2026-04-04,OCC002,LOC005,1200,remote
PRE000401,CAN00337,2026-04-05,,OCC002,LOC005,1250,remote
PRE000402,CAN00338,2026-08-28,2026-09-12,OCC004,LOC002,2250,onsite
PRE000403,CAN00339,2026-06-17,,OCC001,LOC007,1500,hybrid
PRE000404,CAN00340,2025-07-28,,OCC001,LOC001,1250,onsite
PRE000405,CAN00341,2025-11-15,,OCC008,LOC008,3250,remote
PRE000406,CAN00342,2026-06-29,,OCC010,LOC003,3000,onsite
PRE000407,CAN00343,2025-03-02,,OCC001,LOC007,1200,onsite
PRE000408,CAN00344,2025-05-09,,OCC003,LOC003,1550,hybrid
PRE000409,CAN00345,2026-03-17,2026-06-30,OCC003,LOC002,1900,onsite
PRE000410,CAN00345,2026-07-01,,OCC003,LOC002,1950,onsite
PRE000411,CAN00346,2025-07-10,2025-08-18,OCC004,LOC001,2350,hybrid
PRE000412,CAN00347,2026-04-05,2026-05-08,OCC001,LOC001,1400,onsite
PRE000413,CAN00348,2025-12-15,2026-04-23,OCC005,LOC003,1800,remote
PRE000414,CAN00349,2025-04-05,,OCC010,LOC001,3100,onsite
PRE000415,CAN00350,2026-02-22,2026-04-22,OCC007,LOC006,2200,onsite
PRE000416,CAN00351,2025-10-02,2026-02-14,OCC009,LOC002,3250,onsite
PRE000417,CAN00351,2026-02-15,,OCC009,LOC002,3500,onsite
PRE000418,CAN00352,2026-09-23,,OCC003,LOC004,1750,remote
PRE000419,CAN00353,2025-11-18,2026-03-06,OCC002,LOC001,1200,remote
PRE000420,CAN00353,2026-03-07,2026-05-13,OCC002,LOC001,1400,remote
PRE000421,CAN00354,2025-04-16,2025-05-04,OCC009,LOC004,3450,remote
PRE000423,CAN00355,2026-07-07,2026-09-16,OCC004,LOC001,2300,onsite
PRE000424,CAN00356,2026-05-13,,OCC001,LOC001,1500,hybrid
PRE000425,CAN00357,2025-05-24,2025-06-24,OCC006,LOC001,2000,hybrid
PRE000426,CAN00358,2026-02-09,,OCC007,LOC001,2550,onsite
PRE000427,CAN00359,2026-04-15,,OCC004,LOC005,2300,onsite
PRE000428,CAN00360,2025-08-11,2026-08-29,OCC002,LOC006,1200,hybrid
PRE000429,CAN00361,2025-11-05,2025-11-30,OCC007,LOC001,1950,onsite
PRE000430,CAN00362,2026-08-07,2026-09-10,OCC004,LOC008,2150,onsite
PRE000431,CAN00363,2025-11-03,2026-04-19,OCC005,LOC005,2100,hybrid
PRE000432,CAN00363,2026-04-20,,OCC005,LOC005,2200,hybrid
PRE000433,CAN00364,2026-02-20,2026-03-19,OCC001,LOC002,1350,hybrid
PRE000434,CAN00365,2025-10-02,2026-04-28,OCC002,LOC001,1200,hybrid
PRE000435,CAN00366,2026-06-15,2026-08-15,OCC001,LOC002,1700,onsite
PRE000436,CAN00366,2026-08-16,,OCC001,LOC002,1450,onsite
PRE000437,CAN00367,2025-07-10,,OCC009,LOC001,3500,onsite
PRE000438,CAN00368,2026-04-14,2026-06-26,OCC005,LOC001,2150,hybrid
PRE000439,CAN00369,2025-06-01,,OCC009,LOC007,3400,hybrid
PRE000440,CAN00370,2025-06-26,2025-09-10,OCC001,LOC002,1300,hybrid
PRE000441,CAN00370,2025-09-11,,OCC001,LOC002,1350,hybrid
PRE000442,CAN00371,2026-05-27,,OCC008,LOC008,3450,remote
PRE000443,CAN00372,2026-07-20,,OCC007,LOC007,2000,hybrid
PRE000444,CAN00373,2026-02-21,,OCC006,LOC007,2650,remote
PRE000445,CAN00374,2025-02-17,2025-06-11,OCC005,LOC001,1850,remote
PRE000446,CAN00374,2025-06-12,,OCC005,LOC001,2100,remote
PRE000447,CAN00375,2026-03-17,2026-04-13,OCC001,LOC003,1300,remote
PRE000448,CAN00376,2026-08-13,,OCC006,LOC006,2250,onsite
PRE000449,CAN00377,2026-01-19,2026-04-06,OCC002,LOC001,1400,onsite
PRE000450,CAN00378,2025-07-10,,OCC004,LOC001,2250,hybrid
PRE000451,CAN00379,2026-05-11,2026-09-19,OCC007,LOC001,2100,hybrid
PRE000452,CAN00379,2026-09-20,,OCC007,LOC001,2400,hybrid
PRE000453,CAN00380,2025-11-12,2025-12-06,OCC001,LOC001,1450,onsite
PRE000454,CAN00381,2026-08-06,,OCC007,LOC005,2300,onsite
PRE000455,CAN00382,2026-02-11,2026-05-30,OCC008,LOC001,3400,hybrid
PRE000456,CAN00382,2026-05-31,,OCC008,LOC001,3550,hybrid
PRE000457,CAN00383,2026-04-07,2026-06-15,OCC004,LOC003,2100,remote
PRE000458,CAN00384,2025-12-24,2026-04-04,OCC002,LOC004,1300,remote
PRE000459,CAN00384,2026-04-05,2026-04-12,OCC002,LOC004,1250,remote
PRE000460,CAN00385,2025-01-28,,OCC009,LOC004,3550,onsite
PRE000461,CAN00386,2026-07-30,2026-09-27,OCC003,LOC006,1900,hybrid
PRE000462,CAN00387,2025-07-18,,OCC003,LOC007,1700,remote
PRE000463,CAN00388,2025-07-22,,OCC002,LOC001,1200,onsite
PRE000464,CAN00389,2026-08-24,2026-09-29,OCC001,LOC002,1300,onsite
PRE000465,CAN00390,2025-10-02,2026-01-25,OCC005,LOC004,2150,hybrid
PRE000466,CAN00390,2026-01-26,2026-02-03,OCC005,LOC004,2550,hybrid
PRE000467,CAN00391,2025-07-25,,OCC008,LOC005,2850,hybrid
PRE000468,CAN00392,2025-12-28,,OCC005,LOC001,2250,onsite
PRE000469,CAN00393,2026-03-10,,OCC004,LOC004,2450,onsite
PRE000470,CAN00394,2026-07-29,,OCC001,LOC006,1550,onsite
PRE000471,CAN00395,2026-05-13,,OCC001,LOC001,1300,hybrid
PRE000472,CAN00396,2026-04-09,2026-06-28,OCC008,LOC001,3400,hybrid
PRE000473,CAN00396,2026-06-29,,OCC008,LOC001,3300,hybrid
PRE000474,CAN00397,2025-01-29,2025-07-20,OCC010,LOC001,3000,hybrid
PRE000475,CAN00398,2026-09-17,,OCC002,LOC001,1350,onsite
PRE000476,CAN00399,2025-05-17,2025-06-02,OCC003,LOC007,1850,onsite
PRE000477,CAN00400,2025-02-22,,OCC008,LOC008,3200,remote
PRE000478,CAN00401,2025-01-16,2025-03-29,OCC005,LOC001,1900,onsite
PRE000479,CAN00401,2025-03-30,,OCC005,LOC001,2250,onsite
PRE000480,CAN00402,2025-08-11,,OCC001,LOC001,1550,onsite
PRE000481,CAN00403,2025-05-12,2025-08-08,OCC007,LOC008,1850,remote
PRE000482,CAN00404,2026-01-30,2026-06-29,OCC006,LOC001,2450,onsite
PRE000483,CAN00404,2026-06-30,2026-08-16,OCC006,LOC001,2350,onsite
PRE000484,CAN00405,2025-06-04,2025-06-21,OCC003,LOC001,1500,hybrid
PRE000485,CAN00406,2025-11-21,2025-12-17,OCC009,LOC008,3550,hybrid
PRE000486,CAN00407,2026-08-15,2026-09-16,OCC001,LOC002,1350,hybrid
PRE000487,CAN00408,2026-07-22,,OCC006,LOC001,2400,remote
PRE000488,CAN00409,2026-03-19,2026-04-19,OCC001,LOC003,1500,onsite
PRE000490,CAN00410,2026-01-04,,OCC005,LOC008,1750,remote
PRE000491,CAN00411,2025-09-12,2025-09-27,OCC003,LOC001,1600,onsite
PRE000492,CAN00412,2025-04-01,2025-04-17,OCC003,LOC002,1700,remote
PRE000493,CAN00413,2026-08-09,2026-09-19,OCC001,LOC007,1550,onsite
PRE000494,CAN00414,2025-12-29,2026-01-22,OCC002,LOC001,1400,onsite
PRE000495,CAN00415,2026-01-12,,OCC004,LOC008,2300,onsite
PRE000496,CAN00416,2025-07-19,,OCC004,LOC007,2200,onsite
PRE000497,CAN00417,2026-08-07,,OCC001,LOC002,1350,hybrid
PRE000498,CAN00418,2025-01-14,2025-06-07,OCC002,LOC008,1200,remote
PRE000499,CAN00419,2026-02-23,2026-04-27,OCC001,LOC001,1500,hybrid
PRE000500,CAN00420,2025-12-13,2026-03-31,OCC002,LOC005,1250,onsite
PRE000501,CAN00421,2025-01-26,,OCC008,LOC002,3200,onsite
PRE000502,CAN00422,2025-07-21,2025-09-23,OCC010,LOC001,3050,onsite
PRE000503,CAN00423,2025-01-20,2025-07-12,OCC006,LOC001,2450,remote
PRE000504,CAN00423,2025-07-13,,OCC006,LOC001,2400,remote
PRE000505,CAN00424,2026-02-10,2026-07-27,OCC003,LOC003,1700,onsite
PRE000506,CAN00425,2025-01-10,,OCC002,LOC007,1200,hybrid
PRE000507,CAN00426,2025-10-10,2025-11-25,OCC001,LOC002,1600,onsite
PRE000508,CAN00427,2025-04-28,2025-10-09,OCC008,LOC001,3000,onsite
PRE000509,CAN00428,2025-09-11,2025-11-02,OCC006,LOC003,2550,onsite
PRE000510,CAN00429,2026-07-14,2026-08-22,OCC002,LOC003,1450,onsite
PRE000511,CAN00430,2026-03-09,,OCC001,LOC001,1700,onsite
PRE000512,CAN00431,2025-02-14,2025-05-29,OCC007,LOC005,1800,onsite
PRE000513,CAN00432,2026-09-06,,OCC002,LOC006,1200,onsite
PRE000514,CAN00433,2026-08-08,,OCC005,LOC001,2300,hybrid
PRE000515,CAN00434,2025-08-26,2025-10-15,OCC002,LOC002,1200,onsite
PRE000516,CAN00435,2025-12-18,2026-02-13,OCC007,LOC005,2250,remote
PRE000517,CAN00436,2025-09-11,2026-01-24,OCC009,LOC001,2850,onsite
PRE000518,CAN00437,2026-01-27,2026-03-11,OCC003,LOC007,1800,onsite
PRE000519,CAN00438,2026-02-12,,OCC007,LOC007,2100,onsite
PRE000520,CAN00439,2025-07-29,2025-08-14,OCC001,LOC001,1500,onsite
PRE000521,CAN00440,2026-07-04,2026-08-16,OCC006,LOC007,2600,hybrid
PRE000522,CAN00441,2025-12-22,,OCC001,LOC002,1250,remote
PRE000523,CAN00442,2026-04-06,2026-06-16,OCC001,LOC001,1400,hybrid
PRE000524,CAN00442,2026-06-17,2026-07-09,OCC001,LOC001,1500,hybrid
PRE000525,CAN00443,2025-12-19,2026-04-19,OCC010,LOC006,2950,remote
PRE000526,CAN00443,2026-04-20,,OCC010,LOC006,3450,remote
PRE000527,CAN00444,2026-07-10,,OCC003,LOC003,1600,onsite
PRE000528,CAN00445,2025-08-16,,OCC009,LOC003,3300,onsite
PRE000529,CAN00446,2025-03-04,2025-06-04,OCC005,LOC002,2000,hybrid
PRE000530,CAN00447,2025-11-02,2026-01-12,OCC002,LOC001,1200,onsite
PRE000531,CAN00448,2026-06-09,,OCC010,LOC001,2950,onsite
PRE000532,CAN00449,2025-09-24,,OCC006,LOC001,2400,hybrid
PRE000533,CAN00450,2026-09-06,,OCC010,LOC001,3400,remote
PRE000534,CAN00451,2025-10-08,2026-01-30,OCC002,LOC002,1200,hybrid
PRE000535,CAN00451,2026-01-31,2026-06-14,OCC002,LOC002,1300,hybrid
PRE000536,CAN00452,2025-04-08,2025-10-03,OCC001,LOC004,1350,remote
PRE000537,CAN00453,2025-11-25,2026-03-23,OCC001,LOC001,1300,onsite
PRE000538,CAN00453,2026-03-24,,OCC001,LOC001,1400,onsite
PRE000539,CAN00454,2026-04-27,2026-09-05,OCC009,LOC001,3350,remote
PRE000540,CAN00454,2026-09-06,,OCC009,LOC001,3450,remote
PRE000541,CAN00455,2025-04-12,2025-07-28,OCC004,LOC001,2150,hybrid
PRE000542,CAN00456,2026-01-16,,OCC007,LOC006,1850,onsite
PRE000543,CAN00457,2026-08-18,2026-09-20,OCC002,LOC003,1200,hybrid
PRE000544,CAN00458,2026-03-08,2026-04-06,OCC002,LOC001,1500,hybrid
PRE000545,CAN00459,2026-04-29,,OCC010,LOC002,3350,hybrid
PRE000546,CAN00460,2026-02-07,,OCC006,LOC001,2250,hybrid
PRE000547,CAN00461,2026-08-16,2026-09-07,OCC002,LOC002,1500,remote
PRE000548,CAN00462,2026-07-14,,OCC003,LOC001,1800,onsite
PRE000549,CAN00463,2026-01-06,,OCC007,LOC001,2350,onsite
PRE000550,CAN00464,2026-05-28,2026-09-17,OCC001,LOC001,1400,onsite
PRE000551,CAN00464,2026-09-18,,OCC001,LOC001,1400,onsite
PRE000552,CAN00465,2025-05-18,,OCC007,LOC001,1950,hybrid
PRE000553,CAN00466,2026-07-15,,OCC007,LOC001,2250,onsite
PRE000554,CAN00467,2026-06-22,2026-07-23,OCC009,LOC002,3500,onsite
PRE000555,CAN00468,2026-03-27,,OCC007,LOC002,2500,onsite
PRE000556,CAN00469,2025-09-26,2025-12-09,OCC010,LOC001,2500,onsite
PRE000557,CAN00470,2026-02-06,,OCC007,LOC001,2150,onsite
PRE000558,CAN00471,2026-02-07,2026-07-25,OCC005,LOC006,2400,onsite
PRE000559,CAN00471,2026-07-26,,OCC005,LOC006,2200,onsite
PRE000560,CAN00472,2026-09-04,2026-09-19,OCC001,LOC003,1200,onsite
PRE000561,CAN00473,2025-12-29,,OCC002,LOC001,1200,hybrid
PRE000562,CAN00474,2026-01-18,,OCC009,LOC001,3700,remote
PRE000563,CAN00475,2026-07-17,2026-08-16,OCC003,LOC005,1600,onsite
PRE000564,CAN00476,2025-06-03,2025-08-22,OCC001,LOC002,1200,onsite
PRE000565,CAN00476,2025-08-23,2025-09-09,OCC001,LOC002,1350,onsite
PRE000566,CAN00477,2025-10-02,2026-03-05,OCC006,LOC001,2150,hybrid
PRE000567,CAN00478,2025-12-25,2026-02-02,OCC001,LOC001,1250,onsite
PRE000568,CAN00479,2025-08-02,,OCC009,LOC003,3000,hybrid
PRE000569,CAN00480,2026-05-16,,OCC005,LOC001,2350,hybrid
PRE000570,CAN00481,2025-10-04,,OCC002,LOC004,1200,onsite
PRE000571,CAN00482,2026-06-11,,OCC001,LOC003,1550,remote
PRE000572,CAN00483,2026-07-22,2026-08-21,OCC006,LOC005,2500,onsite
PRE000573,CAN00484,2025-11-14,2026-01-31,OCC004,LOC001,1750,hybrid
PRE000574,CAN00485,2025-04-23,2025-05-09,OCC001,LOC001,1300,hybrid
PRE000576,CAN00486,2026-07-17,2026-08-12,OCC001,LOC002,1300,onsite
PRE000577,CAN00487,2025-08-24,2026-01-13,OCC009,LOC002,3350,hybrid
PRE000578,CAN00488,2026-07-02,,OCC007,LOC001,1850,onsite
PRE000579,CAN00489,2025-08-08,,OCC004,LOC002,2100,hybrid
PRE000580,CAN00490,2025-02-23,2026-03-25,OCC008,LOC001,3200,hybrid
PRE000581,CAN00491,2026-07-07,,OCC001,LOC004,1450,onsite
PRE000582,CAN00492,2025-08-14,2025-09-17,OCC003,LOC006,1700,hybrid
PRE000584,CAN00493,2025-01-24,2025-06-02,OCC004,LOC001,2250,hybrid
PRE000585,CAN00493,2025-06-03,,OCC004,LOC001,1900,hybrid
PRE000586,CAN00494,2025-06-18,,OCC003,LOC005,1550,onsite
PRE000587,CAN00495,2026-05-02,2026-09-27,OCC002,LOC001,1400,hybrid
PRE000588,CAN00496,2026-01-31,,OCC001,LOC006,1400,onsite
PRE000589,CAN00497,2026-04-25,2026-09-04,OCC003,LOC001,1750,onsite
PRE000590,CAN00497,2026-09-05,,OCC003,LOC001,1650,onsite
PRE000591,CAN00498,2025-04-14,2025-05-02,OCC010,LOC006,2800,remote
PRE000593,CAN00499,2025-11-23,,OCC006,LOC001,1950,onsite
PRE000594,CAN00500,2026-08-16,,OCC002,LOC001,1450,onsite
PRE000595,CAN00501,2025-04-06,,OCC001,LOC001,1550,onsite
PRE000596,CAN00502,2026-01-24,,OCC010,LOC005,3150,hybrid
PRE000597,CAN00503,2025-01-28,,OCC009,LOC006,3300,onsite
PRE000598,CAN00504,2025-09-07,,OCC002,LOC002,1200,remote
PRE000599,CAN00505,2026-04-13,2026-06-30,OCC002,LOC002,1250,hybrid
PRE000600,CAN00506,2026-01-10,2026-04-11,OCC004,LOC003,2450,hybrid
PRE000601,CAN00507,2025-10-07,,OCC001,LOC005,1300,remote
PRE000602,CAN00508,2026-07-22,,OCC004,LOC004,2300,remote
PRE000603,CAN00509,2026-08-13,,OCC003,LOC001,1650,remote
PRE000604,CAN00510,2025-02-19,2025-06-02,OCC010,LOC001,2700,onsite
PRE000605,CAN00510,2025-06-03,2025-06-06,OCC010,LOC001,2900,onsite
PRE000606,CAN00511,2026-02-18,,OCC003,LOC001,1750,hybrid
PRE000607,CAN00512,2026-05-08,2026-08-01,OCC007,LOC006,2250,remote
PRE000608,CAN00512,2026-08-02,,OCC007,LOC006,2500,remote
PRE000609,CAN00513,2025-01-09,2025-05-18,OCC001,LOC004,1200,onsite
PRE000610,CAN00513,2025-05-19,,OCC001,LOC004,1500,onsite
PRE000611,CAN00514,2026-02-01,2026-02-26,OCC004,LOC001,2350,onsite
PRE000612,CAN00515,2025-08-18,,OCC003,LOC006,1450,remote
PRE000613,CAN00516,2026-03-07,2026-08-21,OCC007,LOC001,2200,hybrid
PRE000614,CAN00516,2026-08-22,,OCC007,LOC001,2500,hybrid
PRE000615,CAN00517,2025-03-13,,OCC001,LOC006,1300,onsite
PRE000616,CAN00518,2025-04-27,2025-08-11,OCC005,LOC001,2150,hybrid
PRE000617,CAN00518,2025-08-12,,OCC005,LOC001,2200,hybrid
PRE000618,CAN00519,2026-08-17,,OCC005,LOC001,2200,hybrid
PRE000619,CAN00520,2025-07-31,,OCC002,LOC003,1200,onsite
PRE000620,CAN00521,2026-08-14,,OCC001,LOC001,1650,hybrid
PRE000621,CAN00522,2025-09-10,2025-10-02,OCC002,LOC001,1200,onsite
PRE000622,CAN00523,2025-11-20,2026-03-13,OCC001,LOC001,1500,remote
PRE000623,CAN00524,2026-05-02,,OCC009,LOC002,3600,onsite
PRE000624,CAN00525,2025-06-27,,OCC010,LOC002,2850,hybrid
PRE000625,CAN00526,2025-11-04,2026-03-14,OCC002,LOC001,1200,onsite
PRE000626,CAN00526,2026-03-15,,OCC002,LOC001,1350,onsite
PRE000627,CAN00527,2026-09-08,,OCC001,LOC001,1500,hybrid
PRE000628,CAN00528,2026-05-27,2026-08-11,OCC006,LOC002,2500,remote
PRE000629,CAN00529,2025-08-04,2025-10-08,OCC007,LOC002,1900,onsite
PRE000630,CAN00529,2025-10-09,,OCC007,LOC002,2150,onsite
PRE000631,CAN00530,2025-07-08,,OCC009,LOC001,3200,onsite
PRE000632,CAN00531,2025-09-11,,OCC007,LOC001,2000,onsite
PRE000633,CAN00532,2026-03-29,2026-07-15,OCC009,LOC008,3750,onsite
PRE000634,CAN00533,2026-09-15,,OCC007,LOC001,2250,onsite
PRE000635,CAN00534,2025-02-07,,OCC004,LOC001,2200,hybrid
PRE000636,CAN00535,2026-02-24,2026-04-16,OCC010,LOC001,2950,hybrid
PRE000637,CAN00536,2026-09-09,,OCC002,LOC002,1300,hybrid
PRE000638,CAN00537,2025-05-25,2025-09-24,OCC010,LOC001,3100,hybrid
PRE000639,CAN00538,2026-09-03,,OCC007,LOC002,2450,onsite
PRE000640,CAN00539,2026-09-24,,OCC001,LOC001,1600,hybrid
PRE000641,CAN00540,2025-03-05,2025-07-10,OCC005,LOC001,1650,hybrid
PRE000642,CAN00540,2025-07-11,,OCC005,LOC001,1850,hybrid
PRE000643,CAN00541,2025-04-28,2025-08-29,OCC001,LOC006,1500,remote
PRE000644,CAN00542,2025-06-23,,OCC003,LOC001,1550,remote
PRE000645,CAN00543,2026-09-11,,OCC001,LOC001,1550,onsite
PRE000646,CAN00544,2026-07-31,,OCC001,LOC001,1400,onsite
PRE000647,CAN00545,2025-03-08,2025-04-12,OCC004,LOC002,2250,hybrid
PRE000648,CAN00546,2026-07-26,,OCC004,LOC004,2250,onsite
PRE000649,CAN00547,2026-04-07,2026-06-22,OCC002,LOC001,1250,hybrid
PRE000650,CAN00547,2026-06-23,2026-08-15,OCC002,LOC001,1550,hybrid
PRE000651,CAN00548,2025-08-09,2025-08-27,OCC009,LOC008,3350,remote
PRE000652,CAN00549,2026-06-02,,OCC004,LOC001,1900,onsite
PRE000653,CAN00550,2025-09-17,,OCC001,LOC004,1450,remote
PRE000654,CAN00551,2025-09-24,2025-10-31,OCC002,LOC006,1250,remote
PRE000655,CAN00552,2026-06-27,,OCC003,LOC001,1700,onsite
PRE000656,CAN00553,2025-08-05,2025-09-23,OCC007,LOC008,1850,onsite
PRE000657,CAN00554,2025-10-26,2026-02-23,OCC005,LOC001,2100,onsite
PRE000658,CAN00554,2026-02-24,,OCC005,LOC001,2350,onsite
PRE000659,CAN00555,2026-07-24,2026-08-23,OCC005,LOC001,2400,onsite
PRE000660,CAN00556,2026-09-20,,OCC001,LOC001,1950,hybrid
PRE000661,CAN00557,2026-02-22,,OCC002,LOC002,1250,remote
PRE000662,CAN00558,2025-03-24,2025-06-10,OCC002,LOC001,1200,hybrid
PRE000663,CAN00559,2026-02-25,2026-07-07,OCC009,LOC001,3550,onsite
PRE000664,CAN00560,2026-08-11,,OCC001,LOC006,1450,onsite
PRE000665,CAN00561,2025-08-24,2025-09-13,OCC003,LOC003,1950,onsite
PRE000666,CAN00562,2026-08-10,,OCC005,LOC001,2200,hybrid
PRE000667,CAN00563,2026-08-27,,OCC001,LOC001,1350,hybrid
PRE000668,CAN00564,2026-04-24,2026-07-31,OCC006,LOC005,2300,onsite
PRE000669,CAN00564,2026-08-01,,OCC006,LOC005,2350,onsite
PRE000670,CAN00565,2026-09-07,2026-09-22,OCC005,LOC001,2300,onsite
PRE000671,CAN00566,2025-11-28,2026-06-28,OCC003,LOC007,1650,onsite
PRE000672,CAN00567,2025-09-27,2025-12-13,OCC005,LOC001,2100,hybrid
PRE000673,CAN00568,2025-04-14,,OCC003,LOC007,1500,hybrid
PRE000674,CAN00569,2026-01-14,2026-07-06,OCC008,LOC001,3700,onsite
PRE000675,CAN00569,2026-07-07,,OCC008,LOC001,3700,onsite
PRE000676,CAN00570,2025-01-29,2025-06-24,OCC010,LOC001,3000,onsite
PRE000677,CAN00570,2025-06-25,,OCC010,LOC001,3050,onsite
PRE000678,CAN00571,2026-09-15,,OCC010,LOC001,3400,hybrid
PRE000679,CAN00572,2025-02-03,,OCC006,LOC002,2250,hybrid
PRE000680,CAN00573,2026-03-20,,OCC002,LOC006,1200,hybrid
PRE000681,CAN00574,2026-06-09,,OCC005,LOC001,2000,hybrid
PRE000682,CAN00575,2025-11-08,2025-12-04,OCC002,LOC005,1200,remote
PRE000683,CAN00576,2025-05-29,,OCC005,LOC001,1900,hybrid
PRE000684,CAN00577,2026-05-13,,OCC003,LOC008,1700,onsite
PRE000685,CAN00578,2025-07-30,2025-10-02,OCC008,LOC007,3150,onsite
PRE000686,CAN00578,2025-10-03,2025-11-11,OCC008,LOC007,3100,onsite
PRE000687,CAN00579,2025-03-23,2025-07-24,OCC007,LOC001,2400,onsite
PRE000688,CAN00580,2025-07-03,,OCC002,LOC002,1350,hybrid
PRE000689,CAN00581,2025-11-07,,OCC001,LOC001,1300,onsite
PRE000690,CAN00582,2026-08-04,2026-09-10,OCC001,LOC001,1650,onsite
PRE000691,CAN00583,2025-04-14,2025-05-03,OCC002,LOC001,1300,hybrid
PRE000693,CAN00584,2025-06-14,2025-07-26,OCC007,LOC001,1950,onsite
PRE000694,CAN00585,2026-05-29,2026-06-26,OCC008,LOC002,3400,hybrid
PRE000695,CAN00586,2026-09-08,,OCC002,LOC004,1350,hybrid
PRE000696,CAN00587,2025-10-05,2025-11-16,OCC005,LOC006,2150,hybrid
PRE000697,CAN00588,2025-11-29,2026-01-30,OCC007,LOC003,2050,hybrid
PRE000698,CAN00589,2025-01-18,,OCC007,LOC001,1950,hybrid
PRE000699,CAN00590,2026-02-01,2026-03-24,OCC008,LOC004,3100,onsite
PRE000700,CAN00591,2025-05-12,2025-11-07,OCC003,LOC006,1600,onsite
PRE000701,CAN00591,2025-11-08,,OCC003,LOC006,1550,onsite
PRE000702,CAN00592,2026-07-15,,OCC003,LOC005,1650,onsite
PRE000703,CAN00593,2026-09-25,,OCC005,LOC001,2100,onsite
PRE000704,CAN00594,2025-06-28,2025-07-18,OCC001,LOC001,1350,hybrid
PRE000705,CAN00595,2026-05-02,,OCC001,LOC005,1600,hybrid
PRE000706,CAN00596,2025-01-08,,OCC006,LOC004,2050,onsite
PRE000707,CAN00597,2026-03-04,,OCC006,LOC005,2550,hybrid
PRE000708,CAN00598,2025-06-17,,OCC007,LOC001,2200,onsite
PRE000709,CAN00599,2025-04-03,2025-07-21,OCC008,LOC001,3100,onsite
PRE000710,CAN00600,2025-09-03,,OCC003,LOC003,1500,onsite
PRE000711,CAN00601,2025-10-19,2025-11-30,OCC008,LOC004,3400,onsite
PRE000712,CAN00602,2025-04-25,2025-06-09,OCC005,LOC002,2300,remote
PRE000714,CAN00603,2025-02-02,2025-05-19,OCC009,LOC001,3400,hybrid
PRE000715,CAN00603,2025-05-20,2025-06-14,OCC009,LOC001,3400,hybrid
PRE000716,CAN00604,2025-03-01,,OCC004,LOC002,1850,onsite
PRE000717,CAN00605,2025-07-04,,OCC002,LOC003,1300,onsite
PRE000718,CAN00606,2026-07-03,,OCC009,LOC001,3450,onsite
PRE000719,CAN00607,2026-02-14,2026-04-21,OCC010,LOC006,3250,onsite
PRE000720,CAN00608,2025-05-30,,OCC001,LOC001,1200,onsite
PRE000721,CAN00609,2025-11-02,2026-09-09,OCC001,LOC008,1200,onsite
PRE000722,CAN00610,2025-10-17,2025-11-22,OCC001,LOC006,1250,hybrid
PRE000723,CAN00611,2025-02-03,,OCC001,LOC002,1250,hybrid
PRE000724,CAN00612,2026-07-18,,OCC001,LOC001,1750,hybrid
PRE000725,CAN00613,2026-07-04,,OCC010,LOC001,3550,hybrid
PRE000726,CAN00614,2025-06-02,2025-07-31,OCC001,LOC008,1300,remote
PRE000727,CAN00614,2025-08-01,2025-09-08,OCC001,LOC008,1350,remote
PRE000728,CAN00615,2025-04-15,2025-05-03,OCC002,LOC008,1400,hybrid
PRE000730,CAN00616,2025-06-03,2025-08-01,OCC002,LOC006,1200,onsite
PRE000731,CAN00616,2025-08-02,,OCC002,LOC006,1250,onsite
PRE000732,CAN00617,2025-12-05,,OCC005,LOC008,2150,onsite
PRE000733,CAN00618,2025-09-19,2026-05-24,OCC001,LOC001,1200,onsite
PRE000734,CAN00619,2025-07-07,2025-11-08,OCC006,LOC002,2400,onsite
PRE000735,CAN00619,2025-11-09,,OCC006,LOC002,2400,onsite
PRE000736,CAN00620,2025-10-18,2026-07-30,OCC006,LOC004,2100,onsite
PRE000737,CAN00621,2025-06-03,2025-06-30,OCC004,LOC002,2150,onsite
PRE000738,CAN00622,2026-05-29,2026-08-21,OCC002,LOC001,1250,onsite
PRE000739,CAN00622,2026-08-22,,OCC002,LOC001,1500,onsite
PRE000740,CAN00623,2025-10-27,,OCC008,LOC006,3150,remote
PRE000741,CAN00624,2026-07-07,,OCC003,LOC005,1900,remote
PRE000742,CAN00625,2026-03-06,2026-06-03,OCC009,LOC001,3550,onsite
PRE000743,CAN00625,2026-06-04,2026-07-15,OCC009,LOC001,3650,onsite
PRE000744,CAN00626,2025-07-05,2025-09-11,OCC003,LOC001,1400,onsite
PRE000745,CAN00626,2025-09-12,,OCC003,LOC001,1550,onsite
PRE000746,CAN00627,2025-07-01,2025-10-05,OCC001,LOC001,1400,hybrid
PRE000747,CAN00628,2025-02-08,2025-02-27,OCC005,LOC001,2150,hybrid
PRE000748,CAN00629,2025-12-06,2026-01-12,OCC005,LOC008,1900,hybrid
PRE000749,CAN00630,2025-01-07,,OCC002,LOC006,1200,remote
PRE000750,CAN00631,2026-04-14,,OCC004,LOC001,2050,onsite
PRE000751,CAN00632,2026-01-04,,OCC004,LOC001,2550,remote
PRE000752,CAN00633,2026-09-29,,OCC007,LOC001,2100,hybrid
PRE000753,CAN00634,2025-08-10,2025-11-29,OCC004,LOC003,1800,hybrid
PRE000754,CAN00634,2025-11-30,2026-01-29,OCC004,LOC003,1950,hybrid
PRE000755,CAN00635,2025-05-18,,OCC007,LOC001,2500,hybrid
PRE000756,CAN00636,2026-04-17,,OCC006,LOC001,2200,onsite
PRE000757,CAN00637,2026-04-19,2026-07-24,OCC006,LOC001,2600,onsite
PRE000758,CAN00637,2026-07-25,,OCC006,LOC001,2600,onsite
PRE000759,CAN00638,2025-08-28,2025-09-27,OCC008,LOC003,2700,hybrid
PRE000760,CAN00639,2025-04-15,2025-09-06,OCC001,LOC001,1200,hybrid
PRE000761,CAN00640,2025-03-03,2025-07-06,OCC003,LOC004,1450,hybrid
PRE000762,CAN00640,2025-07-07,,OCC003,LOC004,1500,hybrid
PRE000763,CAN00641,2026-06-06,,OCC005,LOC006,2500,onsite
PRE000764,CAN00642,2025-09-09,,OCC006,LOC001,2500,hybrid
PRE000765,CAN00643,2026-04-02,2026-06-01,OCC001,LOC001,1450,onsite
PRE000766,CAN00643,2026-06-02,,OCC001,LOC001,1350,onsite
PRE000767,CAN00644,2026-08-08,2026-09-04,OCC004,LOC001,2550,onsite
PRE000768,CAN00645,2026-08-05,,OCC002,LOC003,1350,remote
PRE000769,CAN00646,2026-04-22,,OCC010,LOC001,2550,onsite
PRE000770,CAN00647,2026-01-06,2026-02-05,OCC001,LOC004,1400,hybrid
PRE000771,CAN00648,2026-03-30,,OCC003,LOC001,1700,hybrid
PRE000772,CAN00649,2025-10-02,,OCC010,LOC002,2900,onsite
PRE000773,CAN00650,2026-01-26,2026-03-07,OCC003,LOC008,1500,onsite
PRE000774,CAN00651,2025-03-02,,OCC006,LOC004,2150,hybrid
PRE000775,CAN00652,2026-04-19,2026-05-19,OCC006,LOC003,2200,hybrid
PRE000776,CAN00653,2025-04-08,2025-07-12,OCC003,LOC005,1600,hybrid
PRE000777,CAN00654,2026-03-30,,OCC007,LOC002,2300,onsite
PRE000778,CAN00655,2026-07-05,,OCC008,LOC002,3200,onsite
PRE000779,CAN00656,2025-10-27,2026-02-12,OCC002,LOC002,1200,onsite
PRE000780,CAN00656,2026-02-13,,OCC002,LOC002,1250,onsite
PRE000781,CAN00657,2025-05-29,,OCC007,LOC001,1850,hybrid
PRE000782,CAN00658,2025-03-10,2025-04-04,OCC007,LOC004,2500,onsite
PRE000783,CAN00659,2025-02-15,2025-05-19,OCC002,LOC006,1200,hybrid
PRE000784,CAN00659,2025-05-20,,OCC002,LOC006,1400,hybrid
PRE000785,CAN00660,2026-02-14,2026-04-20,OCC009,LOC001,3800,hybrid
PRE000786,CAN00660,2026-04-21,,OCC009,LOC001,3950,hybrid
PRE000787,CAN00661,2025-07-04,,OCC010,LOC007,2900,hybrid
PRE000788,CAN00662,2026-08-31,,OCC001,LOC006,1800,onsite
PRE000789,CAN00663,2026-06-14,,OCC004,LOC001,2400,onsite
PRE000790,CAN00664,2025-08-29,2025-11-18,OCC001,LOC001,1450,onsite
PRE000791,CAN00665,2025-09-07,2025-12-06,OCC002,LOC001,1250,hybrid
PRE000792,CAN00665,2025-12-07,2025-12-10,OCC002,LOC001,1250,hybrid
PRE000793,CAN00666,2025-07-03,,OCC008,LOC002,3400,hybrid
PRE000794,CAN00667,2026-06-11,2026-07-11,OCC002,LOC001,1300,onsite
PRE000795,CAN00668,2026-05-17,2026-08-23,OCC001,LOC001,1650,onsite
PRE000796,CAN00668,2026-08-24,,OCC001,LOC001,1700,onsite
PRE000797,CAN00669,2026-06-12,,OCC001,LOC001,1400,remote
PRE000798,CAN00670,2025-09-14,2026-01-18,OCC008,LOC005,3300,hybrid
PRE000799,CAN00671,2025-06-24,2025-08-02,OCC001,LOC008,1200,hybrid
PRE000800,CAN00672,2026-02-04,2026-07-19,OCC006,LOC001,2300,onsite
PRE000801,CAN00672,2026-07-20,,OCC006,LOC001,2800,onsite
PRE000802,CAN00673,2026-03-16,,OCC005,LOC001,2300,hybrid
PRE000803,CAN00674,2025-10-15,,OCC002,LOC001,1250,onsite
PRE000804,CAN00675,2025-12-10,,OCC002,LOC001,1350,onsite
PRE000805,CAN00676,2026-09-18,,OCC003,LOC008,1650,remote
PRE000806,CAN00677,2026-01-22,,OCC001,LOC004,1300,hybrid
PRE000807,CAN00678,2025-08-14,2025-11-24,OCC009,LOC008,2650,hybrid
PRE000808,CAN00679,2026-05-02,,OCC008,LOC001,2800,hybrid
PRE000809,CAN00680,2026-02-12,,OCC002,LOC001,1750,remote
PRE000810,CAN00681,2026-01-17,2026-04-16,OCC003,LOC004,1550,onsite
PRE000811,CAN00682,2025-04-26,2025-08-02,OCC002,LOC003,1200,hybrid
PRE000812,CAN00682,2025-08-03,2025-08-29,OCC002,LOC003,1250,hybrid
PRE000813,CAN00683,2025-12-18,,OCC001,LOC002,1300,hybrid
PRE000814,CAN00684,2025-04-21,,OCC005,LOC002,2050,remote
PRE000815,CAN00685,2025-04-05,,OCC001,LOC003,1450,onsite
PRE000816,CAN00686,2026-02-19,,OCC002,LOC001,1200,hybrid
PRE000817,CAN00687,2026-09-01,,OCC010,LOC004,3100,remote
PRE000818,CAN00688,2026-09-21,,OCC002,LOC008,1350,hybrid
PRE000819,CAN00689,2026-05-26,,OCC003,LOC008,1500,hybrid
PRE000820,CAN00690,2026-06-02,2026-07-07,OCC005,LOC001,2450,onsite
PRE000822,CAN00691,2026-07-08,2026-08-10,OCC004,LOC007,2400,remote
PRE000823,CAN00692,2026-09-20,,OCC007,LOC003,2300,remote
PRE000824,CAN00693,2026-02-02,,OCC005,LOC003,2350,remote
PRE000825,CAN00694,2026-04-19,2026-08-19,OCC001,LOC002,1400,onsite
PRE000826,CAN00695,2025-08-02,2025-11-03,OCC001,LOC004,1350,hybrid
PRE000827,CAN00695,2025-11-04,2025-11-07,OCC001,LOC004,1400,hybrid
PRE000828,CAN00696,2026-02-04,,OCC004,LOC007,2400,hybrid
PRE000829,CAN00697,2025-03-22,2025-04-19,OCC008,LOC001,3050,onsite
PRE000830,CAN00698,2026-01-14,,OCC002,LOC001,1250,hybrid
PRE000831,CAN00699,2026-07-28,,OCC002,LOC007,1250,remote
PRE000832,CAN00700,2025-03-05,,OCC002,LOC003,1450,hybrid
PRE000833,CAN00701,2026-03-14,,OCC001,LOC006,1650,onsite
PRE000834,CAN00702,2025-05-24,,OCC002,LOC004,1250,onsite
PRE000835,CAN00703,2026-04-04,2026-09-03,OCC008,LOC004,3000,hybrid
PRE000836,CAN00703,2026-09-04,,OCC008,LOC004,2900,hybrid
PRE000837,CAN00704,2026-09-21,,OCC006,LOC001,2100,hybrid
PRE000838,CAN00705,2025-02-22,2025-07-15,OCC006,LOC007,2300,onsite
PRE000839,CAN00705,2025-07-16,,OCC006,LOC007,2600,onsite
PRE000840,CAN00706,2026-04-01,,OCC006,LOC007,2350,hybrid
PRE000841,CAN00707,2026-06-20,2026-09-11,OCC002,LOC008,1200,onsite
PRE000842,CAN00708,2025-11-01,2025-11-18,OCC006,LOC004,2450,onsite
PRE000843,CAN00709,2026-05-25,,OCC001,LOC003,1350,hybrid
PRE000844,CAN00710,2026-06-23,2026-07-13,OCC005,LOC001,2200,hybrid
PRE000845,CAN00711,2025-12-15,2026-02-18,OCC009,LOC006,3700,hybrid
PRE000846,CAN00712,2025-10-14,2025-11-05,OCC005,LOC002,2100,hybrid
PRE000848,CAN00713,2025-04-17,2025-05-01,OCC002,LOC001,1250,hybrid
PRE000849,CAN00714,2026-04-13,2026-05-19,OCC001,LOC002,1400,remote
PRE000851,CAN00715,2025-09-14,2025-09-30,OCC006,LOC006,2350,hybrid
PRE000852,CAN00716,2026-03-29,,OCC001,LOC006,1250,onsite
PRE000853,CAN00717,2026-05-18,2026-09-28,OCC010,LOC002,3200,onsite
PRE000854,CAN00717,2026-09-29,,OCC010,LOC002,3300,onsite
PRE000855,CAN00718,2025-07-25,,OCC004,LOC001,2400,hybrid
PRE000856,CAN00719,2026-08-31,2026-09-14,OCC001,LOC003,1550,hybrid
PRE000857,CAN00720,2025-10-05,2025-11-26,OCC001,LOC002,1250,onsite
PRE000858,CAN00721,2026-04-22,,OCC005,LOC001,2500,hybrid
PRE000859,CAN00722,2026-05-28,2026-09-23,OCC008,LOC003,3100,hybrid
PRE000860,CAN00722,2026-09-24,,OCC008,LOC003,3150,hybrid
PRE000861,CAN00723,2026-04-19,2026-07-20,OCC002,LOC001,1250,onsite
PRE000862,CAN00723,2026-07-21,,OCC002,LOC001,1300,onsite
PRE000863,CAN00724,2025-07-24,2025-08-24,OCC001,LOC001,1300,onsite
PRE000865,CAN00725,2026-09-09,2026-09-27,OCC006,LOC007,2250,onsite
PRE000866,CAN00726,2025-04-22,2025-05-26,OCC001,LOC001,1350,hybrid
PRE000867,CAN00727,2025-07-29,2025-08-12,OCC010,LOC004,2700,onsite
PRE000868,CAN00728,2025-07-17,2025-09-25,OCC001,LOC004,1400,hybrid
PRE000869,CAN00728,2025-09-26,2025-10-27,OCC001,LOC004,1250,hybrid
PRE000870,CAN00729,2025-04-16,,OCC007,LOC007,2300,remote
PRE000871,CAN00730,2025-07-16,2025-09-09,OCC008,LOC001,2800,onsite
PRE000872,CAN00731,2026-04-05,2026-09-25,OCC003,LOC003,1550,remote
PRE000873,CAN00732,2026-09-30,,OCC003,LOC008,1900,remote
PRE000874,CAN00733,2025-01-20,2025-05-31,OCC008,LOC007,3350,remote
PRE000875,CAN00734,2025-10-19,2025-12-22,OCC001,LOC003,1300,onsite
PRE000876,CAN00734,2025-12-23,,OCC001,LOC003,1400,onsite
PRE000877,CAN00735,2025-08-28,2025-10-05,OCC004,LOC003,2300,onsite
PRE000878,CAN00736,2026-01-14,2026-06-10,OCC004,LOC007,2300,hybrid
PRE000879,CAN00736,2026-06-11,,OCC004,LOC007,2450,hybrid
PRE000880,CAN00737,2026-01-14,2026-04-18,OCC005,LOC001,2250,remote
PRE000881,CAN00738,2026-03-27,2026-07-27,OCC002,LOC001,1300,onsite
PRE000882,CAN00739,2026-01-05,,OCC002,LOC002,1250,hybrid
PRE000883,CAN00740,2026-05-17,2026-07-05,OCC002,LOC001,1250,hybrid
PRE000884,CAN00741,2026-03-16,2026-09-09,OCC002,LOC004,1500,hybrid
PRE000885,CAN00741,2026-09-10,,OCC002,LOC004,1400,hybrid
PRE000886,CAN00742,2025-09-19,,OCC003,LOC002,1550,onsite
PRE000887,CAN00743,2026-02-25,2026-04-10,OCC005,LOC006,2300,onsite
PRE000888,CAN00744,2026-03-25,2026-09-18,OCC001,LOC005,1400,onsite
PRE000889,CAN00744,2026-09-19,,OCC001,LOC005,1250,onsite
PRE000890,CAN00745,2025-07-27,,OCC006,LOC001,2300,hybrid
PRE000891,CAN00746,2026-09-30,,OCC002,LOC006,1200,hybrid
PRE000892,CAN00747,2025-06-09,2025-10-23,OCC006,LOC001,1950,hybrid
PRE000893,CAN00747,2025-10-24,,OCC006,LOC001,2250,hybrid
PRE000894,CAN00748,2025-02-10,2025-07-03,OCC008,LOC001,3250,remote
PRE000895,CAN00748,2025-07-04,,OCC008,LOC001,3400,remote
PRE000896,CAN00749,2026-04-05,2026-05-01,OCC001,LOC004,1400,onsite
PRE000897,CAN00750,2025-05-20,2025-07-24,OCC004,LOC001,2100,hybrid
PRE000898,CAN00750,2025-07-25,,OCC004,LOC001,1850,hybrid
PRE000899,CAN00751,2026-01-13,2026-07-03,OCC004,LOC008,2550,onsite
PRE000900,CAN00751,2026-07-04,2026-07-11,OCC004,LOC008,2300,onsite
PRE000901,CAN00752,2025-03-24,2025-09-17,OCC006,LOC005,2350,remote
PRE000902,CAN00753,2025-12-25,,OCC003,LOC005,1600,onsite
PRE000903,CAN00754,2025-05-15,,OCC005,LOC004,1800,hybrid
PRE000904,CAN00755,2025-12-03,2026-03-16,OCC005,LOC001,1900,onsite
PRE000905,CAN00755,2026-03-17,2026-04-20,OCC005,LOC001,2350,onsite
PRE000906,CAN00756,2026-08-28,,OCC008,LOC003,3600,remote
PRE000907,CAN00757,2026-09-04,,OCC007,LOC001,2400,onsite
PRE000908,CAN00758,2025-02-27,2025-07-22,OCC008,LOC004,3150,remote
PRE000909,CAN00758,2025-07-23,,OCC008,LOC004,3200,remote
PRE000910,CAN00759,2025-11-08,,OCC003,LOC006,1600,remote
PRE000911,CAN00760,2025-09-20,2025-12-05,OCC009,LOC001,3200,hybrid
PRE000912,CAN00760,2025-12-06,,OCC009,LOC001,3350,hybrid
PRE000913,CAN00761,2026-03-28,,OCC002,LOC001,1200,remote
PRE000914,CAN00762,2025-08-12,,OCC007,LOC001,2050,onsite
PRE000915,CAN00763,2025-01-30,2025-07-27,OCC006,LOC003,2350,remote
PRE000916,CAN00763,2025-07-28,2025-08-02,OCC006,LOC003,2500,remote
PRE000917,CAN00764,2025-03-14,2025-06-03,OCC005,LOC003,2200,remote
PRE000918,CAN00765,2025-12-25,,OCC006,LOC004,2200,onsite
PRE000919,CAN00766,2025-12-05,,OCC004,LOC008,1850,remote
PRE000920,CAN00767,2026-04-06,,OCC002,LOC002,1350,onsite
PRE000921,CAN00768,2026-02-17,2026-06-26,OCC001,LOC003,1500,onsite
PRE000922,CAN00768,2026-06-27,,OCC001,LOC003,1600,onsite
PRE000923,CAN00769,2026-07-03,2026-08-02,OCC002,LOC005,1350,onsite
PRE000924,CAN00770,2026-08-09,2026-09-10,OCC006,LOC006,2400,onsite
PRE000925,CAN00771,2026-05-21,2026-08-28,OCC002,LOC001,1250,hybrid
PRE000926,CAN00771,2026-08-29,,OCC002,LOC001,1350,hybrid
PRE000927,CAN00772,2026-03-06,,OCC009,LOC002,3450,onsite
PRE000928,CAN00773,2026-06-08,2026-08-02,OCC010,LOC004,3050,onsite
PRE000930,CAN00774,2025-03-29,2025-07-08,OCC005,LOC006,1950,onsite
PRE000932,CAN00775,2026-05-28,2026-09-17,OCC001,LOC003,1350,onsite
PRE000933,CAN00775,2026-09-18,,OCC001,LOC003,1550,onsite
PRE000934,CAN00776,2026-07-21,,OCC004,LOC001,2350,remote
PRE000935,CAN00777,2025-04-28,2025-10-10,OCC006,LOC001,2350,hybrid
PRE000936,CAN00778,2026-07-08,,OCC005,LOC001,1900,onsite
PRE000937,CAN00779,2026-04-04,,OCC007,LOC006,2400,hybrid
PRE000938,CAN00780,2025-09-11,2025-12-09,OCC003,LOC006,1550,onsite
PRE000939,CAN00780,2025-12-10,2026-02-09,OCC003,LOC006,1750,onsite
PRE000940,CAN00781,2026-08-11,2026-09-23,OCC008,LOC004,3500,hybrid
PRE000941,CAN00782,2025-10-29,2026-04-01,OCC010,LOC001,2350,onsite
PRE000942,CAN00782,2026-04-02,,OCC010,LOC001,2750,onsite
PRE000943,CAN00783,2025-05-02,,OCC002,LOC006,1200,onsite
PRE000944,CAN00784,2025-01-23,2025-04-24,OCC006,LOC003,2200,hybrid
PRE000945,CAN00784,2025-04-25,,OCC006,LOC003,2300,hybrid
PRE000946,CAN00785,2026-07-19,2026-08-22,OCC005,LOC001,2350,onsite
PRE000947,CAN00786,2025-07-12,2025-10-29,OCC005,LOC004,2000,onsite
PRE000948,CAN00786,2025-10-30,,OCC005,LOC004,2050,onsite
PRE000949,CAN00787,2025-03-03,2025-05-13,OCC002,LOC003,1250,remote
PRE000950,CAN00788,2025-03-31,,OCC010,LOC002,3100,onsite
PRE000951,CAN00789,2025-06-15,2025-11-05,OCC004,LOC002,1850,hybrid
PRE000952,CAN00789,2025-11-06,,OCC004,LOC002,2000,hybrid
PRE000953,CAN00790,2026-07-01,,OCC005,LOC001,2450,hybrid
PRE000954,CAN00791,2025-06-21,,OCC005,LOC003,2000,onsite
PRE000955,CAN00792,2025-08-11,,OCC004,LOC002,2300,onsite
PRE000956,CAN00793,2025-11-23,2026-01-06,OCC007,LOC001,2350,remote
PRE000957,CAN00794,2025-09-23,2026-03-04,OCC002,LOC001,1200,onsite
PRE000958,CAN00795,2025-08-27,,OCC005,LOC001,2200,onsite
PRE000959,CAN00796,2026-05-26,,OCC003,LOC007,1950,onsite
PRE000960,CAN00797,2026-05-18,2026-08-02,OCC002,LOC001,1400,remote
PRE000961,CAN00798,2025-11-25,2026-04-30,OCC001,LOC007,1300,onsite
PRE000962,CAN00799,2025-07-18,2025-08-20,OCC003,LOC001,1550,hybrid
PRE000964,CAN00800,2025-12-07,,OCC001,LOC003,1300,hybrid
PRE000965,CAN00801,2025-09-28,2025-11-08,OCC008,LOC006,3050,onsite
PRE000966,CAN00802,2025-11-22,2026-04-17,OCC002,LOC004,1200,remote
PRE000967,CAN00803,2025-11-14,2025-12-29,OCC005,LOC007,1900,onsite
PRE000968,CAN00804,2025-06-03,2025-11-26,OCC008,LOC002,2650,hybrid
PRE000969,CAN00804,2025-11-27,,OCC008,LOC002,2750,hybrid
PRE000970,CAN00805,2026-04-27,2026-09-03,OCC002,LOC003,1400,onsite
PRE000971,CAN00805,2026-09-04,,OCC002,LOC003,1650,onsite
PRE000972,CAN00806,2026-03-03,,OCC001,LOC005,1500,hybrid
PRE000973,CAN00807,2026-08-24,,OCC001,LOC001,1350,onsite
PRE000974,CAN00808,2026-01-09,2026-02-09,OCC001,LOC001,1500,hybrid
PRE000975,CAN00809,2026-04-08,2026-05-18,OCC008,LOC006,2950,hybrid
PRE000976,CAN00810,2025-10-03,,OCC002,LOC001,1200,onsite
PRE000977,CAN00811,2025-09-24,2026-01-31,OCC005,LOC001,1800,remote
PRE000978,CAN00811,2026-02-01,,OCC005,LOC001,2050,remote
PRE000979,CAN00812,2025-01-21,,OCC007,LOC007,2150,hybrid
PRE000980,CAN00813,2026-02-11,,OCC006,LOC003,2450,onsite
PRE000981,CAN00814,2026-09-29,,OCC005,LOC004,2000,onsite
PRE000982,CAN00815,2026-07-22,,OCC005,LOC001,1900,onsite
PRE000983,CAN00816,2025-08-04,,OCC005,LOC001,1950,remote
PRE000984,CAN00817,2025-06-29,2025-09-20,OCC002,LOC001,1250,onsite
PRE000985,CAN00818,2026-04-21,2026-09-20,OCC001,LOC002,1400,onsite
PRE000986,CAN00819,2026-05-11,,OCC001,LOC004,1400,remote
PRE000987,CAN00820,2025-09-10,,OCC003,LOC006,1500,remote
PRE000988,CAN00821,2025-09-17,,OCC007,LOC002,2150,onsite
PRE000989,CAN00822,2025-02-22,,OCC001,LOC001,1200,hybrid
PRE000990,CAN00823,2025-04-01,2025-04-28,OCC007,LOC001,2250,hybrid
PRE000991,CAN00824,2026-01-06,2026-04-09,OCC008,LOC006,3450,remote
PRE000992,CAN00824,2026-04-10,,OCC008,LOC006,3350,remote
PRE000993,CAN00825,2025-06-20,,OCC008,LOC001,2950,hybrid
PRE000994,CAN00826,2025-10-08,2025-11-06,OCC005,LOC005,2200,remote
PRE000995,CAN00827,2025-11-27,,OCC007,LOC001,2400,onsite
PRE000996,CAN00828,2025-02-09,,OCC004,LOC006,2250,onsite
PRE000997,CAN00829,2026-07-05,2026-09-07,OCC003,LOC001,1450,hybrid
PRE000998,CAN00830,2026-04-13,,OCC001,LOC001,1350,remote
PRE000999,CAN00831,2026-07-17,,OCC002,LOC004,1250,hybrid
PRE001000,CAN00832,2026-05-05,2026-07-02,OCC003,LOC001,1750,onsite
PRE001001,CAN00833,2025-12-15,2026-04-17,OCC009,LOC007,3000,onsite
PRE001002,CAN00833,2026-04-18,,OCC009,LOC007,3450,onsite
PRE001003,CAN00834,2025-03-15,2025-08-18,OCC001,LOC006,1350,onsite
PRE001004,CAN00834,2025-08-19,,OCC001,LOC006,1250,onsite
PRE001005,CAN00835,2026-07-22,2026-08-21,OCC003,LOC003,1750,onsite
PRE001006,CAN00836,2025-10-14,2025-11-03,OCC002,LOC002,1200,onsite
PRE001007,CAN00837,2026-03-16,2026-04-24,OCC001,LOC004,1500,hybrid
PRE001008,CAN00838,2025-01-21,,OCC009,LOC001,3100,hybrid
PRE001009,CAN00839,2025-12-20,2026-06-17,OCC001,LOC001,1350,remote
PRE001010,CAN00839,2026-06-18,,OCC001,LOC001,1500,remote
PRE001011,CAN00840,2026-09-16,,OCC004,LOC006,2350,onsite
PRE001012,CAN00841,2025-12-27,2026-06-15,OCC002,LOC001,1200,onsite
PRE001013,CAN00841,2026-06-16,,OCC002,LOC001,1400,onsite
PRE001014,CAN00842,2025-07-12,2025-07-26,OCC001,LOC003,1500,onsite
PRE001015,CAN00843,2026-01-25,2026-04-16,OCC002,LOC001,1200,onsite
PRE001016,CAN00843,2026-04-17,,OCC002,LOC001,1250,onsite
PRE001017,CAN00844,2025-08-01,2025-08-16,OCC003,LOC001,1550,remote
PRE001019,CAN00845,2025-11-29,,OCC005,LOC005,2050,onsite
PRE001020,CAN00846,2026-09-08,,OCC002,LOC002,1250,onsite
PRE001021,CAN00847,2026-05-12,2026-09-25,OCC010,LOC001,3250,onsite
PRE001022,CAN00847,2026-09-26,,OCC010,LOC001,3350,onsite
PRE001023,CAN00848,2025-04-04,2025-04-24,OCC004,LOC002,2250,onsite
PRE001024,CAN00849,2026-04-05,2026-06-14,OCC003,LOC001,1800,hybrid
PRE001025,CAN00849,2026-06-15,,OCC003,LOC001,1950,hybrid
PRE001026,CAN00850,2025-01-12,2025-05-25,OCC004,LOC006,2050,onsite
PRE001027,CAN00851,2026-06-27,2026-08-18,OCC002,LOC001,1300,onsite
PRE001028,CAN00852,2025-05-31,2025-06-28,OCC002,LOC003,1200,onsite
PRE001029,CAN00853,2026-09-16,,OCC001,LOC001,1650,onsite
PRE001030,CAN00854,2025-12-23,2026-03-22,OCC001,LOC003,1200,hybrid
PRE001031,CAN00854,2026-03-23,2026-04-03,OCC001,LOC003,1350,hybrid
PRE001032,CAN00855,2026-07-10,,OCC007,LOC008,2400,onsite
PRE001033,CAN00856,2025-11-06,2026-04-11,OCC007,LOC004,2200,hybrid
PRE001034,CAN00856,2026-04-12,,OCC007,LOC004,2450,hybrid
PRE001035,CAN00857,2026-08-24,,OCC009,LOC002,3100,remote
PRE001036,CAN00858,2025-02-15,2025-06-20,OCC005,LOC001,2200,onsite
PRE001037,CAN00859,2026-08-17,2026-09-16,OCC002,LOC002,1300,onsite
PRE001038,CAN00860,2025-08-15,2025-10-15,OCC006,LOC002,2150,onsite
PRE001039,CAN00861,2026-05-06,2026-09-16,OCC004,LOC008,2350,onsite
PRE001040,CAN00861,2026-09-17,,OCC004,LOC008,2450,onsite
PRE001041,CAN00862,2026-06-12,,OCC002,LOC006,1250,hybrid
PRE001042,CAN00863,2026-01-27,,OCC001,LOC003,1650,hybrid
PRE001043,CAN00864,2025-04-27,,OCC002,LOC006,1200,onsite
PRE001044,CAN00865,2025-07-17,2025-08-16,OCC003,LOC001,1650,hybrid
PRE001045,CAN00866,2025-04-05,,OCC009,LOC001,3350,onsite
PRE001046,CAN00867,2025-11-16,2026-01-22,OCC002,LOC006,1350,hybrid
PRE001047,CAN00867,2026-01-23,,OCC002,LOC006,1550,hybrid
PRE001048,CAN00868,2026-01-09,,OCC002,LOC007,1400,hybrid
PRE001049,CAN00869,2025-07-16,2025-08-31,OCC006,LOC006,2200,onsite
PRE001051,CAN00870,2025-11-06,2025-12-02,OCC003,LOC006,1600,onsite
PRE001052,CAN00871,2025-11-06,2025-12-06,OCC005,LOC004,1800,onsite
PRE001053,CAN00872,2026-02-25,,OCC002,LOC002,1300,onsite
PRE001054,CAN00873,2025-11-11,2026-05-04,OCC002,LOC001,1200,hybrid
PRE001055,CAN00874,2026-08-04,,OCC002,LOC006,1450,onsite
PRE001056,CAN00875,2026-08-03,2026-09-16,OCC008,LOC002,3000,remote
PRE001057,CAN00876,2026-08-11,,OCC008,LOC006,3100,onsite
PRE001058,CAN00877,2025-07-31,2025-10-10,OCC007,LOC004,2100,remote
PRE001059,CAN00877,2025-10-11,,OCC007,LOC004,2150,remote
PRE001060,CAN00878,2026-03-14,,OCC005,LOC001,2000,hybrid
PRE001061,CAN00879,2025-05-03,2025-06-09,OCC002,LOC001,1200,hybrid
PRE001062,CAN00880,2026-05-17,2026-08-08,OCC001,LOC002,1550,hybrid
PRE001063,CAN00880,2026-08-09,,OCC001,LOC002,1400,hybrid
PRE001064,CAN00881,2025-02-06,2025-06-20,OCC001,LOC003,1500,hybrid
PRE001065,CAN00882,2025-12-16,,OCC004,LOC003,2350,hybrid
PRE001066,CAN00883,2026-05-14,2026-06-14,OCC001,LOC001,1200,onsite
PRE001067,CAN00884,2026-03-12,2026-07-04,OCC008,LOC001,3750,hybrid
PRE001068,CAN00884,2026-07-05,,OCC008,LOC001,3650,hybrid
PRE001069,CAN00885,2026-07-15,2026-08-28,OCC002,LOC001,1300,hybrid
PRE001070,CAN00886,2026-05-31,2026-08-04,OCC009,LOC004,3750,hybrid
PRE001071,CAN00886,2026-08-05,,OCC009,LOC004,3700,hybrid
PRE001072,CAN00887,2025-05-11,,OCC001,LOC003,1350,hybrid
PRE001073,CAN00888,2026-08-03,,OCC010,LOC001,2700,onsite
PRE001074,CAN00889,2026-03-06,,OCC009,LOC002,3300,onsite
PRE001075,CAN00890,2026-03-27,2026-04-26,OCC001,LOC001,1300,onsite
PRE001076,CAN00891,2025-06-06,2025-12-24,OCC002,LOC004,1300,hybrid
PRE001077,CAN00892,2025-10-06,2026-01-22,OCC009,LOC004,3450,hybrid
PRE001078,CAN00892,2026-01-23,,OCC009,LOC004,3750,hybrid
PRE001079,CAN00893,2025-03-06,2025-06-04,OCC010,LOC003,2650,hybrid
PRE001080,CAN00893,2025-06-05,2025-06-19,OCC010,LOC003,2750,hybrid
PRE001081,CAN00894,2025-06-08,,OCC003,LOC001,1600,remote
PRE001082,CAN00895,2026-02-27,,OCC008,LOC004,3600,onsite
PRE001083,CAN00896,2025-06-30,,OCC003,LOC002,1500,hybrid
PRE001084,CAN00897,2025-12-06,2026-01-10,OCC008,LOC003,3400,onsite
PRE001085,CAN00898,2026-01-22,,OCC002,LOC001,1500,hybrid
PRE001086,CAN00899,2026-09-20,,OCC005,LOC004,2350,onsite
PRE001087,CAN00900,2026-02-18,2026-07-12,OCC002,LOC008,1450,remote
PRE001088,CAN00900,2026-07-13,,OCC002,LOC008,1450,remote
PRE001089,CAN00901,2025-07-13,2026-04-05,OCC001,LOC003,1450,onsite
PRE001090,CAN00902,2025-08-17,2025-11-02,OCC005,LOC002,2350,onsite
PRE001091,CAN00903,2026-06-23,,OCC005,LOC003,2500,hybrid
PRE001092,CAN00904,2026-09-23,,OCC009,LOC001,3050,onsite
PRE001093,CAN00905,2026-07-11,,OCC002,LOC002,1550,onsite
PRE001094,CAN00906,2025-05-09,2025-05-23,OCC001,LOC001,1250,hybrid
PRE001095,CAN00907,2026-06-15,2026-08-10,OCC005,LOC008,2100,onsite
PRE001096,CAN00908,2026-06-06,2026-07-20,OCC002,LOC001,1300,onsite
PRE001097,CAN00909,2025-04-25,2025-07-03,OCC001,LOC004,1550,onsite
PRE001098,CAN00909,2025-07-04,2025-09-09,OCC001,LOC004,1400,onsite
PRE001099,CAN00910,2026-02-13,,OCC001,LOC001,1400,remote
PRE001100,CAN00911,2025-10-19,2025-11-21,OCC004,LOC001,2000,onsite
PRE001101,CAN00912,2026-09-28,,OCC001,LOC006,1350,hybrid
PRE001102,CAN00913,2026-09-20,,OCC002,LOC001,1350,onsite
PRE001103,CAN00914,2026-09-01,,OCC002,LOC003,1300,remote
PRE001104,CAN00915,2025-09-18,,OCC006,LOC001,2600,hybrid
PRE001105,CAN00916,2025-09-12,2025-11-30,OCC003,LOC001,1800,remote
PRE001106,CAN00916,2025-12-01,,OCC003,LOC001,1850,remote
PRE001107,CAN00917,2026-06-04,,OCC007,LOC002,2150,hybrid
PRE001108,CAN00918,2025-11-10,,OCC007,LOC008,2100,onsite
PRE001109,CAN00919,2026-07-03,2026-08-08,OCC008,LOC001,3400,remote
PRE001110,CAN00920,2025-11-23,2026-02-17,OCC005,LOC002,1800,onsite
PRE001111,CAN00921,2026-02-06,,OCC010,LOC002,3300,hybrid
PRE001112,CAN00922,2026-04-11,2026-06-13,OCC001,LOC001,1350,hybrid
PRE001113,CAN00922,2026-06-14,2026-08-12,OCC001,LOC001,1650,hybrid
PRE001114,CAN00923,2025-07-21,,OCC002,LOC008,1450,hybrid
PRE001115,CAN00924,2025-12-29,2026-05-20,OCC001,LOC002,1450,onsite
PRE001116,CAN00924,2026-05-21,,OCC001,LOC002,1600,onsite
PRE001117,CAN00925,2026-08-02,2026-09-18,OCC001,LOC001,1200,onsite
PRE001118,CAN00926,2025-08-10,2025-11-04,OCC005,LOC002,2200,onsite
PRE001119,CAN00926,2025-11-05,2026-01-19,OCC005,LOC002,2200,onsite
PRE001120,CAN00927,2025-02-10,,OCC005,LOC004,2000,hybrid
PRE001121,CAN00928,2025-08-11,,OCC004,LOC003,2150,hybrid
PRE001122,CAN00929,2025-05-22,2025-06-10,OCC007,LOC006,2150,remote
PRE001123,CAN00930,2026-02-12,2026-05-01,OCC006,LOC006,2200,onsite
PRE001124,CAN00931,2025-12-17,2026-01-12,OCC010,LOC006,3050,hybrid
PRE001126,CAN00932,2026-03-17,2026-06-30,OCC005,LOC001,2350,remote
PRE001127,CAN00932,2026-07-01,,OCC005,LOC001,2700,remote
PRE001128,CAN00933,2025-07-02,,OCC003,LOC001,1700,hybrid
PRE001129,CAN00934,2026-04-11,,OCC003,LOC005,1450,onsite
PRE001130,CAN00935,2025-04-01,,OCC008,LOC007,3250,onsite
PRE001131,CAN00936,2026-01-20,,OCC006,LOC002,2300,hybrid
PRE001132,CAN00937,2026-08-02,,OCC002,LOC007,1300,onsite
PRE001133,CAN00938,2026-08-02,,OCC002,LOC008,1300,onsite
PRE001134,CAN00939,2025-05-03,2025-05-20,OCC003,LOC001,1600,onsite
PRE001135,CAN00940,2026-08-11,,OCC002,LOC006,1600,remote
PRE001136,CAN00941,2026-05-02,2026-05-16,OCC006,LOC004,2600,onsite
PRE001137,CAN00942,2025-09-14,,OCC001,LOC001,1550,onsite
PRE001138,CAN00943,2025-09-09,2025-11-14,OCC003,LOC001,1850,hybrid
PRE001139,CAN00944,2026-02-01,,OCC010,LOC002,2600,onsite
PRE001140,CAN00945,2026-05-13,2026-07-07,OCC001,LOC002,1200,hybrid
PRE001141,CAN00946,2025-08-17,2025-12-14,OCC005,LOC002,1600,onsite
PRE001142,CAN00946,2025-12-15,,OCC005,LOC002,1650,onsite
PRE001143,CAN00947,2025-06-08,2025-08-10,OCC007,LOC001,2100,remote
PRE001144,CAN00948,2026-01-19,2026-07-07,OCC001,LOC001,1350,onsite
PRE001145,CAN00949,2025-02-19,,OCC002,LOC001,1200,remote
PRE001146,CAN00950,2025-05-22,2025-10-02,OCC005,LOC001,2200,remote
PRE001147,CAN00950,2025-10-03,,OCC005,LOC001,2150,remote
PRE001148,CAN00951,2026-01-31,2026-05-11,OCC004,LOC005,2400,onsite
PRE001149,CAN00951,2026-05-12,2026-06-21,OCC004,LOC005,2400,onsite
PRE001150,CAN00952,2025-03-06,2025-07-17,OCC009,LOC008,3450,onsite
PRE001151,CAN00952,2025-07-18,,OCC009,LOC008,3700,onsite
PRE001152,CAN00953,2025-06-13,2025-07-17,OCC003,LOC005,1850,onsite
PRE001154,CAN00954,2026-06-22,,OCC001,LOC001,1550,onsite
PRE001155,CAN00955,2026-08-04,2026-09-16,OCC006,LOC001,2400,onsite
PRE001156,CAN00956,2025-09-21,2025-11-08,OCC009,LOC004,3400,hybrid
PRE001157,CAN00957,2025-12-20,2026-04-09,OCC001,LOC001,1350,onsite
PRE001158,CAN00957,2026-04-10,,OCC001,LOC001,1400,onsite
PRE001159,CAN00958,2025-07-08,2025-10-06,OCC005,LOC004,2050,onsite
PRE001160,CAN00958,2025-10-07,,OCC005,LOC004,2100,onsite
PRE001161,CAN00959,2025-10-24,,OCC002,LOC001,1400,onsite
PRE001162,CAN00960,2026-04-02,,OCC007,LOC006,2000,onsite
PRE001163,CAN00961,2025-05-03,2025-05-18,OCC009,LOC001,3600,onsite
PRE001165,CAN00962,2025-10-06,2025-12-07,OCC010,LOC001,2800,hybrid
PRE001166,CAN00962,2025-12-08,,OCC010,LOC001,3050,hybrid
PRE001167,CAN00963,2026-01-10,2026-04-28,OCC002,LOC002,1200,onsite
PRE001168,CAN00963,2026-04-29,,OCC002,LOC002,1400,onsite
PRE001169,CAN00964,2026-06-25,2026-07-27,OCC004,LOC003,2300,hybrid
PRE001170,CAN00965,2026-03-06,,OCC008,LOC002,3450,onsite
PRE001171,CAN00966,2026-05-31,,OCC002,LOC005,1550,remote
PRE001172,CAN00967,2025-12-13,,OCC009,LOC003,3300,onsite
PRE001173,CAN00968,2026-09-15,2026-09-29,OCC006,LOC001,2400,hybrid
PRE001174,CAN00969,2026-09-20,,OCC006,LOC001,2700,onsite
PRE001175,CAN00970,2025-12-05,2026-01-06,OCC004,LOC003,2350,hybrid
PRE001177,CAN00971,2026-05-15,,OCC007,LOC006,2500,hybrid
PRE001178,CAN00972,2025-12-10,2026-05-19,OCC002,LOC003,1200,onsite
PRE001179,CAN00972,2026-05-20,,OCC002,LOC003,1250,onsite
PRE001180,CAN00973,2025-09-01,2025-09-22,OCC008,LOC005,3200,hybrid
PRE001181,CAN00974,2025-10-06,2025-11-13,OCC005,LOC001,2000,hybrid
PRE001182,CAN00975,2026-01-21,,OCC005,LOC002,2150,onsite
PRE001183,CAN00976,2025-10-16,,OCC009,LOC002,2950,remote
PRE001184,CAN00977,2026-07-30,2026-09-03,OCC002,LOC002,1500,onsite
PRE001185,CAN00978,2025-05-09,,OCC006,LOC002,2450,onsite
PRE001186,CAN00979,2025-10-14,2025-11-27,OCC005,LOC004,2050,remote
PRE001188,CAN00980,2026-06-24,2026-07-29,OCC003,LOC006,1500,hybrid
PRE001189,CAN00981,2025-08-15,2025-09-13,OCC001,LOC001,1200,onsite
PRE001190,CAN00982,2026-04-16,2026-07-01,OCC003,LOC001,1450,onsite
PRE001191,CAN00983,2025-12-22,2026-05-10,OCC010,LOC002,3000,hybrid
PRE001192,CAN00983,2026-05-11,,OCC010,LOC002,3400,hybrid
PRE001193,CAN00984,2026-03-20,2026-08-28,OCC010,LOC008,2700,hybrid
PRE001194,CAN00984,2026-08-29,,OCC010,LOC008,2700,hybrid
PRE001195,CAN00985,2025-09-29,2025-11-08,OCC004,LOC001,2300,hybrid
PRE001196,CAN00986,2025-09-30,2025-10-20,OCC002,LOC002,1350,hybrid
PRE001197,CAN00987,2025-07-03,,OCC009,LOC001,3000,remote
PRE001198,CAN00988,2025-05-26,,OCC004,LOC002,2250,hybrid
PRE001199,CAN00989,2026-06-18,2026-08-20,OCC008,LOC008,3600,remote
PRE001201,CAN00990,2026-05-15,2026-07-10,OCC004,LOC005,2700,onsite
PRE001202,CAN00991,2025-06-10,2025-08-25,OCC007,LOC006,2400,remote
PRE001203,CAN00991,2025-08-26,,OCC007,LOC006,2450,remote
PRE001204,CAN00992,2026-06-12,2026-07-17,OCC005,LOC001,2100,onsite
PRE001205,CAN00993,2025-08-18,,OCC001,LOC001,1400,hybrid
PRE001206,CAN00994,2026-05-25,,OCC004,LOC001,1950,hybrid
PRE001207,CAN00995,2025-12-09,2026-03-08,OCC001,LOC001,1200,hybrid
PRE001208,CAN00995,2026-03-09,,OCC001,LOC001,1350,hybrid
PRE001209,CAN00996,2025-01-01,2025-01-18,OCC004,LOC001,2150,onsite
PRE001210,CAN00997,2025-07-19,2025-12-11,OCC007,LOC003,2300,hybrid
PRE001211,CAN00997,2025-12-12,,OCC007,LOC003,2450,hybrid
PRE001212,CAN00998,2026-04-21,,OCC005,LOC002,1950,remote
PRE001213,CAN00999,2026-06-10,2026-09-13,OCC001,LOC006,1500,onsite
PRE001214,CAN00999,2026-09-14,,OCC001,LOC006,1600,onsite
PRE001215,CAN01000,2026-02-02,2026-07-23,OCC001,LOC001,1300,onsite
PRE001216,CAN01001,2025-08-04,2025-09-07,OCC010,LOC005,3050,onsite
PRE001217,CAN01002,2026-02-24,2026-05-25,OCC005,LOC005,2200,onsite
PRE001218,CAN01002,2026-05-26,,OCC005,LOC005,2100,onsite
PRE001219,CAN01003,2025-11-01,,OCC010,LOC003,2900,hybrid
PRE001220,CAN01004,2026-09-27,,OCC005,LOC003,1800,remote
PRE001221,CAN01005,2025-06-03,,OCC006,LOC001,2400,remote
PRE001222,CAN01006,2026-07-08,2026-08-23,OCC002,LOC006,1350,hybrid
PRE001223,CAN01007,2025-01-14,2025-12-17,OCC002,LOC001,1250,hybrid
PRE001224,CAN01008,2025-05-22,2025-06-08,OCC004,LOC006,2400,onsite
PRE001226,CAN01009,2026-06-20,,OCC003,LOC006,1850,onsite
PRE001227,CAN01010,2026-06-16,2026-07-18,OCC007,LOC001,1950,onsite
PRE001228,CAN01011,2025-03-10,2025-08-27,OCC001,LOC007,1400,remote
PRE001229,CAN01011,2025-08-28,,OCC001,LOC007,1250,remote
PRE001230,CAN01012,2025-10-21,2026-04-19,OCC009,LOC001,3350,hybrid
PRE001231,CAN01013,2026-06-12,,OCC001,LOC004,1550,onsite
PRE001232,CAN01014,2025-08-23,2025-10-01,OCC001,LOC004,1300,hybrid
PRE001234,CAN01015,2026-05-13,,OCC001,LOC008,1450,onsite
PRE001235,CAN01016,2025-08-07,2025-08-25,OCC006,LOC007,2050,hybrid
PRE001236,CAN01017,2025-01-23,,OCC005,LOC002,2050,onsite
PRE001237,CAN01018,2026-04-24,2026-06-25,OCC003,LOC001,1450,hybrid
PRE001238,CAN01018,2026-06-26,,OCC003,LOC001,1650,hybrid
PRE001239,CAN01019,2026-09-04,2026-09-28,OCC008,LOC004,3500,onsite
PRE001240,CAN01020,2026-09-05,,OCC004,LOC001,2150,hybrid
PRE001241,CAN01021,2026-04-07,2026-06-03,OCC001,LOC006,1550,onsite
PRE001242,CAN01022,2025-11-02,,OCC001,LOC001,1200,remote
PRE001243,CAN01023,2025-06-14,2025-07-01,OCC005,LOC001,1850,hybrid
PRE001244,CAN01024,2025-05-24,2025-10-15,OCC007,LOC006,2100,onsite
PRE001245,CAN01025,2026-03-19,2026-06-15,OCC003,LOC006,1800,hybrid
PRE001246,CAN01025,2026-06-16,,OCC003,LOC006,1550,hybrid
PRE001247,CAN01026,2025-08-18,,OCC008,LOC002,3150,remote
PRE001248,CAN01027,2026-07-29,,OCC003,LOC001,1400,onsite
PRE001249,CAN01028,2026-08-02,,OCC007,LOC001,2700,onsite
PRE001250,CAN01029,2026-03-08,2026-08-28,OCC001,LOC005,1350,onsite
PRE001251,CAN01030,2026-05-09,,OCC005,LOC001,1900,remote
PRE001252,CAN01031,2026-07-20,,OCC001,LOC007,1450,onsite
PRE001253,CAN01032,2025-05-11,2025-05-29,OCC004,LOC001,2250,onsite
PRE001254,CAN01033,2025-05-18,,OCC007,LOC007,2300,onsite
PRE001255,CAN01034,2026-04-29,2026-06-01,OCC001,LOC006,1400,onsite
PRE001256,CAN01035,2026-08-04,2026-09-23,OCC002,LOC001,1550,onsite
PRE001257,CAN01036,2026-03-25,,OCC004,LOC001,2450,hybrid
PRE001258,CAN01037,2025-12-11,,OCC003,LOC001,1800,onsite
PRE001259,CAN01038,2026-08-05,2026-09-25,OCC008,LOC008,3500,hybrid
PRE001260,CAN01039,2025-10-15,,OCC002,LOC006,1250,onsite
PRE001261,CAN01040,2025-05-18,2025-06-11,OCC004,LOC004,2300,hybrid
PRE001262,CAN01041,2026-05-18,2026-09-24,OCC005,LOC003,2200,onsite
PRE001263,CAN01041,2026-09-25,,OCC005,LOC003,2200,onsite
PRE001264,CAN01042,2026-05-11,2026-07-27,OCC005,LOC001,2000,hybrid
PRE001265,CAN01042,2026-07-28,,OCC005,LOC001,2050,hybrid
PRE001266,CAN01043,2025-09-21,2025-10-10,OCC006,LOC006,2350,hybrid
PRE001268,CAN01044,2025-01-19,,OCC001,LOC002,1300,onsite
PRE001269,CAN01045,2025-12-11,2026-04-15,OCC006,LOC001,2050,onsite
PRE001270,CAN01046,2025-09-18,2025-12-06,OCC006,LOC007,2500,remote
PRE001271,CAN01046,2025-12-07,,OCC006,LOC007,2400,remote
PRE001272,CAN01047,2025-06-05,2025-06-22,OCC008,LOC003,2550,onsite
PRE001273,CAN01048,2026-08-29,,OCC003,LOC001,1700,onsite
PRE001274,CAN01049,2025-07-30,,OCC003,LOC008,1300,hybrid
PRE001275,CAN01050,2026-07-28,2026-08-23,OCC009,LOC001,3750,hybrid
PRE001276,CAN01051,2025-06-14,,OCC003,LOC001,1450,hybrid
PRE001277,CAN01052,2025-04-14,,OCC003,LOC001,1550,hybrid
PRE001278,CAN01053,2026-04-19,2026-06-14,OCC001,LOC001,1650,remote
PRE001279,CAN01054,2025-07-09,,OCC001,LOC003,1200,remote
PRE001280,CAN01055,2026-05-27,2026-08-23,OCC001,LOC002,1400,onsite
PRE001281,CAN01056,2025-08-01,,OCC010,LOC002,2800,remote
PRE001282,CAN01057,2025-11-07,2025-11-30,OCC003,LOC008,1500,hybrid
PRE001283,CAN01058,2026-03-15,,OCC004,LOC002,2350,hybrid
PRE001284,CAN01059,2025-04-04,2025-09-12,OCC006,LOC005,2200,onsite
PRE001285,CAN01059,2025-09-13,,OCC006,LOC005,2450,onsite
PRE001286,CAN01060,2026-07-06,2026-07-29,OCC009,LOC006,3400,hybrid
PRE001287,CAN01061,2026-05-25,2026-08-06,OCC005,LOC001,1850,onsite
PRE001288,CAN01062,2026-09-04,,OCC005,LOC001,1900,onsite
PRE001289,CAN01063,2026-09-09,2026-09-30,OCC010,LOC002,3300,hybrid
PRE001290,CAN01064,2025-01-17,2025-04-10,OCC005,LOC001,2000,remote
PRE001291,CAN01065,2026-04-13,,OCC002,LOC001,1300,hybrid
PRE001292,CAN01066,2025-05-23,2025-06-25,OCC009,LOC001,3350,onsite
PRE001293,CAN01067,2025-06-17,2025-10-15,OCC008,LOC004,2950,onsite
PRE001294,CAN01068,2025-12-27,2026-01-22,OCC002,LOC003,1300,onsite
PRE001295,CAN01069,2026-09-01,2026-09-25,OCC001,LOC008,1400,onsite
PRE001296,CAN01070,2026-03-12,2026-04-13,OCC007,LOC005,2350,remote
PRE001298,CAN01071,2025-04-30,2025-05-21,OCC007,LOC001,2200,onsite
PRE001299,CAN01072,2025-06-09,2025-07-27,OCC007,LOC007,2200,remote
PRE001300,CAN01073,2025-12-08,2026-03-31,OCC002,LOC002,1300,hybrid
PRE001301,CAN01073,2026-04-01,,OCC002,LOC002,1300,hybrid
PRE001302,CAN01074,2025-12-22,2026-06-05,OCC010,LOC007,2800,hybrid
PRE001303,CAN01075,2025-12-08,2026-05-24,OCC001,LOC001,1250,onsite
PRE001304,CAN01075,2026-05-25,,OCC001,LOC001,1400,onsite
PRE001305,CAN01076,2025-10-17,,OCC002,LOC001,1350,onsite
PRE001306,CAN01077,2026-02-21,2026-05-24,OCC003,LOC001,1950,onsite
PRE001307,CAN01077,2026-05-25,2026-08-20,OCC003,LOC001,1850,onsite
PRE001308,CAN01078,2025-10-28,2025-11-15,OCC010,LOC001,2950,onsite
PRE001309,CAN01079,2025-05-31,2025-07-11,OCC001,LOC001,1300,onsite
PRE001310,CAN01080,2025-09-28,,OCC001,LOC004,1200,remote
PRE001311,CAN01081,2026-04-18,2026-05-24,OCC004,LOC004,2100,onsite
PRE001313,CAN01082,2025-07-27,,OCC008,LOC001,2650,onsite
PRE001314,CAN01083,2026-02-26,,OCC006,LOC003,2250,onsite
PRE001315,CAN01084,2025-11-21,2026-03-23,OCC008,LOC002,3150,hybrid
PRE001316,CAN01084,2026-03-24,2026-03-28,OCC008,LOC002,3400,hybrid
PRE001317,CAN01085,2025-09-23,,OCC002,LOC001,1200,hybrid
PRE001318,CAN01086,2025-09-30,2025-10-15,OCC001,LOC004,1300,onsite
PRE001319,CAN01087,2025-12-03,2026-04-03,OCC003,LOC001,1800,remote
PRE001320,CAN01088,2026-09-15,,OCC006,LOC006,2550,remote
PRE001321,CAN01089,2025-02-06,2025-06-21,OCC002,LOC008,1200,hybrid
PRE001322,CAN01089,2025-06-22,2025-07-15,OCC002,LOC008,1300,hybrid
PRE001323,CAN01090,2026-01-29,2026-05-20,OCC006,LOC002,1950,hybrid
PRE001324,CAN01090,2026-05-21,,OCC006,LOC002,2150,hybrid
PRE001325,CAN01091,2025-07-11,2025-09-13,OCC005,LOC006,2000,onsite
PRE001326,CAN01092,2025-07-22,,OCC003,LOC002,1550,hybrid
PRE001327,CAN01093,2026-02-26,,OCC009,LOC001,3500,hybrid
PRE001328,CAN01094,2025-08-07,2025-08-26,OCC003,LOC001,1300,onsite
PRE001329,CAN01095,2025-04-22,,OCC006,LOC001,2200,onsite
PRE001330,CAN01096,2025-02-17,,OCC010,LOC002,2800,onsite
PRE001331,CAN01097,2026-05-20,2026-08-03,OCC003,LOC002,1700,remote
PRE001332,CAN01097,2026-08-04,,OCC003,LOC002,1700,remote
PRE001333,CAN01098,2025-06-16,2025-07-04,OCC003,LOC002,1450,hybrid
PRE001334,CAN01099,2026-08-16,,OCC006,LOC004,2700,remote
PRE001335,CAN01100,2025-11-04,,OCC009,LOC002,3150,hybrid
PRE001336,CAN01101,2026-08-09,2026-09-23,OCC005,LOC002,2250,hybrid
PRE001337,CAN01102,2025-01-11,,OCC002,LOC003,1550,onsite
PRE001338,CAN01103,2026-05-02,,OCC006,LOC001,2600,hybrid
PRE001339,CAN01104,2025-12-06,2025-12-25,OCC001,LOC006,1250,onsite
PRE001340,CAN01105,2025-05-01,,OCC001,LOC003,1250,hybrid
PRE001341,CAN01106,2025-09-09,2026-01-16,OCC002,LOC001,1400,hybrid
PRE001342,CAN01107,2025-12-24,2026-04-21,OCC002,LOC003,1300,hybrid
PRE001343,CAN01108,2026-03-10,2026-04-04,OCC005,LOC004,1850,onsite
PRE001344,CAN01109,2025-10-21,2026-01-12,OCC006,LOC007,2350,onsite
PRE001345,CAN01110,2026-02-04,2026-03-20,OCC009,LOC001,3350,hybrid
PRE001346,CAN01111,2026-03-09,2026-07-15,OCC005,LOC003,2250,hybrid
PRE001347,CAN01112,2026-06-03,,OCC001,LOC001,1550,onsite
PRE001348,CAN01113,2025-10-26,2026-01-16,OCC006,LOC004,2150,onsite
PRE001349,CAN01113,2026-01-17,,OCC006,LOC004,2450,onsite
PRE001350,CAN01114,2026-09-21,,OCC009,LOC004,3700,onsite
PRE001351,CAN01115,2025-05-31,2025-06-14,OCC005,LOC001,2150,onsite
PRE001352,CAN01116,2026-03-22,2026-09-09,OCC007,LOC005,1950,hybrid
PRE001353,CAN01116,2026-09-10,,OCC007,LOC005,2150,hybrid
PRE001354,CAN01117,2026-01-22,2026-02-17,OCC004,LOC001,2450,hybrid
PRE001355,CAN01118,2025-06-29,2025-07-20,OCC007,LOC008,2150,hybrid
PRE001356,CAN01119,2025-04-24,2025-06-03,OCC002,LOC001,1350,onsite
PRE001357,CAN01120,2025-07-09,2025-07-28,OCC003,LOC005,1450,hybrid
PRE001358,CAN01121,2025-11-01,,OCC007,LOC004,2100,hybrid
PRE001359,CAN01122,2026-03-15,2026-06-08,OCC003,LOC001,1600,hybrid
PRE001360,CAN01123,2026-06-13,2026-07-12,OCC001,LOC001,1400,hybrid
PRE001362,CAN01124,2026-02-25,2026-07-18,OCC001,LOC002,1400,remote
PRE001363,CAN01125,2025-05-11,,OCC001,LOC001,1400,onsite
PRE001364,CAN01126,2026-06-09,2026-09-29,OCC003,LOC001,1550,onsite
PRE001365,CAN01126,2026-09-30,,OCC003,LOC001,1450,onsite
PRE001366,CAN01127,2026-05-06,2026-08-14,OCC010,LOC006,3100,onsite
PRE001367,CAN01127,2026-08-15,,OCC010,LOC006,3150,onsite
PRE001368,CAN01128,2026-07-15,,OCC009,LOC004,3550,onsite
PRE001369,CAN01129,2025-05-08,,OCC001,LOC001,1550,onsite
PRE001370,CAN01130,2025-12-11,,OCC005,LOC001,1900,remote
PRE001371,CAN01131,2026-07-05,,OCC002,LOC006,1250,remote
PRE001372,CAN01132,2025-10-09,,OCC001,LOC001,1200,remote
PRE001373,CAN01133,2026-06-11,2026-07-19,OCC005,LOC002,2700,onsite
PRE001374,CAN01134,2026-07-24,,OCC001,LOC004,1600,onsite
PRE001375,CAN01135,2025-06-13,2025-07-07,OCC002,LOC002,1200,hybrid
PRE001377,CAN01136,2025-10-29,2025-11-16,OCC006,LOC006,2200,hybrid
PRE001378,CAN01137,2025-04-02,2025-04-23,OCC003,LOC005,1700,onsite
PRE001380,CAN01138,2025-03-07,2025-08-21,OCC008,LOC001,3150,onsite
PRE001381,CAN01138,2025-08-22,,OCC008,LOC001,3200,onsite
PRE001382,CAN01139,2025-03-12,2025-07-17,OCC003,LOC001,1700,hybrid
PRE001383,CAN01139,2025-07-18,,OCC003,LOC001,1700,hybrid
PRE001384,CAN01140,2025-06-16,2026-05-05,OCC004,LOC001,1850,hybrid
PRE001385,CAN01141,2025-11-14,,OCC008,LOC004,2850,onsite
PRE001386,CAN01142,2025-08-17,,OCC007,LOC001,2350,onsite
PRE001387,CAN01143,2026-03-29,,OCC007,LOC001,2350,onsite
PRE001388,CAN01144,2025-07-31,2025-08-14,OCC001,LOC007,1600,hybrid
PRE001389,CAN01145,2026-08-10,,OCC004,LOC001,1850,onsite
PRE001390,CAN01146,2025-10-16,2026-01-10,OCC004,LOC002,2200,hybrid
PRE001391,CAN01146,2026-01-11,,OCC004,LOC002,2450,hybrid
PRE001392,CAN01147,2025-04-09,,OCC008,LOC006,3150,onsite
PRE001393,CAN01148,2026-09-07,,OCC006,LOC005,2400,onsite
PRE001394,CAN01149,2026-05-13,,OCC006,LOC001,2300,hybrid
PRE001395,CAN01150,2026-06-01,2026-08-20,OCC001,LOC003,1350,onsite
PRE001396,CAN01150,2026-08-21,,OCC001,LOC003,1450,onsite
PRE001397,CAN01151,2026-09-03,,OCC010,LOC001,3450,hybrid
PRE001398,CAN01152,2025-12-10,2026-05-24,OCC002,LOC002,1200,hybrid
PRE001399,CAN01152,2026-05-25,2026-05-27,OCC002,LOC002,1200,hybrid
PRE001400,CAN01153,2025-05-13,2025-11-04,OCC005,LOC003,2000,remote
PRE001401,CAN01154,2026-02-21,,OCC009,LOC001,3550,hybrid
PRE001402,CAN01155,2025-11-15,,OCC003,LOC006,1650,onsite
PRE001403,CAN01156,2025-09-29,,OCC006,LOC001,2450,onsite
PRE001404,CAN01157,2025-09-06,,OCC010,LOC006,2950,onsite
PRE001405,CAN01158,2026-02-16,2026-06-13,OCC002,LOC001,1350,onsite
PRE001406,CAN01158,2026-06-14,,OCC002,LOC001,1300,onsite
PRE001407,CAN01159,2026-02-13,,OCC007,LOC006,2350,onsite
PRE001408,CAN01160,2026-06-02,2026-07-16,OCC010,LOC003,3200,remote
PRE001409,CAN01161,2026-02-17,,OCC002,LOC006,1400,onsite
PRE001410,CAN01162,2026-08-17,,OCC006,LOC002,2450,hybrid
PRE001411,CAN01163,2025-11-29,2026-01-06,OCC009,LOC003,3150,hybrid
PRE001413,CAN01164,2026-07-08,,OCC002,LOC001,1250,onsite
PRE001414,CAN01165,2026-09-17,,OCC001,LOC006,1400,hybrid
PRE001415,CAN01166,2025-06-20,,OCC009,LOC004,3200,onsite
PRE001416,CAN01167,2025-07-13,,OCC003,LOC002,1650,onsite
PRE001417,CAN01168,2025-04-24,2025-06-07,OCC003,LOC001,1450,onsite
PRE001418,CAN01169,2025-12-02,2026-04-07,OCC002,LOC001,1250,remote
PRE001419,CAN01169,2026-04-08,,OCC002,LOC001,1250,remote
PRE001420,CAN01170,2026-02-19,,OCC006,LOC001,2400,onsite
PRE001421,CAN01171,2025-10-26,2026-01-27,OCC009,LOC006,3500,onsite
PRE001422,CAN01171,2026-01-28,,OCC009,LOC006,3700,onsite
PRE001423,CAN01172,2026-05-04,,OCC010,LOC003,3200,onsite
PRE001424,CAN01173,2026-02-13,,OCC001,LOC001,1450,onsite
PRE001425,CAN01174,2025-02-04,2025-06-05,OCC001,LOC001,1250,hybrid
PRE001426,CAN01174,2025-06-06,,OCC001,LOC001,1300,hybrid
PRE001427,CAN01175,2025-05-25,,OCC001,LOC001,1300,onsite
PRE001428,CAN01176,2026-07-03,,OCC007,LOC001,2300,hybrid
PRE001429,CAN01177,2025-05-05,,OCC005,LOC002,2000,remote
PRE001430,CAN01178,2026-08-20,,OCC002,LOC007,1350,onsite
PRE001431,CAN01179,2025-04-04,,OCC002,LOC001,1300,hybrid
PRE001432,CAN01180,2025-11-27,2025-12-19,OCC008,LOC002,3300,hybrid
PRE001433,CAN01181,2026-01-10,2026-05-08,OCC001,LOC001,1600,hybrid
PRE001434,CAN01181,2026-05-09,,OCC001,LOC001,1550,hybrid
PRE001435,CAN01182,2025-11-20,2026-04-29,OCC007,LOC002,2050,hybrid
PRE001436,CAN01182,2026-04-30,,OCC007,LOC002,2350,hybrid
PRE001437,CAN01183,2026-09-21,,OCC008,LOC001,3500,onsite
PRE001438,CAN01184,2026-08-18,,OCC005,LOC007,2450,remote
PRE001439,CAN01185,2026-06-12,2026-09-08,OCC010,LOC003,2950,hybrid
PRE001440,CAN01185,2026-09-09,,OCC010,LOC003,3100,hybrid
PRE001441,CAN01186,2026-06-18,,OCC003,LOC001,1550,hybrid
PRE001442,CAN01187,2025-07-27,2025-12-26,OCC002,LOC008,1200,onsite
PRE001443,CAN01188,2025-09-26,2025-10-18,OCC008,LOC001,2500,hybrid
PRE001444,CAN01189,2025-08-09,,OCC003,LOC001,1750,onsite
PRE001445,CAN01190,2026-07-22,2026-08-18,OCC008,LOC002,3350,onsite
PRE001446,CAN01191,2026-01-16,2026-02-13,OCC007,LOC003,2450,onsite
PRE001447,CAN01192,2026-08-20,,OCC006,LOC006,2650,onsite
PRE001448,CAN01193,2025-05-09,,OCC001,LOC002,1350,hybrid
PRE001449,CAN01194,2025-03-28,,OCC007,LOC002,1850,onsite
PRE001450,CAN01195,2025-05-07,2026-09-18,OCC002,LOC001,1250,onsite
PRE001451,CAN01196,2025-02-11,2025-07-02,OCC006,LOC002,2200,remote
PRE001452,CAN01196,2025-07-03,2025-07-20,OCC006,LOC002,2500,remote
PRE001453,CAN01197,2025-08-11,,OCC006,LOC006,2200,onsite
PRE001454,CAN01198,2026-09-28,,OCC005,LOC003,2100,remote
PRE001455,CAN01199,2025-12-05,,OCC002,LOC001,1250,hybrid
PRE001456,CAN01200,2025-08-21,,OCC008,LOC002,2700,hybrid
PRE001457,CAN01201,2025-01-21,,OCC006,LOC005,2150,onsite
PRE001458,CAN01202,2025-08-17,2025-09-21,OCC002,LOC004,1200,onsite
PRE001459,CAN01203,2025-06-23,2025-11-07,OCC007,LOC001,2350,hybrid
PRE001460,CAN01204,2026-01-05,2026-02-12,OCC003,LOC007,1850,onsite
PRE001462,CAN01205,2025-03-31,,OCC007,LOC003,2100,hybrid
PRE001463,CAN01206,2025-08-20,2025-11-27,OCC006,LOC002,2600,onsite
PRE001465,CAN01207,2026-06-30,2026-08-07,OCC007,LOC006,2050,remote
PRE001466,CAN01208,2026-01-02,2026-04-25,OCC003,LOC001,1700,remote
PRE001467,CAN01209,2026-09-21,,OCC009,LOC001,3650,hybrid
PRE001468,CAN01210,2025-12-20,2026-02-11,OCC007,LOC006,2400,remote
PRE001469,CAN01211,2026-08-08,2026-09-11,OCC002,LOC002,1350,hybrid
PRE001470,CAN01212,2025-04-21,,OCC001,LOC008,1550,remote
PRE001471,CAN01213,2025-09-02,,OCC003,LOC001,1500,onsite
PRE001472,CAN01214,2025-02-10,,OCC006,LOC004,2400,remote
PRE001473,CAN01215,2026-08-19,2026-09-20,OCC010,LOC002,3350,remote
PRE001474,CAN01216,2025-04-25,,OCC009,LOC001,3050,hybrid
PRE001475,CAN01217,2025-07-03,,OCC006,LOC001,2350,onsite
PRE001476,CAN01218,2025-10-15,2025-11-07,OCC007,LOC001,2450,hybrid
PRE001477,CAN01219,2025-01-10,2025-06-25,OCC010,LOC003,2600,remote
PRE001478,CAN01220,2026-04-10,,OCC007,LOC003,1850,onsite
PRE001479,CAN01221,2026-08-11,,OCC001,LOC006,1300,hybrid
PRE001480,CAN01222,2026-07-29,2026-09-02,OCC005,LOC002,2300,hybrid
PRE001481,CAN01223,2025-04-26,2025-09-13,OCC003,LOC001,1550,hybrid
PRE001482,CAN01223,2025-09-14,,OCC003,LOC001,1900,hybrid
PRE001483,CAN01224,2026-01-19,,OCC005,LOC008,2300,onsite
PRE001484,CAN01225,2025-09-15,2026-01-07,OCC003,LOC008,1650,onsite
PRE001485,CAN01225,2026-01-08,,OCC003,LOC008,1950,onsite
PRE001486,CAN01226,2025-05-07,,OCC001,LOC007,1400,onsite
PRE001487,CAN01227,2025-04-20,2025-05-07,OCC003,LOC005,1700,onsite
PRE001488,CAN01228,2025-12-21,2026-01-13,OCC002,LOC001,1250,hybrid
PRE001490,CAN01229,2026-03-24,,OCC007,LOC002,2300,hybrid
PRE001491,CAN01230,2025-06-16,,OCC001,LOC002,1350,onsite
PRE001492,CAN01231,2026-01-24,,OCC007,LOC002,2650,onsite
PRE001493,CAN01232,2025-04-24,2025-05-12,OCC004,LOC005,2300,hybrid
PRE001494,CAN01233,2025-09-18,2026-03-04,OCC009,LOC002,3450,onsite
PRE001495,CAN01234,2026-03-15,,OCC003,LOC007,1700,onsite
PRE001496,CAN01235,2025-04-24,2025-10-18,OCC002,LOC001,1250,remote
PRE001497,CAN01236,2025-06-16,,OCC001,LOC008,1400,hybrid
PRE001498,CAN01237,2025-10-01,,OCC003,LOC002,1600,hybrid
PRE001499,CAN01238,2025-10-20,,OCC010,LOC002,3050,remote
PRE001500,CAN01239,2025-02-22,2025-04-08,OCC001,LOC008,1450,hybrid
PRE001501,CAN01240,2026-04-04,,OCC003,LOC001,1550,remote
PRE001502,CAN01241,2025-10-18,2025-11-16,OCC003,LOC003,1600,onsite
PRE001504,CAN01242,2025-11-12,,OCC001,LOC001,1200,onsite
PRE001505,CAN01243,2026-03-30,2026-05-09,OCC002,LOC001,1300,onsite
PRE001506,CAN01244,2026-07-14,,OCC006,LOC001,2500,hybrid
PRE001507,CAN01245,2026-03-26,,OCC003,LOC003,1800,onsite
PRE001508,CAN01246,2026-03-18,2026-09-11,OCC005,LOC004,2400,onsite
PRE001509,CAN01246,2026-09-12,,OCC005,LOC004,2400,onsite
PRE001510,CAN01247,2026-06-06,2026-09-08,OCC003,LOC002,1650,remote
PRE001511,CAN01247,2026-09-09,,OCC003,LOC002,1900,remote
PRE001512,CAN01248,2026-03-05,2026-05-05,OCC003,LOC004,1800,remote
PRE001513,CAN01249,2026-07-02,2026-09-19,OCC001,LOC001,1650,onsite
PRE001514,CAN01249,2026-09-20,,OCC001,LOC001,1450,onsite
PRE001515,CAN01250,2026-01-12,2026-03-16,OCC006,LOC002,2250,remote
PRE001516,CAN01250,2026-03-17,,OCC006,LOC002,2550,remote
PRE001517,CAN01251,2025-06-29,2025-07-10,OCC002,LOC006,1200,remote
PRE001519,CAN01252,2025-11-15,,OCC005,LOC005,2100,onsite
PRE001520,CAN01253,2026-09-22,,OCC004,LOC002,1950,remote
PRE001521,CAN01254,2025-03-13,2025-05-24,OCC001,LOC001,1200,hybrid
PRE001522,CAN01254,2025-05-25,,OCC001,LOC001,1400,hybrid
PRE001523,CAN01255,2026-07-03,2026-08-17,OCC005,LOC001,2050,hybrid
PRE001524,CAN01256,2025-08-30,2025-09-15,OCC003,LOC001,1700,hybrid
PRE001525,CAN01257,2026-05-24,2026-07-23,OCC001,LOC002,1550,remote
PRE001526,CAN01257,2026-07-24,,OCC001,LOC002,1450,remote
PRE001527,CAN01258,2026-03-31,2026-07-07,OCC002,LOC003,1450,onsite
PRE001528,CAN01258,2026-07-08,,OCC002,LOC003,1450,onsite
PRE001529,CAN01259,2026-08-20,2026-09-30,OCC007,LOC002,2300,remote
PRE001530,CAN01260,2025-12-26,,OCC008,LOC008,3350,remote
PRE001531,CAN01261,2025-07-24,2025-08-21,OCC009,LOC007,3500,hybrid
PRE001533,CAN01262,2025-12-26,,OCC010,LOC001,2800,remote
PRE001534,CAN01263,2025-08-09,2025-11-30,OCC002,LOC007,1200,onsite
PRE001535,CAN01263,2025-12-01,,OCC002,LOC007,1200,onsite
PRE001536,CAN01264,2025-11-23,2025-12-20,OCC008,LOC008,3400,hybrid
PRE001537,CAN01265,2026-03-04,2026-04-01,OCC002,LOC004,1250,hybrid
PRE001538,CAN01266,2026-07-30,,OCC002,LOC002,1350,onsite
PRE001539,CAN01267,2025-07-18,,OCC001,LOC001,1300,hybrid
PRE001540,CAN01268,2025-10-25,,OCC010,LOC001,3050,onsite
PRE001541,CAN01269,2026-02-04,2026-03-25,OCC005,LOC001,2450,onsite
PRE001542,CAN01270,2026-06-06,,OCC010,LOC006,2600,hybrid
PRE001543,CAN01271,2025-02-10,2025-05-14,OCC004,LOC001,1950,hybrid
PRE001544,CAN01272,2026-08-02,,OCC007,LOC003,2200,hybrid
PRE001545,CAN01273,2025-04-26,2025-05-14,OCC005,LOC004,2250,onsite
PRE001547,CAN01274,2026-08-10,2026-09-02,OCC002,LOC002,1200,onsite
PRE001548,CAN01275,2025-12-11,2026-05-03,OCC001,LOC002,1250,onsite
PRE001549,CAN01276,2026-09-15,,OCC009,LOC001,3050,hybrid
PRE001550,CAN01277,2026-01-03,,OCC003,LOC001,1750,onsite
PRE001551,CAN01278,2026-09-02,,OCC003,LOC001,1650,hybrid
PRE001552,CAN01279,2025-06-18,,OCC003,LOC001,1700,remote
PRE001553,CAN01280,2025-06-30,2025-10-05,OCC001,LOC001,1400,hybrid
PRE001554,CAN01281,2025-12-19,2026-02-04,OCC001,LOC003,1350,onsite
PRE001555,CAN01282,2026-01-10,2026-03-24,OCC010,LOC007,3000,remote
PRE001556,CAN01282,2026-03-25,,OCC010,LOC007,3450,remote
PRE001557,CAN01283,2025-06-20,,OCC009,LOC008,3150,onsite
PRE001558,CAN01284,2026-07-23,2026-08-11,OCC006,LOC001,2600,onsite
PRE001559,CAN01285,2025-10-02,2025-10-24,OCC006,LOC001,2300,remote
PRE001560,CAN01286,2025-09-16,,OCC010,LOC002,2900,hybrid
PRE001561,CAN01287,2025-11-12,,OCC005,LOC001,2050,hybrid
PRE001562,CAN01288,2026-06-02,2026-07-21,OCC003,LOC001,1950,hybrid
PRE001563,CAN01289,2026-06-14,,OCC006,LOC008,2400,onsite
PRE001564,CAN01290,2025-10-07,2026-02-04,OCC001,LOC003,1500,onsite
PRE001565,CAN01291,2026-09-04,2026-09-29,OCC001,LOC003,1600,hybrid
PRE001566,CAN01292,2026-07-11,2026-08-08,OCC005,LOC005,2350,hybrid
PRE001567,CAN01293,2025-10-22,,OCC009,LOC002,3550,onsite
PRE001568,CAN01294,2025-08-12,,OCC004,LOC001,2300,onsite
PRE001569,CAN01295,2026-04-11,2026-05-09,OCC001,LOC001,1350,remote
PRE001570,CAN01296,2025-04-27,,OCC008,LOC006,3050,onsite
PRE001571,CAN01297,2026-08-14,2026-09-07,OCC009,LOC004,3650,onsite
PRE001572,CAN01298,2025-12-08,2026-04-09,OCC006,LOC001,2200,onsite
PRE001573,CAN01298,2026-04-10,,OCC006,LOC001,2650,onsite
PRE001574,CAN01299,2025-05-03,,OCC005,LOC008,2000,hybrid
PRE001575,CAN01300,2026-08-28,,OCC001,LOC001,1450,hybrid
PRE001576,CAN01301,2026-09-24,,OCC007,LOC001,2050,hybrid
PRE001577,CAN01302,2026-07-12,,OCC007,LOC006,2150,onsite
PRE001578,CAN01303,2025-05-06,2025-05-23,OCC002,LOC006,1250,onsite
PRE001579,CAN01304,2025-12-24,2026-01-18,OCC001,LOC006,1450,onsite
PRE001581,CAN01305,2025-04-12,2025-05-01,OCC002,LOC001,1200,hybrid
PRE001582,CAN01306,2025-09-09,,OCC003,LOC006,1500,onsite
PRE001583,CAN01307,2025-07-28,2026-01-16,OCC006,LOC003,2450,hybrid
PRE001584,CAN01307,2026-01-17,,OCC006,LOC003,2800,hybrid
PRE001585,CAN01308,2025-07-02,,OCC002,LOC001,1200,onsite
PRE001586,CAN01309,2025-10-22,,OCC007,LOC002,2000,remote
PRE001587,CAN01310,2025-08-13,2025-10-09,OCC006,LOC008,2150,onsite
PRE001588,CAN01311,2026-05-19,2026-08-07,OCC005,LOC007,2300,onsite
PRE001589,CAN01311,2026-08-08,,OCC005,LOC007,2350,onsite
PRE001590,CAN01312,2025-03-26,2025-09-16,OCC004,LOC001,2300,hybrid
PRE001591,CAN01312,2025-09-17,,OCC004,LOC001,2300,hybrid
PRE001592,CAN01313,2026-09-10,,OCC004,LOC004,2400,remote
PRE001593,CAN01314,2025-02-17,,OCC009,LOC001,3550,hybrid
PRE001594,CAN01315,2026-08-11,2026-08-29,OCC010,LOC002,2600,onsite
PRE001595,CAN01316,2026-05-15,2026-09-25,OCC004,LOC001,2500,onsite
PRE001596,CAN01317,2025-07-27,,OCC006,LOC005,2300,hybrid
PRE001597,CAN01318,2026-01-27,2026-04-27,OCC006,LOC003,2350,remote
PRE001598,CAN01318,2026-04-28,,OCC006,LOC003,2300,remote
PRE001599,CAN01319,2025-09-23,2025-11-13,OCC009,LOC001,3550,remote
PRE001600,CAN01320,2026-07-06,,OCC004,LOC001,2300,onsite
PRE001601,CAN01321,2025-08-06,,OCC001,LOC004,1750,remote
PRE001602,CAN01322,2026-05-06,2026-05-27,OCC006,LOC003,2700,onsite
PRE001603,CAN01323,2025-12-16,,OCC003,LOC004,1550,onsite
PRE001604,CAN01324,2026-03-17,2026-04-16,OCC006,LOC001,2750,hybrid
PRE001606,CAN01325,2026-04-26,2026-09-28,OCC006,LOC001,2400,hybrid
PRE001607,CAN01325,2026-09-29,,OCC006,LOC001,2400,hybrid
PRE001608,CAN01326,2025-12-20,,OCC002,LOC001,1200,hybrid
PRE001609,CAN01327,2025-11-23,2026-01-30,OCC006,LOC001,2250,onsite
PRE001610,CAN01327,2026-01-31,,OCC006,LOC001,2350,onsite
PRE001611,CAN01328,2025-10-18,,OCC002,LOC003,1200,remote
PRE001612,CAN01329,2026-04-19,2026-07-30,OCC004,LOC005,2400,onsite
PRE001613,CAN01330,2026-06-29,2026-08-05,OCC001,LOC004,1200,hybrid
PRE001615,CAN01331,2025-09-30,2025-12-22,OCC003,LOC001,1500,remote
PRE001616,CAN01331,2025-12-23,,OCC003,LOC001,1550,remote
PRE001617,CAN01332,2026-04-05,2026-09-29,OCC001,LOC003,1600,onsite
PRE001618,CAN01332,2026-09-30,,OCC001,LOC003,1500,onsite
PRE001619,CAN01333,2025-09-12,2025-09-29,OCC002,LOC001,1200,onsite
PRE001621,CAN01334,2026-08-03,,OCC007,LOC004,2500,onsite
PRE001622,CAN01335,2025-02-10,,OCC003,LOC003,1700,hybrid
PRE001623,CAN01336,2026-01-29,2026-05-23,OCC003,LOC001,1800,onsite
PRE001624,CAN01337,2025-08-11,2025-10-07,OCC004,LOC001,2050,onsite
PRE001625,CAN01338,2026-01-14,2026-01-30,OCC006,LOC001,2200,onsite
PRE001626,CAN01339,2026-07-05,,OCC002,LOC003,1500,onsite
PRE001627,CAN01340,2025-12-26,2026-06-14,OCC003,LOC004,1550,hybrid
PRE001628,CAN01340,2026-06-15,,OCC003,LOC004,1850,hybrid
PRE001629,CAN01341,2025-09-02,2025-09-27,OCC004,LOC002,2000,onsite
PRE001631,CAN01342,2026-02-11,2026-03-24,OCC006,LOC003,2250,hybrid
PRE001632,CAN01343,2025-06-03,,OCC005,LOC001,2000,onsite
PRE001633,CAN01344,2025-10-29,2025-11-23,OCC006,LOC007,2100,hybrid
PRE001634,CAN01345,2026-02-22,2026-08-06,OCC001,LOC001,1300,hybrid
PRE001635,CAN01346,2026-07-13,,OCC006,LOC002,2450,hybrid
PRE001636,CAN01347,2025-11-13,,OCC008,LOC001,2950,remote
PRE001637,CAN01348,2026-03-25,2026-09-05,OCC008,LOC007,3400,hybrid
PRE001638,CAN01349,2026-07-08,2026-08-08,OCC002,LOC002,1200,remote
PRE001639,CAN01350,2025-11-01,,OCC001,LOC001,1400,remote
PRE001640,CAN01351,2026-02-09,,OCC010,LOC003,3000,remote
PRE001641,CAN01352,2025-06-20,,OCC001,LOC006,1350,remote
PRE001642,CAN01353,2026-09-22,,OCC009,LOC001,3450,onsite
PRE001643,CAN01354,2025-04-07,2025-08-02,OCC001,LOC001,1350,hybrid
PRE001644,CAN01354,2025-08-03,,OCC001,LOC001,1450,hybrid
PRE001645,CAN01355,2025-03-07,,OCC009,LOC002,2750,onsite
PRE001646,CAN01356,2025-08-25,2025-09-09,OCC007,LOC001,1900,hybrid
PRE001647,CAN01357,2026-01-15,2026-03-05,OCC002,LOC007,1300,onsite
PRE001648,CAN01358,2026-05-26,2026-08-31,OCC002,LOC003,1250,remote
PRE001649,CAN01358,2026-09-01,,OCC002,LOC003,1250,remote
PRE001650,CAN01359,2025-04-19,,OCC010,LOC003,2950,hybrid
PRE001651,CAN01360,2026-09-12,,OCC010,LOC007,3100,onsite
PRE001652,CAN01361,2025-05-09,,OCC005,LOC006,2100,onsite
PRE001653,CAN01362,2026-09-04,,OCC003,LOC001,1800,onsite
PRE001654,CAN01363,2025-08-05,2025-08-18,OCC002,LOC002,1200,remote
PRE001655,CAN01364,2025-06-05,2025-07-10,OCC006,LOC006,2050,onsite
PRE001656,CAN01365,2026-02-20,,OCC005,LOC001,2050,onsite
PRE001657,CAN01366,2026-08-11,,OCC003,LOC002,1650,hybrid
PRE001658,CAN01367,2026-02-27,,OCC007,LOC002,2300,onsite
PRE001659,CAN01368,2026-07-12,2026-08-11,OCC001,LOC006,1250,hybrid
PRE001660,CAN01369,2025-12-01,2025-12-16,OCC010,LOC003,3150,onsite
PRE001661,CAN01370,2026-05-30,2026-08-23,OCC010,LOC006,3300,onsite
PRE001662,CAN01371,2026-06-01,,OCC001,LOC004,1700,onsite
PRE001663,CAN01372,2025-08-10,,OCC010,LOC002,2500,hybrid
PRE001664,CAN01373,2025-09-16,2025-11-30,OCC009,LOC001,3400,remote
PRE001665,CAN01373,2025-12-01,,OCC009,LOC001,3750,remote
PRE001666,CAN01374,2025-04-25,2025-09-01,OCC002,LOC006,1400,onsite
PRE001667,CAN01374,2025-09-02,,OCC002,LOC006,1250,onsite
PRE001668,CAN01375,2026-08-26,2026-09-09,OCC008,LOC003,3200,remote
PRE001669,CAN01376,2025-01-23,2025-07-15,OCC005,LOC001,1950,onsite
PRE001670,CAN01376,2025-07-16,,OCC005,LOC001,2000,onsite
PRE001671,CAN01377,2026-07-13,,OCC002,LOC004,1300,onsite
PRE001672,CAN01378,2026-06-02,,OCC005,LOC002,1950,remote
PRE001673,CAN01379,2026-07-01,2026-09-01,OCC007,LOC006,2550,remote
PRE001674,CAN01379,2026-09-02,,OCC007,LOC006,2450,remote
PRE001675,CAN01380,2026-02-18,,OCC008,LOC001,3550,onsite
PRE001676,CAN01381,2025-12-14,,OCC006,LOC001,2200,onsite
PRE001677,CAN01382,2026-04-19,,OCC003,LOC003,1650,onsite
PRE001678,CAN01383,2026-05-04,2026-08-12,OCC002,LOC008,1250,hybrid
PRE001679,CAN01383,2026-08-13,,OCC002,LOC008,1500,hybrid
PRE001680,CAN01384,2025-10-05,,OCC002,LOC003,1200,hybrid
PRE001681,CAN01385,2025-11-21,,OCC006,LOC006,2050,hybrid
PRE001682,CAN01386,2026-03-19,2026-04-09,OCC003,LOC001,2000,onsite
PRE001683,CAN01387,2025-06-02,2025-07-01,OCC006,LOC004,2350,hybrid
PRE001684,CAN01388,2026-03-17,2026-06-17,OCC004,LOC001,2250,onsite
PRE001685,CAN01388,2026-06-18,2026-07-04,OCC004,LOC001,2250,onsite
PRE001686,CAN01389,2025-09-01,2025-12-24,OCC005,LOC001,2150,onsite
PRE001687,CAN01389,2025-12-25,,OCC005,LOC001,2050,onsite
PRE001688,CAN01390,2025-10-28,2026-03-20,OCC008,LOC001,3150,onsite
PRE001689,CAN01391,2025-03-20,2025-06-28,OCC003,LOC008,1350,hybrid
PRE001690,CAN01391,2025-06-29,,OCC003,LOC008,1200,hybrid
PRE001691,CAN01392,2026-01-29,2026-05-24,OCC005,LOC004,1900,hybrid
PRE001692,CAN01393,2026-04-14,2026-05-29,OCC001,LOC001,1700,onsite
PRE001694,CAN01394,2026-06-26,2026-08-10,OCC010,LOC006,3250,onsite
PRE001696,CAN01395,2025-07-08,,OCC010,LOC001,2350,onsite
PRE001697,CAN01396,2025-08-04,2025-10-03,OCC001,LOC006,1200,hybrid
PRE001698,CAN01396,2025-10-04,,OCC001,LOC006,1350,hybrid
PRE001699,CAN01397,2026-02-15,2026-06-07,OCC010,LOC002,2750,hybrid
PRE001700,CAN01397,2026-06-08,,OCC010,LOC002,2700,hybrid
PRE001701,CAN01398,2026-05-28,,OCC008,LOC002,3200,onsite
PRE001702,CAN01399,2025-08-21,2026-01-28,OCC007,LOC003,2250,hybrid
PRE001703,CAN01399,2026-01-29,2026-02-21,OCC007,LOC003,2400,hybrid
PRE001704,CAN01400,2025-03-12,2025-04-13,OCC008,LOC003,2750,onsite
PRE001705,CAN01401,2025-06-06,2025-09-17,OCC008,LOC003,2850,onsite
PRE001706,CAN01401,2025-09-18,,OCC008,LOC003,2600,onsite
PRE001707,CAN01402,2026-04-14,,OCC002,LOC001,1300,remote
PRE001708,CAN01403,2026-01-21,2026-02-23,OCC005,LOC003,2050,hybrid
PRE001709,CAN01404,2026-07-29,,OCC002,LOC004,1400,hybrid
PRE001710,CAN01405,2025-12-10,2026-04-24,OCC003,LOC002,1650,onsite
PRE001711,CAN01406,2025-12-11,2026-04-02,OCC005,LOC004,2100,onsite
PRE001712,CAN01406,2026-04-03,,OCC005,LOC004,2250,onsite
PRE001713,CAN01407,2026-05-27,2026-07-31,OCC003,LOC001,1800,onsite
PRE001714,CAN01408,2026-08-15,,OCC002,LOC005,1200,hybrid
PRE001715,CAN01409,2026-05-12,2026-08-16,OCC002,LOC001,1450,onsite
PRE001716,CAN01409,2026-08-17,,OCC002,LOC001,1250,onsite
PRE001717,CAN01410,2025-09-18,,OCC003,LOC001,1750,hybrid
PRE001718,CAN01411,2026-08-31,,OCC006,LOC008,2150,hybrid
PRE001719,CAN01412,2026-07-15,,OCC004,LOC001,2450,hybrid
PRE001720,CAN01413,2026-08-11,2026-09-10,OCC008,LOC006,3400,hybrid
PRE001721,CAN01414,2026-08-28,,OCC005,LOC001,2100,hybrid
PRE001722,CAN01415,2026-07-21,,OCC008,LOC001,3300,onsite
PRE001723,CAN01416,2025-08-09,,OCC007,LOC005,1900,onsite
PRE001724,CAN01417,2026-03-29,2026-09-14,OCC003,LOC006,1950,remote
PRE001725,CAN01417,2026-09-15,,OCC003,LOC006,1900,remote
PRE001726,CAN01418,2026-09-27,,OCC003,LOC006,1650,hybrid
PRE001727,CAN01419,2025-04-05,2025-08-06,OCC002,LOC001,1200,onsite
PRE001728,CAN01419,2025-08-07,,OCC002,LOC001,1250,onsite
PRE001729,CAN01420,2025-08-16,2025-09-16,OCC002,LOC001,1200,remote
PRE001730,CAN01421,2026-06-04,2026-08-12,OCC010,LOC002,2750,remote
PRE001731,CAN01421,2026-08-13,,OCC010,LOC002,2550,remote
PRE001732,CAN01422,2026-08-31,2026-09-21,OCC008,LOC002,3450,onsite
PRE001733,CAN01423,2025-11-18,2026-02-09,OCC002,LOC006,1200,onsite
PRE001734,CAN01423,2026-02-10,,OCC002,LOC006,1200,onsite
PRE001735,CAN01424,2025-02-10,2025-03-30,OCC006,LOC008,2500,remote
PRE001736,CAN01425,2025-07-18,2025-08-03,OCC008,LOC002,3250,hybrid
PRE001738,CAN01426,2025-12-19,2026-01-11,OCC005,LOC002,2000,onsite
PRE001739,CAN01427,2026-06-28,2026-09-04,OCC007,LOC003,2400,hybrid
PRE001740,CAN01427,2026-09-05,,OCC007,LOC003,2700,hybrid
PRE001741,CAN01428,2025-05-18,2025-09-11,OCC006,LOC006,2200,hybrid
PRE001742,CAN01428,2025-09-12,,OCC006,LOC006,2300,hybrid
PRE001743,CAN01429,2025-06-15,,OCC010,LOC001,2800,onsite
PRE001744,CAN01430,2026-07-28,2026-09-07,OCC004,LOC007,2350,hybrid
PRE001745,CAN01431,2025-04-03,2025-08-02,OCC002,LOC004,1200,hybrid
PRE001746,CAN01431,2025-08-03,,OCC002,LOC004,1250,hybrid
PRE001747,CAN01432,2025-10-10,2025-11-18,OCC007,LOC006,2250,hybrid
PRE001748,CAN01433,2025-08-22,,OCC007,LOC007,2200,hybrid
PRE001749,CAN01434,2025-08-20,,OCC006,LOC006,2250,onsite
PRE001750,CAN01435,2025-07-26,,OCC005,LOC007,1800,remote
PRE001751,CAN01436,2026-06-14,,OCC006,LOC004,2650,onsite
PRE001752,CAN01437,2026-01-20,,OCC002,LOC001,1250,hybrid
PRE001753,CAN01438,2025-04-23,2025-05-08,OCC004,LOC003,2200,hybrid
PRE001754,CAN01439,2026-05-08,,OCC006,LOC007,2550,onsite
PRE001755,CAN01440,2025-09-05,2025-12-09,OCC006,LOC001,2050,hybrid
PRE001756,CAN01440,2025-12-10,,OCC006,LOC001,2200,hybrid
PRE001757,CAN01441,2026-05-16,2026-06-14,OCC010,LOC001,3450,remote
PRE001758,CAN01442,2025-07-06,2025-07-19,OCC002,LOC003,1200,hybrid
PRE001759,CAN01443,2026-03-18,2026-04-09,OCC010,LOC003,2500,hybrid
PRE001760,CAN01444,2026-01-26,,OCC003,LOC001,1750,hybrid
PRE001761,CAN01445,2025-05-31,,OCC003,LOC002,1700,onsite
PRE001762,CAN01446,2026-07-14,,OCC007,LOC005,2250,onsite
PRE001763,CAN01447,2026-01-12,,OCC003,LOC008,1800,remote
PRE001764,CAN01448,2025-03-29,2025-05-08,OCC001,LOC001,1450,onsite
PRE001765,CAN01449,2026-09-04,,OCC005,LOC007,1900,onsite
PRE001766,CAN01450,2026-04-16,2026-06-20,OCC002,LOC003,1350,hybrid
PRE001767,CAN01450,2026-06-21,,OCC002,LOC003,1400,hybrid
PRE001768,CAN01451,2026-06-21,,OCC009,LOC001,3750,hybrid
PRE001769,CAN01452,2025-11-11,2025-12-27,OCC004,LOC002,2300,hybrid
PRE001771,CAN01453,2025-11-27,2026-05-14,OCC010,LOC001,2950,onsite
PRE001772,CAN01453,2026-05-15,,OCC010,LOC001,3100,onsite
PRE001773,CAN01454,2025-04-16,2025-08-04,OCC002,LOC001,1200,hybrid
PRE001774,CAN01455,2026-06-09,,OCC001,LOC002,1350,hybrid
PRE001775,CAN01456,2025-06-23,,OCC008,LOC002,3050,hybrid
PRE001776,CAN01457,2026-03-19,2026-04-11,OCC002,LOC003,1300,onsite
PRE001777,CAN01458,2026-04-03,2026-05-17,OCC003,LOC003,1850,hybrid
PRE001778,CAN01459,2025-09-04,2026-01-22,OCC001,LOC001,1350,onsite
PRE001779,CAN01459,2026-01-23,,OCC001,LOC001,1500,onsite
PRE001780,CAN01460,2025-02-07,2025-05-01,OCC008,LOC006,3300,remote
PRE001781,CAN01460,2025-05-02,2025-05-21,OCC008,LOC006,3500,remote
PRE001782,CAN01461,2026-08-01,,OCC005,LOC001,1950,hybrid
PRE001783,CAN01462,2026-09-09,2026-09-27,OCC001,LOC001,1300,hybrid
PRE001784,CAN01463,2025-08-02,,OCC003,LOC005,1550,onsite
PRE001785,CAN01464,2026-09-23,,OCC005,LOC002,2050,onsite
PRE001786,CAN01465,2025-11-28,2026-04-20,OCC009,LOC003,3100,onsite
PRE001787,CAN01466,2025-06-17,2025-07-11,OCC007,LOC004,2150,onsite
PRE001789,CAN01467,2026-02-22,,OCC003,LOC001,1600,hybrid
PRE001790,CAN01468,2026-03-07,2026-04-12,OCC010,LOC004,3000,onsite
PRE001791,CAN01469,2025-08-31,2025-09-20,OCC001,LOC001,1400,onsite
PRE001792,CAN01470,2025-10-03,2026-04-01,OCC004,LOC005,2200,onsite
PRE001793,CAN01471,2025-07-25,,OCC003,LOC003,1550,hybrid
PRE001794,CAN01472,2026-02-26,2026-08-17,OCC008,LOC001,3600,remote
PRE001795,CAN01472,2026-08-18,,OCC008,LOC001,3550,remote
PRE001796,CAN01473,2026-01-28,,OCC007,LOC001,2150,remote
PRE001797,CAN01474,2026-07-24,2026-08-15,OCC003,LOC008,1550,hybrid
PRE001798,CAN01475,2026-09-21,,OCC003,LOC001,1500,onsite
PRE001799,CAN01476,2026-04-22,,OCC002,LOC005,1350,hybrid
PRE001800,CAN01477,2025-04-10,2025-05-16,OCC002,LOC001,1200,hybrid
PRE001801,CAN01478,2026-03-01,2026-04-14,OCC001,LOC003,1600,onsite
PRE001802,CAN01479,2025-05-02,,OCC002,LOC008,1200,hybrid
PRE001803,CAN01480,2026-01-10,2026-05-30,OCC009,LOC004,3450,remote
PRE001804,CAN01481,2025-10-19,2025-12-28,OCC002,LOC001,1250,onsite
PRE001805,CAN01481,2025-12-29,2026-03-18,OCC002,LOC001,1200,onsite
PRE001806,CAN01482,2025-05-08,2026-02-28,OCC002,LOC001,1400,onsite
PRE001807,CAN01483,2025-10-29,2025-11-24,OCC007,LOC002,2350,onsite
PRE001808,CAN01484,2025-06-25,2025-07-16,OCC002,LOC003,1350,hybrid
PRE001809,CAN01485,2025-03-26,,OCC001,LOC007,1450,hybrid
PRE001810,CAN01486,2026-04-19,2026-05-26,OCC002,LOC001,1250,onsite
PRE001811,CAN01487,2026-09-30,,OCC001,LOC001,1400,hybrid
PRE001812,CAN01488,2025-04-21,,OCC001,LOC002,1200,onsite
PRE001813,CAN01489,2026-07-22,2026-09-11,OCC002,LOC005,1400,onsite
PRE001814,CAN01490,2025-02-25,,OCC009,LOC002,3050,hybrid
PRE001815,CAN01491,2026-05-31,2026-07-01,OCC001,LOC001,1350,remote
PRE001816,CAN01492,2026-07-26,2026-09-24,OCC001,LOC001,1600,hybrid
PRE001817,CAN01493,2026-08-31,2026-09-21,OCC005,LOC007,2350,onsite
PRE001818,CAN01494,2026-03-05,,OCC009,LOC001,3300,onsite
PRE001819,CAN01495,2026-07-04,,OCC008,LOC001,3250,hybrid
PRE001820,CAN01496,2025-07-20,,OCC002,LOC001,1200,hybrid
PRE001821,CAN01497,2026-04-13,2026-09-04,OCC009,LOC001,3650,hybrid
PRE001822,CAN01497,2026-09-05,,OCC009,LOC001,3750,hybrid
PRE001823,CAN01498,2025-10-23,,OCC006,LOC007,2300,hybrid
PRE001824,CAN01499,2026-06-17,2026-08-07,OCC001,LOC003,1700,onsite
PRE001825,CAN01500,2025-06-12,2025-07-06,OCC005,LOC002,2300,onsite
PRE001826,CAN01501,2026-02-03,,OCC002,LOC002,1250,remote
PRE001827,CAN01502,2025-03-16,2025-06-25,OCC001,LOC002,1200,onsite
PRE001828,CAN01503,2025-09-07,2025-09-27,OCC007,LOC001,2400,onsite
PRE001830,CAN01504,2025-06-21,2025-08-20,OCC003,LOC002,1500,onsite
PRE001831,CAN01504,2025-08-21,2025-09-23,OCC003,LOC002,1500,onsite
PRE001832,CAN01505,2025-12-15,2026-04-28,OCC009,LOC003,3450,hybrid
PRE001833,CAN01505,2026-04-29,,OCC009,LOC003,3850,hybrid
PRE001834,CAN01506,2025-05-23,2025-11-03,OCC008,LOC003,3100,hybrid
PRE001835,CAN01506,2025-11-04,,OCC008,LOC003,3050,hybrid
PRE001836,CAN01507,2025-05-08,,OCC001,LOC001,1250,hybrid
PRE001837,CAN01508,2026-01-11,,OCC008,LOC003,3350,onsite
PRE001838,CAN01509,2025-04-03,2025-08-03,OCC006,LOC001,2100,onsite
PRE001839,CAN01509,2025-08-04,2025-09-12,OCC006,LOC001,2150,onsite
PRE001840,CAN01510,2025-05-03,,OCC009,LOC001,3550,onsite
PRE001841,CAN01511,2026-08-19,,OCC006,LOC005,2250,onsite
PRE001842,CAN01512,2025-07-04,2025-11-17,OCC007,LOC001,2000,remote
PRE001843,CAN01512,2025-11-18,2025-12-13,OCC007,LOC001,2150,remote
PRE001844,CAN01513,2026-09-04,2026-09-26,OCC004,LOC006,2150,onsite
PRE001845,CAN01514,2026-05-31,2026-06-24,OCC002,LOC006,1350,remote
PRE001847,CAN01515,2026-06-02,2026-07-29,OCC006,LOC002,2300,hybrid
PRE001848,CAN01516,2025-09-14,2026-02-13,OCC005,LOC001,2000,onsite
PRE001849,CAN01517,2025-05-18,2025-08-24,OCC004,LOC001,2100,remote
PRE001850,CAN01517,2025-08-25,,OCC004,LOC001,2050,remote
PRE001851,CAN01518,2025-07-01,2025-11-11,OCC010,LOC005,2600,onsite
PRE001852,CAN01518,2025-11-12,,OCC010,LOC005,2350,onsite
PRE001853,CAN01519,2026-08-26,,OCC003,LOC002,1450,remote
PRE001854,CAN01520,2026-05-07,,OCC004,LOC005,2200,onsite
PRE001855,CAN01521,2026-05-04,2026-08-04,OCC008,LOC004,3300,remote
PRE001856,CAN01521,2026-08-05,,OCC008,LOC004,3650,remote
PRE001857,CAN01522,2025-12-15,2026-03-19,OCC010,LOC002,2950,onsite
PRE001858,CAN01522,2026-03-20,,OCC010,LOC002,3400,onsite
PRE001859,CAN01523,2026-03-23,,OCC003,LOC006,1450,hybrid
PRE001860,CAN01524,2025-12-07,2026-02-06,OCC006,LOC001,2300,onsite
PRE001861,CAN01524,2026-02-07,2026-04-18,OCC006,LOC001,2450,onsite
PRE001862,CAN01525,2025-05-12,,OCC001,LOC001,1200,onsite
PRE001863,CAN01526,2025-11-23,2026-05-09,OCC006,LOC008,2150,onsite
PRE001864,CAN01526,2026-05-10,,OCC006,LOC008,2400,onsite
PRE001865,CAN01527,2025-08-27,,OCC009,LOC002,3300,onsite
PRE001866,CAN01528,2026-05-27,2026-08-09,OCC002,LOC001,1550,onsite
PRE001867,CAN01528,2026-08-10,,OCC002,LOC001,1550,onsite
PRE001868,CAN01529,2025-10-10,2025-11-12,OCC001,LOC001,1200,hybrid
PRE001869,CAN01530,2025-12-02,2026-02-15,OCC001,LOC006,1600,onsite
PRE001870,CAN01530,2026-02-16,2026-03-16,OCC001,LOC006,1550,onsite
PRE001871,CAN01531,2025-07-25,2026-01-16,OCC003,LOC006,1550,onsite
PRE001872,CAN01531,2026-01-17,,OCC003,LOC006,1600,onsite
PRE001873,CAN01532,2025-08-25,2025-12-08,OCC008,LOC003,3250,hybrid
PRE001874,CAN01532,2025-12-09,,OCC008,LOC003,3300,hybrid
PRE001875,CAN01533,2026-08-10,,OCC010,LOC001,2950,hybrid
PRE001876,CAN01534,2026-05-18,,OCC003,LOC007,2050,remote
PRE001877,CAN01535,2026-02-18,,OCC002,LOC001,1400,onsite
PRE001878,CAN01536,2025-06-08,2025-11-01,OCC004,LOC003,2250,onsite
PRE001879,CAN01537,2026-04-16,,OCC004,LOC001,2050,hybrid
PRE001880,CAN01538,2026-02-14,,OCC008,LOC001,2750,hybrid
PRE001881,CAN01539,2026-08-06,2026-09-19,OCC010,LOC001,3300,onsite
PRE001882,CAN01540,2025-12-26,,OCC002,LOC002,1350,onsite
PRE001883,CAN01541,2025-07-20,,OCC003,LOC001,1350,hybrid
PRE001884,CAN01542,2026-08-03,,OCC010,LOC007,3150,onsite
PRE001885,CAN01543,2025-07-18,,OCC001,LOC003,1250,remote
PRE001886,CAN01544,2025-04-12,2025-05-12,OCC010,LOC001,3100,hybrid
PRE001887,CAN01545,2026-01-05,2026-06-16,OCC009,LOC007,3150,hybrid
PRE001888,CAN01546,2025-12-06,,OCC001,LOC002,1200,remote
PRE001889,CAN01547,2026-06-24,2026-09-24,OCC003,LOC001,1750,remote
PRE001890,CAN01547,2026-09-25,,OCC003,LOC001,1550,remote
PRE001891,CAN01548,2025-06-16,2025-12-14,OCC006,LOC001,2300,hybrid
PRE001892,CAN01549,2026-03-07,,OCC001,LOC002,1500,hybrid
PRE001893,CAN01550,2026-06-13,2026-07-09,OCC002,LOC008,1200,onsite
PRE001895,CAN01551,2026-01-03,,OCC002,LOC001,1200,hybrid
PRE001896,CAN01552,2025-12-31,2026-02-27,OCC007,LOC001,1900,onsite
PRE001897,CAN01553,2026-01-22,,OCC010,LOC001,3200,hybrid
PRE001898,CAN01554,2025-06-24,,OCC005,LOC008,2000,hybrid
PRE001899,CAN01555,2026-07-17,2026-08-11,OCC003,LOC003,1600,remote
PRE001900,CAN01556,2026-04-21,2026-09-22,OCC003,LOC001,1650,onsite
PRE001901,CAN01556,2026-09-23,,OCC003,LOC001,1800,onsite
PRE001902,CAN01557,2026-06-01,,OCC005,LOC008,2250,remote
PRE001903,CAN01558,2026-07-08,,OCC006,LOC001,2450,hybrid
PRE001904,CAN01559,2025-11-21,2026-03-09,OCC006,LOC008,2000,onsite
PRE001905,CAN01559,2026-03-10,,OCC006,LOC008,2250,onsite
PRE001906,CAN01560,2025-12-17,2026-01-14,OCC002,LOC006,1200,onsite
PRE001908,CAN01561,2025-08-15,2025-12-21,OCC003,LOC006,1450,onsite
PRE001909,CAN01562,2025-07-31,,OCC002,LOC004,1300,hybrid
PRE001910,CAN01563,2025-09-29,2026-02-26,OCC004,LOC001,1950,remote
PRE001911,CAN01564,2025-01-16,2025-07-08,OCC002,LOC007,1300,onsite
PRE001912,CAN01564,2025-07-09,,OCC002,LOC007,1300,onsite
PRE001913,CAN01565,2026-02-16,,OCC001,LOC008,1600,remote
PRE001914,CAN01566,2025-01-20,2025-05-23,OCC006,LOC001,2000,onsite
PRE001915,CAN01567,2026-01-03,2026-06-03,OCC006,LOC004,2700,hybrid
PRE001916,CAN01567,2026-06-04,2026-06-09,OCC006,LOC004,2750,hybrid
PRE001917,CAN01568,2025-05-29,,OCC008,LOC003,2700,hybrid
PRE001918,CAN01569,2026-04-22,2026-09-07,OCC005,LOC007,2050,onsite
PRE001919,CAN01569,2026-09-08,,OCC005,LOC007,2000,onsite
PRE001920,CAN01570,2026-05-02,2026-06-05,OCC008,LOC007,3450,hybrid
PRE001921,CAN01571,2026-04-14,2026-09-27,OCC008,LOC006,3300,onsite
PRE001922,CAN01572,2025-02-25,2025-03-28,OCC003,LOC001,1600,onsite
PRE001923,CAN01573,2026-01-23,2026-02-25,OCC008,LOC003,3300,hybrid
PRE001924,CAN01574,2026-06-12,,OCC004,LOC001,2200,hybrid
PRE001925,CAN01575,2025-02-01,2025-04-17,OCC008,LOC001,3300,onsite
PRE001926,CAN01576,2026-06-27,,OCC002,LOC001,1250,onsite
PRE001927,CAN01577,2026-04-13,,OCC010,LOC004,3450,onsite
PRE001928,CAN01578,2026-01-25,2026-06-18,OCC006,LOC007,2550,onsite
PRE001929,CAN01579,2026-06-25,2026-07-28,OCC006,LOC001,2600,onsite
PRE001931,CAN01580,2025-10-14,2026-05-13,OCC002,LOC008,1300,onsite
PRE001932,CAN01581,2026-03-02,2026-03-29,OCC007,LOC002,2500,onsite
PRE001933,CAN01582,2025-11-11,,OCC005,LOC001,2300,hybrid
PRE001934,CAN01583,2026-07-08,2026-09-17,OCC007,LOC008,2250,hybrid
PRE001935,CAN01584,2025-11-13,2025-12-03,OCC006,LOC002,2100,onsite
PRE001936,CAN01585,2025-08-11,2025-10-11,OCC007,LOC007,2150,remote
PRE001937,CAN01586,2025-07-01,2025-10-16,OCC010,LOC002,2650,onsite
PRE001938,CAN01586,2025-10-17,,OCC010,LOC002,2400,onsite
PRE001939,CAN01587,2026-06-09,,OCC002,LOC001,1200,onsite
PRE001940,CAN01588,2025-07-06,2025-07-28,OCC006,LOC001,2100,onsite
PRE001941,CAN01589,2025-09-20,,OCC002,LOC001,1200,hybrid
PRE001942,CAN01590,2026-09-11,,OCC001,LOC007,1400,onsite
PRE001943,CAN01591,2026-02-17,,OCC001,LOC001,1750,onsite
PRE001944,CAN01592,2026-01-25,2026-02-22,OCC002,LOC003,1300,onsite
PRE001945,CAN01593,2025-05-11,2025-05-28,OCC003,LOC001,1650,onsite
PRE001946,CAN01594,2025-11-04,,OCC003,LOC008,1750,hybrid
PRE001947,CAN01595,2025-10-31,2025-12-22,OCC002,LOC003,1200,hybrid
PRE001948,CAN01596,2026-04-17,,OCC009,LOC004,3150,onsite
PRE001949,CAN01597,2026-05-18,2026-09-14,OCC005,LOC001,2300,hybrid
PRE001950,CAN01597,2026-09-15,,OCC005,LOC001,2250,hybrid
PRE001951,CAN01598,2026-03-09,,OCC004,LOC008,2400,hybrid
PRE001952,CAN01599,2025-04-26,2025-05-10,OCC008,LOC001,3200,onsite
PRE001953,CAN01600,2025-05-30,2025-10-25,OCC001,LOC001,1300,hybrid
PRE001954,CAN01600,2025-10-26,,OCC001,LOC001,1350,hybrid
PRE001955,CAN01601,2026-09-15,2026-09-29,OCC002,LOC001,1300,onsite
PRE001956,CAN01602,2026-08-24,,OCC001,LOC001,1650,onsite
PRE001957,CAN01603,2026-03-27,,OCC003,LOC002,1450,hybrid
PRE001958,CAN01604,2026-06-11,,OCC002,LOC004,1500,onsite
PRE001959,CAN01605,2025-04-02,,OCC004,LOC001,2200,remote
PRE001960,CAN01606,2025-05-01,2025-08-20,OCC008,LOC005,3100,remote
PRE001961,CAN01606,2025-08-21,,OCC008,LOC005,3250,remote
PRE001962,CAN01607,2026-01-09,2026-05-31,OCC001,LOC001,1550,hybrid
PRE001963,CAN01607,2026-06-01,,OCC001,LOC001,1500,hybrid
PRE001964,CAN01608,2026-03-10,,OCC001,LOC001,1650,onsite
PRE001965,CAN01609,2025-10-09,2026-01-07,OCC002,LOC006,1200,onsite
PRE001966,CAN01609,2026-01-08,,OCC002,LOC006,1450,onsite
PRE001967,CAN01610,2025-02-05,2025-04-08,OCC008,LOC003,2750,hybrid
PRE001968,CAN01610,2025-04-09,,OCC008,LOC003,3100,hybrid
PRE001969,CAN01611,2025-09-24,2026-07-28,OCC003,LOC002,1550,onsite
PRE001970,CAN01612,2026-02-20,2026-06-22,OCC001,LOC001,1350,onsite
PRE001971,CAN01613,2026-05-29,,OCC004,LOC003,2200,onsite
PRE001972,CAN01614,2026-03-09,,OCC006,LOC002,2450,remote
PRE001973,CAN01615,2026-09-26,,OCC009,LOC006,3600,onsite
PRE001974,CAN01616,2026-02-15,,OCC006,LOC001,2700,onsite
PRE001975,CAN01617,2025-08-02,,OCC004,LOC004,2150,onsite
PRE001976,CAN01618,2025-03-11,,OCC001,LOC002,1250,onsite
PRE001977,CAN01619,2026-01-27,2026-04-12,OCC009,LOC008,3250,remote
PRE001978,CAN01619,2026-04-13,,OCC009,LOC008,3300,remote
PRE001979,CAN01620,2025-07-31,2025-12-01,OCC001,LOC001,1400,onsite
PRE001980,CAN01620,2025-12-02,,OCC001,LOC001,1500,onsite
PRE001981,CAN01621,2025-11-11,2025-12-04,OCC008,LOC001,3400,remote
PRE001982,CAN01622,2026-08-14,,OCC004,LOC003,2100,onsite
PRE001983,CAN01623,2025-07-17,,OCC007,LOC006,1950,onsite
PRE001984,CAN01624,2026-02-28,,OCC004,LOC001,2400,remote
PRE001985,CAN01625,2025-11-12,2026-02-20,OCC001,LOC006,1250,onsite
PRE001986,CAN01625,2026-02-21,,OCC001,LOC006,1450,onsite
PRE001987,CAN01626,2025-10-03,,OCC004,LOC003,2200,onsite
PRE001988,CAN01627,2025-07-22,2025-08-01,OCC008,LOC004,3050,onsite
PRE001990,CAN01628,2025-08-20,2026-01-09,OCC004,LOC008,2150,onsite
PRE001991,CAN01628,2026-01-10,,OCC004,LOC008,2350,onsite
PRE001992,CAN01629,2026-09-15,,OCC008,LOC006,2800,hybrid
PRE001993,CAN01630,2026-06-24,,OCC005,LOC004,2300,remote
PRE001994,CAN01631,2025-08-31,2025-12-16,OCC009,LOC006,3300,hybrid
PRE001995,CAN01631,2025-12-17,,OCC009,LOC006,3400,hybrid
PRE001996,CAN01632,2025-11-17,,OCC004,LOC001,2300,onsite
PRE001997,CAN01633,2025-06-21,,OCC010,LOC005,3000,hybrid
PRE001998,CAN01634,2026-07-01,2026-08-15,OCC006,LOC001,2500,hybrid
PRE001999,CAN01635,2026-05-02,,OCC003,LOC007,1600,hybrid
PRE002000,CAN01636,2026-07-08,,OCC002,LOC004,1500,onsite
PRE002001,CAN01637,2026-03-22,2026-04-20,OCC004,LOC004,2500,onsite
PRE002002,CAN01638,2026-02-13,2026-03-18,OCC004,LOC006,1950,onsite
PRE002003,CAN01639,2026-04-05,,OCC009,LOC006,3050,remote
PRE002004,CAN01640,2025-11-15,2026-04-20,OCC004,LOC001,2200,onsite
PRE002005,CAN01640,2026-04-21,,OCC004,LOC001,2550,onsite
PRE002006,CAN01641,2026-05-14,2026-06-11,OCC004,LOC002,2250,onsite
PRE002007,CAN01642,2026-04-15,2026-05-24,OCC001,LOC001,1350,remote
PRE002009,CAN01643,2025-04-03,2025-07-31,OCC010,LOC001,2900,hybrid
PRE002010,CAN01643,2025-08-01,,OCC010,LOC001,3200,hybrid
PRE002011,CAN01644,2025-08-26,2025-09-24,OCC004,LOC003,2050,onsite
PRE002012,CAN01645,2025-03-06,,OCC001,LOC005,1350,hybrid
PRE002013,CAN01646,2025-12-05,,OCC001,LOC008,1500,hybrid
PRE002014,CAN01647,2026-05-06,2026-06-25,OCC007,LOC003,2150,onsite
PRE002015,CAN01648,2025-06-06,2025-06-20,OCC006,LOC001,2400,remote
PRE002016,CAN01649,2025-04-10,2025-06-22,OCC006,LOC003,2250,onsite
PRE002017,CAN01650,2025-07-31,2025-08-10,OCC008,LOC001,3000,onsite
PRE002018,CAN01651,2026-08-23,2026-09-12,OCC007,LOC001,2400,hybrid
PRE002019,CAN01652,2025-11-02,,OCC006,LOC001,2200,onsite
PRE002020,CAN01653,2026-03-26,2026-07-04,OCC001,LOC001,1250,hybrid
PRE002021,CAN01653,2026-07-05,,OCC001,LOC001,1450,hybrid
PRE002022,CAN01654,2025-06-15,2026-04-29,OCC001,LOC005,1400,remote
PRE002023,CAN01655,2026-05-03,2026-05-26,OCC001,LOC001,1300,onsite
PRE002025,CAN01656,2025-03-03,,OCC008,LOC006,2900,hybrid
PRE002026,CAN01657,2025-11-20,,OCC005,LOC001,1900,hybrid
PRE002027,CAN01658,2026-09-12,,OCC001,LOC002,1500,hybrid
PRE002028,CAN01659,2026-01-15,2026-02-12,OCC001,LOC004,1250,hybrid
PRE002029,CAN01660,2026-03-16,2026-05-13,OCC003,LOC002,1700,onsite
PRE002030,CAN01661,2025-01-11,,OCC006,LOC008,2500,onsite
PRE002031,CAN01662,2025-07-27,2026-01-08,OCC007,LOC002,2150,onsite
PRE002032,CAN01663,2026-01-25,2026-07-14,OCC008,LOC001,3650,onsite
PRE002033,CAN01664,2025-08-14,,OCC004,LOC001,2050,hybrid
PRE002034,CAN01665,2025-10-27,2025-11-22,OCC007,LOC006,2400,hybrid
PRE002035,CAN01666,2026-04-16,,OCC007,LOC001,2250,remote
PRE002036,CAN01667,2025-12-27,,OCC008,LOC002,2950,onsite
PRE002037,CAN01668,2025-01-27,2025-03-08,OCC006,LOC001,2200,onsite
PRE002038,CAN01669,2026-04-27,,OCC010,LOC002,3300,onsite
PRE002039,CAN01670,2025-10-03,2026-02-05,OCC003,LOC008,1700,hybrid
PRE002040,CAN01670,2026-02-06,,OCC003,LOC008,1800,hybrid
PRE002041,CAN01671,2026-06-20,2026-07-31,OCC001,LOC003,1300,onsite
PRE002043,CAN01672,2026-06-23,2026-07-26,OCC010,LOC003,3550,hybrid
PRE002044,CAN01673,2026-02-11,2026-03-27,OCC008,LOC002,3300,onsite
PRE002045,CAN01674,2026-09-13,,OCC010,LOC001,3000,onsite
PRE002046,CAN01675,2025-10-30,,OCC008,LOC001,3050,onsite
PRE002047,CAN01676,2025-03-24,2025-07-02,OCC003,LOC004,1650,onsite
PRE002048,CAN01676,2025-07-03,,OCC003,LOC004,1700,onsite
PRE002049,CAN01677,2025-11-11,2026-03-06,OCC010,LOC002,2400,hybrid
PRE002050,CAN01677,2026-03-07,,OCC010,LOC002,2950,hybrid
PRE002051,CAN01678,2025-06-16,2025-11-22,OCC010,LOC006,3200,hybrid
PRE002052,CAN01679,2025-07-11,,OCC010,LOC003,3050,onsite
PRE002053,CAN01680,2026-02-28,,OCC001,LOC001,1550,hybrid
PRE002054,CAN01681,2026-04-23,2026-08-16,OCC003,LOC002,1650,onsite
PRE002055,CAN01682,2026-02-03,2026-02-28,OCC002,LOC001,1400,remote
PRE002056,CAN01683,2026-03-28,,OCC001,LOC001,1350,onsite
PRE002057,CAN01684,2025-07-16,,OCC002,LOC001,1300,hybrid
PRE002058,CAN01685,2026-01-11,2026-05-25,OCC008,LOC001,3500,hybrid
PRE002059,CAN01685,2026-05-26,,OCC008,LOC001,3550,hybrid
PRE002060,CAN01686,2026-03-05,2026-08-16,OCC005,LOC002,2200,remote
PRE002061,CAN01687,2025-06-08,,OCC007,LOC004,1850,hybrid
PRE002062,CAN01688,2026-03-07,2026-05-06,OCC005,LOC006,2500,onsite
PRE002063,CAN01689,2026-01-02,2026-03-04,OCC005,LOC002,2150,hybrid
PRE002064,CAN01689,2026-03-05,,OCC005,LOC002,2050,hybrid
PRE002065,CAN01690,2025-05-07,,OCC007,LOC002,2300,onsite
PRE002066,CAN01691,2025-05-08,2025-10-08,OCC004,LOC008,2150,onsite
PRE002067,CAN01691,2025-10-09,,OCC004,LOC008,2200,onsite
PRE002068,CAN01692,2026-01-10,2026-03-25,OCC001,LOC006,1350,hybrid
PRE002069,CAN01693,2026-03-21,,OCC002,LOC001,1300,onsite
PRE002070,CAN01694,2026-07-17,,OCC002,LOC002,1250,hybrid
PRE002071,CAN01695,2026-06-09,2026-09-07,OCC008,LOC002,3100,onsite
PRE002072,CAN01695,2026-09-08,,OCC008,LOC002,3100,onsite
PRE002073,CAN01696,2026-06-19,,OCC002,LOC001,1300,hybrid
PRE002074,CAN01697,2026-02-17,2026-05-12,OCC009,LOC004,3200,onsite
PRE002075,CAN01697,2026-05-13,2026-05-18,OCC009,LOC004,3350,onsite
PRE002076,CAN01698,2026-03-01,2026-06-10,OCC004,LOC004,1950,hybrid
PRE002077,CAN01698,2026-06-11,2026-06-15,OCC004,LOC004,2150,hybrid
PRE002078,CAN01699,2025-11-07,2025-12-02,OCC009,LOC003,3350,hybrid
PRE002079,CAN01700,2025-10-07,2025-10-31,OCC001,LOC005,1550,hybrid
PRE002080,CAN01701,2025-06-04,2025-11-30,OCC005,LOC002,1900,hybrid
PRE002081,CAN01701,2025-12-01,,OCC005,LOC002,1850,hybrid
PRE002082,CAN01702,2026-03-14,2026-03-31,OCC001,LOC004,1550,hybrid
PRE002083,CAN01703,2026-06-29,2026-09-24,OCC005,LOC006,2300,onsite
PRE002084,CAN01703,2026-09-25,,OCC005,LOC006,2350,onsite
PRE002085,CAN01704,2026-05-14,2026-09-27,OCC001,LOC001,1700,hybrid
PRE002086,CAN01704,2026-09-28,,OCC001,LOC001,1500,hybrid
PRE002087,CAN01705,2026-01-20,2026-02-18,OCC006,LOC001,2100,onsite
PRE002089,CAN01706,2025-05-22,2025-06-06,OCC006,LOC001,2000,remote
PRE002090,CAN01707,2026-01-01,,OCC001,LOC001,1400,hybrid
PRE002091,CAN01708,2025-12-15,,OCC008,LOC005,3150,onsite
PRE002092,CAN01709,2025-10-14,,OCC002,LOC001,1200,remote
PRE002093,CAN01710,2026-05-17,2026-08-30,OCC001,LOC001,1450,onsite
PRE002094,CAN01710,2026-08-31,,OCC001,LOC001,1250,onsite
PRE002095,CAN01711,2025-04-27,2025-07-02,OCC001,LOC001,1300,onsite
PRE002096,CAN01712,2025-06-15,2025-10-11,OCC004,LOC001,2300,hybrid
PRE002097,CAN01713,2026-03-26,2026-06-20,OCC002,LOC007,1350,hybrid
PRE002098,CAN01713,2026-06-21,,OCC002,LOC007,1250,hybrid
PRE002099,CAN01714,2025-04-21,2025-05-07,OCC003,LOC002,1500,hybrid
PRE002100,CAN01715,2026-06-23,2026-09-04,OCC006,LOC007,2600,remote
PRE002101,CAN01715,2026-09-05,,OCC006,LOC007,2500,remote
PRE002102,CAN01716,2026-07-16,,OCC008,LOC007,3300,remote
PRE002103,CAN01717,2026-02-21,,OCC006,LOC002,2400,remote
PRE002104,CAN01718,2025-07-26,,OCC010,LOC004,3000,hybrid
PRE002105,CAN01719,2026-01-05,,OCC002,LOC002,1400,onsite
PRE002106,CAN01720,2025-09-02,2025-11-21,OCC001,LOC003,1200,onsite
PRE002107,CAN01721,2025-08-23,2025-09-08,OCC006,LOC002,2700,onsite
PRE002108,CAN01722,2026-02-02,2026-05-28,OCC005,LOC002,2400,hybrid
PRE002109,CAN01723,2025-11-04,2026-02-21,OCC002,LOC001,1250,hybrid
PRE002110,CAN01723,2026-02-22,,OCC002,LOC001,1400,hybrid
PRE002111,CAN01724,2025-04-08,2025-09-18,OCC005,LOC002,2100,remote
PRE002112,CAN01724,2025-09-19,,OCC005,LOC002,2200,remote
PRE002113,CAN01725,2025-06-21,2025-12-07,OCC006,LOC002,2400,onsite
PRE002115,CAN01726,2025-07-24,,OCC003,LOC002,1450,hybrid
PRE002116,CAN01727,2026-03-23,2026-04-28,OCC002,LOC001,1300,onsite
PRE002118,CAN01728,2025-02-13,2025-03-02,OCC008,LOC006,3450,hybrid
PRE002119,CAN01729,2026-06-20,2026-08-24,OCC005,LOC003,2000,hybrid
PRE002120,CAN01730,2026-06-05,,OCC006,LOC007,2250,onsite
PRE002121,CAN01731,2025-06-15,,OCC001,LOC001,1500,hybrid
PRE002122,CAN01732,2026-03-29,2026-06-06,OCC002,LOC003,1200,onsite
PRE002123,CAN01732,2026-06-07,,OCC002,LOC003,1350,onsite
PRE002124,CAN01733,2026-06-27,2026-07-26,OCC002,LOC005,1300,onsite
PRE002125,CAN01734,2026-06-02,,OCC006,LOC005,2650,onsite
PRE002126,CAN01735,2026-09-18,,OCC006,LOC001,2300,onsite
PRE002127,CAN01736,2025-06-06,2025-07-24,OCC002,LOC006,1350,onsite
PRE002128,CAN01737,2026-09-20,,OCC006,LOC002,2350,onsite
PRE002129,CAN01738,2026-08-11,2026-09-05,OCC001,LOC003,1550,onsite
PRE002130,CAN01739,2025-12-02,2026-02-27,OCC001,LOC005,1200,onsite
PRE002131,CAN01739,2026-02-28,,OCC001,LOC005,1400,onsite
PRE002132,CAN01740,2026-01-31,,OCC006,LOC006,2300,onsite
PRE002133,CAN01741,2026-02-15,2026-04-20,OCC008,LOC001,2950,onsite
PRE002134,CAN01741,2026-04-21,,OCC008,LOC001,2850,onsite
PRE002135,CAN01742,2025-08-31,,OCC002,LOC002,1250,remote
PRE002136,CAN01743,2026-05-14,,OCC006,LOC001,2700,onsite
PRE002137,CAN01744,2025-07-19,,OCC003,LOC005,1500,hybrid
PRE002138,CAN01745,2025-05-09,2025-09-12,OCC003,LOC001,1500,onsite
PRE002139,CAN01745,2025-09-13,,OCC003,LOC001,1550,onsite
PRE002140,CAN01746,2025-02-25,,OCC009,LOC001,3050,onsite
PRE002141,CAN01747,2025-11-26,,OCC001,LOC008,1450,remote
PRE002142,CAN01748,2026-08-23,,OCC010,LOC001,3500,hybrid
PRE002143,CAN01749,2026-01-12,2026-02-01,OCC006,LOC007,2250,onsite
PRE002144,CAN01750,2026-04-05,,OCC002,LOC006,1250,onsite
PRE002145,CAN01751,2025-11-21,2025-12-29,OCC002,LOC002,1250,onsite
PRE002146,CAN01752,2025-10-15,,OCC005,LOC002,1950,onsite
PRE002147,CAN01753,2026-04-29,2026-09-05,OCC001,LOC001,1400,onsite
PRE002148,CAN01754,2026-05-18,,OCC009,LOC002,3600,hybrid
PRE002149,CAN01755,2025-08-28,2025-10-26,OCC001,LOC002,1500,onsite
PRE002150,CAN01755,2025-10-27,,OCC001,LOC002,1300,onsite
PRE002151,CAN01756,2025-01-21,2025-06-10,OCC008,LOC005,3000,onsite
PRE002152,CAN01756,2025-06-11,,OCC008,LOC005,3050,onsite
PRE002153,CAN01757,2026-04-19,,OCC008,LOC001,3300,hybrid
PRE002154,CAN01758,2025-06-13,2025-12-05,OCC004,LOC007,1850,hybrid
PRE002155,CAN01759,2025-09-29,2025-10-21,OCC003,LOC002,1750,onsite
PRE002156,CAN01760,2026-05-11,2026-06-04,OCC003,LOC008,1750,onsite
PRE002157,CAN01761,2025-07-01,2025-08-11,OCC009,LOC001,3400,onsite
PRE002159,CAN01762,2026-07-08,,OCC002,LOC005,1450,onsite
PRE002160,CAN01763,2025-09-25,2026-02-14,OCC006,LOC003,2350,onsite
PRE002161,CAN01764,2026-03-28,2026-07-22,OCC007,LOC001,2150,remote
PRE002162,CAN01764,2026-07-23,,OCC007,LOC001,2050,remote
PRE002163,CAN01765,2026-04-17,2026-09-10,OCC003,LOC006,1650,remote
PRE002164,CAN01765,2026-09-11,,OCC003,LOC006,1500,remote
PRE002165,CAN01766,2025-09-12,2025-09-28,OCC005,LOC001,2000,hybrid
PRE002167,CAN01767,2025-06-19,2025-07-07,OCC004,LOC008,2400,onsite
PRE002168,CAN01768,2025-07-10,,OCC002,LOC006,1250,hybrid
PRE002169,CAN01769,2025-02-12,,OCC006,LOC006,2300,onsite
PRE002170,CAN01770,2026-08-16,,OCC006,LOC007,2600,onsite
PRE002171,CAN01771,2025-11-26,2026-08-21,OCC005,LOC001,2250,hybrid
PRE002172,CAN01772,2026-09-25,,OCC005,LOC001,2200,onsite
PRE002173,CAN01773,2026-04-13,,OCC004,LOC005,2250,onsite
PRE002174,CAN01774,2025-05-31,,OCC006,LOC002,2700,onsite
PRE002175,CAN01775,2025-11-12,2025-11-29,OCC006,LOC004,2350,onsite
PRE002176,CAN01776,2025-07-20,2025-12-09,OCC010,LOC001,2900,onsite
PRE002177,CAN01776,2025-12-10,,OCC010,LOC001,3100,onsite
PRE002178,CAN01777,2026-01-28,2026-03-24,OCC008,LOC004,3450,hybrid
PRE002179,CAN01778,2026-09-22,,OCC007,LOC001,1950,hybrid
PRE002180,CAN01779,2026-04-01,2026-07-13,OCC006,LOC006,2650,hybrid
PRE002181,CAN01779,2026-07-14,2026-07-23,OCC006,LOC006,2550,hybrid
PRE002182,CAN01780,2026-06-23,,OCC008,LOC008,3250,onsite
PRE002183,CAN01781,2026-03-10,2026-03-28,OCC002,LOC001,1350,hybrid
PRE002184,CAN01782,2025-10-21,2026-02-17,OCC008,LOC008,3200,onsite
PRE002185,CAN01783,2025-03-10,,OCC005,LOC006,2050,hybrid
PRE002186,CAN01784,2026-02-22,2026-07-06,OCC002,LOC001,1200,hybrid
PRE002187,CAN01785,2025-11-10,2025-12-04,OCC001,LOC007,1550,onsite
PRE002188,CAN01786,2026-05-05,2026-08-28,OCC008,LOC001,3050,remote
PRE002189,CAN01786,2026-08-29,,OCC008,LOC001,3300,remote
PRE002190,CAN01787,2026-09-24,,OCC008,LOC001,3300,onsite
PRE002191,CAN01788,2025-08-28,2025-09-19,OCC006,LOC006,2500,remote
PRE002193,CAN01789,2025-10-20,,OCC008,LOC005,2700,onsite
PRE002194,CAN01790,2026-04-02,2026-05-08,OCC006,LOC001,2150,hybrid
PRE002195,CAN01791,2025-03-05,,OCC008,LOC002,2650,onsite
PRE002196,CAN01792,2025-05-21,2025-08-25,OCC001,LOC001,1350,onsite
PRE002197,CAN01793,2026-04-18,2026-08-23,OCC005,LOC001,2250,onsite
PRE002198,CAN01794,2026-03-30,2026-06-11,OCC002,LOC006,1400,hybrid
PRE002199,CAN01795,2026-08-19,,OCC001,LOC001,1400,onsite
PRE002200,CAN01796,2025-12-14,2026-02-27,OCC010,LOC001,2550,onsite
PRE002201,CAN01797,2026-08-23,,OCC005,LOC002,2150,hybrid
PRE002202,CAN01798,2025-01-11,,OCC010,LOC004,2950,remote
PRE002203,CAN01799,2025-06-19,2025-07-08,OCC004,LOC002,2200,onsite
PRE002204,CAN01800,2025-12-28,2026-04-25,OCC008,LOC001,3100,hybrid
PRE002205,CAN01800,2026-04-26,,OCC008,LOC001,3650,hybrid
PRE002206,CAN01801,2026-03-19,,OCC001,LOC001,1500,remote
PRE002207,CAN01802,2026-05-20,2026-09-08,OCC001,LOC002,1500,onsite
PRE002208,CAN01802,2026-09-09,,OCC001,LOC002,1500,onsite
PRE002209,CAN01803,2025-08-02,2025-11-16,OCC005,LOC005,2000,onsite
PRE002210,CAN01804,2025-04-13,,OCC004,LOC001,1950,onsite
PRE002211,CAN01805,2026-02-24,,OCC009,LOC004,3200,onsite
PRE002212,CAN01806,2025-10-03,,OCC010,LOC001,3300,onsite
PRE002213,CAN01807,2026-05-10,2026-09-06,OCC010,LOC004,2800,onsite
PRE002214,CAN01807,2026-09-07,,OCC010,LOC004,2750,onsite
PRE002215,CAN01808,2025-01-02,,OCC010,LOC002,2550,onsite
PRE002216,CAN01809,2026-06-17,2026-08-19,OCC009,LOC003,3200,onsite
PRE002217,CAN01810,2026-07-15,2026-08-04,OCC001,LOC004,1200,onsite
PRE002218,CAN01811,2026-05-19,2026-07-19,OCC002,LOC008,1200,remote
PRE002219,CAN01812,2025-07-05,,OCC004,LOC002,2050,onsite
PRE002220,CAN01813,2026-04-29,2026-08-05,OCC002,LOC001,1350,onsite
PRE002221,CAN01813,2026-08-06,,OCC002,LOC001,1300,onsite
PRE002222,CAN01814,2025-11-03,2025-11-25,OCC008,LOC001,3050,hybrid
PRE002223,CAN01815,2026-04-06,,OCC001,LOC001,1450,remote
PRE002224,CAN01816,2026-04-01,2026-07-04,OCC004,LOC001,1900,hybrid
PRE002225,CAN01817,2026-08-12,2026-09-23,OCC002,LOC001,1350,remote
PRE002226,CAN01818,2026-04-08,2026-05-05,OCC003,LOC008,1750,hybrid
PRE002227,CAN01819,2026-06-28,,OCC006,LOC001,2250,remote
PRE002228,CAN01820,2026-06-20,2026-07-13,OCC001,LOC004,1300,remote
PRE002229,CAN01821,2026-04-15,2026-07-30,OCC003,LOC002,1550,onsite
PRE002230,CAN01821,2026-07-31,,OCC003,LOC002,1650,onsite
PRE002231,CAN01822,2026-04-18,2026-09-07,OCC002,LOC001,1350,onsite
PRE002232,CAN01822,2026-09-08,,OCC002,LOC001,1200,onsite
PRE002233,CAN01823,2025-11-02,2025-11-21,OCC009,LOC001,3350,hybrid
PRE002234,CAN01824,2026-02-02,,OCC002,LOC001,1200,onsite
PRE002235,CAN01825,2026-02-16,2026-04-05,OCC002,LOC001,1200,remote
PRE002237,CAN01826,2025-11-19,2026-04-20,OCC003,LOC002,1500,remote
PRE002238,CAN01826,2026-04-21,,OCC003,LOC002,1700,remote
PRE002239,CAN01827,2026-02-15,2026-06-06,OCC003,LOC003,1700,hybrid
PRE002240,CAN01828,2025-05-23,2025-10-10,OCC002,LOC004,1200,remote
PRE002241,CAN01829,2026-07-11,,OCC008,LOC001,3050,onsite
PRE002242,CAN01830,2026-06-19,,OCC005,LOC004,2150,onsite
PRE002243,CAN01831,2026-07-31,,OCC004,LOC001,2300,onsite
PRE002244,CAN01832,2026-08-16,,OCC001,LOC004,1600,hybrid
PRE002245,CAN01833,2026-09-26,,OCC009,LOC003,3000,hybrid
PRE002246,CAN01834,2026-06-12,2026-08-17,OCC006,LOC006,2550,onsite
PRE002247,CAN01834,2026-08-18,,OCC006,LOC006,2700,onsite
PRE002248,CAN01835,2025-10-22,2025-12-31,OCC007,LOC001,2350,onsite
PRE002249,CAN01836,2026-06-09,,OCC003,LOC001,1650,hybrid
PRE002250,CAN01837,2026-03-16,2026-04-19,OCC004,LOC001,2150,onsite
PRE002252,CAN01838,2025-12-06,,OCC006,LOC003,2250,hybrid
PRE002253,CAN01839,2025-09-12,2026-01-06,OCC001,LOC006,1350,hybrid
PRE002254,CAN01839,2026-01-07,2026-01-13,OCC001,LOC006,1750,hybrid
PRE002255,CAN01840,2026-02-01,2026-07-11,OCC008,LOC002,3300,hybrid
PRE002256,CAN01840,2026-07-12,,OCC008,LOC002,3300,hybrid
PRE002257,CAN01841,2026-05-01,2026-05-30,OCC002,LOC001,1200,onsite
PRE002258,CAN01842,2026-05-20,,OCC009,LOC002,3050,remote
PRE002259,CAN01843,2025-05-08,2025-05-27,OCC001,LOC008,1200,hybrid
PRE002260,CAN01844,2025-05-09,2025-10-24,OCC003,LOC001,1600,onsite
PRE002261,CAN01844,2025-10-25,,OCC003,LOC001,1400,onsite
PRE002262,CAN01845,2025-05-02,2025-09-14,OCC004,LOC005,2150,onsite
PRE002263,CAN01846,2025-12-22,,OCC001,LOC004,1400,onsite
PRE002264,CAN01847,2025-06-19,2025-08-07,OCC010,LOC005,3000,onsite
PRE002265,CAN01848,2026-09-13,,OCC003,LOC001,1600,hybrid
PRE002266,CAN01849,2026-03-11,2026-04-29,OCC002,LOC003,1400,onsite
PRE002267,CAN01850,2025-02-28,,OCC007,LOC004,2100,hybrid
PRE002268,CAN01851,2026-09-11,,OCC005,LOC003,2250,remote
PRE002269,CAN01852,2026-07-07,,OCC010,LOC006,3300,onsite
PRE002270,CAN01853,2026-06-28,2026-08-01,OCC007,LOC001,2300,hybrid
PRE002272,CAN01854,2026-09-16,,OCC003,LOC004,1500,onsite
PRE002273,CAN01855,2026-01-02,2026-04-27,OCC009,LOC006,3000,hybrid
PRE002274,CAN01855,2026-04-28,,OCC009,LOC006,3050,hybrid
PRE002275,CAN01856,2025-06-21,,OCC002,LOC001,1200,onsite
PRE002276,CAN01857,2025-09-11,2025-10-09,OCC010,LOC002,3050,onsite
PRE002277,CAN01858,2026-07-01,,OCC002,LOC006,1350,hybrid
PRE002278,CAN01859,2025-04-04,,OCC007,LOC006,2100,onsite
PRE002279,CAN01860,2026-08-13,2026-09-21,OCC001,LOC007,1450,hybrid
PRE002280,CAN01861,2025-08-30,2025-10-08,OCC004,LOC004,2250,hybrid
PRE002281,CAN01862,2025-03-19,,OCC007,LOC001,2050,hybrid
PRE002282,CAN01863,2026-06-10,2026-07-28,OCC002,LOC001,1350,onsite
PRE002284,CAN01864,2025-06-05,2025-06-22,OCC007,LOC002,2000,onsite
PRE002285,CAN01865,2026-01-19,2026-04-11,OCC001,LOC001,1400,onsite
PRE002286,CAN01865,2026-04-12,,OCC001,LOC001,1550,onsite
PRE002287,CAN01866,2025-09-01,2025-12-18,OCC002,LOC001,1200,onsite
PRE002288,CAN01866,2025-12-19,,OCC002,LOC001,1250,onsite
PRE002289,CAN01867,2025-11-21,2026-03-20,OCC005,LOC001,2000,onsite
PRE002290,CAN01867,2026-03-21,,OCC005,LOC001,2050,onsite
PRE002291,CAN01868,2025-09-25,,OCC001,LOC001,1200,onsite
PRE002292,CAN01869,2025-02-23,2025-05-03,OCC001,LOC001,1300,hybrid
PRE002293,CAN01869,2025-05-04,,OCC001,LOC001,1200,hybrid
PRE002294,CAN01870,2025-10-31,2026-04-07,OCC003,LOC002,1650,onsite
PRE002295,CAN01870,2026-04-08,,OCC003,LOC002,1850,onsite
PRE002296,CAN01871,2025-12-23,2026-01-17,OCC006,LOC001,2350,onsite
PRE002297,CAN01872,2026-06-28,,OCC006,LOC001,2200,hybrid
PRE002298,CAN01873,2026-01-22,2026-04-01,OCC010,LOC003,2950,remote
PRE002299,CAN01873,2026-04-02,2026-05-15,OCC010,LOC003,3200,remote
PRE002300,CAN01874,2025-01-19,,OCC005,LOC001,1750,onsite
PRE002301,CAN01875,2026-07-07,,OCC008,LOC001,3350,onsite
PRE002302,CAN01876,2026-06-06,,OCC001,LOC001,1500,onsite
PRE002303,CAN01877,2025-04-22,2025-05-02,OCC002,LOC002,1250,hybrid
PRE002304,CAN01878,2025-11-09,2025-12-06,OCC004,LOC001,2300,onsite
PRE002305,CAN01879,2026-09-21,,OCC003,LOC001,1400,onsite
PRE002306,CAN01880,2026-02-02,,OCC001,LOC001,1500,onsite
PRE002307,CAN01881,2025-05-30,2025-07-09,OCC003,LOC001,1550,hybrid
PRE002308,CAN01882,2025-05-30,2025-06-16,OCC002,LOC001,1300,hybrid
PRE002309,CAN01883,2026-06-28,2026-09-09,OCC001,LOC002,1450,onsite
PRE002310,CAN01883,2026-09-10,,OCC001,LOC002,1500,onsite
PRE002311,CAN01884,2025-07-23,2025-08-15,OCC003,LOC006,1500,onsite
PRE002313,CAN01885,2026-08-12,,OCC009,LOC001,3300,onsite
PRE002314,CAN01886,2026-09-04,,OCC010,LOC003,2550,hybrid
PRE002315,CAN01887,2025-08-18,,OCC005,LOC001,2150,onsite
PRE002316,CAN01888,2025-09-09,2025-09-25,OCC003,LOC006,1600,onsite
PRE002317,CAN01889,2025-05-14,,OCC010,LOC004,3050,onsite
PRE002318,CAN01890,2025-09-07,2025-09-27,OCC001,LOC001,1200,hybrid
PRE002319,CAN01891,2026-04-25,2026-07-30,OCC009,LOC005,3500,onsite
PRE002320,CAN01892,2025-10-08,2025-12-10,OCC008,LOC001,3400,hybrid
PRE002321,CAN01893,2025-12-22,,OCC008,LOC001,3000,onsite
PRE002322,CAN01894,2025-04-25,2025-08-06,OCC003,LOC006,1700,remote
PRE002323,CAN01894,2025-08-07,,OCC003,LOC006,1550,remote
PRE002324,CAN01895,2025-12-02,,OCC002,LOC001,1300,remote
PRE002325,CAN01896,2025-08-30,,OCC003,LOC001,1350,onsite
PRE002326,CAN01897,2026-01-19,2026-09-27,OCC001,LOC001,1350,hybrid
PRE002327,CAN01898,2025-09-02,2025-12-28,OCC001,LOC001,1250,hybrid
PRE002328,CAN01898,2025-12-29,,OCC001,LOC001,1600,hybrid
PRE002329,CAN01899,2025-05-29,,OCC010,LOC008,2950,onsite
PRE002330,CAN01900,2026-01-05,,OCC002,LOC001,1250,onsite
PRE002331,CAN01901,2026-08-28,,OCC002,LOC003,1400,onsite
PRE002332,CAN01902,2025-08-27,2025-09-12,OCC009,LOC002,3200,onsite
PRE002333,CAN01903,2026-03-01,2026-06-10,OCC009,LOC001,3550,hybrid
PRE002334,CAN01903,2026-06-11,,OCC009,LOC001,3750,hybrid
PRE002335,CAN01904,2026-01-28,,OCC007,LOC004,2400,hybrid
PRE002336,CAN01905,2025-07-17,2025-09-16,OCC005,LOC001,1800,hybrid
PRE002337,CAN01905,2025-09-17,,OCC005,LOC001,1950,hybrid
PRE002338,CAN01906,2026-06-18,,OCC001,LOC006,1550,hybrid
PRE002339,CAN01907,2025-11-25,,OCC005,LOC005,2150,onsite
PRE002340,CAN01908,2025-09-16,2025-09-30,OCC005,LOC004,2100,hybrid
PRE002342,CAN01909,2026-02-01,2026-06-29,OCC009,LOC003,3600,onsite
PRE002343,CAN01910,2026-07-19,,OCC010,LOC002,3300,remote
PRE002344,CAN01911,2025-05-03,,OCC002,LOC001,1200,onsite
PRE002345,CAN01912,2025-07-08,2025-10-04,OCC009,LOC006,3250,hybrid
PRE002346,CAN01912,2025-10-05,,OCC009,LOC006,3600,hybrid
PRE002347,CAN01913,2026-01-07,2026-03-25,OCC003,LOC004,1850,onsite
PRE002348,CAN01913,2026-03-26,,OCC003,LOC004,1900,onsite
PRE002349,CAN01914,2025-08-20,2025-09-05,OCC005,LOC004,2200,onsite
PRE002350,CAN01915,2025-05-09,2025-10-18,OCC001,LOC002,1450,hybrid
PRE002351,CAN01916,2025-10-07,2026-02-07,OCC009,LOC007,3000,hybrid
PRE002352,CAN01916,2026-02-08,,OCC009,LOC007,3250,hybrid
PRE002353,CAN01917,2025-09-29,2025-11-07,OCC009,LOC002,3150,onsite
PRE002354,CAN01918,2025-12-13,2026-01-31,OCC002,LOC001,1200,onsite
PRE002355,CAN01919,2026-03-16,2026-05-24,OCC007,LOC003,2650,onsite
PRE002356,CAN01919,2026-05-25,,OCC007,LOC003,2500,onsite
PRE002357,CAN01920,2025-01-14,,OCC006,LOC001,2250,hybrid
PRE002358,CAN01921,2025-05-27,2025-06-07,OCC009,LOC007,3400,hybrid
PRE002359,CAN01922,2025-05-13,2025-10-11,OCC006,LOC006,2250,onsite
PRE002360,CAN01922,2025-10-12,,OCC006,LOC006,2400,onsite
PRE002361,CAN01923,2026-06-09,,OCC006,LOC002,2550,hybrid
PRE002362,CAN01924,2025-06-25,,OCC007,LOC003,1900,onsite
PRE002363,CAN01925,2025-04-11,,OCC002,LOC003,1500,onsite
PRE002364,CAN01926,2025-02-22,,OCC001,LOC002,1200,hybrid
PRE002365,CAN01927,2026-06-08,,OCC003,LOC006,1850,onsite
PRE002366,CAN01928,2025-03-15,,OCC001,LOC001,1250,onsite
PRE002367,CAN01929,2025-09-30,2025-11-25,OCC002,LOC005,1350,onsite
PRE002368,CAN01930,2026-07-27,,OCC007,LOC002,2200,hybrid
PRE002369,CAN01931,2025-01-24,2025-05-31,OCC006,LOC004,2250,hybrid
PRE002370,CAN01931,2025-06-01,,OCC006,LOC004,2100,hybrid
PRE002371,CAN01932,2026-06-06,,OCC007,LOC006,2300,hybrid
PRE002372,CAN01933,2026-04-18,2026-07-16,OCC006,LOC001,2600,onsite
PRE002373,CAN01934,2026-06-02,2026-08-09,OCC002,LOC006,1400,remote
PRE002374,CAN01934,2026-08-10,,OCC002,LOC006,1250,remote
PRE002375,CAN01935,2025-05-03,,OCC003,LOC003,1800,remote
PRE002376,CAN01936,2025-09-25,2026-03-17,OCC001,LOC004,1450,hybrid
PRE002377,CAN01936,2026-03-18,,OCC001,LOC004,1650,hybrid
PRE002378,CAN01937,2026-09-24,,OCC008,LOC001,3700,hybrid
PRE002379,CAN01938,2026-04-30,,OCC010,LOC002,3200,onsite
PRE002380,CAN01939,2026-02-27,,OCC001,LOC001,1450,remote
PRE002381,CAN01940,2025-10-02,2025-12-31,OCC005,LOC008,2250,hybrid
PRE002382,CAN01940,2026-01-01,2026-01-12,OCC005,LOC008,2550,hybrid
PRE002383,CAN01941,2025-12-19,,OCC002,LOC006,1200,onsite
PRE002384,CAN01942,2025-07-10,,OCC003,LOC001,1600,onsite
PRE002385,CAN01943,2025-07-10,2025-12-30,OCC005,LOC001,2150,onsite
PRE002386,CAN01944,2026-06-30,,OCC006,LOC002,2350,hybrid
PRE002387,CAN01945,2025-03-27,2026-04-27,OCC003,LOC003,1650,hybrid
PRE002388,CAN01946,2025-09-20,,OCC001,LOC001,1250,remote
PRE002389,CAN01947,2026-06-10,,OCC007,LOC003,2300,hybrid
PRE002390,CAN01948,2026-07-08,2026-08-07,OCC002,LOC001,1350,onsite
PRE002391,CAN01949,2025-12-14,2026-01-25,OCC005,LOC001,2250,onsite
PRE002392,CAN01950,2026-07-13,2026-08-02,OCC001,LOC008,1500,hybrid
