candidate_experience_id,candidate_id,occupation_id,start_date,end_date,skill_level
EXP000001,CAN00001,OCC003,2021-08-08,2025-02-07,2
EXP000002,CAN00001,OCC003,2025-04-18,2026-05-04,2
EXP000003,CAN00002,OCC001,2023-07-22,2024-08-03,1
EXP000004,CAN00002,OCC006,2024-09-29,2025-04-01,3
EXP000005,CAN00003,OCC005,2024-07-14,2025-01-29,4
EXP000006,CAN00004,OCC007,2022-09-06,2023-12-21,4
EXP000007,CAN00004,OCC007,2024-03-25,2024-11-10,3
EXP000008,CAN00005,OCC001,2023-01-16,2024-11-07,1
EXP000009,CAN00006,OCC003,2025-01-29,2025-11-01,2
EXP000010,CAN00007,OCC002,2018-12-28,2021-06-18,1
EXP000011,CAN00007,OCC006,2021-09-12,2022-07-13,4
EXP000012,CAN00008,OCC003,2020-01-29,2023-09-20,2
EXP000013,CAN00008,OCC003,2023-11-04,2025-07-02,1
EXP000014,CAN00009,OCC007,2022-12-01,2024-12-09,3
EXP000015,CAN00009,OCC005,2025-01-05,2026-01-19,3
EXP000016,CAN00010,OCC007,2023-08-11,2025-07-14,3
EXP000017,CAN00010,OCC008,2025-10-21,2026-05-22,3
EXP000018,CAN00011,OCC002,2019-11-09,2021-10-12,2
EXP000019,CAN00011,OCC002,2021-11-02,2025-04-14,1
EXP000020,CAN00012,OCC005,2019-11-02,2022-02-05,3
EXP000021,CAN00012,OCC009,2022-04-05,2025-03-04,3
EXP000022,CAN00013,OCC001,2023-08-28,2025-05-22,1
EXP000023,CAN00014,OCC004,2025-10-13,2026-05-07,3
EXP000024,CAN00015,OCC003,2019-10-20,2021-05-08,2
EXP000025,CAN00015,OCC003,2021-09-01,2022-06-20,1
EXP000026,CAN00016,OCC009,2021-07-17,2024-06-27,4
EXP000027,CAN00016,OCC007,2024-08-08,2025-08-15,3
EXP000028,CAN00017,OCC004,2022-07-27,2023-07-06,3
EXP000029,CAN00017,OCC007,2023-08-08,2024-08-23,3
EXP000030,CAN00018,OCC005,2018-06-25,2021-04-02,2
EXP000031,CAN00018,OCC009,2021-04-21,2022-06-04,4
EXP000032,CAN00019,OCC001,2020-09-22,2021-10-31,1
EXP000033,CAN00020,OCC005,2022-08-27,2024-07-13,3
EXP000034,CAN00020,OCC006,2024-08-13,2026-03-13,3
EXP000035,CAN00021,OCC009,2022-01-28,2023-02-18,4
EXP000036,CAN00021,OCC008,2023-06-14,2024-10-06,4
EXP000037,CAN00022,OCC001,2021-05-13,2024-10-02,2
EXP000038,CAN00022,OCC001,2024-12-14,2025-10-27,1
EXP000039,CAN00023,OCC006,2018-10-10,2021-10-29,3
EXP000040,CAN00024,OCC009,2023-10-14,2026-04-12,3
EXP000041,CAN00025,OCC003,2019-12-03,2021-07-02,3
EXP000042,CAN00025,OCC003,2021-10-12,2022-12-25,2
EXP000043,CAN00026,OCC002,2025-02-27,2026-01-02,1
EXP000044,CAN00027,OCC009,2021-03-30,2022-01-20,5
EXP000045,CAN00027,OCC004,2022-04-24,2024-04-17,3
EXP000046,CAN00027,OCC003,2024-06-04,2025-11-09,2
EXP000047,CAN00028,OCC009,2019-04-18,2023-02-10,3
EXP000048,CAN00029,OCC001,2019-02-19,2022-03-31,1
EXP000049,CAN00029,OCC002,2022-05-04,2023-07-14,1
EXP000050,CAN00029,OCC004,2023-08-30,2024-08-30,2
EXP000051,CAN00030,OCC001,2018-04-28,2018-11-17,1
EXP000052,CAN00031,OCC006,2022-12-13,2025-04-19,2
EXP000053,CAN00032,OCC001,2021-06-06,2022-05-10,2
EXP000054,CAN00032,OCC002,2022-06-25,2023-05-25,1
EXP000055,CAN00033,OCC002,2021-02-17,2024-12-28,1
EXP000056,CAN00034,OCC001,2023-05-31,2025-12-18,2
EXP000057,CAN00035,OCC009,2020-03-29,2023-04-28,4
EXP000058,CAN00035,OCC001,2023-08-06,2024-10-03,2
EXP000059,CAN00036,OCC002,2018-03-08,2019-11-06,1
EXP000060,CAN00036,OCC005,2020-01-16,2021-07-20,3
EXP000061,CAN00037,OCC006,2021-08-28,2025-07-11,3
EXP000062,CAN00037,OCC010,2025-08-23,2026-03-27,4
EXP000063,CAN00038,OCC001,2024-09-22,2025-04-11,1
EXP000064,CAN00038,OCC001,2025-07-22,2026-01-25,1
EXP000065,CAN00039,OCC001,2020-09-14,2021-08-07,1
EXP000066,CAN00040,OCC001,2024-06-22,2025-01-12,1
EXP000067,CAN00041,OCC003,2023-12-22,2024-11-16,2
EXP000068,CAN00041,OCC008,2025-01-26,2025-07-28,3
EXP000069,CAN00042,OCC002,2022-07-13,2024-07-22,1
EXP000070,CAN00043,OCC003,2025-08-15,2026-05-29,1
EXP000071,CAN00044,OCC001,2021-06-12,2025-03-07,1
EXP000072,CAN00044,OCC009,2025-04-16,2026-05-27,5
EXP000073,CAN00045,OCC005,2023-02-26,2024-03-08,4
EXP000074,CAN00046,OCC003,2022-01-27,2024-12-20,2
EXP000075,CAN00046,OCC003,2025-03-12,2025-12-01,2
EXP000076,CAN00047,OCC003,2020-10-09,2023-01-13,2
EXP000077,CAN00048,OCC006,2020-02-13,2021-06-08,4
EXP000078,CAN00048,OCC004,2021-07-24,2024-08-10,3
EXP000079,CAN00049,OCC006,2021-02-14,2022-04-29,3
EXP000080,CAN00049,OCC009,2022-05-21,2023-11-21,4
EXP000081,CAN00049,OCC008,2024-02-17,2025-08-24,3
EXP000082,CAN00050,OCC001,2024-07-01,2025-08-23,1
EXP000083,CAN00051,OCC007,2020-09-09,2023-04-07,3
EXP000084,CAN00051,OCC010,2023-05-01,2024-04-13,4
EXP000085,CAN00051,OCC007,2024-07-02,2025-02-06,3
EXP000086,CAN00052,OCC004,2018-08-04,2021-06-19,3
EXP000087,CAN00052,OCC004,2021-08-28,2022-11-23,4
EXP000088,CAN00053,OCC001,2022-07-14,2025-03-12,1
EXP000089,CAN00054,OCC007,2018-11-11,2020-01-31,3
EXP000090,CAN00054,OCC007,2020-04-26,2023-01-13,3
EXP000091,CAN00055,OCC001,2019-11-25,2023-10-06,2
EXP000092,CAN00056,OCC003,2018-05-29,2019-05-07,2
EXP000093,CAN00056,OCC007,2019-08-07,2022-03-28,3
EXP000094,CAN00057,OCC006,2021-09-27,2025-03-14,2
EXP000095,CAN00057,OCC006,2025-07-07,2026-01-09,3
EXP000096,CAN00058,OCC008,2021-09-03,2023-03-15,4
EXP000097,CAN00058,OCC004,2023-05-01,2025-03-03,3
EXP000098,CAN00059,OCC010,2024-09-01,2025-03-09,4
EXP000099,CAN00060,OCC001,2024-03-29,2025-05-04,1
EXP000100,CAN00061,OCC001,2020-04-27,2021-08-28,1
EXP000101,CAN00061,OCC002,2021-09-13,2025-05-21,1
EXP000102,CAN00061,OCC001,2025-06-05,2026-01-02,1
EXP000103,CAN00062,OCC002,2018-10-31,2020-05-01,1
EXP000104,CAN00062,OCC009,2020-08-14,2021-07-14,4
EXP000105,CAN00062,OCC001,2021-10-18,2023-11-21,1
EXP000106,CAN00063,OCC007,2018-10-27,2021-03-27,4
EXP000107,CAN00063,OCC008,2021-07-06,2024-06-06,3
EXP000108,CAN00064,OCC006,2022-01-14,2025-12-19,3
EXP000109,CAN00065,OCC005,2018-08-16,2019-04-07,4
EXP000110,CAN00066,OCC001,2020-11-08,2021-09-01,1
EXP000111,CAN00066,OCC004,2021-11-12,2025-02-08,3
EXP000112,CAN00067,OCC001,2020-01-15,2023-11-06,1
EXP000113,CAN00067,OCC002,2024-02-03,2024-12-29,2
EXP000114,CAN00068,OCC004,2023-03-23,2025-07-15,3
EXP000115,CAN00069,OCC001,2020-10-23,2024-08-17,1
EXP000116,CAN00070,OCC005,2020-09-27,2022-08-21,3
EXP000117,CAN00070,OCC008,2022-12-03,2024-02-13,4
EXP000118,CAN00071,OCC001,2019-07-09,2021-06-23,1
EXP000119,CAN00072,OCC005,2020-10-18,2023-04-10,3
EXP000120,CAN00073,OCC006,2022-01-12,2023-06-08,3
EXP000121,CAN00073,OCC005,2023-08-07,2024-10-14,3
EXP000122,CAN00074,OCC006,2023-06-05,2025-06-27,4
EXP000123,CAN00074,OCC010,2025-09-27,2026-06-28,4
EXP000124,CAN00075,OCC008,2020-10-02,2022-12-23,3
EXP000125,CAN00076,OCC008,2023-04-25,2023-11-18,4
EXP000126,CAN00077,OCC001,2023-08-03,2024-09-18,1
EXP000127,CAN00078,OCC008,2022-10-14,2025-03-03,4
EXP000128,CAN00079,OCC005,2023-05-10,2024-02-23,3
EXP000129,CAN00080,OCC010,2021-06-05,2024-08-17,4
EXP000130,CAN00080,OCC006,2024-11-19,2025-08-22,3
EXP000131,CAN00081,OCC001,2023-11-21,2024-09-27,2
EXP000132,CAN00081,OCC005,2024-11-02,2026-05-10,4
EXP000133,CAN00082,OCC004,2024-01-21,2025-01-04,2
EXP000134,CAN00083,OCC003,2021-10-01,2023-11-21,1
EXP000135,CAN00083,OCC003,2023-12-31,2025-12-30,1
EXP000136,CAN00084,OCC002,2019-11-21,2022-02-05,1
EXP000137,CAN00085,OCC001,2019-08-16,2020-12-20,2
EXP000138,CAN00085,OCC002,2021-03-13,2023-02-12,1
EXP000139,CAN00086,OCC003,2022-07-06,2024-11-05,2
EXP000140,CAN00087,OCC004,2022-09-17,2025-01-15,4
EXP000141,CAN00087,OCC009,2025-03-16,2026-07-30,4
EXP000142,CAN00088,OCC001,2022-02-09,2022-09-05,2
EXP000143,CAN00088,OCC001,2022-10-31,2023-11-12,1
EXP000144,CAN00089,OCC001,2022-01-11,2025-04-02,1
EXP000145,CAN00090,OCC005,2022-12-25,2023-07-01,3
EXP000146,CAN00091,OCC006,2023-11-25,2026-07-04,3
EXP000147,CAN00092,OCC006,2019-12-17,2023-10-30,3
EXP000148,CAN00092,OCC001,2024-01-06,2025-06-22,1
EXP000149,CAN00093,OCC010,2019-06-08,2020-12-08,4
EXP000150,CAN00093,OCC003,2020-12-23,2021-11-26,1
EXP000151,CAN00093,OCC004,2022-03-13,2026-02-22,3
EXP000152,CAN00094,OCC003,2018-11-24,2022-03-04,1
EXP000153,CAN00094,OCC003,2022-05-15,2025-08-28,3
EXP000154,CAN00094,OCC001,2025-09-17,2026-04-04,1
EXP000155,CAN00095,OCC006,2023-11-06,2025-08-12,3
EXP000156,CAN00096,OCC006,2021-05-18,2024-09-04,2
EXP000157,CAN00096,OCC004,2024-11-23,2025-08-18,2
EXP000158,CAN00096,OCC010,2025-09-29,2026-05-14,3
EXP000159,CAN00097,OCC009,2022-03-09,2024-08-22,4
EXP000160,CAN00097,OCC003,2024-11-27,2025-07-29,2
EXP000161,CAN00098,OCC003,2019-08-08,2021-01-21,3
EXP000162,CAN00098,OCC003,2021-04-18,2022-01-31,2
EXP000163,CAN00099,OCC007,2022-05-17,2026-05-14,3
EXP000164,CAN00100,OCC010,2024-11-15,2026-02-16,4
EXP000165,CAN00101,OCC001,2018-11-15,2020-08-24,1
EXP000166,CAN00101,OCC002,2020-09-09,2022-03-29,1
EXP000167,CAN00102,OCC003,2021-10-02,2025-05-10,2
EXP000168,CAN00103,OCC002,2025-02-10,2025-09-17,1
EXP000169,CAN00104,OCC007,2024-12-21,2025-08-12,3
EXP000170,CAN00105,OCC001,2020-06-27,2022-03-13,1
EXP000171,CAN00106,OCC007,2023-11-27,2024-12-13,3
EXP000172,CAN00107,OCC007,2024-08-25,2025-03-03,3
EXP000173,CAN00108,OCC006,2022-05-16,2023-11-30,3
EXP000174,CAN00109,OCC001,2024-04-19,2025-02-09,1
EXP000175,CAN00110,OCC004,2019-06-29,2020-11-27,3
EXP000176,CAN00111,OCC001,2022-06-17,2025-03-07,1
EXP000177,CAN00112,OCC002,2021-01-14,2024-12-15,1
EXP000178,CAN00112,OCC001,2025-01-15,2025-07-14,1
EXP000179,CAN00113,OCC001,2018-02-11,2020-05-21,1
EXP000180,CAN00113,OCC001,2020-07-20,2022-12-23,2
EXP000181,CAN00113,OCC002,2023-01-31,2024-02-16,1
EXP000182,CAN00114,OCC006,2020-04-22,2021-08-07,3
EXP000183,CAN00114,OCC001,2021-10-13,2023-11-22,1
EXP000184,CAN00115,OCC001,2020-03-18,2021-03-10,2
EXP000185,CAN00116,OCC002,2024-11-09,2025-05-23,1
EXP000186,CAN00117,OCC002,2018-12-05,2021-06-01,1
EXP000187,CAN00117,OCC001,2021-07-15,2025-01-08,1
EXP000188,CAN00118,OCC007,2025-07-20,2026-01-28,3
EXP000189,CAN00119,OCC004,2024-09-16,2025-05-07,4
EXP000190,CAN00120,OCC007,2018-09-25,2021-05-01,3
EXP000191,CAN00121,OCC002,2023-05-02,2023-12-05,1
EXP000192,CAN00121,OCC001,2023-12-22,2024-12-12,1
EXP000193,CAN00122,OCC006,2018-10-15,2022-03-06,4
EXP000194,CAN00122,OCC006,2022-04-15,2023-02-16,2
EXP000195,CAN00123,OCC001,2023-11-11,2025-02-19,2
EXP000196,CAN00123,OCC002,2025-03-07,2025-10-18,1
EXP000197,CAN00124,OCC009,2024-11-01,2025-05-01,4
EXP000198,CAN00125,OCC002,2024-04-09,2025-05-31,1
EXP000199,CAN00126,OCC001,2022-08-25,2023-04-09,1
EXP000200,CAN00126,OCC002,2023-06-26,2025-01-09,1
EXP000201,CAN00127,OCC005,2023-03-06,2024-04-25,4
EXP000202,CAN00127,OCC009,2024-08-15,2025-08-13,3
EXP000203,CAN00128,OCC005,2021-07-09,2023-06-11,2
EXP000204,CAN00128,OCC003,2023-07-12,2025-08-01,1
EXP000205,CAN00129,OCC001,2022-11-13,2023-11-02,2
EXP000206,CAN00129,OCC002,2023-12-23,2025-01-26,1
EXP000207,CAN00129,OCC003,2025-03-25,2025-09-26,2
EXP000208,CAN00130,OCC007,2024-05-03,2025-01-17,2
EXP000209,CAN00131,OCC002,2023-11-20,2025-01-12,1
EXP000210,CAN00132,OCC003,2023-07-13,2025-07-29,3
EXP000211,CAN00133,OCC005,2021-09-26,2024-02-06,3
EXP000212,CAN00134,OCC009,2021-12-15,2024-02-02,3
EXP000213,CAN00134,OCC006,2024-03-29,2025-11-03,2
EXP000214,CAN00135,OCC003,2018-04-28,2018-11-24,2
EXP000215,CAN00135,OCC003,2019-03-20,2021-05-13,3
EXP000216,CAN00136,OCC002,2023-09-07,2025-12-25,1
EXP000217,CAN00137,OCC002,2020-01-24,2021-01-01,1
EXP000218,CAN00137,OCC006,2021-01-20,2023-11-28,2
EXP000219,CAN00138,OCC002,2021-03-28,2022-10-29,2
EXP000220,CAN00139,OCC010,2023-04-23,2024-11-19,5
EXP000221,CAN00139,OCC010,2025-01-16,2025-07-16,4
EXP000222,CAN00140,OCC005,2020-02-12,2022-07-05,2
EXP000223,CAN00140,OCC007,2022-08-05,2023-04-20,3
EXP000224,CAN00140,OCC002,2023-08-03,2024-12-10,1
EXP000225,CAN00141,OCC007,2021-01-13,2021-09-05,4
EXP000226,CAN00141,OCC005,2021-10-14,2025-06-02,2
EXP000227,CAN00142,OCC008,2023-05-06,2024-05-08,4
EXP000228,CAN00143,OCC002,2023-12-31,2025-02-19,2
EXP000229,CAN00144,OCC002,2021-03-04,2022-09-14,2
EXP000230,CAN00145,OCC007,2018-09-05,2020-04-27,3
EXP000231,CAN00145,OCC007,2020-06-22,2022-11-06,3
EXP000232,CAN00145,OCC006,2022-12-04,2023-10-16,3
EXP000233,CAN00146,OCC001,2025-11-08,2026-06-25,1
EXP000234,CAN00147,OCC009,2018-12-15,2019-06-15,4
EXP000235,CAN00148,OCC003,2020-06-24,2022-10-29,1
EXP000236,CAN00148,OCC007,2023-01-08,2025-08-07,3
EXP000237,CAN00149,OCC009,2023-06-15,2025-04-09,3
EXP000238,CAN00150,OCC007,2020-12-18,2023-10-06,3
EXP000239,CAN00151,OCC002,2022-08-25,2023-09-27,1
EXP000240,CAN00151,OCC002,2023-12-30,2024-06-28,2
EXP000241,CAN00152,OCC001,2021-01-02,2023-02-08,1
EXP000242,CAN00153,OCC006,2021-10-07,2023-08-21,4
EXP000243,CAN00154,OCC006,2023-05-07,2024-10-23,3
EXP000244,CAN00155,OCC004,2023-02-26,2026-05-28,3
EXP000245,CAN00156,OCC001,2026-02-13,2026-08-27,2
EXP000246,CAN00157,OCC002,2021-11-21,2023-08-25,1
EXP000247,CAN00157,OCC003,2023-12-18,2025-10-01,2
EXP000248,CAN00158,OCC009,2022-06-11,2024-01-09,4
EXP000249,CAN00158,OCC006,2024-04-06,2025-05-10,3
EXP000250,CAN00159,OCC001,2019-10-06,2022-08-06,1
EXP000251,CAN00160,OCC001,2025-03-21,2025-12-27,1
EXP000252,CAN00161,OCC001,2020-03-26,2023-10-12,1
EXP000253,CAN00161,OCC001,2023-11-25,2025-09-26,2
EXP000254,CAN00162,OCC005,2021-07-19,2024-06-06,4
EXP000255,CAN00163,OCC002,2021-01-06,2023-09-14,1
EXP000256,CAN00163,OCC003,2023-11-14,2025-12-21,1
EXP000257,CAN00164,OCC008,2024-11-20,2025-07-21,4
EXP000258,CAN00165,OCC004,2020-05-08,2022-05-25,3
EXP000259,CAN00165,OCC008,2022-07-21,2025-09-06,5
EXP000260,CAN00166,OCC010,2018-07-10,2021-08-17,4
EXP000261,CAN00166,OCC004,2021-11-06,2023-12-10,3
EXP000262,CAN00166,OCC008,2024-01-24,2025-02-09,4
EXP000263,CAN00167,OCC002,2019-05-14,2022-03-01,2
EXP000264,CAN00167,OCC002,2022-04-23,2022-10-27,1
EXP000265,CAN00168,OCC008,2020-05-22,2021-05-14,4
EXP000266,CAN00168,OCC004,2021-07-09,2023-08-05,2
EXP000267,CAN00169,OCC003,2025-11-08,2026-05-09,3
EXP000268,CAN00170,OCC001,2022-05-19,2025-07-21,1
EXP000269,CAN00171,OCC001,2024-09-21,2025-10-31,1
EXP000270,CAN00172,OCC006,2021-06-03,2024-08-04,4
EXP000271,CAN00173,OCC006,2018-08-31,2022-08-01,3
EXP000272,CAN00174,OCC003,2019-11-19,2020-07-21,2
EXP000273,CAN00174,OCC003,2020-09-08,2023-12-10,3
EXP000274,CAN00175,OCC003,2021-01-06,2022-08-20,2
EXP000275,CAN00175,OCC004,2022-09-27,2025-10-02,2
EXP000276,CAN00176,OCC001,2018-08-06,2020-11-16,1
EXP000277,CAN00176,OCC001,2021-03-01,2024-05-16,1
EXP000278,CAN00177,OCC008,2020-10-07,2021-11-06,3
EXP000279,CAN00177,OCC008,2022-01-18,2024-06-06,5
EXP000280,CAN00178,OCC003,2022-11-04,2025-11-08,2
EXP000281,CAN00179,OCC004,2021-09-26,2024-10-29,3
EXP000282,CAN00179,OCC006,2024-12-06,2025-08-04,3
EXP000283,CAN00180,OCC001,2019-12-08,2021-08-11,1
EXP000284,CAN00181,OCC003,2018-11-19,2021-10-29,1
EXP000285,CAN00181,OCC004,2022-02-25,2025-04-28,4
EXP000286,CAN00182,OCC002,2020-08-24,2023-06-10,1
EXP000287,CAN00183,OCC005,2023-08-07,2025-02-21,4
EXP000288,CAN00183,OCC001,2025-05-03,2025-11-02,1
EXP000289,CAN00184,OCC002,2020-11-12,2022-10-29,1
EXP000290,CAN00184,OCC005,2022-11-29,2024-09-03,3
EXP000291,CAN00185,OCC002,2020-11-26,2023-05-17,1
EXP000292,CAN00185,OCC001,2023-06-01,2023-12-03,2
EXP000293,CAN00186,OCC001,2019-11-12,2023-04-20,1
EXP000294,CAN00186,OCC002,2023-08-02,2026-02-17,1
EXP000295,CAN00187,OCC005,2022-02-11,2023-04-17,3
EXP000296,CAN00188,OCC001,2020-05-15,2021-08-03,1
EXP000297,CAN00189,OCC001,2023-08-12,2026-05-11,1
EXP000298,CAN00190,OCC001,2021-08-23,2023-05-22,1
EXP000299,CAN00190,OCC001,2023-06-27,2025-05-12,2
EXP000300,CAN00191,OCC001,2024-09-19,2025-04-02,1
EXP000301,CAN00192,OCC008,2019-01-08,2022-11-21,5
EXP000302,CAN00193,OCC010,2023-12-05,2025-03-27,4
EXP000303,CAN00193,OCC004,2025-05-30,2026-04-01,3
EXP000304,CAN00194,OCC001,2023-09-03,2025-08-17,1
EXP000305,CAN00195,OCC003,2023-09-12,2025-02-02,1
EXP000306,CAN00195,OCC003,2025-03-11,2025-09-10,1
EXP000307,CAN00196,OCC005,2022-06-05,2024-01-22,3
EXP000308,CAN00196,OCC009,2024-04-13,2025-04-10,5
EXP000309,CAN00196,OCC010,2025-07-15,2026-01-18,4
EXP000310,CAN00197,OCC004,2020-10-17,2023-08-06,3
EXP000311,CAN00197,OCC010,2023-09-26,2024-05-24,3
EXP000312,CAN00198,OCC006,2021-02-20,2025-01-10,3
EXP000313,CAN00199,OCC007,2021-04-02,2023-08-12,4
EXP000314,CAN00199,OCC005,2023-09-23,2024-06-09,2
EXP000315,CAN00200,OCC003,2022-03-30,2022-12-29,2
EXP000316,CAN00200,OCC003,2023-04-20,2024-09-03,2
EXP000317,CAN00200,OCC003,2024-09-22,2025-03-21,2
EXP000318,CAN00201,OCC004,2018-08-29,2019-11-12,2
EXP000319,CAN00201,OCC003,2020-01-15,2023-08-15,2
EXP000320,CAN00201,OCC003,2023-12-01,2024-07-11,1
EXP000321,CAN00202,OCC004,2019-05-16,2020-08-13,4
EXP000322,CAN00202,OCC008,2020-10-23,2024-04-15,4
EXP000323,CAN00203,OCC003,2019-04-26,2020-03-21,3
EXP000324,CAN00203,OCC003,2020-04-15,2021-08-21,3
EXP000325,CAN00203,OCC003,2021-11-03,2025-07-10,2
EXP000326,CAN00204,OCC001,2021-04-25,2024-11-23,2
EXP000327,CAN00204,OCC002,2025-02-20,2025-10-12,2
EXP000328,CAN00205,OCC005,2022-03-18,2024-04-29,3
EXP000329,CAN00206,OCC006,2018-11-05,2020-08-28,3
EXP000330,CAN00207,OCC004,2025-07-13,2026-03-06,3
EXP000331,CAN00208,OCC002,2022-01-21,2023-10-03,1
EXP000332,CAN00209,OCC003,2019-02-28,2022-06-28,3
EXP000333,CAN00209,OCC003,2022-09-12,2024-09-05,3
EXP000334,CAN00209,OCC003,2024-10-28,2025-05-21,2
EXP000335,CAN00210,OCC005,2020-04-13,2024-04-04,4
EXP000336,CAN00211,OCC006,2021-10-20,2023-04-29,4
EXP000337,CAN00212,OCC009,2024-03-19,2026-03-17,3
EXP000338,CAN00213,OCC008,2024-09-04,2025-03-30,4
EXP000339,CAN00214,OCC005,2023-09-26,2025-02-05,3
EXP000340,CAN00214,OCC005,2025-06-02,2026-01-22,2
EXP000341,CAN00215,OCC008,2025-10-22,2026-05-02,5
EXP000342,CAN00216,OCC008,2022-09-20,2024-01-03,3
EXP000343,CAN00216,OCC005,2024-04-26,2025-01-15,4
EXP000344,CAN00217,OCC004,2023-09-21,2024-08-12,3
EXP000345,CAN00217,OCC004,2024-09-05,2025-03-24,3
EXP000346,CAN00218,OCC009,2019-01-19,2022-06-21,3
EXP000347,CAN00218,OCC008,2022-10-05,2023-12-01,5
EXP000348,CAN00219,OCC004,2023-03-10,2026-01-16,4
EXP000349,CAN00220,OCC001,2021-04-01,2022-04-12,1
EXP000350,CAN00221,OCC005,2020-06-21,2024-02-29,3
EXP000351,CAN00222,OCC002,2022-02-27,2025-06-16,1
EXP000352,CAN00222,OCC010,2025-07-14,2026-02-20,3
EXP000353,CAN00223,OCC003,2022-02-16,2025-04-25,2
EXP000354,CAN00224,OCC005,2021-02-06,2022-03-27,3
EXP000355,CAN00224,OCC006,2022-04-28,2024-03-02,3
EXP000356,CAN00225,OCC001,2022-11-20,2025-05-21,1
EXP000357,CAN00226,OCC004,2024-11-24,2025-08-07,4
EXP000358,CAN00227,OCC001,2022-12-04,2024-08-08,1
EXP000359,CAN00227,OCC002,2024-08-28,2025-04-23,1
EXP000360,CAN00228,OCC004,2025-01-01,2025-08-07,4
EXP000361,CAN00229,OCC006,2024-04-20,2025-02-09,3
EXP000362,CAN00229,OCC009,2025-04-11,2026-03-18,4
EXP000363,CAN00230,OCC003,2022-04-25,2024-02-02,3
EXP000364,CAN00230,OCC003,2024-02-21,2025-07-04,2
EXP000365,CAN00231,OCC002,2022-12-22,2024-03-07,1
EXP000366,CAN00232,OCC002,2022-07-26,2024-08-21,2
EXP000367,CAN00232,OCC001,2024-10-04,2025-05-16,1
EXP000368,CAN00233,OCC006,2024-08-02,2025-04-18,3
EXP000369,CAN00233,OCC009,2025-05-18,2026-01-16,4
EXP000370,CAN00234,OCC005,2020-04-26,2023-09-20,2
EXP000371,CAN00235,OCC007,2022-05-11,2024-02-21,4
EXP000372,CAN00235,OCC009,2024-04-22,2025-01-07,4
EXP000373,CAN00236,OCC001,2019-04-26,2021-06-12,1
EXP000374,CAN00236,OCC002,2021-09-14,2022-10-15,1
EXP000375,CAN00237,OCC003,2020-02-06,2023-01-18,2
EXP000376,CAN00238,OCC007,2020-05-13,2021-01-23,3
EXP000377,CAN00239,OCC008,2024-03-28,2025-01-22,4
EXP000378,CAN00240,OCC004,2024-03-19,2024-11-07,2
EXP000379,CAN00240,OCC007,2025-01-13,2026-01-04,3
EXP000380,CAN00241,OCC008,2020-05-27,2024-05-13,4
EXP000381,CAN00241,OCC008,2024-06-08,2025-04-02,5
EXP000382,CAN00242,OCC002,2025-12-03,2026-06-03,1
EXP000383,CAN00243,OCC005,2025-07-15,2026-04-24,2
EXP000384,CAN00244,OCC001,2019-08-21,2022-05-03,1
EXP000385,CAN00245,OCC006,2025-05-23,2026-02-21,2
EXP000386,CAN00246,OCC001,2019-09-25,2022-08-08,2
EXP000387,CAN00246,OCC002,2022-09-21,2023-12-29,1
EXP000388,CAN00246,OCC002,2024-04-26,2025-02-06,1
EXP000389,CAN00247,OCC007,2022-07-04,2024-03-12,4
EXP000390,CAN00247,OCC008,2024-03-27,2025-07-19,5
EXP000391,CAN00248,OCC002,2022-07-15,2025-12-02,2
EXP000392,CAN00249,OCC003,2021-03-13,2022-11-16,2
EXP000393,CAN00250,OCC002,2023-09-18,2025-04-12,1
EXP000394,CAN00251,OCC006,2021-04-20,2024-05-20,4
EXP000395,CAN00251,OCC008,2024-08-12,2025-07-22,5
EXP000396,CAN00252,OCC001,2021-11-04,2023-12-23,1
EXP000397,CAN00252,OCC001,2024-02-25,2025-02-21,1
EXP000398,CAN00253,OCC007,2019-04-01,2021-12-21,3
EXP000399,CAN00253,OCC005,2022-02-03,2022-12-03,4
EXP000400,CAN00253,OCC010,2023-01-10,2024-02-23,4
EXP000401,CAN00254,OCC001,2024-09-22,2026-02-15,1
EXP000402,CAN00255,OCC009,2023-01-09,2025-03-07,5
EXP000403,CAN00256,OCC001,2023-09-17,2025-03-01,1
EXP000404,CAN00257,OCC007,2024-03-04,2025-04-07,3
EXP000405,CAN00258,OCC008,2018-10-11,2021-02-12,4
EXP000406,CAN00258,OCC007,2021-05-03,2022-11-02,2
EXP000407,CAN00259,OCC004,2022-12-12,2024-09-06,3
EXP000408,CAN00260,OCC007,2025-07-28,2026-05-02,3
EXP000409,CAN00261,OCC007,2022-06-05,2024-07-05,3
EXP000410,CAN00262,OCC010,2025-01-25,2025-09-04,4
EXP000411,CAN00263,OCC003,2025-07-04,2026-01-23,2
EXP000412,CAN00264,OCC003,2025-02-04,2026-02-28,3
EXP000413,CAN00265,OCC003,2020-05-07,2022-12-19,2
EXP000414,CAN00265,OCC001,2023-02-20,2024-04-12,1
EXP000415,CAN00266,OCC004,2021-11-08,2022-07-16,3
EXP000416,CAN00266,OCC001,2022-10-28,2024-06-30,2
EXP000417,CAN00267,OCC007,2022-10-02,2024-02-20,4
EXP000418,CAN00268,OCC009,2020-04-28,2021-07-28,4
EXP000419,CAN00268,OCC002,2021-11-04,2023-02-22,1
EXP000420,CAN00269,OCC006,2018-09-27,2021-06-17,3
EXP000421,CAN00269,OCC004,2021-08-21,2022-07-24,3
EXP000422,CAN00269,OCC007,2022-08-09,2025-08-13,4
EXP000423,CAN00270,OCC005,2019-04-10,2020-04-04,4
EXP000424,CAN00271,OCC009,2023-09-11,2024-08-15,3
EXP000425,CAN00271,OCC004,2024-09-08,2025-03-28,2
EXP000426,CAN00272,OCC008,2023-08-12,2025-04-05,4
EXP000427,CAN00273,OCC009,2019-07-16,2022-04-08,4
EXP000428,CAN00273,OCC004,2022-07-06,2023-10-10,3
EXP000429,CAN00274,OCC007,2023-06-21,2024-05-22,2
EXP000430,CAN00275,OCC008,2023-02-15,2024-05-21,4
EXP000431,CAN00276,OCC001,2025-01-24,2026-03-29,1
EXP000432,CAN00277,OCC002,2025-11-29,2026-06-21,1
EXP000433,CAN00278,OCC005,2025-08-25,2026-03-21,3
EXP000434,CAN00279,OCC003,2019-02-04,2021-02-10,2
EXP000435,CAN00279,OCC003,2021-03-06,2024-08-03,2
EXP000436,CAN00280,OCC005,2022-08-17,2023-03-11,3
EXP000437,CAN00280,OCC009,2023-04-03,2024-07-21,5
EXP000438,CAN00281,OCC006,2018-08-24,2019-05-23,3
EXP000439,CAN00281,OCC007,2019-09-12,2021-05-12,3
EXP000440,CAN00282,OCC004,2021-06-30,2024-01-20,3
EXP000441,CAN00282,OCC005,2024-04-06,2024-10-03,3
EXP000442,CAN00282,OCC006,2025-01-01,2025-07-03,3
EXP000443,CAN00283,OCC010,2024-04-20,2024-11-01,4
EXP000444,CAN00284,OCC006,2020-01-02,2021-12-10,3
EXP000445,CAN00285,OCC009,2024-03-21,2024-12-03,4
EXP000446,CAN00286,OCC010,2024-04-12,2025-02-04,4
EXP000447,CAN00286,OCC008,2025-03-18,2026-01-14,5
EXP000448,CAN00287,OCC008,2020-09-01,2024-06-07,4
EXP000449,CAN00287,OCC008,2024-09-18,2025-04-22,4
EXP000450,CAN00288,OCC010,2020-01-18,2023-10-06,4
EXP000451,CAN00288,OCC010,2023-10-25,2024-10-10,4
EXP000452,CAN00288,OCC005,2024-12-17,2025-08-21,3
EXP000453,CAN00289,OCC003,2023-03-10,2024-11-02,1
EXP000454,CAN00289,OCC003,2024-12-22,2025-12-20,2
EXP000455,CAN00290,OCC007,2023-07-23,2025-02-26,2
EXP000456,CAN00291,OCC001,2021-06-12,2022-10-17,1
EXP000457,CAN00292,OCC001,2022-08-08,2025-06-25,1
EXP000458,CAN00293,OCC001,2022-08-20,2024-10-03,1
EXP000459,CAN00293,OCC002,2024-11-27,2025-06-17,2
EXP000460,CAN00293,OCC001,2025-08-29,2026-03-04,2
EXP000461,CAN00294,OCC001,2024-09-29,2025-05-24,1
EXP000462,CAN00295,OCC002,2024-11-05,2025-08-31,1
EXP000463,CAN00296,OCC006,2017-09-13,2019-06-14,3
EXP000464,CAN00296,OCC004,2019-07-25,2022-03-12,3
EXP000465,CAN00297,OCC006,2018-01-25,2018-12-02,3
EXP000466,CAN00297,OCC008,2019-01-12,2020-02-24,4
EXP000467,CAN00297,OCC004,2020-03-27,2022-03-07,2
EXP000468,CAN00298,OCC009,2021-07-28,2022-10-08,5
EXP000469,CAN00298,OCC006,2023-01-29,2024-12-26,2
EXP000470,CAN00298,OCC010,2025-04-20,2025-11-22,5
EXP000471,CAN00299,OCC001,2024-05-21,2024-12-04,1
EXP000472,CAN00300,OCC001,2020-12-11,2023-10-05,1
EXP000473,CAN00300,OCC008,2024-01-06,2025-03-11,4
EXP000474,CAN00301,OCC010,2021-11-27,2022-11-09,4
EXP000475,CAN00302,OCC002,2022-10-03,2024-09-15,2
EXP000476,CAN00303,OCC002,2022-03-07,2025-12-28,1
EXP000477,CAN00304,OCC009,2019-01-24,2020-06-17,4
EXP000478,CAN00304,OCC001,2020-08-18,2021-06-07,1
EXP000479,CAN00305,OCC001,2021-02-28,2023-04-27,1
EXP000480,CAN00306,OCC003,2017-05-18,2020-11-01,2
EXP000481,CAN00307,OCC004,2024-05-03,2026-04-04,3
EXP000482,CAN00308,OCC001,2019-07-12,2020-07-21,1
EXP000483,CAN00308,OCC002,2020-09-04,2022-10-06,1
EXP000484,CAN00309,OCC005,2019-05-21,2020-10-26,2
EXP000485,CAN00309,OCC005,2020-12-12,2022-10-01,3
EXP000486,CAN00310,OCC001,2020-08-15,2021-12-26,1
EXP000487,CAN00311,OCC007,2017-04-11,2019-02-04,3
EXP000488,CAN00311,OCC005,2019-02-21,2021-11-07,3
EXP000489,CAN00312,OCC001,2022-03-26,2023-01-24,2
EXP000490,CAN00312,OCC002,2023-05-22,2025-05-17,1
EXP000491,CAN00313,OCC007,2020-11-08,2023-07-26,4
EXP000492,CAN00314,OCC001,2021-05-05,2023-05-24,1
EXP000493,CAN00314,OCC002,2023-07-13,2024-04-04,1
EXP000494,CAN00314,OCC002,2024-04-29,2026-04-25,1
EXP000495,CAN00315,OCC010,2019-11-08,2022-01-04,3
EXP000496,CAN00315,OCC009,2022-04-29,2025-08-17,4
EXP000497,CAN00316,OCC003,2019-08-04,2020-02-10,2
EXP000498,CAN00317,OCC002,2025-03-21,2026-03-06,2
EXP000499,CAN00318,OCC003,2020-09-11,2022-05-05,3
EXP000500,CAN00318,OCC003,2022-07-15,2025-07-04,1
EXP000501,CAN00318,OCC003,2025-08-19,2026-05-23,2
EXP000502,CAN00319,OCC006,2019-12-07,2021-09-24,3
EXP000503,CAN00320,OCC006,2019-01-26,2021-03-05,3
EXP000504,CAN00321,OCC005,2021-09-29,2023-03-03,4
EXP000505,CAN00321,OCC005,2023-06-04,2024-01-03,3
EXP000506,CAN00321,OCC010,2024-02-12,2025-09-19,3
EXP000507,CAN00322,OCC009,2023-02-14,2024-01-17,4
EXP000508,CAN00322,OCC010,2024-04-05,2025-02-15,3
EXP000509,CAN00323,OCC005,2022-03-04,2023-11-19,4
EXP000510,CAN00324,OCC001,2017-12-17,2021-10-07,1
EXP000511,CAN00325,OCC001,2019-07-18,2021-04-09,1
EXP000512,CAN00326,OCC003,2019-07-28,2023-07-02,2
EXP000513,CAN00326,OCC003,2023-08-21,2024-12-10,2
EXP000514,CAN00327,OCC010,2018-06-12,2020-03-02,4
EXP000515,CAN00327,OCC010,2020-06-23,2022-01-26,4
EXP000516,CAN00328,OCC008,2020-12-27,2024-08-15,4
EXP000517,CAN00328,OCC007,2024-11-19,2025-05-20,4
EXP000518,CAN00329,OCC010,2020-12-16,2024-02-25,3
EXP000519,CAN00330,OCC001,2023-04-07,2025-09-03,1
EXP000520,CAN00331,OCC002,2025-12-23,2026-07-15,1
EXP000521,CAN00332,OCC002,2025-11-26,2026-06-25,1
EXP000522,CAN00333,OCC003,2024-04-18,2025-05-19,2
EXP000523,CAN00334,OCC001,2022-10-21,2023-11-30,1
EXP000524,CAN00334,OCC001,2024-03-11,2025-01-14,2
EXP000525,CAN00335,OCC010,2019-09-06,2022-03-14,3
EXP000526,CAN00335,OCC009,2022-05-27,2023-05-19,5
EXP000527,CAN00336,OCC002,2019-11-21,2023-08-22,1
EXP000528,CAN00336,OCC001,2023-11-21,2024-12-20,1
EXP000529,CAN00337,OCC001,2018-06-01,2020-09-09,1
EXP000530,CAN00337,OCC001,2020-11-17,2022-10-10,2
EXP000531,CAN00337,OCC002,2022-11-21,2024-03-21,1
EXP000532,CAN00338,OCC004,2022-03-11,2023-03-26,2
EXP000533,CAN00338,OCC004,2023-05-13,2026-04-20,3
EXP000534,CAN00339,OCC001,2025-03-15,2025-10-12,2
EXP000535,CAN00339,OCC002,2025-11-30,2026-06-05,1
EXP000536,CAN00340,OCC002,2021-02-26,2024-02-14,1
EXP000537,CAN00340,OCC001,2024-05-08,2024-12-01,1
EXP000538,CAN00341,OCC008,2025-01-01,2025-09-05,4
EXP000539,CAN00342,OCC001,2022-07-10,2024-08-23,1
EXP000540,CAN00343,OCC002,2019-12-08,2022-11-14,1
EXP000541,CAN00343,OCC001,2022-12-24,2024-01-22,1
EXP000542,CAN00344,OCC003,2019-07-12,2022-01-29,3
EXP000543,CAN00344,OCC003,2022-02-26,2025-02-09,2
EXP000544,CAN00345,OCC003,2025-08-22,2026-03-09,3
EXP000545,CAN00346,OCC001,2020-11-07,2023-04-25,1
EXP000546,CAN00346,OCC004,2023-05-18,2025-01-24,4
EXP000547,CAN00347,OCC005,2021-08-10,2024-09-29,4
EXP000548,CAN00347,OCC001,2024-10-24,2025-11-02,1
EXP000549,CAN00348,OCC006,2021-08-15,2023-08-03,2
EXP000550,CAN00348,OCC008,2023-10-31,2024-10-29,3
EXP000551,CAN00348,OCC007,2024-12-04,2025-06-18,3
EXP000552,CAN00349,OCC006,2018-10-04,2021-04-22,3
EXP000553,CAN00349,OCC008,2021-07-19,2022-03-02,4
EXP000554,CAN00349,OCC010,2022-03-17,2025-02-23,5
EXP000555,CAN00350,OCC004,2023-08-15,2024-08-07,3
EXP000556,CAN00350,OCC007,2024-11-13,2025-10-08,3
EXP000557,CAN00351,OCC009,2022-05-22,2025-09-27,3
EXP000558,CAN00352,OCC002,2020-10-15,2021-11-22,1
EXP000559,CAN00352,OCC002,2022-03-14,2025-08-24,1
EXP000560,CAN00353,OCC001,2018-02-15,2019-08-24,2
EXP000561,CAN00353,OCC001,2019-09-20,2020-11-26,1
EXP000562,CAN00354,OCC005,2018-06-15,2020-04-07,4
EXP000563,CAN00354,OCC009,2020-06-06,2021-04-04,5
EXP000564,CAN00355,OCC005,2023-09-10,2025-09-15,2
EXP000565,CAN00355,OCC004,2025-11-23,2026-06-25,3
EXP000566,CAN00356,OCC001,2025-10-18,2026-05-10,2
EXP000567,CAN00357,OCC008,2022-11-29,2023-11-14,4
EXP000568,CAN00358,OCC007,2024-10-05,2025-09-03,3
EXP000569,CAN00359,OCC004,2024-07-09,2025-02-19,3
EXP000570,CAN00360,OCC002,2024-04-06,2025-06-18,1
EXP000571,CAN00361,OCC002,2021-04-25,2024-06-28,1
EXP000572,CAN00362,OCC008,2020-06-24,2021-09-18,3
EXP000573,CAN00363,OCC008,2022-05-12,2023-02-22,3
EXP000574,CAN00363,OCC005,2023-03-21,2023-10-23,3
EXP000575,CAN00364,OCC001,2020-08-27,2023-10-09,1
EXP000576,CAN00364,OCC001,2024-01-12,2025-11-20,1
EXP000577,CAN00365,OCC002,2025-03-11,2025-09-20,1
EXP000578,CAN00366,OCC007,2019-05-20,2022-04-20,4
EXP000579,CAN00366,OCC002,2022-07-23,2024-11-04,1
EXP000580,CAN00367,OCC009,2021-09-11,2023-12-27,5
EXP000581,CAN00368,OCC005,2023-05-27,2026-02-02,2
EXP000582,CAN00369,OCC009,2021-05-17,2024-07-17,3
EXP000583,CAN00370,OCC001,2018-05-31,2019-06-11,1
EXP000584,CAN00370,OCC002,2019-07-01,2022-06-01,1
EXP000585,CAN00371,OCC008,2025-02-04,2026-03-05,4
EXP000586,CAN00372,OCC005,2019-12-24,2022-10-20,3
EXP000587,CAN00372,OCC010,2022-12-26,2023-12-21,4
EXP000588,CAN00372,OCC006,2024-02-25,2026-03-30,2
EXP000589,CAN00373,OCC005,2022-06-07,2025-05-12,3
EXP000590,CAN00373,OCC006,2025-07-28,2026-02-01,3
EXP000591,CAN00374,OCC005,2023-01-23,2024-10-12,3
EXP000592,CAN00375,OCC001,2024-10-04,2025-08-19,1
EXP000593,CAN00376,OCC005,2020-11-01,2022-07-07,3
EXP000594,CAN00376,OCC006,2022-08-30,2024-12-14,3
EXP000595,CAN00377,OCC001,2020-11-14,2022-01-15,1
EXP000596,CAN00378,OCC004,2024-12-02,2025-06-09,2
EXP000597,CAN00379,OCC007,2024-05-16,2026-01-24,2
EXP000598,CAN00380,OCC001,2025-02-12,2025-11-05,2
EXP000599,CAN00381,OCC007,2023-09-09,2025-05-21,2
EXP000600,CAN00382,OCC010,2021-11-05,2025-03-31,4
EXP000601,CAN00382,OCC008,2025-07-23,2026-02-03,4
EXP000602,CAN00383,OCC004,2025-04-19,2026-02-11,2
EXP000603,CAN00384,OCC001,2019-09-23,2020-04-16,1
EXP000604,CAN00384,OCC001,2020-06-07,2021-07-01,1
EXP000605,CAN00384,OCC002,2021-09-20,2023-03-27,1
EXP000606,CAN00385,OCC009,2023-12-04,2025-01-16,4
EXP000607,CAN00386,OCC001,2023-05-17,2023-12-17,1
EXP000608,CAN00386,OCC003,2024-04-11,2025-05-14,2
EXP000609,CAN00387,OCC003,2017-08-20,2019-12-13,2
EXP000610,CAN00387,OCC003,2020-02-02,2023-09-10,3
EXP000611,CAN00388,OCC002,2020-05-16,2024-02-26,1
EXP000612,CAN00389,OCC006,2020-11-07,2024-01-02,3
EXP000613,CAN00389,OCC001,2024-04-26,2025-03-31,1
EXP000614,CAN00390,OCC005,2019-09-21,2022-05-16,3
EXP000615,CAN00391,OCC005,2022-08-27,2023-12-05,2
EXP000616,CAN00391,OCC006,2024-02-06,2025-03-25,4
EXP000617,CAN00392,OCC005,2022-10-18,2025-04-26,4
EXP000618,CAN00393,OCC005,2020-02-25,2023-02-01,4
EXP000619,CAN00393,OCC004,2023-05-25,2024-10-06,4
EXP000620,CAN00394,OCC002,2018-10-08,2020-06-30,1
EXP000621,CAN00395,OCC001,2018-05-23,2019-08-02,1
EXP000622,CAN00396,OCC009,2021-08-27,2024-11-18,3
EXP000623,CAN00396,OCC008,2025-02-18,2026-03-20,3
EXP000624,CAN00397,OCC010,2021-05-06,2024-12-02,4
EXP000625,CAN00398,OCC001,2024-05-13,2025-09-18,1
EXP000626,CAN00399,OCC003,2021-12-26,2023-05-10,3
EXP000627,CAN00399,OCC003,2023-08-26,2024-07-11,2
EXP000628,CAN00400,OCC002,2022-12-12,2024-01-30,2
EXP000629,CAN00400,OCC008,2024-05-15,2025-02-13,4
EXP000630,CAN00401,OCC005,2024-03-31,2024-10-13,3
EXP000631,CAN00402,OCC001,2019-10-11,2022-05-02,2
EXP000632,CAN00403,OCC005,2021-02-01,2022-03-24,3
EXP000633,CAN00403,OCC007,2022-05-04,2024-11-30,2
EXP000634,CAN00404,OCC007,2025-07-11,2026-01-20,4
EXP000635,CAN00405,OCC007,2017-06-17,2020-04-13,4
EXP000636,CAN00405,OCC003,2020-05-22,2023-09-26,2
EXP000637,CAN00406,OCC009,2019-06-16,2021-05-01,4
EXP000638,CAN00406,OCC009,2021-06-08,2023-01-12,4
EXP000639,CAN00407,OCC002,2024-12-06,2025-08-23,2
EXP000640,CAN00407,OCC001,2025-10-29,2026-07-18,1
EXP000641,CAN00408,OCC004,2022-11-14,2024-04-09,3
EXP000642,CAN00408,OCC006,2024-05-18,2025-09-18,3
EXP000643,CAN00409,OCC007,2018-09-15,2020-05-24,4
EXP000644,CAN00409,OCC001,2020-06-17,2022-12-30,1
EXP000645,CAN00409,OCC002,2023-04-02,2025-05-27,1
EXP000646,CAN00410,OCC010,2020-12-04,2022-10-03,5
EXP000647,CAN00410,OCC008,2022-11-05,2023-10-13,5
EXP000648,CAN00411,OCC003,2024-09-21,2025-08-21,2
EXP000649,CAN00412,OCC003,2022-09-25,2024-11-14,2
EXP000650,CAN00413,OCC001,2025-04-21,2026-04-01,2
EXP000651,CAN00414,OCC002,2022-10-26,2025-07-13,2
EXP000652,CAN00415,OCC004,2019-01-29,2021-05-31,2
EXP000653,CAN00416,OCC004,2024-12-25,2025-07-17,3
EXP000654,CAN00417,OCC007,2019-11-10,2021-06-06,3
EXP000655,CAN00417,OCC001,2021-07-05,2024-06-25,1
EXP000656,CAN00418,OCC002,2019-04-13,2021-11-08,1
EXP000657,CAN00419,OCC006,2021-08-07,2022-06-02,2
EXP000658,CAN00419,OCC001,2022-08-16,2023-10-06,1
EXP000659,CAN00420,OCC002,2023-09-10,2025-07-21,1
EXP000660,CAN00421,OCC008,2018-10-05,2019-08-19,5
EXP000661,CAN00421,OCC008,2019-09-11,2021-12-20,4
EXP000662,CAN00422,OCC006,2022-10-18,2024-12-27,2
EXP000663,CAN00422,OCC010,2025-01-13,2025-07-12,5
EXP000664,CAN00423,OCC006,2017-06-21,2020-11-29,4
EXP000665,CAN00423,OCC006,2021-03-08,2022-06-01,2
EXP000666,CAN00424,OCC003,2024-10-09,2025-10-27,2
EXP000667,CAN00425,OCC001,2022-12-08,2023-08-05,1
EXP000668,CAN00426,OCC002,2023-06-29,2025-03-23,1
EXP000669,CAN00427,OCC008,2022-08-25,2023-04-21,4
EXP000670,CAN00427,OCC008,2023-05-14,2024-09-15,4
EXP000671,CAN00428,OCC006,2023-05-08,2025-04-09,4
EXP000672,CAN00429,OCC001,2020-08-12,2021-12-18,1
EXP000673,CAN00429,OCC002,2022-04-07,2023-05-04,1
EXP000674,CAN00430,OCC006,2021-04-29,2021-12-16,2
EXP000675,CAN00430,OCC007,2022-01-29,2025-04-04,3
EXP000676,CAN00430,OCC002,2025-06-21,2026-02-11,1
EXP000677,CAN00431,OCC010,2022-03-22,2024-12-14,4
EXP000678,CAN00432,OCC002,2024-10-11,2026-06-27,1
EXP000679,CAN00433,OCC006,2022-04-24,2023-10-02,3
EXP000680,CAN00433,OCC005,2024-01-08,2025-04-22,3
EXP000681,CAN00434,OCC002,2020-11-25,2022-09-10,1
EXP000682,CAN00435,OCC007,2022-05-17,2025-02-03,3
EXP000683,CAN00436,OCC007,2020-07-09,2022-06-16,3
EXP000684,CAN00436,OCC006,2022-08-04,2025-08-02,3
EXP000685,CAN00437,OCC003,2021-04-24,2024-03-15,2
EXP000686,CAN00437,OCC003,2024-05-24,2025-05-19,1
EXP000687,CAN00438,OCC005,2021-03-25,2022-10-10,2
EXP000688,CAN00438,OCC010,2023-01-27,2024-09-25,3
EXP000689,CAN00439,OCC001,2024-03-09,2024-11-15,1
EXP000690,CAN00440,OCC005,2022-07-15,2023-01-12,2
EXP000691,CAN00440,OCC006,2023-03-26,2024-08-01,3
EXP000692,CAN00441,OCC001,2020-06-11,2022-08-30,1
EXP000693,CAN00442,OCC001,2025-04-30,2026-03-19,1
EXP000694,CAN00443,OCC010,2025-05-01,2025-12-05,5
EXP000695,CAN00444,OCC003,2023-03-14,2024-12-05,1
EXP000696,CAN00444,OCC003,2025-03-28,2026-04-05,3
EXP000697,CAN00445,OCC009,2022-06-29,2024-01-09,4
EXP000698,CAN00446,OCC005,2021-06-07,2022-06-02,3
EXP000699,CAN00447,OCC002,2022-11-22,2024-01-04,1
EXP000700,CAN00448,OCC010,2024-11-06,2025-12-13,3
EXP000701,CAN00449,OCC006,2020-10-27,2023-05-18,3
EXP000702,CAN00449,OCC005,2023-08-02,2024-06-02,3
EXP000703,CAN00450,OCC006,2024-08-03,2025-11-01,3
EXP000704,CAN00450,OCC010,2025-12-11,2026-08-07,5
EXP000705,CAN00451,OCC002,2023-11-20,2025-05-31,1
EXP000706,CAN00452,OCC010,2020-05-28,2023-03-06,3
EXP000707,CAN00452,OCC001,2023-06-21,2024-07-28,1
EXP000708,CAN00453,OCC001,2024-10-03,2025-08-04,1
EXP000709,CAN00454,OCC007,2018-05-29,2021-03-14,2
EXP000710,CAN00454,OCC010,2021-04-09,2022-08-31,4
EXP000711,CAN00454,OCC009,2022-10-15,2023-10-06,3
EXP000712,CAN00455,OCC006,2021-08-02,2022-11-21,4
EXP000713,CAN00455,OCC004,2023-01-17,2024-12-19,3
EXP000714,CAN00456,OCC006,2022-08-21,2025-09-05,3
EXP000715,CAN00457,OCC001,2024-03-23,2025-03-06,1
EXP000716,CAN00457,OCC002,2025-04-06,2025-12-07,1
EXP000717,CAN00458,OCC002,2022-10-06,2025-12-06,1
EXP000718,CAN00459,OCC010,2023-03-30,2025-09-07,5
EXP000719,CAN00460,OCC002,2018-11-02,2020-04-24,1
EXP000720,CAN00460,OCC005,2020-07-27,2022-12-08,2
EXP000721,CAN00461,OCC002,2019-06-15,2021-01-21,1
EXP000722,CAN00461,OCC002,2021-05-10,2024-12-02,2
EXP000723,CAN00462,OCC003,2023-11-08,2025-04-19,2
EXP000724,CAN00463,OCC004,2019-10-11,2020-08-30,3
EXP000725,CAN00463,OCC007,2020-10-25,2022-03-30,4
EXP000726,CAN00464,OCC003,2021-12-04,2025-03-09,1
EXP000727,CAN00464,OCC003,2025-05-03,2025-12-17,3
EXP000728,CAN00465,OCC005,2024-03-21,2024-09-18,2
EXP000729,CAN00465,OCC010,2024-11-12,2025-05-12,4
EXP000730,CAN00466,OCC007,2025-06-22,2026-02-01,3
EXP000731,CAN00467,OCC009,2025-05-14,2026-02-27,4
EXP000732,CAN00468,OCC005,2018-12-19,2022-06-28,3
EXP000733,CAN00468,OCC007,2022-10-10,2023-11-27,3
EXP000734,CAN00469,OCC004,2018-10-11,2020-02-16,4
EXP000735,CAN00469,OCC004,2020-04-18,2023-12-29,2
EXP000736,CAN00470,OCC004,2021-03-05,2022-10-11,4
EXP000737,CAN00470,OCC006,2022-10-27,2023-08-01,4
EXP000738,CAN00471,OCC005,2024-08-17,2025-03-16,3
EXP000739,CAN00472,OCC001,2023-03-31,2024-06-21,1
EXP000740,CAN00473,OCC002,2022-12-10,2025-10-25,1
EXP000741,CAN00474,OCC009,2024-12-12,2025-07-19,5
EXP000742,CAN00475,OCC003,2018-11-24,2021-07-23,1
EXP000743,CAN00476,OCC002,2019-05-10,2020-01-14,1
EXP000744,CAN00476,OCC002,2020-02-04,2022-12-15,1
EXP000745,CAN00476,OCC001,2023-01-18,2023-08-02,1
EXP000746,CAN00477,OCC006,2024-10-16,2025-07-25,3
EXP000747,CAN00478,OCC001,2022-11-28,2025-05-15,1
EXP000748,CAN00479,OCC003,2018-10-20,2022-01-25,1
EXP000749,CAN00480,OCC005,2021-10-12,2023-02-28,3
EXP000750,CAN00481,OCC003,2018-09-22,2020-01-14,1
EXP000751,CAN00481,OCC003,2020-05-03,2021-10-16,2
EXP000752,CAN00481,OCC001,2022-01-15,2022-10-06,1
EXP000753,CAN00482,OCC001,2024-04-10,2025-07-19,1
EXP000754,CAN00483,OCC006,2026-01-12,2026-07-11,3
EXP000755,CAN00484,OCC005,2020-02-16,2021-11-10,2
EXP000756,CAN00485,OCC003,2017-08-27,2018-05-23,1
EXP000757,CAN00486,OCC002,2024-05-14,2026-07-07,2
EXP000758,CAN00487,OCC006,2019-05-21,2020-03-19,2
EXP000759,CAN00487,OCC009,2020-06-06,2021-12-18,4
EXP000760,CAN00488,OCC010,2025-11-27,2026-06-13,3
EXP000761,CAN00489,OCC004,2022-04-17,2025-06-05,3
EXP000762,CAN00490,OCC001,2017-05-05,2018-01-13,1
EXP000763,CAN00490,OCC008,2018-02-12,2019-02-10,4
EXP000764,CAN00491,OCC001,2020-05-08,2022-10-13,1
EXP000765,CAN00492,OCC003,2019-07-19,2021-12-25,1
EXP000766,CAN00492,OCC003,2022-03-10,2025-06-02,2
EXP000767,CAN00493,OCC009,2022-08-19,2024-05-21,5
EXP000768,CAN00493,OCC004,2024-06-05,2024-12-14,2
EXP000769,CAN00494,OCC007,2020-02-07,2024-01-06,2
EXP000770,CAN00494,OCC003,2024-03-23,2025-03-04,2
EXP000771,CAN00495,OCC002,2018-06-06,2020-10-23,1
EXP000772,CAN00496,OCC001,2024-03-06,2025-10-14,1
EXP000773,CAN00497,OCC003,2023-03-07,2024-04-19,2
EXP000774,CAN00497,OCC003,2024-05-15,2025-08-11,1
EXP000775,CAN00498,OCC002,2018-07-08,2019-11-10,1
EXP000776,CAN00498,OCC005,2020-01-01,2022-12-29,3
EXP000777,CAN00498,OCC010,2023-04-16,2024-08-13,4
EXP000778,CAN00499,OCC008,2020-02-28,2022-04-23,5
EXP000779,CAN00499,OCC006,2022-06-05,2025-09-28,2
EXP000780,CAN00500,OCC005,2020-02-01,2020-09-23,2
EXP000781,CAN00501,OCC001,2017-05-15,2019-07-15,1
EXP000782,CAN00501,OCC001,2019-08-19,2023-07-22,2
EXP000783,CAN00502,OCC010,2023-10-18,2024-11-04,4
EXP000784,CAN00503,OCC006,2021-07-16,2023-09-21,3
EXP000785,CAN00503,OCC009,2023-10-21,2024-07-19,3
EXP000786,CAN00504,OCC001,2017-12-10,2019-05-27,1
EXP000787,CAN00504,OCC002,2019-08-17,2020-03-22,1
EXP000788,CAN00505,OCC003,2022-12-31,2024-10-13,2
EXP000789,CAN00506,OCC004,2020-09-03,2021-12-31,4
EXP000790,CAN00506,OCC004,2022-03-07,2025-07-25,2
EXP000791,CAN00507,OCC002,2021-05-13,2023-06-03,2
EXP000792,CAN00507,OCC001,2023-07-15,2025-08-19,1
EXP000793,CAN00508,OCC009,2019-02-03,2021-06-11,4
EXP000794,CAN00508,OCC007,2021-08-16,2022-05-04,3
EXP000795,CAN00508,OCC004,2022-05-28,2025-09-03,2
EXP000796,CAN00509,OCC006,2020-12-13,2021-12-09,3
EXP000797,CAN00509,OCC003,2022-03-18,2023-01-10,2
EXP000798,CAN00510,OCC010,2023-07-05,2024-07-19,3
EXP000799,CAN00511,OCC003,2020-03-12,2021-05-05,2
EXP000800,CAN00512,OCC002,2020-12-26,2024-08-23,1
EXP000801,CAN00512,OCC001,2024-11-01,2025-07-10,1
EXP000802,CAN00512,OCC007,2025-08-04,2026-02-13,3
EXP000803,CAN00513,OCC001,2021-06-13,2023-07-25,1
EXP000804,CAN00513,OCC001,2023-08-30,2024-08-02,1
EXP000805,CAN00514,OCC004,2022-04-28,2025-01-12,3
EXP000806,CAN00514,OCC005,2025-03-04,2025-10-12,3
EXP000807,CAN00515,OCC003,2022-01-08,2024-05-04,2
EXP000808,CAN00516,OCC004,2023-05-23,2023-11-21,2
EXP000809,CAN00517,OCC001,2023-11-24,2024-09-06,1
EXP000810,CAN00518,OCC010,2024-03-11,2024-09-14,5
EXP000811,CAN00518,OCC005,2024-10-29,2025-04-27,3
EXP000812,CAN00519,OCC005,2025-09-03,2026-08-08,3
EXP000813,CAN00520,OCC010,2022-06-15,2023-01-08,4
EXP000814,CAN00520,OCC001,2023-04-10,2023-12-19,1
EXP000815,CAN00521,OCC001,2022-07-30,2025-12-29,1
EXP000816,CAN00522,OCC002,2023-10-16,2025-07-08,1
EXP000817,CAN00523,OCC001,2021-06-09,2022-12-24,1
EXP000818,CAN00523,OCC001,2023-04-01,2025-04-11,2
EXP000819,CAN00524,OCC003,2018-10-06,2020-03-19,2
EXP000820,CAN00524,OCC003,2020-06-11,2022-03-04,1
EXP000821,CAN00524,OCC009,2022-05-14,2024-05-06,4
EXP000822,CAN00525,OCC010,2023-08-27,2024-09-30,3
EXP000823,CAN00526,OCC001,2020-04-23,2022-11-20,1
EXP000824,CAN00527,OCC001,2023-02-28,2026-04-30,2
EXP000825,CAN00528,OCC006,2021-02-19,2024-01-30,3
EXP000826,CAN00529,OCC006,2023-04-09,2025-04-01,2
EXP000827,CAN00530,OCC009,2024-12-14,2025-06-17,3
EXP000828,CAN00531,OCC001,2020-08-05,2022-02-05,1
EXP000829,CAN00531,OCC005,2022-04-02,2023-08-20,3
EXP000830,CAN00532,OCC003,2022-01-07,2024-01-29,2
EXP000831,CAN00532,OCC003,2024-03-23,2025-07-23,2
EXP000832,CAN00532,OCC009,2025-08-25,2026-03-27,4
EXP000833,CAN00533,OCC006,2019-04-25,2022-09-29,3
EXP000834,CAN00533,OCC007,2022-11-06,2025-08-13,3
EXP000835,CAN00534,OCC004,2019-04-24,2021-11-12,2
EXP000836,CAN00535,OCC005,2020-12-02,2021-11-12,4
EXP000837,CAN00535,OCC007,2022-01-02,2023-11-15,4
EXP000838,CAN00535,OCC010,2024-01-29,2025-03-06,4
EXP000839,CAN00536,OCC005,2018-09-10,2021-10-15,4
EXP000840,CAN00536,OCC002,2021-12-21,2024-04-13,1
EXP000841,CAN00537,OCC010,2024-08-05,2025-03-23,4
EXP000842,CAN00538,OCC007,2019-12-19,2022-04-23,4
EXP000843,CAN00538,OCC007,2022-07-10,2024-05-07,3
EXP000844,CAN00539,OCC001,2025-09-23,2026-04-19,2
EXP000845,CAN00540,OCC004,2017-03-14,2018-04-08,3
EXP000846,CAN00541,OCC002,2022-09-02,2024-06-10,1
EXP000847,CAN00541,OCC001,2024-09-27,2025-04-19,2
EXP000848,CAN00542,OCC003,2021-07-23,2024-04-15,2
EXP000849,CAN00543,OCC001,2022-03-25,2023-07-30,2
EXP000850,CAN00543,OCC002,2023-09-12,2025-01-19,1
EXP000851,CAN00543,OCC001,2025-04-28,2026-08-23,2
EXP000852,CAN00544,OCC004,2022-04-27,2024-08-22,3
EXP000853,CAN00544,OCC002,2024-11-20,2025-09-24,2
EXP000854,CAN00545,OCC004,2024-06-27,2025-02-04,3
EXP000855,CAN00546,OCC004,2020-09-06,2022-04-21,3
EXP000856,CAN00547,OCC002,2023-09-25,2025-09-29,1
EXP000857,CAN00548,OCC009,2020-08-14,2024-04-07,4
EXP000858,CAN00548,OCC009,2024-07-10,2025-06-23,4
EXP000859,CAN00549,OCC003,2020-02-22,2023-06-18,1
EXP000860,CAN00549,OCC003,2023-08-22,2026-06-01,3
EXP000861,CAN00550,OCC001,2020-12-31,2021-07-04,1
EXP000862,CAN00551,OCC001,2021-06-29,2023-09-28,1
EXP000863,CAN00551,OCC001,2023-11-08,2024-08-28,1
EXP000864,CAN00551,OCC002,2024-11-16,2025-05-17,1
EXP000865,CAN00552,OCC003,2025-03-03,2025-12-14,2
EXP000866,CAN00553,OCC004,2018-09-14,2022-02-15,3
EXP000867,CAN00554,OCC009,2019-05-17,2022-03-23,4
EXP000868,CAN00554,OCC005,2022-04-18,2025-01-27,3
EXP000869,CAN00555,OCC005,2025-10-21,2026-05-18,4
EXP000870,CAN00556,OCC002,2024-10-04,2026-04-20,2
EXP000871,CAN00557,OCC003,2018-07-14,2019-11-09,2
EXP000872,CAN00557,OCC002,2020-01-04,2023-10-22,1
EXP000873,CAN00558,OCC002,2018-10-21,2022-05-10,1
EXP000874,CAN00559,OCC008,2018-10-10,2021-02-22,4
EXP000875,CAN00559,OCC009,2021-03-15,2022-07-23,4
EXP000876,CAN00560,OCC002,2023-09-17,2025-01-03,1
EXP000877,CAN00560,OCC001,2025-04-21,2026-02-02,1
EXP000878,CAN00561,OCC003,2024-08-01,2025-07-12,3
EXP000879,CAN00562,OCC005,2020-11-04,2022-04-24,2
EXP000880,CAN00563,OCC001,2026-02-02,2026-08-12,1
EXP000881,CAN00564,OCC010,2022-11-10,2025-03-04,4
EXP000882,CAN00565,OCC005,2023-05-13,2024-02-12,3
EXP000883,CAN00566,OCC003,2020-01-14,2021-07-30,1
EXP000884,CAN00566,OCC003,2021-08-18,2023-08-18,3
EXP000885,CAN00567,OCC005,2025-02-23,2025-09-16,2
EXP000886,CAN00568,OCC003,2019-02-03,2021-12-07,2
EXP000887,CAN00569,OCC008,2019-06-02,2022-07-27,5
EXP000888,CAN00569,OCC008,2022-11-14,2025-08-04,4
EXP000889,CAN00570,OCC009,2021-06-30,2023-06-16,4
EXP000890,CAN00570,OCC008,2023-09-29,2024-05-11,5
EXP000891,CAN00570,OCC010,2024-07-10,2025-01-20,4
EXP000892,CAN00571,OCC009,2020-07-28,2021-10-22,4
EXP000893,CAN00571,OCC010,2022-02-09,2023-03-10,5
EXP000894,CAN00572,OCC006,2024-04-16,2025-01-11,3
EXP000895,CAN00573,OCC002,2018-06-02,2021-11-30,1
EXP000896,CAN00574,OCC006,2019-12-18,2021-05-01,4
EXP000897,CAN00575,OCC002,2024-04-17,2024-11-16,1
EXP000898,CAN00576,OCC007,2022-02-22,2023-12-04,3
EXP000899,CAN00576,OCC005,2024-01-17,2024-07-19,2
EXP000900,CAN00577,OCC003,2025-04-30,2026-01-15,2
EXP000901,CAN00578,OCC004,2019-04-01,2020-12-02,3
EXP000902,CAN00578,OCC008,2021-03-26,2023-01-09,4
EXP000903,CAN00579,OCC007,2024-06-09,2025-01-13,3
EXP000904,CAN00580,OCC001,2023-03-12,2024-07-30,2
EXP000905,CAN00580,OCC002,2024-09-20,2025-05-14,2
EXP000906,CAN00581,OCC002,2020-06-20,2023-05-15,1
EXP000907,CAN00581,OCC001,2023-06-09,2025-01-04,1
EXP000908,CAN00582,OCC007,2023-06-06,2025-01-11,3
EXP000909,CAN00582,OCC005,2025-02-16,2025-09-11,2
EXP000910,CAN00583,OCC001,2019-08-18,2021-09-16,1
EXP000911,CAN00584,OCC007,2022-06-14,2025-04-18,2
EXP000912,CAN00585,OCC003,2018-11-13,2022-11-01,2
EXP000913,CAN00585,OCC008,2022-12-31,2025-05-03,4
EXP000914,CAN00586,OCC001,2024-06-15,2025-11-25,1
EXP000915,CAN00586,OCC002,2025-12-23,2026-07-17,2
EXP000916,CAN00587,OCC004,2020-12-07,2023-08-09,3
EXP000917,CAN00587,OCC005,2023-09-23,2024-05-04,3
EXP000918,CAN00588,OCC007,2021-03-19,2023-03-28,3
EXP000919,CAN00589,OCC006,2019-03-04,2019-11-29,4
EXP000920,CAN00589,OCC008,2020-01-22,2023-02-13,4
EXP000921,CAN00590,OCC002,2022-01-21,2024-01-14,1
EXP000922,CAN00591,OCC003,2020-09-09,2023-04-20,2
EXP000923,CAN00591,OCC003,2023-07-15,2024-12-20,1
EXP000924,CAN00592,OCC001,2025-03-13,2026-04-06,1
EXP000925,CAN00593,OCC005,2022-12-18,2025-08-25,3
EXP000926,CAN00594,OCC001,2020-12-29,2024-05-08,2
EXP000927,CAN00595,OCC001,2019-03-26,2020-04-08,1
EXP000928,CAN00595,OCC002,2020-05-30,2023-06-03,2
EXP000929,CAN00596,OCC004,2019-02-26,2023-01-24,2
EXP000930,CAN00596,OCC008,2023-05-07,2024-12-09,4
EXP000931,CAN00597,OCC006,2021-10-19,2024-02-06,3
EXP000932,CAN00598,OCC005,2023-01-13,2024-02-16,3
EXP000933,CAN00598,OCC007,2024-03-22,2025-01-13,4
EXP000934,CAN00599,OCC006,2017-12-24,2021-04-28,4
EXP000935,CAN00599,OCC008,2021-08-07,2022-08-04,4
EXP000936,CAN00600,OCC003,2021-07-06,2023-12-09,2
EXP000937,CAN00600,OCC003,2024-02-03,2025-08-03,2
EXP000938,CAN00601,OCC008,2019-02-10,2020-10-25,5
EXP000939,CAN00602,OCC005,2019-03-08,2021-07-22,4
EXP000940,CAN00603,OCC009,2021-12-26,2023-11-13,4
EXP000941,CAN00604,OCC001,2021-09-18,2023-09-05,1
EXP000942,CAN00604,OCC001,2023-11-27,2024-09-15,1
EXP000943,CAN00605,OCC002,2021-03-29,2024-08-10,1
EXP000944,CAN00606,OCC009,2019-12-08,2021-07-22,3
EXP000945,CAN00607,OCC002,2019-09-12,2020-08-03,2
EXP000946,CAN00607,OCC006,2020-10-02,2021-08-21,3
EXP000947,CAN00607,OCC010,2021-09-12,2024-07-13,4
EXP000948,CAN00608,OCC001,2018-03-16,2019-02-24,1
EXP000949,CAN00609,OCC001,2023-01-20,2024-07-07,1
EXP000950,CAN00610,OCC001,2021-07-13,2024-03-24,1
EXP000951,CAN00610,OCC002,2024-06-22,2025-02-16,1
EXP000952,CAN00611,OCC001,2021-12-28,2022-11-05,1
EXP000953,CAN00612,OCC001,2023-01-06,2024-11-05,1
EXP000954,CAN00612,OCC001,2024-12-29,2025-09-19,1
EXP000955,CAN00613,OCC010,2019-01-16,2021-03-09,5
EXP000956,CAN00613,OCC010,2021-06-08,2022-03-18,4
EXP000957,CAN00614,OCC001,2022-06-09,2023-03-02,1
EXP000958,CAN00615,OCC002,2022-02-18,2024-07-13,1
EXP000959,CAN00616,OCC002,2019-09-07,2022-01-23,1
EXP000960,CAN00616,OCC002,2022-02-23,2023-10-11,1
EXP000961,CAN00616,OCC001,2024-02-08,2024-09-27,2
EXP000962,CAN00617,OCC005,2019-10-30,2022-03-30,3
EXP000963,CAN00618,OCC001,2020-02-25,2023-03-04,1
EXP000964,CAN00618,OCC001,2023-04-21,2024-08-11,1
EXP000965,CAN00619,OCC006,2024-04-15,2025-04-17,3
EXP000966,CAN00620,OCC006,2019-05-19,2021-10-14,2
EXP000967,CAN00620,OCC008,2021-12-01,2025-03-11,4
EXP000968,CAN00621,OCC004,2023-10-12,2024-11-12,2
EXP000969,CAN00622,OCC002,2020-12-21,2022-05-24,1
EXP000970,CAN00623,OCC010,2019-03-06,2022-01-06,4
EXP000971,CAN00623,OCC008,2022-04-18,2023-10-01,4
EXP000972,CAN00624,OCC003,2024-11-21,2025-11-11,3
EXP000973,CAN00625,OCC001,2019-03-13,2022-06-15,1
EXP000974,CAN00625,OCC009,2022-10-01,2023-10-10,4
EXP000975,CAN00626,OCC003,2025-01-04,2025-07-03,1
EXP000976,CAN00627,OCC001,2022-05-16,2025-04-27,1
EXP000977,CAN00628,OCC005,2022-07-31,2024-11-12,3
EXP000978,CAN00629,OCC001,2024-11-10,2025-09-28,1
EXP000979,CAN00630,OCC002,2018-07-10,2020-02-24,1
EXP000980,CAN00631,OCC006,2022-02-18,2025-10-19,3
EXP000981,CAN00632,OCC001,2020-04-21,2024-03-03,1
EXP000982,CAN00632,OCC004,2024-06-01,2025-04-03,4
EXP000983,CAN00632,OCC004,2025-05-22,2025-12-04,3
EXP000984,CAN00633,OCC008,2024-07-04,2026-09-06,4
EXP000985,CAN00634,OCC003,2020-10-11,2024-10-06,1
EXP000986,CAN00634,OCC003,2025-01-14,2025-07-26,2
EXP000987,CAN00635,OCC004,2022-01-30,2022-12-22,2
EXP000988,CAN00635,OCC007,2023-01-14,2025-02-10,3
EXP000989,CAN00636,OCC003,2018-04-18,2020-08-22,1
EXP000990,CAN00636,OCC003,2020-10-30,2022-12-26,2
EXP000991,CAN00637,OCC006,2024-03-13,2025-05-22,3
EXP000992,CAN00638,OCC005,2020-02-18,2022-02-28,3
EXP000993,CAN00639,OCC001,2020-05-15,2024-01-17,1
EXP000994,CAN00639,OCC001,2024-02-22,2025-01-25,1
EXP000995,CAN00640,OCC003,2021-02-06,2022-03-02,2
EXP000996,CAN00640,OCC003,2022-05-23,2025-02-22,2
EXP000997,CAN00641,OCC006,2020-09-08,2024-09-02,3
EXP000998,CAN00641,OCC005,2024-10-23,2025-12-29,4
EXP000999,CAN00642,OCC006,2023-02-20,2024-05-06,4
EXP001000,CAN00643,OCC001,2021-11-19,2025-08-01,1
EXP001001,CAN00643,OCC001,2025-09-10,2026-03-11,1
EXP001002,CAN00644,OCC004,2025-08-01,2026-02-19,4
EXP001003,CAN00645,OCC001,2023-09-18,2024-09-11,2
EXP001004,CAN00646,OCC005,2018-07-09,2021-08-17,3
EXP001005,CAN00647,OCC001,2022-01-19,2024-02-07,1
EXP001006,CAN00648,OCC003,2018-09-27,2020-10-21,1
EXP001007,CAN00648,OCC003,2020-11-14,2022-01-05,2
EXP001008,CAN00649,OCC010,2019-09-03,2022-07-25,3
EXP001009,CAN00650,OCC003,2021-10-25,2022-11-04,2
EXP001010,CAN00651,OCC005,2023-11-01,2024-06-22,3
EXP001011,CAN00652,OCC006,2021-04-12,2024-06-25,2
EXP001012,CAN00653,OCC003,2023-04-29,2025-01-28,2
EXP001013,CAN00654,OCC007,2025-08-12,2026-03-22,3
EXP001014,CAN00655,OCC008,2020-11-04,2021-05-29,3
EXP001015,CAN00656,OCC003,2019-12-05,2020-12-10,1
EXP001016,CAN00656,OCC003,2020-12-26,2024-06-11,1
EXP001017,CAN00656,OCC003,2024-08-24,2025-06-16,3
EXP001018,CAN00657,OCC010,2022-11-17,2025-03-07,4
EXP001019,CAN00658,OCC006,2022-06-29,2024-02-11,3
EXP001020,CAN00658,OCC007,2024-02-28,2025-01-22,4
EXP001021,CAN00659,OCC002,2023-09-16,2024-03-28,1
EXP001022,CAN00659,OCC002,2024-06-13,2025-01-26,1
EXP001023,CAN00660,OCC009,2025-02-17,2025-09-13,5
EXP001024,CAN00661,OCC010,2024-04-13,2025-03-21,3
EXP001025,CAN00662,OCC001,2024-05-21,2025-12-07,2
EXP001026,CAN00663,OCC004,2019-10-05,2022-04-26,3
EXP001027,CAN00663,OCC004,2022-06-06,2025-06-04,4
EXP001028,CAN00664,OCC001,2019-03-08,2020-02-11,1
EXP001029,CAN00664,OCC002,2020-06-04,2020-12-19,1
EXP001030,CAN00665,OCC002,2022-05-24,2025-01-29,1
EXP001031,CAN00666,OCC008,2024-07-09,2025-05-20,5
EXP001032,CAN00667,OCC002,2023-02-01,2026-02-17,1
EXP001033,CAN00668,OCC008,2022-07-05,2023-10-12,3
EXP001034,CAN00668,OCC001,2024-02-01,2026-02-25,2
EXP001035,CAN00669,OCC001,2022-01-01,2025-11-04,1
EXP001036,CAN00670,OCC001,2017-11-21,2018-06-11,1
EXP001037,CAN00670,OCC001,2018-08-21,2021-09-09,2
EXP001038,CAN00670,OCC008,2021-12-10,2024-02-18,5
EXP001039,CAN00671,OCC001,2022-09-11,2024-09-09,1
EXP001040,CAN00672,OCC006,2024-07-16,2026-01-17,3
EXP001041,CAN00673,OCC005,2025-03-11,2026-01-10,4
EXP001042,CAN00674,OCC001,2020-09-07,2022-11-04,1
EXP001043,CAN00674,OCC002,2023-01-03,2023-08-01,1
EXP001044,CAN00675,OCC001,2020-01-27,2023-11-11,1
EXP001045,CAN00675,OCC002,2024-01-27,2025-07-25,1
EXP001046,CAN00676,OCC003,2025-06-10,2026-03-02,2
EXP001047,CAN00677,OCC001,2024-03-30,2025-09-09,1
EXP001048,CAN00678,OCC007,2019-08-08,2021-11-29,3
EXP001049,CAN00679,OCC003,2022-12-06,2023-12-12,2
EXP001050,CAN00679,OCC003,2024-03-25,2025-12-23,2
EXP001051,CAN00680,OCC001,2022-08-07,2023-12-02,1
EXP001052,CAN00680,OCC002,2024-03-23,2025-05-20,2
EXP001053,CAN00681,OCC003,2020-11-11,2023-08-16,2
EXP001054,CAN00682,OCC002,2017-09-16,2021-07-03,1
EXP001055,CAN00683,OCC001,2023-10-13,2025-06-02,1
EXP001056,CAN00684,OCC005,2021-02-19,2022-06-21,3
EXP001057,CAN00685,OCC002,2018-12-22,2021-06-17,1
EXP001058,CAN00685,OCC001,2021-10-11,2023-03-11,2
EXP001059,CAN00686,OCC003,2023-09-27,2025-04-30,2
EXP001060,CAN00686,OCC002,2025-06-16,2026-01-02,1
EXP001061,CAN00687,OCC009,2022-11-18,2023-09-26,4
EXP001062,CAN00687,OCC007,2023-12-01,2025-01-19,2
EXP001063,CAN00687,OCC010,2025-04-02,2026-04-21,4
EXP001064,CAN00688,OCC003,2023-08-17,2025-11-21,2
EXP001065,CAN00688,OCC003,2025-12-21,2026-08-24,2
EXP001066,CAN00689,OCC003,2024-08-02,2025-05-10,1
EXP001067,CAN00689,OCC003,2025-09-04,2026-04-22,2
EXP001068,CAN00690,OCC002,2019-08-29,2020-06-23,1
EXP001069,CAN00690,OCC002,2020-07-16,2021-03-04,1
EXP001070,CAN00690,OCC005,2021-06-22,2022-10-19,4
EXP001071,CAN00691,OCC004,2025-02-25,2026-03-14,3
EXP001072,CAN00692,OCC007,2020-01-21,2020-12-09,3
EXP001073,CAN00693,OCC005,2024-08-07,2025-12-10,4
EXP001074,CAN00694,OCC004,2018-06-23,2020-09-12,4
EXP001075,CAN00694,OCC001,2020-12-07,2023-01-08,1
EXP001076,CAN00695,OCC001,2021-01-11,2022-12-01,1
EXP001077,CAN00695,OCC001,2023-03-06,2023-11-27,1
EXP001078,CAN00696,OCC008,2020-07-04,2024-06-01,3
EXP001079,CAN00696,OCC004,2024-08-23,2025-07-20,3
EXP001080,CAN00697,OCC002,2022-09-23,2023-05-23,1
EXP001081,CAN00697,OCC008,2023-07-20,2024-11-27,4
EXP001082,CAN00698,OCC006,2024-05-05,2025-02-12,3
EXP001083,CAN00698,OCC002,2025-05-02,2025-12-19,1
EXP001084,CAN00699,OCC001,2018-09-22,2021-07-21,2
EXP001085,CAN00699,OCC001,2021-09-12,2025-06-02,1
EXP001086,CAN00700,OCC004,2017-07-16,2018-07-15,3
EXP001087,CAN00700,OCC002,2018-09-05,2019-08-12,1
EXP001088,CAN00700,OCC002,2019-10-16,2022-09-05,1
EXP001089,CAN00701,OCC002,2019-05-11,2022-06-19,1
EXP001090,CAN00701,OCC001,2022-08-11,2025-04-13,2
EXP001091,CAN00702,OCC002,2023-12-21,2025-03-22,1
EXP001092,CAN00703,OCC007,2019-11-05,2020-06-19,3
EXP001093,CAN00703,OCC007,2020-08-05,2021-05-22,2
EXP001094,CAN00704,OCC008,2025-04-19,2026-07-30,5
EXP001095,CAN00705,OCC006,2020-10-25,2023-08-19,4
EXP001096,CAN00706,OCC006,2024-03-07,2025-07-12,3
EXP001097,CAN00707,OCC002,2025-01-04,2025-12-25,1
EXP001098,CAN00708,OCC003,2019-06-13,2020-07-29,2
EXP001099,CAN00708,OCC003,2020-09-30,2023-06-05,3
EXP001100,CAN00708,OCC006,2023-07-28,2025-04-21,3
EXP001101,CAN00709,OCC002,2023-10-14,2024-07-02,2
EXP001102,CAN00709,OCC002,2024-07-24,2025-12-17,1
EXP001103,CAN00710,OCC005,2022-08-27,2024-08-19,3
EXP001104,CAN00711,OCC009,2023-08-11,2025-04-14,5
EXP001105,CAN00712,OCC005,2019-11-13,2023-05-04,3
EXP001106,CAN00713,OCC002,2020-01-14,2021-06-26,1
EXP001107,CAN00714,OCC002,2023-07-25,2025-07-01,1
EXP001108,CAN00715,OCC006,2018-12-28,2020-02-06,3
EXP001109,CAN00716,OCC001,2018-05-12,2020-07-06,1
EXP001110,CAN00717,OCC010,2023-07-27,2026-03-10,4
EXP001111,CAN00718,OCC004,2019-01-26,2022-07-10,4
EXP001112,CAN00719,OCC001,2023-08-23,2025-03-10,2
EXP001113,CAN00720,OCC001,2025-03-21,2025-09-27,1
EXP001114,CAN00721,OCC005,2021-09-19,2022-07-29,4
EXP001115,CAN00722,OCC008,2021-06-21,2024-05-24,3
EXP001116,CAN00723,OCC001,2020-05-08,2023-11-06,1
EXP001117,CAN00724,OCC001,2019-09-03,2021-08-06,1
EXP001118,CAN00725,OCC010,2019-09-07,2023-06-21,4
EXP001119,CAN00725,OCC010,2023-07-10,2024-11-23,4
EXP001120,CAN00725,OCC006,2025-01-21,2026-07-12,3
EXP001121,CAN00726,OCC002,2020-06-29,2023-07-15,2
EXP001122,CAN00726,OCC001,2023-10-08,2024-09-12,1
EXP001123,CAN00727,OCC007,2020-07-30,2022-09-30,3
EXP001124,CAN00727,OCC010,2023-01-16,2024-04-18,3
EXP001125,CAN00728,OCC001,2021-04-20,2023-04-18,1
EXP001126,CAN00729,OCC007,2020-10-05,2022-02-12,3
EXP001127,CAN00730,OCC005,2018-01-07,2019-03-11,3
EXP001128,CAN00730,OCC004,2019-05-18,2021-01-30,3
EXP001129,CAN00730,OCC005,2021-05-04,2022-10-08,3
EXP001130,CAN00731,OCC003,2023-08-04,2025-11-01,2
EXP001131,CAN00732,OCC003,2019-12-15,2021-07-22,3
EXP001132,CAN00732,OCC003,2021-10-12,2023-02-07,3
EXP001133,CAN00733,OCC006,2018-06-15,2019-02-13,2
EXP001134,CAN00733,OCC008,2019-03-22,2019-10-10,4
EXP001135,CAN00734,OCC001,2019-06-29,2020-10-09,1
EXP001136,CAN00735,OCC008,2017-12-05,2021-08-22,3
EXP001137,CAN00735,OCC004,2021-09-09,2023-06-13,3
EXP001138,CAN00736,OCC005,2021-08-06,2023-07-18,4
EXP001139,CAN00736,OCC010,2023-11-08,2024-11-21,4
EXP001140,CAN00736,OCC004,2025-01-28,2025-08-23,3
EXP001141,CAN00737,OCC005,2021-04-30,2024-05-28,3
EXP001142,CAN00737,OCC005,2024-07-09,2025-06-03,2
EXP001143,CAN00738,OCC001,2024-02-26,2024-10-06,1
EXP001144,CAN00738,OCC002,2024-11-19,2026-01-15,1
EXP001145,CAN00739,OCC009,2022-12-07,2023-12-29,5
EXP001146,CAN00739,OCC002,2024-03-15,2025-08-19,1
EXP001147,CAN00740,OCC002,2025-05-13,2026-05-09,1
EXP001148,CAN00741,OCC002,2021-07-22,2023-09-23,2
EXP001149,CAN00742,OCC003,2018-11-25,2020-02-15,1
EXP001150,CAN00742,OCC003,2020-04-20,2023-08-26,2
EXP001151,CAN00743,OCC005,2021-08-03,2023-08-11,3
EXP001152,CAN00743,OCC005,2023-11-06,2025-11-28,4
EXP001153,CAN00744,OCC001,2022-01-15,2023-04-23,1
EXP001154,CAN00744,OCC001,2023-08-11,2025-04-11,1
EXP001155,CAN00745,OCC006,2020-05-21,2023-05-07,3
EXP001156,CAN00746,OCC001,2026-01-20,2026-08-18,1
EXP001157,CAN00747,OCC007,2019-09-07,2020-10-16,4
EXP001158,CAN00747,OCC006,2020-12-12,2021-06-23,2
EXP001159,CAN00748,OCC008,2020-05-28,2022-05-22,4
EXP001160,CAN00749,OCC003,2018-04-21,2019-11-08,1
EXP001161,CAN00749,OCC001,2020-02-10,2023-04-28,1
EXP001162,CAN00750,OCC007,2019-10-12,2020-09-16,2
EXP001163,CAN00750,OCC004,2020-12-12,2023-08-26,2
EXP001164,CAN00751,OCC004,2018-12-18,2022-07-25,3
EXP001165,CAN00752,OCC006,2024-01-23,2024-08-18,3
EXP001166,CAN00753,OCC003,2021-12-16,2023-04-23,2
EXP001167,CAN00753,OCC003,2023-07-22,2025-01-19,2
EXP001168,CAN00754,OCC006,2019-10-13,2021-08-19,3
EXP001169,CAN00755,OCC005,2023-08-18,2025-03-17,3
EXP001170,CAN00756,OCC008,2024-11-19,2025-07-08,4
EXP001171,CAN00756,OCC008,2025-11-05,2026-06-10,4
EXP001172,CAN00757,OCC004,2020-09-09,2021-05-20,3
EXP001173,CAN00757,OCC007,2021-06-27,2024-06-23,3
EXP001174,CAN00758,OCC008,2020-11-25,2021-11-22,4
EXP001175,CAN00759,OCC001,2023-03-09,2024-03-21,1
EXP001176,CAN00759,OCC002,2024-04-28,2025-04-19,1
EXP001177,CAN00759,OCC003,2025-05-10,2025-11-08,2
EXP001178,CAN00760,OCC009,2018-06-26,2020-05-28,4
EXP001179,CAN00760,OCC009,2020-07-11,2023-01-10,4
EXP001180,CAN00761,OCC002,2024-11-03,2025-12-05,1
EXP001181,CAN00762,OCC007,2021-04-02,2024-10-09,3
EXP001182,CAN00763,OCC006,2021-10-22,2024-02-05,3
EXP001183,CAN00764,OCC006,2018-05-09,2020-09-10,4
EXP001184,CAN00764,OCC005,2020-10-20,2023-05-20,4
EXP001185,CAN00765,OCC007,2018-05-07,2020-12-04,3
EXP001186,CAN00765,OCC006,2021-02-18,2022-06-04,3
EXP001187,CAN00766,OCC010,2022-08-17,2023-10-04,4
EXP001188,CAN00767,OCC002,2018-11-11,2020-08-14,1
EXP001189,CAN00767,OCC002,2020-09-14,2021-06-03,1
EXP001190,CAN00767,OCC001,2021-07-24,2022-01-31,1
EXP001191,CAN00768,OCC001,2022-10-08,2025-01-16,1
EXP001192,CAN00769,OCC002,2023-09-01,2026-03-16,1
EXP001193,CAN00770,OCC004,2022-06-15,2023-09-04,4
EXP001194,CAN00770,OCC009,2023-12-09,2024-12-01,4
EXP001195,CAN00771,OCC002,2019-11-19,2021-07-17,1
EXP001196,CAN00772,OCC009,2020-01-24,2020-12-01,3
EXP001197,CAN00773,OCC006,2022-02-10,2023-11-07,3
EXP001198,CAN00773,OCC010,2023-12-09,2026-05-10,4
EXP001199,CAN00774,OCC007,2018-11-17,2021-08-11,2
EXP001200,CAN00774,OCC005,2021-11-03,2024-08-01,3
EXP001201,CAN00775,OCC003,2019-12-05,2021-03-29,2
EXP001202,CAN00775,OCC003,2021-07-24,2024-08-07,1
EXP001203,CAN00776,OCC004,2024-06-10,2025-09-21,3
EXP001204,CAN00777,OCC009,2020-02-12,2023-07-21,5
EXP001205,CAN00777,OCC006,2023-10-11,2024-08-11,3
EXP001206,CAN00778,OCC005,2023-02-02,2025-02-05,2
EXP001207,CAN00779,OCC001,2018-06-13,2021-09-06,1
EXP001208,CAN00779,OCC002,2021-10-29,2025-06-17,1
EXP001209,CAN00779,OCC007,2025-07-15,2026-01-31,2
EXP001210,CAN00780,OCC003,2020-11-07,2022-03-16,3
EXP001211,CAN00781,OCC008,2025-11-12,2026-05-25,5
EXP001212,CAN00782,OCC003,2021-06-30,2023-12-12,1
EXP001213,CAN00783,OCC002,2017-10-03,2020-03-04,1
EXP001214,CAN00783,OCC002,2020-03-24,2022-09-05,1
EXP001215,CAN00783,OCC001,2022-11-05,2023-08-17,2
EXP001216,CAN00784,OCC005,2017-05-17,2019-02-13,3
EXP001217,CAN00784,OCC006,2019-03-31,2021-03-09,3
EXP001218,CAN00785,OCC010,2021-02-15,2023-10-09,4
EXP001219,CAN00785,OCC005,2023-11-04,2025-02-09,3
EXP001220,CAN00786,OCC005,2020-10-14,2022-09-27,2
EXP001221,CAN00787,OCC003,2021-01-20,2024-04-18,2
EXP001222,CAN00787,OCC002,2024-07-28,2025-02-09,1
EXP001223,CAN00788,OCC005,2017-05-10,2020-04-07,3
EXP001224,CAN00788,OCC008,2020-05-16,2022-11-03,4
EXP001225,CAN00788,OCC010,2023-01-22,2024-10-23,4
EXP001226,CAN00789,OCC002,2023-08-26,2024-11-24,2
EXP001227,CAN00790,OCC005,2022-04-29,2025-06-13,4
EXP001228,CAN00791,OCC009,2023-02-15,2023-12-14,4
EXP001229,CAN00792,OCC004,2022-02-15,2024-09-13,3
EXP001230,CAN00793,OCC005,2022-07-27,2025-04-27,2
EXP001231,CAN00793,OCC007,2025-05-25,2025-11-21,4
EXP001232,CAN00794,OCC002,2024-09-16,2025-04-17,1
EXP001233,CAN00795,OCC001,2019-05-31,2020-01-17,1
EXP001234,CAN00795,OCC005,2020-02-05,2022-07-25,3
EXP001235,CAN00796,OCC003,2020-10-25,2024-03-27,3
EXP001236,CAN00796,OCC003,2024-06-11,2026-03-31,2
EXP001237,CAN00797,OCC001,2021-12-07,2023-09-01,1
EXP001238,CAN00798,OCC004,2017-12-05,2018-09-11,4
EXP001239,CAN00798,OCC001,2018-10-27,2022-05-10,1
EXP001240,CAN00799,OCC003,2020-08-29,2022-03-13,1
EXP001241,CAN00799,OCC003,2022-06-15,2024-08-11,2
EXP001242,CAN00800,OCC001,2023-04-24,2025-05-21,1
EXP001243,CAN00801,OCC005,2017-10-09,2019-10-30,3
EXP001244,CAN00801,OCC008,2019-12-09,2022-10-17,3
EXP001245,CAN00802,OCC001,2023-05-13,2024-12-08,2
EXP001246,CAN00802,OCC002,2025-02-25,2025-09-11,1
EXP001247,CAN00803,OCC004,2019-11-19,2021-08-01,3
EXP001248,CAN00803,OCC010,2021-09-12,2024-08-15,3
EXP001249,CAN00803,OCC005,2024-10-08,2025-05-13,2
EXP001250,CAN00804,OCC009,2018-08-02,2019-05-02,3
EXP001251,CAN00805,OCC002,2019-05-18,2023-03-31,2
EXP001252,CAN00805,OCC002,2023-06-01,2024-06-29,1
EXP001253,CAN00806,OCC001,2020-12-25,2023-03-19,1
EXP001254,CAN00807,OCC001,2019-05-31,2021-05-29,1
EXP001255,CAN00808,OCC001,2021-08-18,2023-05-16,1
EXP001256,CAN00809,OCC009,2019-09-19,2020-12-04,4
EXP001257,CAN00809,OCC005,2021-01-31,2024-02-16,2
EXP001258,CAN00809,OCC005,2024-05-08,2025-08-25,2
EXP001259,CAN00810,OCC002,2024-07-12,2025-03-19,1
EXP001260,CAN00811,OCC004,2020-11-10,2022-01-22,2
EXP001261,CAN00811,OCC004,2022-04-16,2022-12-18,3
EXP001262,CAN00812,OCC007,2021-06-18,2024-09-03,3
EXP001263,CAN00813,OCC006,2020-08-04,2023-02-19,2
EXP001264,CAN00814,OCC003,2020-09-01,2021-05-02,2
EXP001265,CAN00814,OCC009,2021-05-31,2023-08-17,5
EXP001266,CAN00814,OCC008,2023-11-30,2026-06-02,4
EXP001267,CAN00815,OCC005,2025-07-12,2026-05-29,2
EXP001268,CAN00816,OCC003,2019-11-11,2023-09-05,1
EXP001269,CAN00816,OCC005,2023-10-11,2025-05-27,3
EXP001270,CAN00817,OCC006,2020-11-09,2024-08-26,3
EXP001271,CAN00817,OCC002,2024-11-29,2025-06-07,1
EXP001272,CAN00818,OCC003,2022-11-27,2023-11-16,2
EXP001273,CAN00818,OCC002,2023-12-02,2026-03-26,1
EXP001274,CAN00819,OCC002,2019-09-27,2023-08-23,1
EXP001275,CAN00819,OCC001,2023-09-21,2025-01-23,1
EXP001276,CAN00820,OCC003,2023-06-05,2024-07-01,1
EXP001277,CAN00820,OCC003,2024-10-14,2025-08-21,1
EXP001278,CAN00821,OCC009,2018-10-23,2021-12-31,4
EXP001279,CAN00821,OCC007,2022-03-02,2023-07-10,2
EXP001280,CAN00822,OCC007,2018-12-30,2020-08-25,3
EXP001281,CAN00822,OCC002,2020-11-21,2024-06-13,1
EXP001282,CAN00823,OCC005,2019-10-19,2023-04-08,2
EXP001283,CAN00823,OCC007,2023-05-24,2024-01-22,3
EXP001284,CAN00823,OCC007,2024-04-16,2025-01-11,3
EXP001285,CAN00824,OCC009,2022-12-14,2025-01-22,4
EXP001286,CAN00824,OCC008,2025-03-08,2025-12-15,4
EXP001287,CAN00825,OCC009,2020-09-03,2024-07-03,4
EXP001288,CAN00825,OCC008,2024-07-20,2025-03-06,3
EXP001289,CAN00826,OCC006,2022-04-02,2023-08-24,3
EXP001290,CAN00826,OCC005,2023-11-09,2025-07-12,3
EXP001291,CAN00827,OCC007,2025-01-22,2025-08-14,3
EXP001292,CAN00828,OCC009,2018-07-17,2019-10-12,4
EXP001293,CAN00828,OCC004,2019-12-25,2020-11-21,3
EXP001294,CAN00829,OCC003,2021-10-06,2023-07-27,1
EXP001295,CAN00830,OCC002,2023-06-12,2025-05-27,1
EXP001296,CAN00830,OCC001,2025-07-22,2026-03-21,1
EXP001297,CAN00831,OCC002,2022-04-24,2025-09-03,1
EXP001298,CAN00832,OCC003,2022-10-18,2023-11-12,2
EXP001299,CAN00832,OCC003,2024-01-01,2024-07-20,3
EXP001300,CAN00833,OCC003,2025-05-01,2025-11-15,2
EXP001301,CAN00834,OCC001,2024-02-16,2025-03-01,1
EXP001302,CAN00835,OCC003,2025-07-09,2026-01-07,2
EXP001303,CAN00836,OCC001,2021-08-03,2024-12-28,1
EXP001304,CAN00836,OCC001,2025-01-19,2025-07-29,2
EXP001305,CAN00837,OCC006,2020-04-28,2024-03-08,3
EXP001306,CAN00837,OCC003,2024-06-08,2025-08-12,2
EXP001307,CAN00837,OCC003,2025-08-31,2026-03-09,2
EXP001308,CAN00838,OCC009,2021-09-05,2023-09-14,3
EXP001309,CAN00839,OCC002,2018-12-22,2019-09-09,1
EXP001310,CAN00839,OCC001,2019-10-05,2022-11-20,1
EXP001311,CAN00840,OCC007,2024-04-05,2025-08-29,3
EXP001312,CAN00840,OCC004,2025-10-22,2026-07-23,2
EXP001313,CAN00841,OCC002,2023-02-11,2023-11-02,1
EXP001314,CAN00842,OCC001,2020-11-29,2021-09-18,1
EXP001315,CAN00842,OCC001,2021-10-06,2025-02-24,2
EXP001316,CAN00843,OCC002,2021-02-27,2024-11-11,1
EXP001317,CAN00843,OCC002,2025-01-13,2025-12-29,1
EXP001318,CAN00844,OCC002,2019-04-17,2019-11-13,1
EXP001319,CAN00844,OCC002,2020-01-20,2022-09-09,1
EXP001320,CAN00844,OCC003,2022-10-05,2023-04-29,2
EXP001321,CAN00845,OCC005,2019-03-06,2021-04-06,3
EXP001322,CAN00845,OCC004,2021-07-07,2023-02-26,2
EXP001323,CAN00846,OCC001,2022-04-23,2023-06-23,1
EXP001324,CAN00846,OCC002,2023-08-24,2024-11-12,1
EXP001325,CAN00846,OCC002,2024-12-23,2026-07-05,1
EXP001326,CAN00847,OCC010,2025-03-25,2026-04-15,4
EXP001327,CAN00848,OCC004,2023-05-05,2025-01-10,4
EXP001328,CAN00849,OCC003,2023-11-02,2024-04-30,3
EXP001329,CAN00849,OCC003,2024-05-16,2025-09-13,2
EXP001330,CAN00850,OCC002,2017-06-10,2021-05-04,1
EXP001331,CAN00850,OCC004,2021-08-21,2022-12-19,2
EXP001332,CAN00851,OCC001,2020-03-16,2023-01-08,2
EXP001333,CAN00851,OCC002,2023-02-27,2024-08-17,1
EXP001334,CAN00852,OCC003,2022-06-12,2024-06-30,1
EXP001335,CAN00852,OCC002,2024-07-25,2025-04-11,1
EXP001336,CAN00853,OCC001,2025-04-22,2026-06-04,2
EXP001337,CAN00854,OCC001,2021-09-27,2022-08-10,1
EXP001338,CAN00855,OCC007,2025-11-23,2026-06-14,3
EXP001339,CAN00856,OCC010,2023-03-25,2024-02-29,4
EXP001340,CAN00856,OCC007,2024-06-22,2025-07-05,3
EXP001341,CAN00857,OCC005,2022-12-16,2023-06-25,3
EXP001342,CAN00857,OCC008,2023-10-15,2024-05-11,4
EXP001343,CAN00858,OCC005,2020-03-25,2022-03-01,4
EXP001344,CAN00858,OCC005,2022-03-23,2023-10-02,2
EXP001345,CAN00859,OCC003,2022-10-21,2024-04-10,1
EXP001346,CAN00859,OCC002,2024-07-09,2026-07-04,1
EXP001347,CAN00860,OCC004,2022-07-06,2023-03-23,3
EXP001348,CAN00861,OCC004,2024-08-13,2025-06-14,3
EXP001349,CAN00862,OCC001,2020-10-13,2024-05-10,1
EXP001350,CAN00862,OCC001,2024-07-28,2025-12-14,1
EXP001351,CAN00863,OCC003,2020-05-08,2021-05-15,1
EXP001352,CAN00864,OCC002,2017-11-08,2018-09-22,1
EXP001353,CAN00864,OCC002,2018-10-24,2020-09-04,1
EXP001354,CAN00865,OCC003,2019-07-20,2022-03-23,2
EXP001355,CAN00865,OCC003,2022-07-03,2023-03-15,2
EXP001356,CAN00866,OCC009,2018-03-30,2020-04-17,4
EXP001357,CAN00867,OCC002,2025-02-01,2025-08-22,2
EXP001358,CAN00868,OCC001,2023-08-18,2024-09-03,1
EXP001359,CAN00868,OCC002,2025-01-01,2025-11-12,1
EXP001360,CAN00869,OCC006,2022-09-27,2025-02-25,3
EXP001361,CAN00870,OCC009,2021-12-20,2024-06-05,4
EXP001362,CAN00870,OCC003,2024-07-07,2025-09-18,2
EXP001363,CAN00871,OCC005,2024-05-11,2025-09-14,2
EXP001364,CAN00872,OCC002,2021-04-23,2025-03-07,2
EXP001365,CAN00873,OCC001,2023-08-21,2024-07-18,2
EXP001366,CAN00873,OCC002,2024-09-27,2025-05-05,2
EXP001367,CAN00874,OCC001,2019-07-09,2021-03-23,1
EXP001368,CAN00874,OCC002,2021-07-17,2024-09-10,1
EXP001369,CAN00874,OCC002,2024-12-29,2025-12-24,1
EXP001370,CAN00875,OCC007,2024-11-20,2026-06-16,4
EXP001371,CAN00876,OCC008,2020-04-17,2024-04-12,3
EXP001372,CAN00877,OCC007,2020-01-22,2020-10-10,2
EXP001373,CAN00878,OCC007,2024-01-06,2025-12-31,3
EXP001374,CAN00879,OCC002,2021-10-16,2024-12-28,1
EXP001375,CAN00880,OCC001,2022-01-16,2025-11-15,1
EXP001376,CAN00881,OCC006,2019-12-17,2023-06-26,4
EXP001377,CAN00881,OCC001,2023-10-02,2024-03-30,2
EXP001378,CAN00882,OCC010,2019-05-02,2020-08-19,4
EXP001379,CAN00882,OCC007,2020-09-06,2021-11-10,3
EXP001380,CAN00882,OCC004,2022-02-12,2024-04-05,3
EXP001381,CAN00883,OCC001,2020-03-21,2023-11-27,1
EXP001382,CAN00884,OCC004,2023-05-01,2024-10-20,3
EXP001383,CAN00884,OCC008,2024-12-11,2026-01-25,5
EXP001384,CAN00885,OCC002,2021-04-10,2021-11-24,1
EXP001385,CAN00885,OCC001,2022-02-23,2025-09-11,2
EXP001386,CAN00886,OCC004,2019-01-26,2020-01-07,3
EXP001387,CAN00886,OCC008,2020-04-22,2024-03-16,5
EXP001388,CAN00886,OCC009,2024-06-19,2026-02-25,4
EXP001389,CAN00887,OCC001,2024-02-05,2025-03-08,1
EXP001390,CAN00888,OCC009,2022-06-25,2025-04-14,4
EXP001391,CAN00888,OCC009,2025-07-02,2026-05-27,4
EXP001392,CAN00889,OCC006,2023-11-19,2025-12-17,4
EXP001393,CAN00890,OCC001,2023-11-26,2025-07-31,1
EXP001394,CAN00891,OCC002,2023-05-22,2024-05-25,1
EXP001395,CAN00892,OCC008,2020-05-24,2022-07-27,3
EXP001396,CAN00892,OCC009,2022-10-02,2023-08-23,4
EXP001397,CAN00893,OCC005,2021-01-24,2024-05-02,3
EXP001398,CAN00894,OCC003,2019-12-11,2022-09-22,2
EXP001399,CAN00895,OCC008,2024-10-24,2025-09-28,4
EXP001400,CAN00896,OCC003,2024-07-17,2025-03-10,2
EXP001401,CAN00897,OCC004,2018-09-20,2022-05-01,4
EXP001402,CAN00897,OCC008,2022-05-26,2025-10-24,5
EXP001403,CAN00898,OCC001,2023-12-15,2025-12-31,1
EXP001404,CAN00899,OCC005,2025-09-29,2026-05-11,3
EXP001405,CAN00900,OCC006,2022-06-26,2024-01-10,4
EXP001406,CAN00900,OCC001,2024-02-16,2024-11-30,1
EXP001407,CAN00901,OCC001,2021-01-29,2022-02-11,1
EXP001408,CAN00902,OCC005,2020-12-04,2022-01-13,3
EXP001409,CAN00902,OCC005,2022-03-02,2023-04-18,3
EXP001410,CAN00903,OCC004,2020-02-25,2021-12-23,3
EXP001411,CAN00903,OCC004,2022-03-26,2025-09-05,2
EXP001412,CAN00903,OCC005,2025-10-24,2026-05-24,4
EXP001413,CAN00904,OCC007,2020-12-18,2021-11-12,4
EXP001414,CAN00905,OCC001,2020-01-26,2023-06-26,1
EXP001415,CAN00905,OCC002,2023-10-03,2026-02-15,2
EXP001416,CAN00906,OCC005,2020-11-03,2023-05-15,2
EXP001417,CAN00906,OCC001,2023-06-29,2024-09-28,1
EXP001418,CAN00907,OCC005,2022-06-04,2025-03-07,3
EXP001419,CAN00908,OCC002,2024-06-01,2025-09-20,1
EXP001420,CAN00908,OCC002,2025-11-23,2026-05-26,1
EXP001421,CAN00909,OCC001,2018-03-03,2022-02-21,1
EXP001422,CAN00909,OCC002,2022-04-03,2022-12-28,1
EXP001423,CAN00909,OCC001,2023-03-13,2024-04-30,1
EXP001424,CAN00910,OCC006,2022-10-29,2024-12-25,2
EXP001425,CAN00910,OCC001,2025-02-27,2025-10-10,1
EXP001426,CAN00911,OCC004,2022-09-10,2024-07-05,2
EXP001427,CAN00912,OCC006,2022-03-06,2025-06-24,2
EXP001428,CAN00912,OCC002,2025-09-04,2026-08-30,1
EXP001429,CAN00913,OCC002,2018-10-29,2022-09-19,1
EXP001430,CAN00913,OCC002,2022-12-16,2024-08-03,1
EXP001431,CAN00914,OCC001,2023-04-30,2025-12-02,2
EXP001432,CAN00914,OCC002,2026-02-11,2026-08-25,1
EXP001433,CAN00915,OCC006,2023-05-22,2025-07-18,3
EXP001434,CAN00916,OCC003,2021-06-16,2024-02-21,2
EXP001435,CAN00916,OCC003,2024-05-16,2025-03-15,3
EXP001436,CAN00917,OCC006,2023-07-20,2026-05-04,4
EXP001437,CAN00918,OCC003,2023-08-07,2025-02-12,3
EXP001438,CAN00918,OCC007,2025-04-21,2025-10-28,2
EXP001439,CAN00919,OCC001,2022-05-01,2023-01-14,1
EXP001440,CAN00919,OCC008,2023-03-10,2025-11-21,5
EXP001441,CAN00920,OCC006,2024-10-20,2025-04-20,3
EXP001442,CAN00920,OCC009,2025-05-11,2025-11-23,5
EXP001443,CAN00921,OCC010,2019-04-10,2021-05-23,5
EXP001444,CAN00921,OCC010,2021-08-14,2025-03-11,5
EXP001445,CAN00922,OCC001,2023-09-23,2024-06-16,2
EXP001446,CAN00922,OCC001,2024-08-09,2025-02-25,1
EXP001447,CAN00922,OCC001,2025-06-16,2026-04-11,2
EXP001448,CAN00923,OCC002,2023-02-08,2024-01-11,1
EXP001449,CAN00923,OCC002,2024-01-26,2025-04-22,2
EXP001450,CAN00924,OCC001,2020-11-27,2022-07-06,1
EXP001451,CAN00924,OCC001,2022-08-05,2024-09-02,2
EXP001452,CAN00925,OCC001,2021-04-27,2021-12-11,1
EXP001453,CAN00926,OCC007,2018-06-04,2022-01-09,3
EXP001454,CAN00926,OCC005,2022-02-09,2025-05-19,3
EXP001455,CAN00927,OCC004,2020-02-15,2023-05-27,3
EXP001456,CAN00927,OCC005,2023-07-16,2025-01-09,2
EXP001457,CAN00928,OCC005,2022-11-26,2024-10-12,3
EXP001458,CAN00928,OCC004,2025-01-25,2025-07-25,2
EXP001459,CAN00929,OCC007,2018-01-05,2020-05-01,3
EXP001460,CAN00930,OCC006,2021-10-21,2024-09-10,2
EXP001461,CAN00931,OCC005,2018-06-16,2019-07-26,3
EXP001462,CAN00931,OCC010,2019-08-15,2021-12-30,4
EXP001463,CAN00932,OCC005,2023-10-23,2024-09-04,4
EXP001464,CAN00933,OCC003,2024-02-17,2025-06-22,3
EXP001465,CAN00934,OCC001,2021-01-13,2023-05-04,1
EXP001466,CAN00934,OCC003,2023-06-28,2024-02-24,2
EXP001467,CAN00935,OCC008,2022-12-22,2024-04-17,3
EXP001468,CAN00936,OCC006,2018-01-21,2019-03-03,2
EXP001469,CAN00936,OCC006,2019-05-10,2020-09-14,2
EXP001470,CAN00937,OCC001,2019-05-11,2020-11-09,1
EXP001471,CAN00937,OCC002,2020-12-23,2022-08-16,1
EXP001472,CAN00938,OCC002,2025-02-06,2025-10-10,1
EXP001473,CAN00938,OCC002,2025-11-10,2026-07-15,1
EXP001474,CAN00939,OCC003,2022-03-20,2024-08-20,2
EXP001475,CAN00940,OCC002,2024-12-10,2025-12-06,1
EXP001476,CAN00940,OCC002,2025-12-25,2026-07-06,2
EXP001477,CAN00941,OCC005,2018-05-12,2022-01-30,3
EXP001478,CAN00941,OCC006,2022-03-22,2024-12-14,3
EXP001479,CAN00942,OCC006,2022-03-24,2024-09-11,3
EXP001480,CAN00943,OCC003,2025-01-19,2025-08-29,3
EXP001481,CAN00944,OCC003,2018-04-04,2018-11-17,2
EXP001482,CAN00944,OCC006,2019-02-12,2020-04-21,3
EXP001483,CAN00945,OCC002,2023-09-04,2025-07-15,1
EXP001484,CAN00945,OCC001,2025-10-31,2026-05-01,1
EXP001485,CAN00946,OCC003,2021-03-06,2024-06-07,1
EXP001486,CAN00947,OCC010,2017-10-27,2020-02-02,4
EXP001487,CAN00947,OCC007,2020-03-07,2021-09-07,3
EXP001488,CAN00948,OCC002,2019-02-26,2022-11-21,2
EXP001489,CAN00948,OCC001,2023-01-26,2025-06-06,1
EXP001490,CAN00949,OCC002,2019-03-17,2020-03-30,1
EXP001491,CAN00949,OCC002,2020-06-10,2022-06-18,1
EXP001492,CAN00950,OCC005,2017-09-27,2018-09-28,3
EXP001493,CAN00951,OCC004,2019-04-01,2020-10-31,3
EXP001494,CAN00952,OCC009,2024-05-17,2025-01-07,5
EXP001495,CAN00953,OCC003,2023-08-25,2025-01-06,3
EXP001496,CAN00954,OCC006,2018-08-22,2019-10-03,2
EXP001497,CAN00954,OCC001,2019-12-10,2020-10-01,2
EXP001498,CAN00955,OCC005,2020-05-19,2022-03-15,4
EXP001499,CAN00955,OCC007,2022-05-14,2023-12-17,4
EXP001500,CAN00955,OCC006,2024-02-07,2026-03-30,3
EXP001501,CAN00956,OCC009,2018-07-21,2020-08-14,3
EXP001502,CAN00957,OCC004,2019-01-03,2020-10-17,2
EXP001503,CAN00957,OCC001,2021-01-28,2022-02-28,1
EXP001504,CAN00958,OCC005,2017-09-22,2021-02-02,2
EXP001505,CAN00959,OCC002,2018-01-02,2020-10-19,1
EXP001506,CAN00959,OCC002,2020-12-14,2024-02-23,1
EXP001507,CAN00960,OCC001,2025-09-25,2026-04-01,1
EXP001508,CAN00961,OCC009,2021-02-02,2024-02-08,5
EXP001509,CAN00962,OCC010,2022-08-04,2023-06-09,4
EXP001510,CAN00962,OCC006,2023-09-13,2024-08-18,4
EXP001511,CAN00962,OCC010,2024-10-24,2025-09-10,3
EXP001512,CAN00963,OCC001,2021-12-09,2022-09-13,2
EXP001513,CAN00963,OCC002,2022-10-01,2025-03-21,1
EXP001514,CAN00964,OCC010,2025-02-20,2025-10-05,4
EXP001515,CAN00964,OCC004,2025-12-15,2026-06-17,3
EXP001516,CAN00965,OCC008,2019-11-29,2021-05-18,4
EXP001517,CAN00965,OCC004,2021-08-31,2025-02-15,3
EXP001518,CAN00966,OCC002,2021-10-17,2023-10-26,2
EXP001519,CAN00966,OCC001,2023-12-29,2026-02-11,1
EXP001520,CAN00967,OCC003,2023-07-21,2024-12-02,2
EXP001521,CAN00967,OCC009,2025-01-01,2025-07-15,4
EXP001522,CAN00968,OCC006,2025-04-26,2026-09-05,3
EXP001523,CAN00969,OCC006,2025-11-19,2026-09-09,4
EXP001524,CAN00970,OCC004,2020-07-18,2022-03-10,4
EXP001525,CAN00971,OCC004,2022-08-14,2024-03-30,3
EXP001526,CAN00971,OCC007,2024-04-27,2026-04-14,3
EXP001527,CAN00972,OCC002,2024-06-19,2025-05-03,1
EXP001528,CAN00973,OCC006,2023-12-31,2024-10-28,3
EXP001529,CAN00973,OCC008,2025-02-12,2025-08-16,4
EXP001530,CAN00974,OCC007,2022-05-09,2023-05-08,4
EXP001531,CAN00974,OCC005,2023-06-05,2025-08-13,3
EXP001532,CAN00975,OCC005,2025-05-20,2026-01-21,2
EXP001533,CAN00976,OCC007,2020-03-08,2022-04-16,2
EXP001534,CAN00976,OCC009,2022-06-27,2025-04-08,3
EXP001535,CAN00977,OCC001,2019-03-12,2021-07-11,1
EXP001536,CAN00978,OCC010,2018-03-10,2019-05-31,4
EXP001537,CAN00978,OCC006,2019-06-16,2021-05-02,3
EXP001538,CAN00979,OCC005,2023-06-24,2025-08-30,3
EXP001539,CAN00980,OCC003,2025-01-25,2026-02-17,2
EXP001540,CAN00981,OCC001,2019-05-12,2021-03-27,1
EXP001541,CAN00982,OCC003,2022-09-26,2024-07-31,1
EXP001542,CAN00983,OCC005,2022-10-22,2024-05-03,3
EXP001543,CAN00983,OCC010,2024-08-16,2025-04-29,4
EXP001544,CAN00984,OCC002,2018-05-09,2019-05-20,1
EXP001545,CAN00984,OCC001,2019-08-15,2021-05-22,1
EXP001546,CAN00984,OCC002,2021-09-11,2023-11-28,1
EXP001547,CAN00985,OCC007,2023-04-11,2024-09-13,3
EXP001548,CAN00985,OCC004,2024-12-12,2025-09-21,3
EXP001549,CAN00986,OCC002,2019-06-08,2020-01-28,2
EXP001550,CAN00986,OCC002,2020-05-13,2023-06-09,2
EXP001551,CAN00987,OCC003,2017-12-20,2020-08-03,3
EXP001552,CAN00987,OCC003,2020-10-18,2021-09-10,1
EXP001553,CAN00987,OCC003,2021-11-15,2023-02-21,2
EXP001554,CAN00988,OCC004,2024-11-02,2025-05-23,3
EXP001555,CAN00989,OCC001,2020-05-15,2021-10-23,1
EXP001556,CAN00989,OCC008,2022-02-20,2024-08-31,5
EXP001557,CAN00990,OCC004,2019-07-28,2020-12-12,3
EXP001558,CAN00991,OCC009,2020-12-25,2021-09-17,4
EXP001559,CAN00991,OCC007,2021-11-05,2022-12-15,4
EXP001560,CAN00992,OCC005,2018-10-01,2022-05-11,3
EXP001561,CAN00993,OCC001,2021-12-12,2023-02-05,1
EXP001562,CAN00994,OCC006,2024-01-16,2026-03-22,3
EXP001563,CAN00995,OCC001,2025-03-18,2025-12-01,1
EXP001564,CAN00996,OCC004,2018-10-01,2019-07-15,3
EXP001565,CAN00997,OCC006,2023-04-26,2023-11-24,3
EXP001566,CAN00997,OCC007,2023-12-22,2025-06-28,3
EXP001567,CAN00998,OCC009,2023-09-07,2025-04-11,4
EXP001568,CAN00999,OCC001,2018-10-29,2021-04-12,1
EXP001569,CAN00999,OCC001,2021-07-27,2023-04-24,2
EXP001570,CAN00999,OCC001,2023-08-02,2024-06-15,1
EXP001571,CAN01000,OCC001,2022-06-22,2025-09-13,1
EXP001572,CAN01001,OCC010,2022-01-29,2023-11-23,4
EXP001573,CAN01002,OCC004,2022-10-26,2025-01-23,4
EXP001574,CAN01002,OCC005,2025-05-13,2026-01-17,3
EXP001575,CAN01003,OCC005,2019-04-28,2021-05-15,3
EXP001576,CAN01003,OCC010,2021-07-06,2024-11-18,4
EXP001577,CAN01004,OCC001,2021-04-26,2023-06-28,1
EXP001578,CAN01004,OCC001,2023-10-23,2026-05-17,1
EXP001579,CAN01005,OCC006,2023-11-27,2024-10-24,4
EXP001580,CAN01006,OCC003,2021-10-12,2025-01-04,2
EXP001581,CAN01006,OCC003,2025-02-13,2025-09-07,1
EXP001582,CAN01006,OCC003,2025-11-02,2026-07-08,1
EXP001583,CAN01007,OCC001,2019-01-28,2021-09-14,1
EXP001584,CAN01007,OCC002,2021-10-31,2022-05-09,1
EXP001585,CAN01008,OCC004,2018-08-19,2019-07-07,4
EXP001586,CAN01009,OCC003,2019-10-29,2023-04-21,2
EXP001587,CAN01010,OCC007,2021-01-02,2022-06-16,2
EXP001588,CAN01011,OCC001,2018-09-10,2022-05-17,1
EXP001589,CAN01011,OCC001,2022-06-22,2023-10-20,1
EXP001590,CAN01012,OCC009,2023-01-22,2025-01-05,4
EXP001591,CAN01013,OCC001,2022-10-17,2026-03-19,1
EXP001592,CAN01014,OCC001,2022-12-01,2024-12-29,1
EXP001593,CAN01015,OCC001,2023-01-29,2024-05-28,2
EXP001594,CAN01016,OCC006,2017-10-16,2020-04-28,3
EXP001595,CAN01017,OCC005,2024-06-27,2025-01-21,3
EXP001596,CAN01018,OCC003,2023-09-08,2026-01-24,1
EXP001597,CAN01019,OCC004,2024-01-18,2024-09-13,4
EXP001598,CAN01019,OCC005,2024-10-23,2025-09-28,3
EXP001599,CAN01019,OCC008,2025-12-24,2026-06-25,4
EXP001600,CAN01020,OCC001,2019-09-16,2020-07-20,1
EXP001601,CAN01020,OCC005,2020-09-21,2021-05-09,3
EXP001602,CAN01020,OCC009,2021-05-26,2025-03-12,5
EXP001603,CAN01021,OCC004,2022-09-07,2024-07-27,2
EXP001604,CAN01021,OCC007,2024-09-19,2025-09-10,3
EXP001605,CAN01022,OCC001,2021-07-25,2024-08-02,1
EXP001606,CAN01023,OCC005,2021-01-20,2024-12-24,2
EXP001607,CAN01024,OCC004,2020-09-03,2021-10-01,3
EXP001608,CAN01024,OCC007,2021-11-01,2022-10-18,4
EXP001609,CAN01025,OCC006,2019-05-17,2020-01-01,4
EXP001610,CAN01026,OCC008,2022-05-02,2024-04-19,4
EXP001611,CAN01026,OCC008,2024-05-06,2025-02-19,4
EXP001612,CAN01027,OCC003,2018-10-16,2020-08-24,1
EXP001613,CAN01028,OCC007,2019-02-16,2021-08-24,4
EXP001614,CAN01029,OCC008,2019-10-07,2023-01-18,3
EXP001615,CAN01029,OCC001,2023-05-10,2025-03-29,1
EXP001616,CAN01030,OCC005,2019-05-12,2021-02-13,2
EXP001617,CAN01031,OCC001,2021-03-28,2022-01-28,1
EXP001618,CAN01032,OCC004,2018-03-15,2021-02-13,2
EXP001619,CAN01032,OCC004,2021-05-21,2023-12-19,3
EXP001620,CAN01033,OCC007,2024-03-17,2024-11-24,3
EXP001621,CAN01034,OCC001,2024-12-20,2025-09-09,2
EXP001622,CAN01035,OCC002,2023-01-10,2025-12-29,2
EXP001623,CAN01036,OCC003,2024-05-19,2024-12-28,2
EXP001624,CAN01036,OCC004,2025-03-14,2025-12-23,3
EXP001625,CAN01037,OCC003,2020-11-01,2023-02-01,2
EXP001626,CAN01037,OCC003,2023-05-03,2025-01-21,1
EXP001627,CAN01038,OCC004,2023-03-23,2023-12-28,3
EXP001628,CAN01038,OCC008,2024-02-29,2025-05-01,4
EXP001629,CAN01039,OCC005,2020-08-07,2021-08-05,3
EXP001630,CAN01039,OCC002,2021-10-25,2022-09-15,1
EXP001631,CAN01040,OCC006,2021-07-19,2023-01-10,3
EXP001632,CAN01040,OCC007,2023-03-18,2024-12-24,4
EXP001633,CAN01041,OCC007,2022-04-30,2025-06-26,3
EXP001634,CAN01041,OCC005,2025-07-22,2026-01-30,3
EXP001635,CAN01042,OCC006,2022-10-02,2023-11-02,2
EXP001636,CAN01043,OCC006,2025-02-04,2025-09-18,3
EXP001637,CAN01044,OCC001,2021-11-25,2024-09-07,1
EXP001638,CAN01045,OCC010,2022-08-02,2023-11-08,3
EXP001639,CAN01046,OCC006,2020-09-20,2022-06-08,4
EXP001640,CAN01047,OCC010,2024-10-22,2025-04-24,4
EXP001641,CAN01048,OCC003,2019-04-04,2021-10-14,3
EXP001642,CAN01049,OCC003,2019-02-03,2021-08-09,2
EXP001643,CAN01049,OCC003,2021-11-07,2022-06-04,2
EXP001644,CAN01049,OCC003,2022-07-24,2024-07-25,1
EXP001645,CAN01050,OCC009,2020-03-08,2021-12-22,4
EXP001646,CAN01051,OCC003,2018-02-02,2019-07-30,1
EXP001647,CAN01051,OCC003,2019-10-07,2022-08-13,2
EXP001648,CAN01052,OCC003,2021-07-07,2022-05-31,2
EXP001649,CAN01052,OCC003,2022-07-22,2025-02-26,2
EXP001650,CAN01053,OCC001,2018-06-29,2022-05-17,1
EXP001651,CAN01053,OCC001,2022-06-10,2025-08-19,2
EXP001652,CAN01054,OCC003,2022-10-20,2023-11-19,2
EXP001653,CAN01054,OCC003,2024-01-02,2025-02-18,2
EXP001654,CAN01055,OCC001,2019-12-23,2023-05-22,1
EXP001655,CAN01056,OCC010,2024-07-14,2025-04-03,4
EXP001656,CAN01057,OCC007,2019-11-09,2022-12-17,4
EXP001657,CAN01057,OCC003,2023-02-16,2025-04-15,2
EXP001658,CAN01058,OCC006,2018-09-26,2021-11-09,4
EXP001659,CAN01058,OCC004,2022-02-01,2022-11-23,3
EXP001660,CAN01059,OCC007,2019-05-12,2021-11-28,3
EXP001661,CAN01059,OCC006,2022-01-05,2022-12-21,3
EXP001662,CAN01060,OCC002,2018-11-17,2022-10-15,1
EXP001663,CAN01060,OCC005,2022-11-27,2025-07-27,3
EXP001664,CAN01060,OCC009,2025-11-12,2026-06-12,3
EXP001665,CAN01061,OCC006,2025-06-11,2026-03-01,3
EXP001666,CAN01062,OCC003,2024-06-23,2026-04-16,2
EXP001667,CAN01063,OCC010,2025-05-16,2026-03-06,4
EXP001668,CAN01064,OCC005,2018-02-06,2019-11-15,4
EXP001669,CAN01065,OCC001,2024-02-20,2025-08-01,1
EXP001670,CAN01065,OCC002,2025-10-14,2026-04-12,1
EXP001671,CAN01066,OCC005,2021-06-05,2024-06-23,3
EXP001672,CAN01066,OCC009,2024-10-05,2025-05-21,4
EXP001673,CAN01067,OCC008,2023-12-31,2024-09-05,4
EXP001674,CAN01068,OCC010,2018-04-23,2022-03-09,4
EXP001675,CAN01068,OCC002,2022-07-06,2024-11-18,1
EXP001676,CAN01069,OCC001,2022-12-12,2023-08-17,1
EXP001677,CAN01070,OCC009,2020-01-29,2022-05-22,4
EXP001678,CAN01071,OCC006,2021-04-14,2023-02-24,4
EXP001679,CAN01071,OCC007,2023-03-20,2025-03-03,3
EXP001680,CAN01072,OCC007,2018-05-01,2019-01-04,2
EXP001681,CAN01072,OCC007,2019-01-26,2022-10-13,2
EXP001682,CAN01073,OCC002,2025-04-07,2025-11-27,1
EXP001683,CAN01074,OCC010,2018-03-05,2020-06-12,4
EXP001684,CAN01074,OCC010,2020-08-29,2021-07-03,4
EXP001685,CAN01075,OCC002,2022-12-05,2024-12-17,2
EXP001686,CAN01075,OCC002,2025-01-25,2025-08-29,1
EXP001687,CAN01076,OCC005,2019-05-15,2020-06-28,3
EXP001688,CAN01077,OCC009,2018-11-29,2019-10-20,3
EXP001689,CAN01077,OCC008,2019-12-22,2021-04-12,5
EXP001690,CAN01077,OCC003,2021-05-31,2023-01-18,2
EXP001691,CAN01078,OCC010,2020-04-23,2021-07-30,4
EXP001692,CAN01079,OCC001,2017-12-21,2019-10-22,2
EXP001693,CAN01079,OCC002,2020-01-06,2021-08-01,1
EXP001694,CAN01080,OCC002,2020-10-16,2021-10-14,1
EXP001695,CAN01081,OCC006,2018-10-04,2021-01-29,3
EXP001696,CAN01081,OCC006,2021-05-24,2024-08-18,3
EXP001697,CAN01081,OCC005,2024-09-28,2026-01-30,3
EXP001698,CAN01082,OCC010,2020-07-27,2021-06-20,5
EXP001699,CAN01083,OCC008,2021-02-08,2024-05-21,4
EXP001700,CAN01083,OCC009,2024-08-24,2025-04-23,4
EXP001701,CAN01083,OCC009,2025-08-19,2026-02-18,4
EXP001702,CAN01084,OCC008,2021-08-11,2024-10-19,4
EXP001703,CAN01084,OCC008,2024-12-23,2025-08-03,4
EXP001704,CAN01085,OCC003,2020-03-30,2023-07-27,2
EXP001705,CAN01086,OCC002,2019-09-02,2021-06-02,1
EXP001706,CAN01087,OCC003,2018-04-04,2020-04-16,3
EXP001707,CAN01087,OCC003,2020-05-16,2023-05-02,2
EXP001708,CAN01088,OCC009,2023-10-21,2025-09-16,4
EXP001709,CAN01088,OCC006,2025-11-01,2026-07-29,3
EXP001710,CAN01089,OCC002,2024-06-02,2025-02-06,1
EXP001711,CAN01090,OCC004,2021-04-26,2024-02-22,2
EXP001712,CAN01091,OCC002,2020-12-30,2023-11-11,1
EXP001713,CAN01091,OCC001,2024-02-09,2025-05-06,1
EXP001714,CAN01092,OCC007,2018-09-23,2020-08-16,4
EXP001715,CAN01092,OCC003,2020-09-10,2022-05-31,2
EXP001716,CAN01093,OCC005,2023-11-21,2024-07-10,4
EXP001717,CAN01093,OCC009,2024-10-29,2025-12-30,4
EXP001718,CAN01094,OCC010,2020-12-25,2022-02-25,3
EXP001719,CAN01094,OCC006,2022-04-28,2023-04-18,3
EXP001720,CAN01094,OCC003,2023-07-02,2024-07-16,1
EXP001721,CAN01095,OCC001,2022-09-11,2023-07-26,1
EXP001722,CAN01095,OCC006,2023-10-02,2025-02-18,2
EXP001723,CAN01096,OCC010,2019-10-27,2023-10-02,4
EXP001724,CAN01097,OCC003,2025-04-22,2026-01-09,2
EXP001725,CAN01098,OCC003,2022-08-20,2025-06-12,2
EXP001726,CAN01099,OCC006,2020-07-30,2022-04-19,3
EXP001727,CAN01100,OCC004,2021-10-18,2023-08-27,4
EXP001728,CAN01100,OCC009,2023-10-23,2025-08-31,4
EXP001729,CAN01101,OCC003,2021-03-20,2022-11-30,1
EXP001730,CAN01101,OCC005,2023-03-30,2024-11-21,3
EXP001731,CAN01102,OCC001,2019-09-10,2022-05-15,1
EXP001732,CAN01103,OCC006,2025-09-06,2026-04-09,4
EXP001733,CAN01104,OCC002,2019-05-04,2020-07-07,1
EXP001734,CAN01104,OCC001,2020-09-15,2023-12-25,1
EXP001735,CAN01105,OCC001,2018-05-07,2019-09-02,1
EXP001736,CAN01106,OCC002,2020-02-01,2020-11-29,1
EXP001737,CAN01106,OCC001,2021-03-05,2023-10-17,1
EXP001738,CAN01106,OCC002,2024-01-06,2025-06-25,2
EXP001739,CAN01107,OCC002,2021-08-06,2023-09-18,2
EXP001740,CAN01107,OCC002,2023-12-16,2025-12-17,2
EXP001741,CAN01108,OCC007,2025-06-28,2026-02-08,3
EXP001742,CAN01109,OCC008,2020-06-24,2023-02-11,4
EXP001743,CAN01109,OCC006,2023-04-14,2024-07-29,3
EXP001744,CAN01110,OCC009,2024-11-28,2025-09-28,4
EXP001745,CAN01111,OCC005,2024-05-22,2025-01-30,3
EXP001746,CAN01112,OCC009,2018-10-30,2021-09-16,5
EXP001747,CAN01112,OCC001,2021-11-07,2025-06-30,1
EXP001748,CAN01113,OCC003,2019-08-13,2021-05-10,2
EXP001749,CAN01113,OCC006,2021-08-02,2022-04-03,2
EXP001750,CAN01114,OCC009,2019-05-14,2020-06-24,4
EXP001751,CAN01115,OCC005,2024-04-08,2025-04-29,3
EXP001752,CAN01116,OCC008,2019-08-17,2022-11-29,4
EXP001753,CAN01117,OCC006,2019-02-22,2019-10-02,4
EXP001754,CAN01117,OCC004,2019-11-08,2021-12-11,3
EXP001755,CAN01117,OCC004,2022-01-31,2024-06-05,3
EXP001756,CAN01118,OCC007,2023-04-15,2023-12-30,3
EXP001757,CAN01119,OCC002,2018-03-28,2020-02-21,1
EXP001758,CAN01119,OCC002,2020-03-25,2023-08-24,2
EXP001759,CAN01120,OCC003,2024-01-17,2024-09-26,1
EXP001760,CAN01120,OCC003,2024-10-16,2025-07-07,2
EXP001761,CAN01121,OCC010,2024-10-25,2025-07-06,4
EXP001762,CAN01122,OCC002,2021-06-02,2022-03-14,1
EXP001763,CAN01122,OCC003,2022-06-30,2025-12-24,2
EXP001764,CAN01123,OCC001,2025-03-20,2026-03-15,1
EXP001765,CAN01124,OCC002,2024-09-28,2025-11-26,1
EXP001766,CAN01125,OCC002,2021-05-21,2022-12-28,1
EXP001767,CAN01125,OCC001,2023-03-13,2025-04-13,1
EXP001768,CAN01126,OCC003,2024-08-21,2026-01-21,1
EXP001769,CAN01127,OCC007,2023-04-08,2025-08-09,4
EXP001770,CAN01127,OCC010,2025-09-08,2026-03-12,3
EXP001771,CAN01128,OCC009,2025-05-09,2026-06-27,4
EXP001772,CAN01129,OCC001,2023-07-12,2024-02-07,2
EXP001773,CAN01129,OCC001,2024-04-05,2024-12-17,1
EXP001774,CAN01130,OCC010,2019-06-28,2020-03-14,3
EXP001775,CAN01130,OCC005,2020-06-19,2021-05-29,2
EXP001776,CAN01131,OCC002,2020-01-04,2020-07-20,1
EXP001777,CAN01132,OCC008,2024-12-13,2025-09-27,4
EXP001778,CAN01133,OCC005,2021-02-11,2022-07-02,3
EXP001779,CAN01133,OCC005,2022-09-12,2025-10-27,4
EXP001780,CAN01134,OCC005,2018-08-30,2020-12-24,3
EXP001781,CAN01134,OCC001,2021-01-30,2022-02-19,1
EXP001782,CAN01135,OCC002,2021-11-30,2022-10-04,1
EXP001783,CAN01135,OCC002,2022-11-04,2023-07-23,1
EXP001784,CAN01135,OCC002,2023-09-28,2024-06-02,1
EXP001785,CAN01136,OCC001,2023-06-13,2024-07-10,2
EXP001786,CAN01136,OCC006,2024-09-26,2025-09-01,2
EXP001787,CAN01137,OCC003,2020-07-05,2021-05-06,3
EXP001788,CAN01138,OCC007,2018-11-10,2022-05-06,2
EXP001789,CAN01138,OCC008,2022-08-07,2024-06-16,4
EXP001790,CAN01138,OCC008,2024-08-20,2025-02-22,4
EXP001791,CAN01139,OCC003,2020-11-12,2021-09-20,3
EXP001792,CAN01140,OCC006,2021-12-25,2024-05-04,2
EXP001793,CAN01140,OCC004,2024-08-12,2025-03-02,2
EXP001794,CAN01141,OCC010,2022-03-02,2023-10-16,4
EXP001795,CAN01141,OCC004,2024-02-07,2025-08-04,3
EXP001796,CAN01142,OCC004,2020-06-15,2022-04-22,3
EXP001797,CAN01142,OCC007,2022-06-05,2023-11-18,4
EXP001798,CAN01143,OCC009,2021-06-05,2021-12-31,4
EXP001799,CAN01143,OCC007,2022-01-21,2025-04-27,3
EXP001800,CAN01144,OCC001,2018-07-14,2019-02-06,2
EXP001801,CAN01145,OCC007,2019-04-12,2020-02-24,4
EXP001802,CAN01145,OCC003,2020-05-25,2022-08-26,2
EXP001803,CAN01145,OCC003,2022-09-17,2024-11-28,2
EXP001804,CAN01146,OCC004,2025-03-05,2025-09-25,3
EXP001805,CAN01147,OCC008,2022-11-23,2024-07-23,4
EXP001806,CAN01147,OCC008,2024-10-03,2025-04-03,4
EXP001807,CAN01148,OCC006,2025-07-09,2026-04-04,2
EXP001808,CAN01149,OCC001,2020-07-22,2021-09-17,1
EXP001809,CAN01149,OCC007,2021-12-16,2023-10-17,2
EXP001810,CAN01150,OCC001,2020-01-14,2021-11-25,1
EXP001811,CAN01151,OCC010,2023-04-14,2025-03-31,5
EXP001812,CAN01152,OCC002,2021-05-28,2025-03-20,1
EXP001813,CAN01153,OCC010,2020-12-12,2023-05-16,4
EXP001814,CAN01153,OCC005,2023-06-05,2024-04-30,2
EXP001815,CAN01154,OCC006,2018-12-26,2021-10-27,3
EXP001816,CAN01154,OCC009,2021-12-12,2022-07-10,4
EXP001817,CAN01154,OCC009,2022-08-25,2025-10-15,4
EXP001818,CAN01155,OCC003,2024-09-25,2025-04-13,3
EXP001819,CAN01156,OCC006,2019-12-18,2020-12-02,4
EXP001820,CAN01157,OCC010,2024-06-25,2025-05-28,4
EXP001821,CAN01158,OCC001,2025-06-29,2026-02-01,1
EXP001822,CAN01159,OCC007,2024-06-23,2025-06-10,3
EXP001823,CAN01160,OCC010,2022-07-31,2025-07-19,4
EXP001824,CAN01161,OCC009,2022-10-08,2025-11-28,5
EXP001825,CAN01162,OCC006,2025-04-16,2026-03-20,3
EXP001826,CAN01163,OCC010,2020-12-11,2021-07-24,4
EXP001827,CAN01163,OCC010,2021-10-01,2024-08-29,3
EXP001828,CAN01163,OCC009,2024-12-04,2025-11-11,4
EXP001829,CAN01164,OCC006,2021-05-20,2023-05-01,3
EXP001830,CAN01164,OCC002,2023-07-08,2025-09-22,1
EXP001831,CAN01165,OCC002,2021-02-20,2024-03-26,1
EXP001832,CAN01165,OCC002,2024-05-24,2025-07-06,2
EXP001833,CAN01165,OCC001,2025-07-26,2026-04-23,1
EXP001834,CAN01166,OCC009,2023-10-05,2025-01-05,3
EXP001835,CAN01167,OCC005,2021-04-05,2023-06-18,2
EXP001836,CAN01167,OCC003,2023-08-11,2024-12-21,2
EXP001837,CAN01168,OCC003,2024-08-26,2025-03-13,2
EXP001838,CAN01169,OCC002,2021-01-29,2023-06-04,1
EXP001839,CAN01169,OCC001,2023-09-07,2024-07-11,1
EXP001840,CAN01169,OCC002,2024-09-10,2025-08-04,1
EXP001841,CAN01170,OCC006,2023-05-10,2025-12-27,2
EXP001842,CAN01171,OCC006,2022-08-07,2024-06-27,4
EXP001843,CAN01171,OCC009,2024-10-19,2025-08-12,4
EXP001844,CAN01172,OCC002,2021-05-09,2023-10-23,2
EXP001845,CAN01172,OCC010,2024-02-17,2025-10-03,4
EXP001846,CAN01173,OCC001,2023-02-23,2025-05-13,1
EXP001847,CAN01174,OCC001,2017-09-19,2019-09-11,1
EXP001848,CAN01174,OCC001,2019-10-22,2021-05-07,1
EXP001849,CAN01175,OCC001,2021-10-12,2023-01-08,1
EXP001850,CAN01175,OCC002,2023-05-08,2024-09-13,1
EXP001851,CAN01175,OCC002,2024-11-21,2025-05-21,1
EXP001852,CAN01176,OCC006,2019-11-11,2020-05-18,3
EXP001853,CAN01176,OCC007,2020-06-29,2021-10-24,3
EXP001854,CAN01177,OCC005,2019-01-07,2022-06-04,3
EXP001855,CAN01178,OCC002,2022-11-22,2026-03-11,1
EXP001856,CAN01179,OCC001,2020-01-21,2021-06-24,1
EXP001857,CAN01179,OCC002,2021-09-16,2024-10-22,1
EXP001858,CAN01180,OCC008,2021-03-12,2023-07-19,4
EXP001859,CAN01181,OCC001,2021-01-01,2021-08-15,1
EXP001860,CAN01181,OCC001,2021-10-31,2025-03-09,2
EXP001861,CAN01182,OCC005,2017-11-30,2020-04-21,3
EXP001862,CAN01182,OCC007,2020-07-31,2022-08-19,3
EXP001863,CAN01183,OCC008,2025-02-25,2026-08-22,5
EXP001864,CAN01184,OCC005,2018-11-02,2022-04-10,4
EXP001865,CAN01185,OCC002,2021-01-30,2023-04-02,1
EXP001866,CAN01186,OCC003,2023-03-24,2024-06-08,2
EXP001867,CAN01186,OCC003,2024-10-04,2025-07-20,1
EXP001868,CAN01187,OCC006,2018-04-06,2021-11-02,3
EXP001869,CAN01187,OCC002,2022-01-01,2024-02-11,1
EXP001870,CAN01187,OCC002,2024-04-10,2025-03-04,1
EXP001871,CAN01188,OCC010,2021-02-23,2024-01-26,5
EXP001872,CAN01188,OCC010,2024-03-06,2025-01-21,4
EXP001873,CAN01189,OCC003,2022-12-15,2025-04-21,2
EXP001874,CAN01190,OCC008,2023-04-27,2023-12-09,4
EXP001875,CAN01191,OCC007,2020-11-21,2024-06-21,3
EXP001876,CAN01192,OCC006,2021-04-17,2023-08-12,3
EXP001877,CAN01193,OCC001,2023-03-20,2025-01-04,1
EXP001878,CAN01194,OCC002,2017-04-24,2019-09-30,1
EXP001879,CAN01194,OCC004,2019-12-29,2022-10-04,3
EXP001880,CAN01195,OCC002,2021-08-15,2025-04-23,1
EXP001881,CAN01196,OCC001,2020-02-20,2023-06-14,1
EXP001882,CAN01196,OCC006,2023-08-06,2024-03-06,3
EXP001883,CAN01197,OCC003,2019-07-11,2020-12-06,2
EXP001884,CAN01197,OCC003,2021-03-28,2024-10-20,2
EXP001885,CAN01198,OCC005,2023-10-24,2024-07-25,3
EXP001886,CAN01199,OCC002,2021-05-02,2022-07-31,1
EXP001887,CAN01199,OCC002,2022-11-12,2023-11-01,1
EXP001888,CAN01200,OCC007,2021-12-31,2023-06-25,3
EXP001889,CAN01201,OCC007,2018-07-14,2021-08-30,2
EXP001890,CAN01201,OCC008,2021-12-18,2023-10-04,4
EXP001891,CAN01201,OCC006,2023-10-20,2024-12-27,3
EXP001892,CAN01202,OCC001,2019-01-04,2022-12-23,1
EXP001893,CAN01202,OCC001,2023-02-24,2024-09-19,1
EXP001894,CAN01203,OCC007,2017-10-06,2021-08-29,4
EXP001895,CAN01203,OCC007,2021-09-16,2022-07-16,3
EXP001896,CAN01204,OCC003,2020-06-26,2023-10-03,2
EXP001897,CAN01205,OCC006,2019-06-26,2020-04-01,4
EXP001898,CAN01205,OCC007,2020-06-28,2021-07-04,3
EXP001899,CAN01206,OCC005,2019-01-03,2019-10-04,4
EXP001900,CAN01206,OCC006,2019-11-26,2022-11-09,4
EXP001901,CAN01207,OCC010,2023-03-05,2024-09-01,4
EXP001902,CAN01207,OCC004,2024-10-05,2025-06-14,4
EXP001903,CAN01208,OCC003,2020-09-21,2022-09-25,3
EXP001904,CAN01209,OCC009,2025-04-11,2026-04-14,5
EXP001905,CAN01210,OCC007,2022-11-10,2025-10-26,4
EXP001906,CAN01211,OCC001,2019-12-28,2021-03-29,1
EXP001907,CAN01211,OCC002,2021-07-04,2022-03-30,1
EXP001908,CAN01212,OCC002,2018-05-06,2019-08-04,1
EXP001909,CAN01212,OCC001,2019-10-24,2023-09-19,1
EXP001910,CAN01213,OCC004,2018-12-05,2021-03-13,3
EXP001911,CAN01213,OCC003,2021-05-30,2024-12-29,3
EXP001912,CAN01214,OCC005,2019-04-07,2020-10-01,2
EXP001913,CAN01214,OCC006,2021-01-17,2022-11-10,3
EXP001914,CAN01215,OCC010,2021-05-02,2024-04-21,4
EXP001915,CAN01216,OCC006,2018-05-19,2020-08-01,4
EXP001916,CAN01216,OCC005,2020-10-16,2024-04-04,2
EXP001917,CAN01217,OCC006,2019-01-25,2020-02-01,3
EXP001918,CAN01218,OCC007,2022-11-27,2025-07-20,4
EXP001919,CAN01219,OCC009,2019-12-20,2022-01-06,4
EXP001920,CAN01219,OCC009,2022-03-04,2024-12-18,4
EXP001921,CAN01220,OCC006,2021-11-08,2025-05-09,3
EXP001922,CAN01220,OCC001,2025-06-28,2026-03-27,1
EXP001923,CAN01221,OCC002,2023-08-06,2026-06-28,1
EXP001924,CAN01222,OCC006,2018-10-08,2020-09-14,4
EXP001925,CAN01222,OCC005,2020-11-25,2022-06-25,3
EXP001926,CAN01223,OCC003,2024-07-26,2025-02-12,2
EXP001927,CAN01224,OCC005,2022-12-21,2023-12-20,3
EXP001928,CAN01225,OCC003,2021-01-01,2022-05-09,2
EXP001929,CAN01225,OCC003,2022-08-27,2025-01-05,3
EXP001930,CAN01225,OCC003,2025-01-21,2025-08-23,2
EXP001931,CAN01226,OCC002,2020-10-09,2021-04-08,2
EXP001932,CAN01226,OCC001,2021-06-14,2025-02-22,2
EXP001933,CAN01227,OCC003,2017-12-04,2020-07-03,2
EXP001934,CAN01228,OCC002,2024-04-12,2025-08-04,2
EXP001935,CAN01229,OCC007,2023-06-03,2026-02-12,3
EXP001936,CAN01230,OCC002,2024-02-23,2025-03-21,2
EXP001937,CAN01231,OCC007,2021-05-16,2025-02-27,2
EXP001938,CAN01231,OCC007,2025-04-26,2026-01-11,4
EXP001939,CAN01232,OCC005,2018-04-03,2022-02-28,3
EXP001940,CAN01232,OCC004,2022-04-08,2024-09-06,3
EXP001941,CAN01233,OCC010,2017-10-12,2020-05-22,4
EXP001942,CAN01233,OCC005,2020-08-13,2023-02-18,2
EXP001943,CAN01233,OCC009,2023-03-27,2024-01-26,4
EXP001944,CAN01234,OCC003,2023-10-02,2024-05-15,2
EXP001945,CAN01235,OCC001,2017-05-26,2020-11-26,1
EXP001946,CAN01235,OCC001,2021-01-27,2022-05-10,1
EXP001947,CAN01235,OCC002,2022-07-12,2024-09-26,1
EXP001948,CAN01236,OCC001,2023-03-06,2024-02-19,2
EXP001949,CAN01236,OCC001,2024-05-07,2025-03-08,1
EXP001950,CAN01237,OCC006,2019-12-21,2023-09-21,4
EXP001951,CAN01237,OCC004,2023-12-29,2024-11-27,3
EXP001952,CAN01237,OCC003,2025-03-22,2025-09-26,2
EXP001953,CAN01238,OCC010,2018-02-08,2019-11-06,4
EXP001954,CAN01239,OCC005,2024-06-17,2025-01-14,3
EXP001955,CAN01240,OCC003,2024-06-11,2025-05-03,1
EXP001956,CAN01241,OCC003,2021-12-14,2022-12-29,2
EXP001957,CAN01241,OCC003,2023-02-11,2025-02-05,2
EXP001958,CAN01242,OCC002,2020-05-26,2024-05-03,2
EXP001959,CAN01242,OCC001,2024-07-20,2025-06-19,1
EXP001960,CAN01243,OCC009,2019-12-08,2022-08-13,5
EXP001961,CAN01243,OCC002,2022-11-16,2024-01-23,1
EXP001962,CAN01244,OCC005,2020-01-04,2021-04-25,3
EXP001963,CAN01244,OCC006,2021-07-20,2024-10-21,4
EXP001964,CAN01245,OCC003,2023-05-25,2025-11-05,2
EXP001965,CAN01246,OCC005,2025-06-14,2025-12-29,4
EXP001966,CAN01247,OCC003,2022-09-20,2025-12-01,2
EXP001967,CAN01248,OCC003,2019-01-10,2022-10-10,2
EXP001968,CAN01249,OCC005,2021-08-16,2024-12-04,3
EXP001969,CAN01249,OCC001,2025-02-23,2026-06-09,2
EXP001970,CAN01250,OCC005,2023-11-12,2024-09-17,3
EXP001971,CAN01250,OCC006,2024-10-04,2025-05-15,3
EXP001972,CAN01251,OCC002,2024-11-08,2025-06-29,1
EXP001973,CAN01252,OCC003,2022-08-28,2023-07-09,2
EXP001974,CAN01252,OCC003,2023-11-04,2024-09-09,1
EXP001975,CAN01252,OCC005,2024-10-19,2025-05-13,4
EXP001976,CAN01253,OCC007,2021-11-01,2023-07-07,4
EXP001977,CAN01254,OCC001,2019-08-29,2022-12-23,1
EXP001978,CAN01255,OCC006,2023-09-29,2024-07-29,3
EXP001979,CAN01255,OCC005,2024-09-06,2026-05-24,2
EXP001980,CAN01256,OCC003,2024-05-05,2024-11-18,3
EXP001981,CAN01256,OCC003,2024-12-05,2025-08-26,1
EXP001982,CAN01257,OCC001,2022-02-20,2024-01-02,1
EXP001983,CAN01258,OCC001,2024-04-14,2025-11-07,2
EXP001984,CAN01259,OCC007,2024-05-22,2024-11-24,3
EXP001985,CAN01260,OCC008,2022-03-30,2024-02-06,4
EXP001986,CAN01261,OCC009,2024-08-12,2025-07-21,4
EXP001987,CAN01262,OCC010,2021-08-23,2024-08-24,4
EXP001988,CAN01263,OCC003,2023-01-21,2025-04-22,3
EXP001989,CAN01264,OCC005,2021-03-06,2023-01-18,3
EXP001990,CAN01264,OCC008,2023-02-19,2023-12-16,5
EXP001991,CAN01265,OCC002,2021-03-07,2025-02-11,2
EXP001992,CAN01266,OCC001,2024-02-25,2025-07-08,1
EXP001993,CAN01266,OCC002,2025-10-03,2026-07-23,1
EXP001994,CAN01267,OCC003,2017-07-24,2021-05-07,2
EXP001995,CAN01267,OCC001,2021-06-14,2023-07-15,1
EXP001996,CAN01268,OCC010,2023-01-03,2025-05-31,4
EXP001997,CAN01269,OCC005,2020-05-29,2022-02-28,4
EXP001998,CAN01270,OCC003,2025-04-29,2026-05-31,2
EXP001999,CAN01271,OCC009,2017-05-21,2019-08-02,4
EXP002000,CAN01272,OCC005,2025-02-03,2026-03-29,3
EXP002001,CAN01273,OCC005,2022-02-13,2023-01-28,3
EXP002002,CAN01274,OCC001,2020-03-15,2021-01-11,1
EXP002003,CAN01274,OCC001,2021-02-17,2023-08-11,1
EXP002004,CAN01274,OCC002,2023-11-22,2024-11-07,1
EXP002005,CAN01275,OCC001,2021-10-11,2022-04-24,2
EXP002006,CAN01276,OCC007,2019-02-01,2022-03-04,3
EXP002007,CAN01276,OCC006,2022-04-09,2025-09-07,4
EXP002008,CAN01276,OCC004,2025-12-16,2026-06-30,4
EXP002009,CAN01277,OCC003,2020-11-10,2023-04-18,3
EXP002010,CAN01277,OCC003,2023-06-04,2025-07-02,2
EXP002011,CAN01278,OCC003,2021-10-16,2024-03-16,2
EXP002012,CAN01279,OCC006,2021-07-14,2024-01-04,3
EXP002013,CAN01279,OCC003,2024-02-29,2024-12-30,2
EXP002014,CAN01280,OCC001,2023-10-20,2024-09-01,1
EXP002015,CAN01280,OCC001,2024-12-28,2025-06-27,1
EXP002016,CAN01281,OCC006,2022-05-04,2023-03-10,3
EXP002017,CAN01281,OCC001,2023-05-10,2023-11-08,1
EXP002018,CAN01282,OCC010,2022-01-29,2025-08-18,4
EXP002019,CAN01283,OCC009,2021-11-19,2025-05-25,3
EXP002020,CAN01284,OCC006,2019-08-13,2021-11-10,3
EXP002021,CAN01284,OCC006,2021-12-04,2023-06-12,4
EXP002022,CAN01285,OCC003,2023-12-19,2024-07-13,2
EXP002023,CAN01285,OCC006,2024-08-06,2025-07-10,3
EXP002024,CAN01286,OCC010,2023-08-22,2025-01-17,3
EXP002025,CAN01287,OCC009,2022-04-24,2024-03-03,4
EXP002026,CAN01288,OCC003,2023-04-06,2024-10-25,3
EXP002027,CAN01288,OCC003,2025-02-01,2026-03-07,2
EXP002028,CAN01289,OCC003,2024-03-09,2026-04-25,1
EXP002029,CAN01290,OCC006,2024-04-01,2025-01-17,3
EXP002030,CAN01290,OCC001,2025-02-12,2025-10-06,2
EXP002031,CAN01291,OCC001,2019-10-28,2021-06-03,2
EXP002032,CAN01292,OCC005,2025-09-02,2026-03-05,3
EXP002033,CAN01293,OCC004,2017-12-21,2019-10-31,3
EXP002034,CAN01293,OCC009,2019-12-23,2021-07-17,5
EXP002035,CAN01294,OCC001,2020-12-22,2022-01-04,1
EXP002036,CAN01294,OCC004,2022-02-18,2022-10-21,4
EXP002037,CAN01295,OCC001,2020-05-18,2022-11-19,1
EXP002038,CAN01296,OCC008,2023-07-12,2024-09-08,3
EXP002039,CAN01297,OCC009,2025-05-10,2026-02-27,5
EXP002040,CAN01298,OCC005,2018-01-11,2019-01-30,4
EXP002041,CAN01298,OCC006,2019-02-14,2022-11-02,3
EXP002042,CAN01299,OCC005,2017-06-22,2019-05-17,3
EXP002043,CAN01300,OCC002,2023-10-08,2024-11-06,2
EXP002044,CAN01300,OCC002,2024-12-20,2026-02-04,1
EXP002045,CAN01301,OCC003,2018-10-20,2021-04-07,3
EXP002046,CAN01301,OCC003,2021-08-05,2024-01-07,1
EXP002047,CAN01301,OCC003,2024-02-16,2025-05-23,3
EXP002048,CAN01302,OCC001,2018-12-03,2022-05-04,2
EXP002049,CAN01302,OCC007,2022-08-04,2023-12-30,3
EXP002050,CAN01303,OCC002,2024-08-26,2025-05-01,1
EXP002051,CAN01304,OCC001,2019-11-05,2023-08-31,1
EXP002052,CAN01305,OCC002,2021-07-27,2022-01-31,1
EXP002053,CAN01306,OCC003,2021-08-24,2023-11-28,2
EXP002054,CAN01306,OCC003,2024-03-19,2025-06-09,2
EXP002055,CAN01307,OCC006,2022-06-13,2023-07-11,2
EXP002056,CAN01307,OCC006,2023-10-17,2024-11-22,4
EXP002057,CAN01308,OCC002,2019-10-02,2023-08-04,1
EXP002058,CAN01309,OCC003,2024-04-25,2025-06-25,2
EXP002059,CAN01310,OCC010,2024-09-25,2025-07-16,4
EXP002060,CAN01311,OCC005,2018-07-19,2019-01-26,3
EXP002061,CAN01312,OCC005,2018-05-29,2019-12-15,4
EXP002062,CAN01312,OCC004,2020-02-19,2021-02-12,3
EXP002063,CAN01313,OCC006,2018-11-12,2021-03-12,2
EXP002064,CAN01313,OCC004,2021-04-19,2022-01-22,3
EXP002065,CAN01314,OCC006,2022-01-28,2023-08-31,3
EXP002066,CAN01314,OCC009,2023-09-20,2024-05-24,5
EXP002067,CAN01315,OCC003,2020-11-07,2024-09-24,2
EXP002068,CAN01315,OCC003,2024-11-01,2026-06-11,1
EXP002069,CAN01316,OCC006,2019-08-03,2023-02-05,2
EXP002070,CAN01316,OCC004,2023-05-11,2025-04-15,3
EXP002071,CAN01317,OCC006,2018-03-19,2021-12-27,3
EXP002072,CAN01318,OCC006,2023-03-25,2024-07-12,2
EXP002073,CAN01319,OCC009,2019-08-24,2021-07-30,5
EXP002074,CAN01320,OCC004,2021-05-10,2021-11-12,3
EXP002075,CAN01320,OCC004,2022-01-16,2024-10-23,3
EXP002076,CAN01321,OCC001,2019-07-20,2020-06-30,2
EXP002077,CAN01321,OCC001,2020-08-04,2022-03-16,1
EXP002078,CAN01322,OCC006,2019-04-27,2020-09-05,3
EXP002079,CAN01322,OCC006,2020-10-24,2023-06-03,4
EXP002080,CAN01323,OCC003,2025-01-29,2025-09-08,1
EXP002081,CAN01324,OCC005,2019-10-08,2023-03-20,3
EXP002082,CAN01324,OCC006,2023-07-10,2026-03-11,4
EXP002083,CAN01325,OCC006,2021-06-26,2023-07-31,3
EXP002084,CAN01326,OCC009,2018-08-09,2019-05-01,4
EXP002085,CAN01326,OCC002,2019-06-24,2020-06-01,1
EXP002086,CAN01327,OCC006,2024-01-07,2025-08-02,3
EXP002087,CAN01328,OCC008,2021-03-02,2022-07-10,3
EXP002088,CAN01328,OCC002,2022-08-11,2023-03-10,2
EXP002089,CAN01329,OCC003,2019-09-27,2020-04-08,1
EXP002090,CAN01329,OCC004,2020-05-16,2021-05-22,3
EXP002091,CAN01330,OCC001,2021-09-04,2023-02-19,1
EXP002092,CAN01331,OCC003,2020-04-23,2022-06-24,2
EXP002093,CAN01332,OCC001,2022-10-15,2023-05-21,1
EXP002094,CAN01333,OCC001,2020-08-09,2023-11-10,1
EXP002095,CAN01333,OCC002,2023-11-27,2024-11-16,1
EXP002096,CAN01334,OCC001,2020-01-19,2022-02-27,1
EXP002097,CAN01334,OCC007,2022-06-07,2025-04-17,4
EXP002098,CAN01335,OCC003,2020-11-30,2021-10-16,2
EXP002099,CAN01335,OCC003,2021-11-13,2022-06-02,2
EXP002100,CAN01335,OCC003,2022-08-12,2025-01-12,2
EXP002101,CAN01336,OCC003,2023-10-22,2024-05-13,2
EXP002102,CAN01336,OCC003,2024-08-19,2025-10-27,1
EXP002103,CAN01337,OCC005,2022-07-25,2024-12-04,3
EXP002104,CAN01337,OCC007,2025-01-30,2025-08-09,3
EXP002105,CAN01338,OCC007,2022-02-17,2023-05-01,2
EXP002106,CAN01338,OCC009,2023-06-06,2024-06-28,3
EXP002107,CAN01339,OCC002,2025-05-10,2026-03-30,1
EXP002108,CAN01340,OCC003,2018-10-20,2022-02-03,3
EXP002109,CAN01340,OCC003,2022-04-25,2023-01-21,1
EXP002110,CAN01341,OCC006,2021-05-17,2024-07-03,3
EXP002111,CAN01341,OCC007,2024-09-03,2025-03-30,4
EXP002112,CAN01342,OCC010,2022-08-03,2023-06-27,4
EXP002113,CAN01343,OCC005,2019-04-25,2020-02-04,3
EXP002114,CAN01344,OCC009,2022-10-10,2023-11-12,4
EXP002115,CAN01344,OCC005,2024-02-25,2025-02-02,3
EXP002116,CAN01344,OCC008,2025-03-23,2025-09-24,4
EXP002117,CAN01345,OCC002,2023-09-10,2024-06-07,1
EXP002118,CAN01346,OCC005,2024-06-04,2024-12-14,3
EXP002119,CAN01346,OCC009,2025-04-13,2026-05-25,5
EXP002120,CAN01347,OCC010,2022-04-23,2025-09-17,4
EXP002121,CAN01348,OCC003,2024-01-20,2024-09-10,2
EXP002122,CAN01348,OCC008,2024-11-06,2025-11-11,4
EXP002123,CAN01349,OCC001,2023-06-25,2025-05-21,1
EXP002124,CAN01349,OCC002,2025-07-16,2026-03-14,1
EXP002125,CAN01350,OCC001,2020-10-20,2021-10-11,1
EXP002126,CAN01350,OCC001,2022-01-16,2022-08-06,2
EXP002127,CAN01351,OCC007,2022-08-03,2023-08-12,3
EXP002128,CAN01351,OCC010,2023-09-23,2024-06-22,4
EXP002129,CAN01352,OCC002,2019-09-12,2023-04-13,2
EXP002130,CAN01352,OCC001,2023-05-19,2024-10-07,1
EXP002131,CAN01353,OCC005,2020-04-30,2020-11-27,3
EXP002132,CAN01353,OCC004,2021-03-11,2023-02-09,3
EXP002133,CAN01353,OCC009,2023-04-23,2024-04-14,3
EXP002134,CAN01354,OCC001,2023-10-31,2025-02-01,2
EXP002135,CAN01355,OCC006,2019-04-06,2023-01-15,3
EXP002136,CAN01355,OCC005,2023-03-23,2024-11-10,2
EXP002137,CAN01356,OCC007,2018-10-18,2021-02-26,3
EXP002138,CAN01356,OCC007,2021-03-16,2022-06-17,3
EXP002139,CAN01357,OCC002,2019-11-17,2022-05-05,1
EXP002140,CAN01358,OCC002,2020-09-02,2022-08-20,1
EXP002141,CAN01359,OCC010,2024-01-24,2025-02-01,4
EXP002142,CAN01360,OCC004,2020-06-28,2023-06-14,3
EXP002143,CAN01360,OCC005,2023-07-27,2025-09-12,3
EXP002144,CAN01360,OCC010,2025-10-24,2026-08-01,4
EXP002145,CAN01361,OCC007,2021-05-15,2023-07-09,3
EXP002146,CAN01361,OCC006,2023-07-31,2024-07-06,3
EXP002147,CAN01361,OCC005,2024-10-08,2025-04-30,3
EXP002148,CAN01362,OCC005,2025-11-26,2026-08-18,2
EXP002149,CAN01363,OCC002,2024-01-25,2024-07-29,1
EXP002150,CAN01363,OCC001,2024-08-27,2025-03-14,1
EXP002151,CAN01364,OCC006,2022-08-24,2024-01-09,2
EXP002152,CAN01365,OCC004,2021-07-04,2023-09-02,4
EXP002153,CAN01366,OCC003,2021-01-30,2022-05-01,2
EXP002154,CAN01366,OCC003,2022-07-26,2025-04-18,2
EXP002155,CAN01367,OCC006,2022-10-19,2024-09-03,3
EXP002156,CAN01367,OCC007,2024-12-26,2025-10-27,3
EXP002157,CAN01368,OCC005,2022-02-04,2025-08-16,3
EXP002158,CAN01368,OCC001,2025-09-13,2026-04-17,1
EXP002159,CAN01369,OCC005,2023-10-06,2025-02-20,3
EXP002160,CAN01369,OCC010,2025-06-02,2025-11-30,4
EXP002161,CAN01370,OCC010,2022-11-21,2023-08-06,4
EXP002162,CAN01371,OCC002,2018-08-27,2022-01-20,1
EXP002163,CAN01371,OCC001,2022-05-02,2026-02-05,2
EXP002164,CAN01372,OCC008,2018-09-07,2020-01-15,4
EXP002165,CAN01372,OCC008,2020-01-30,2023-05-09,3
EXP002166,CAN01373,OCC006,2023-01-02,2024-12-13,3
EXP002167,CAN01373,OCC009,2024-12-31,2025-07-04,5
EXP002168,CAN01374,OCC006,2019-07-24,2020-05-14,3
EXP002169,CAN01374,OCC002,2020-07-09,2021-12-05,2
EXP002170,CAN01374,OCC002,2022-03-17,2024-08-04,1
EXP002171,CAN01375,OCC008,2025-08-16,2026-02-16,3
EXP002172,CAN01376,OCC009,2019-06-04,2021-07-15,4
EXP002173,CAN01376,OCC005,2021-10-30,2023-04-24,2
EXP002174,CAN01377,OCC001,2023-11-03,2025-02-18,1
EXP002175,CAN01378,OCC001,2021-12-19,2023-05-22,1
EXP002176,CAN01379,OCC003,2022-01-18,2022-11-08,2
EXP002177,CAN01379,OCC007,2022-12-22,2026-01-01,4
EXP002178,CAN01380,OCC008,2025-01-17,2026-01-18,5
EXP002179,CAN01381,OCC007,2020-04-28,2021-07-01,3
EXP002180,CAN01381,OCC006,2021-09-17,2024-09-15,3
EXP002181,CAN01382,OCC003,2023-05-15,2025-07-07,2
EXP002182,CAN01383,OCC001,2023-04-28,2024-09-12,1
EXP002183,CAN01383,OCC002,2025-01-03,2025-10-13,1
EXP002184,CAN01384,OCC001,2024-06-27,2025-02-21,1
EXP002185,CAN01384,OCC002,2025-04-05,2025-10-04,1
EXP002186,CAN01385,OCC006,2024-01-17,2024-08-01,2
EXP002187,CAN01385,OCC007,2024-08-24,2025-04-22,3
EXP002188,CAN01386,OCC003,2019-09-17,2022-02-26,3
EXP002189,CAN01386,OCC003,2022-06-25,2024-08-28,2
EXP002190,CAN01387,OCC006,2024-06-22,2025-04-19,3
EXP002191,CAN01388,OCC010,2018-04-18,2020-01-25,4
EXP002192,CAN01388,OCC004,2020-03-25,2022-02-21,2
EXP002193,CAN01389,OCC005,2024-01-06,2025-06-15,3
EXP002194,CAN01390,OCC008,2021-05-16,2025-03-23,4
EXP002195,CAN01391,OCC002,2018-10-16,2021-07-24,1
EXP002196,CAN01391,OCC003,2021-08-20,2023-12-11,1
EXP002197,CAN01392,OCC004,2024-02-28,2025-07-18,3
EXP002198,CAN01393,OCC002,2018-09-04,2021-07-15,1
EXP002199,CAN01393,OCC002,2021-08-27,2023-09-24,1
EXP002200,CAN01393,OCC001,2023-11-14,2025-02-04,1
EXP002201,CAN01394,OCC004,2021-02-10,2021-10-10,3
EXP002202,CAN01394,OCC010,2021-11-24,2023-03-13,4
EXP002203,CAN01394,OCC010,2023-06-27,2023-12-31,4
EXP002204,CAN01395,OCC003,2022-08-11,2025-05-14,1
EXP002205,CAN01396,OCC001,2020-05-28,2023-04-10,1
EXP002206,CAN01397,OCC009,2025-05-08,2026-02-15,4
EXP002207,CAN01398,OCC007,2020-12-05,2021-07-19,3
EXP002208,CAN01398,OCC008,2021-09-14,2024-10-14,4
EXP002209,CAN01399,OCC007,2025-01-08,2025-08-11,3
EXP002210,CAN01400,OCC005,2021-12-20,2023-03-03,3
EXP002211,CAN01401,OCC005,2019-07-14,2020-11-19,3
EXP002212,CAN01402,OCC001,2022-05-16,2026-02-26,1
EXP002213,CAN01403,OCC005,2025-01-11,2025-09-29,3
EXP002214,CAN01404,OCC001,2021-06-07,2022-04-26,1
EXP002215,CAN01405,OCC010,2017-12-27,2018-07-15,3
EXP002216,CAN01405,OCC003,2018-10-21,2019-07-23,2
EXP002217,CAN01405,OCC003,2019-09-11,2023-08-16,3
EXP002218,CAN01406,OCC007,2024-02-22,2024-12-24,2
EXP002219,CAN01406,OCC005,2025-02-18,2025-11-14,2
EXP002220,CAN01407,OCC003,2025-03-24,2025-11-13,2
EXP002221,CAN01408,OCC002,2023-10-01,2026-05-19,1
EXP002222,CAN01409,OCC004,2021-03-02,2024-12-27,3
EXP002223,CAN01409,OCC002,2025-02-18,2025-08-19,1
EXP002224,CAN01410,OCC008,2020-04-15,2021-06-18,4
EXP002225,CAN01410,OCC003,2021-07-25,2024-03-06,3
EXP002226,CAN01411,OCC006,2021-11-21,2023-02-24,2
EXP002227,CAN01412,OCC004,2024-12-01,2026-03-28,4
EXP002228,CAN01413,OCC009,2019-05-18,2022-01-17,4
EXP002229,CAN01413,OCC008,2022-05-02,2023-06-15,4
EXP002230,CAN01414,OCC010,2019-01-02,2020-04-19,4
EXP002231,CAN01414,OCC010,2020-05-24,2022-08-07,3
EXP002232,CAN01414,OCC005,2022-12-01,2024-09-21,2
EXP002233,CAN01415,OCC008,2024-07-28,2026-02-10,3
EXP002234,CAN01416,OCC009,2018-08-02,2021-05-13,3
EXP002235,CAN01417,OCC003,2019-01-15,2020-05-22,2
EXP002236,CAN01417,OCC003,2020-08-27,2022-10-12,3
EXP002237,CAN01418,OCC003,2025-08-31,2026-07-13,2
EXP002238,CAN01419,OCC001,2019-03-02,2020-06-03,2
EXP002239,CAN01419,OCC002,2020-09-26,2023-12-14,1
EXP002240,CAN01420,OCC002,2020-11-19,2021-11-07,1
EXP002241,CAN01420,OCC002,2022-01-17,2023-12-23,1
EXP002242,CAN01421,OCC005,2022-05-01,2022-12-27,2
EXP002243,CAN01422,OCC005,2023-05-07,2024-11-24,4
EXP002244,CAN01422,OCC008,2025-03-04,2026-03-19,4
EXP002245,CAN01423,OCC001,2024-03-26,2024-09-23,2
EXP002246,CAN01424,OCC006,2017-03-22,2019-09-27,3
EXP002247,CAN01425,OCC006,2023-01-21,2023-08-05,3
EXP002248,CAN01425,OCC008,2023-09-25,2025-02-15,4
EXP002249,CAN01426,OCC005,2025-05-06,2025-12-09,3
EXP002250,CAN01427,OCC007,2023-03-23,2023-10-24,3
EXP002251,CAN01427,OCC007,2023-12-05,2024-07-01,4
EXP002252,CAN01428,OCC006,2023-03-01,2023-11-26,3
EXP002253,CAN01429,OCC010,2024-09-22,2025-03-22,4
EXP002254,CAN01430,OCC004,2019-11-18,2021-08-17,3
EXP002255,CAN01431,OCC004,2020-05-25,2023-07-07,4
EXP002256,CAN01431,OCC002,2023-09-14,2025-03-26,1
EXP002257,CAN01432,OCC007,2019-04-18,2022-02-18,3
EXP002258,CAN01433,OCC007,2024-10-24,2025-07-13,3
EXP002259,CAN01434,OCC005,2021-02-12,2024-04-06,2
EXP002260,CAN01434,OCC006,2024-06-11,2025-05-26,3
EXP002261,CAN01435,OCC010,2020-02-19,2022-05-14,4
EXP002262,CAN01436,OCC006,2024-11-27,2026-01-26,4
EXP002263,CAN01437,OCC002,2018-04-24,2019-10-20,1
EXP002264,CAN01437,OCC002,2019-11-29,2021-12-12,1
EXP002265,CAN01438,OCC004,2022-09-03,2023-08-10,3
EXP002266,CAN01438,OCC010,2023-11-14,2024-07-17,4
EXP002267,CAN01438,OCC004,2024-09-28,2025-04-11,3
EXP002268,CAN01439,OCC006,2019-09-06,2021-07-25,3
EXP002269,CAN01439,OCC006,2021-08-24,2024-01-16,3
EXP002270,CAN01439,OCC006,2024-03-07,2025-01-05,3
EXP002271,CAN01440,OCC006,2024-10-01,2025-04-14,2
EXP002272,CAN01441,OCC010,2019-09-18,2021-07-23,3
EXP002273,CAN01441,OCC010,2021-08-26,2022-09-11,5
EXP002274,CAN01442,OCC002,2023-09-29,2025-01-10,1
EXP002275,CAN01443,OCC006,2025-08-13,2026-02-12,2
EXP002276,CAN01444,OCC003,2020-03-26,2024-02-22,2
EXP002277,CAN01445,OCC003,2024-10-24,2025-05-20,3
EXP002278,CAN01446,OCC007,2026-01-12,2026-07-14,3
EXP002279,CAN01447,OCC003,2025-03-18,2025-11-04,3
EXP002280,CAN01448,OCC001,2023-02-01,2023-09-15,1
EXP002281,CAN01449,OCC002,2022-01-05,2024-12-04,1
EXP002282,CAN01449,OCC001,2025-01-09,2026-08-06,1
EXP002283,CAN01450,OCC001,2019-09-08,2020-09-27,1
EXP002284,CAN01450,OCC002,2020-10-13,2024-02-09,1
EXP002285,CAN01451,OCC009,2021-07-08,2023-04-10,4
EXP002286,CAN01451,OCC009,2023-07-31,2026-02-05,3
EXP002287,CAN01452,OCC004,2018-07-04,2019-02-16,4
EXP002288,CAN01452,OCC004,2019-04-13,2021-09-02,3
EXP002289,CAN01453,OCC004,2018-07-08,2022-03-24,3
EXP002290,CAN01453,OCC002,2022-05-03,2025-01-02,1
EXP002291,CAN01453,OCC010,2025-02-15,2025-09-29,4
EXP002292,CAN01454,OCC002,2019-06-26,2022-05-04,1
EXP002293,CAN01454,OCC002,2022-06-03,2025-03-10,1
EXP002294,CAN01455,OCC001,2025-05-03,2026-03-23,1
EXP002295,CAN01456,OCC006,2022-04-11,2024-06-16,2
EXP002296,CAN01456,OCC008,2024-08-18,2025-05-06,4
EXP002297,CAN01457,OCC002,2023-04-07,2025-10-01,1
EXP002298,CAN01458,OCC003,2020-03-22,2023-03-26,1
EXP002299,CAN01458,OCC003,2023-06-12,2024-04-09,2
EXP002300,CAN01459,OCC001,2019-05-29,2022-05-26,1
EXP002301,CAN01460,OCC008,2024-07-14,2025-02-02,5
EXP002302,CAN01461,OCC005,2025-04-10,2026-05-26,2
EXP002303,CAN01462,OCC001,2019-06-22,2023-03-02,1
EXP002304,CAN01462,OCC001,2023-05-07,2024-06-29,1
EXP002305,CAN01463,OCC005,2018-12-12,2020-01-27,2
EXP002306,CAN01463,OCC003,2020-04-07,2023-08-31,3
EXP002307,CAN01464,OCC005,2020-02-06,2022-08-24,3
EXP002308,CAN01464,OCC006,2022-12-21,2026-05-03,3
EXP002309,CAN01465,OCC003,2022-08-29,2023-07-16,1
EXP002310,CAN01466,OCC006,2017-07-14,2018-02-20,3
EXP002311,CAN01466,OCC007,2018-03-24,2021-05-05,3
EXP002312,CAN01467,OCC003,2024-01-13,2024-12-17,2
EXP002313,CAN01468,OCC010,2025-04-21,2026-01-23,4
EXP002314,CAN01469,OCC007,2017-11-05,2020-07-24,3
EXP002315,CAN01469,OCC001,2020-10-11,2024-05-09,1
EXP002316,CAN01470,OCC004,2024-06-21,2025-05-14,3
EXP002317,CAN01471,OCC007,2020-12-30,2022-07-18,3
EXP002318,CAN01471,OCC007,2022-08-19,2023-04-25,2
EXP002319,CAN01471,OCC003,2023-06-24,2024-12-25,2
EXP002320,CAN01472,OCC008,2020-11-11,2023-03-18,4
EXP002321,CAN01473,OCC010,2018-08-24,2020-06-17,5
EXP002322,CAN01473,OCC010,2020-07-26,2024-06-13,5
EXP002323,CAN01473,OCC004,2024-08-09,2025-08-23,3
EXP002324,CAN01474,OCC003,2019-05-19,2020-04-13,2
EXP002325,CAN01474,OCC003,2020-06-10,2024-03-18,2
EXP002326,CAN01475,OCC001,2025-11-29,2026-07-22,2
EXP002327,CAN01476,OCC001,2024-09-26,2025-04-16,1
EXP002328,CAN01477,OCC001,2020-08-20,2024-04-18,1
EXP002329,CAN01477,OCC002,2024-05-29,2025-01-22,1
EXP002330,CAN01478,OCC001,2022-09-28,2023-07-28,2
EXP002331,CAN01479,OCC002,2019-09-27,2020-09-03,1
EXP002332,CAN01480,OCC007,2021-04-07,2023-11-27,4
EXP002333,CAN01480,OCC004,2024-03-12,2025-04-09,2
EXP002334,CAN01480,OCC009,2025-05-19,2025-11-30,3
EXP002335,CAN01481,OCC001,2018-04-03,2021-04-22,2
EXP002336,CAN01481,OCC001,2021-06-15,2023-01-10,2
EXP002337,CAN01481,OCC002,2023-02-23,2024-03-07,1
EXP002338,CAN01482,OCC002,2018-09-24,2020-07-17,2
EXP002339,CAN01482,OCC001,2020-08-09,2023-05-01,1
EXP002340,CAN01482,OCC002,2023-06-20,2024-10-28,1
EXP002341,CAN01483,OCC003,2018-10-09,2021-04-14,2
EXP002342,CAN01483,OCC007,2021-05-24,2024-03-20,4
EXP002343,CAN01484,OCC001,2019-04-13,2023-02-16,2
EXP002344,CAN01484,OCC002,2023-03-05,2025-04-18,1
EXP002345,CAN01485,OCC002,2021-01-12,2024-08-14,1
EXP002346,CAN01486,OCC002,2025-04-26,2026-01-12,1
EXP002347,CAN01487,OCC001,2025-04-13,2026-02-20,1
EXP002348,CAN01488,OCC001,2023-02-21,2024-01-15,1
EXP002349,CAN01489,OCC002,2023-06-28,2025-12-05,1
EXP002350,CAN01489,OCC002,2026-01-01,2026-07-11,1
EXP002351,CAN01490,OCC009,2021-10-18,2022-12-19,3
EXP002352,CAN01491,OCC001,2022-07-06,2023-08-28,1
EXP002353,CAN01492,OCC002,2025-08-25,2026-03-02,1
EXP002354,CAN01493,OCC005,2019-12-29,2022-11-24,3
EXP002355,CAN01494,OCC008,2021-12-10,2024-11-08,3
EXP002356,CAN01495,OCC007,2024-06-03,2025-05-29,3
EXP002357,CAN01495,OCC008,2025-06-18,2026-02-21,3
EXP002358,CAN01496,OCC001,2024-10-22,2025-06-13,2
EXP002359,CAN01497,OCC009,2021-04-12,2024-03-24,4
EXP002360,CAN01497,OCC007,2024-05-27,2024-12-16,4
EXP002361,CAN01497,OCC009,2025-02-17,2026-01-28,4
EXP002362,CAN01498,OCC006,2021-09-04,2025-07-07,4
EXP002363,CAN01499,OCC001,2023-10-17,2025-03-10,2
EXP002364,CAN01500,OCC005,2020-12-24,2024-04-27,2
EXP002365,CAN01500,OCC005,2024-07-05,2025-02-04,3
EXP002366,CAN01501,OCC002,2020-12-06,2022-11-12,1
EXP002367,CAN01502,OCC001,2022-06-12,2024-02-22,1
EXP002368,CAN01503,OCC004,2018-05-25,2019-06-23,2
EXP002369,CAN01503,OCC007,2019-08-08,2020-04-20,4
EXP002370,CAN01504,OCC003,2021-10-16,2022-04-14,2
EXP002371,CAN01505,OCC009,2024-01-21,2024-08-10,5
EXP002372,CAN01506,OCC002,2022-10-03,2023-09-06,1
EXP002373,CAN01506,OCC008,2023-11-15,2024-07-17,4
EXP002374,CAN01507,OCC001,2024-07-11,2025-03-26,1
EXP002375,CAN01508,OCC008,2019-11-03,2022-12-15,4
EXP002376,CAN01509,OCC009,2018-06-03,2020-12-05,4
EXP002377,CAN01510,OCC009,2019-11-30,2022-04-24,5
EXP002378,CAN01511,OCC007,2021-10-02,2024-09-03,4
EXP002379,CAN01511,OCC006,2024-10-09,2026-01-29,3
EXP002380,CAN01512,OCC006,2022-11-08,2023-05-25,3
EXP002381,CAN01512,OCC007,2023-09-05,2025-04-27,2
EXP002382,CAN01513,OCC009,2020-05-24,2021-10-09,4
EXP002383,CAN01513,OCC006,2021-12-22,2023-06-29,2
EXP002384,CAN01514,OCC002,2021-07-06,2024-04-04,1
EXP002385,CAN01514,OCC002,2024-04-29,2024-12-20,2
EXP002386,CAN01514,OCC001,2025-01-26,2026-03-28,1
EXP002387,CAN01515,OCC006,2021-06-12,2023-09-09,3
EXP002388,CAN01516,OCC002,2018-09-10,2020-03-07,1
EXP002389,CAN01516,OCC006,2020-05-26,2024-01-22,3
EXP002390,CAN01516,OCC005,2024-03-19,2025-01-05,2
EXP002391,CAN01517,OCC002,2017-07-08,2020-03-23,1
EXP002392,CAN01517,OCC002,2020-07-21,2022-03-21,1
EXP002393,CAN01517,OCC004,2022-06-30,2023-06-13,2
EXP002394,CAN01518,OCC003,2023-02-01,2024-01-16,2
EXP002395,CAN01518,OCC003,2024-03-19,2024-10-17,1
EXP002396,CAN01519,OCC003,2025-12-24,2026-08-04,1
EXP002397,CAN01520,OCC006,2023-01-02,2025-05-28,4
EXP002398,CAN01520,OCC004,2025-08-21,2026-04-09,2
EXP002399,CAN01521,OCC008,2018-10-28,2019-09-07,3
EXP002400,CAN01521,OCC008,2019-09-23,2021-06-21,4
EXP002401,CAN01522,OCC010,2025-05-10,2025-11-30,5
EXP002402,CAN01523,OCC003,2020-09-26,2023-06-04,1
EXP002403,CAN01524,OCC004,2020-09-15,2021-04-10,2
EXP002404,CAN01524,OCC006,2021-06-01,2023-08-06,3
EXP002405,CAN01525,OCC002,2020-11-19,2021-07-03,1
EXP002406,CAN01525,OCC001,2021-08-28,2022-11-15,1
EXP002407,CAN01526,OCC006,2025-03-31,2025-10-01,2
EXP002408,CAN01527,OCC009,2021-06-23,2025-02-22,4
EXP002409,CAN01528,OCC002,2019-03-05,2021-07-10,1
EXP002410,CAN01528,OCC002,2021-10-19,2023-05-21,2
EXP002411,CAN01529,OCC001,2019-01-18,2022-10-14,1
EXP002412,CAN01530,OCC006,2021-12-06,2024-06-10,3
EXP002413,CAN01530,OCC001,2024-09-02,2025-12-02,2
EXP002414,CAN01531,OCC001,2021-06-27,2022-09-12,1
EXP002415,CAN01531,OCC003,2022-11-18,2024-11-21,2
EXP002416,CAN01532,OCC010,2021-03-09,2021-10-20,3
EXP002417,CAN01532,OCC008,2021-12-07,2024-08-26,4
EXP002418,CAN01533,OCC001,2023-07-22,2024-01-30,1
EXP002419,CAN01533,OCC010,2024-05-08,2026-05-27,4
EXP002420,CAN01534,OCC003,2022-09-03,2024-01-15,2
EXP002421,CAN01534,OCC003,2024-05-10,2025-10-31,3
EXP002422,CAN01535,OCC001,2023-04-24,2025-07-17,1
EXP002423,CAN01536,OCC004,2024-10-20,2025-04-29,2
EXP002424,CAN01537,OCC008,2024-05-12,2025-11-21,4
EXP002425,CAN01538,OCC006,2018-12-27,2022-07-11,3
EXP002426,CAN01539,OCC010,2025-10-16,2026-04-30,4
EXP002427,CAN01540,OCC007,2021-02-24,2024-12-04,4
EXP002428,CAN01540,OCC002,2025-03-10,2025-10-12,2
EXP002429,CAN01541,OCC003,2020-05-08,2022-05-23,1
EXP002430,CAN01542,OCC010,2025-01-17,2025-09-04,4
EXP002431,CAN01542,OCC007,2025-09-20,2026-03-29,3
EXP002432,CAN01543,OCC001,2020-05-17,2021-06-10,1
EXP002433,CAN01544,OCC010,2022-04-17,2023-02-03,4
EXP002434,CAN01545,OCC001,2021-09-10,2023-11-18,2
EXP002435,CAN01545,OCC001,2023-12-25,2024-12-15,1
EXP002436,CAN01545,OCC002,2025-04-10,2025-10-11,1
EXP002437,CAN01546,OCC003,2024-07-30,2025-03-10,2
EXP002438,CAN01546,OCC001,2025-04-03,2025-10-03,1
EXP002439,CAN01547,OCC003,2025-03-20,2026-01-18,2
EXP002440,CAN01548,OCC007,2020-02-04,2022-01-18,3
EXP002441,CAN01548,OCC006,2022-02-02,2024-03-12,3
EXP002442,CAN01549,OCC001,2024-02-07,2026-02-09,2
EXP002443,CAN01550,OCC002,2019-07-20,2022-12-16,1
EXP002444,CAN01550,OCC002,2023-03-18,2025-08-03,1
EXP002445,CAN01551,OCC002,2022-06-14,2024-12-20,2
EXP002446,CAN01551,OCC002,2025-01-26,2025-09-08,1
EXP002447,CAN01552,OCC005,2018-05-14,2022-04-28,3
EXP002448,CAN01553,OCC010,2020-09-02,2023-07-19,4
EXP002449,CAN01554,OCC001,2018-05-15,2020-02-09,1
EXP002450,CAN01554,OCC005,2020-05-31,2021-01-30,3
EXP002451,CAN01555,OCC003,2024-08-12,2025-11-01,2
EXP002452,CAN01555,OCC003,2026-01-06,2026-07-05,2
EXP002453,CAN01556,OCC003,2022-02-21,2025-04-16,2
EXP002454,CAN01557,OCC005,2018-06-26,2019-08-09,3
EXP002455,CAN01558,OCC001,2023-10-20,2024-11-19,1
EXP002456,CAN01558,OCC006,2024-12-10,2026-02-06,3
EXP002457,CAN01559,OCC006,2022-11-12,2025-06-28,2
EXP002458,CAN01560,OCC007,2020-09-02,2022-08-24,3
EXP002459,CAN01560,OCC002,2022-10-13,2024-12-11,1
EXP002460,CAN01561,OCC003,2023-10-13,2025-08-14,1
EXP002461,CAN01562,OCC002,2021-10-20,2024-11-16,1
EXP002462,CAN01563,OCC001,2022-06-11,2025-07-20,1
EXP002463,CAN01564,OCC002,2019-05-31,2020-04-01,1
EXP002464,CAN01564,OCC002,2020-07-07,2024-03-18,2
EXP002465,CAN01565,OCC001,2018-04-17,2019-08-21,1
EXP002466,CAN01565,OCC001,2019-10-25,2021-02-13,1
EXP002467,CAN01565,OCC001,2021-05-15,2024-04-21,2
EXP002468,CAN01566,OCC003,2020-05-08,2021-07-02,1
EXP002469,CAN01566,OCC004,2021-08-31,2022-04-17,4
EXP002470,CAN01567,OCC008,2023-11-23,2025-02-04,5
EXP002471,CAN01567,OCC006,2025-03-10,2025-10-15,4
EXP002472,CAN01568,OCC001,2024-02-03,2024-09-25,1
EXP002473,CAN01568,OCC003,2024-11-11,2025-05-26,2
EXP002474,CAN01569,OCC003,2018-10-06,2020-03-20,3
EXP002475,CAN01569,OCC003,2020-06-04,2021-08-20,2
EXP002476,CAN01570,OCC008,2022-08-20,2024-07-14,4
EXP002477,CAN01570,OCC008,2024-08-20,2025-12-23,3
EXP002478,CAN01571,OCC004,2022-12-20,2025-01-28,4
EXP002479,CAN01572,OCC008,2019-11-16,2021-07-31,4
EXP002480,CAN01572,OCC003,2021-11-18,2024-08-14,2
EXP002481,CAN01573,OCC005,2020-09-08,2021-12-11,2
EXP002482,CAN01574,OCC002,2021-12-09,2023-09-25,2
EXP002483,CAN01575,OCC008,2022-04-26,2024-01-28,3
EXP002484,CAN01575,OCC008,2024-05-20,2024-12-27,5
EXP002485,CAN01576,OCC006,2023-01-08,2024-11-04,4
EXP002486,CAN01577,OCC010,2024-01-28,2024-08-22,5
EXP002487,CAN01578,OCC005,2021-01-02,2023-11-01,4
EXP002488,CAN01578,OCC006,2023-12-25,2025-04-04,3
EXP002489,CAN01579,OCC004,2022-07-24,2025-05-21,3
EXP002490,CAN01579,OCC006,2025-09-08,2026-05-24,4
EXP002491,CAN01580,OCC002,2023-08-22,2025-04-04,1
EXP002492,CAN01581,OCC004,2018-08-07,2022-07-21,3
EXP002493,CAN01581,OCC007,2022-08-16,2023-04-13,3
EXP002494,CAN01582,OCC005,2019-09-12,2021-06-28,3
EXP002495,CAN01582,OCC005,2021-08-30,2024-07-18,3
EXP002496,CAN01583,OCC007,2021-09-01,2024-11-01,3
EXP002497,CAN01584,OCC005,2023-03-18,2024-01-05,2
EXP002498,CAN01584,OCC009,2024-03-23,2025-05-19,4
EXP002499,CAN01585,OCC004,2019-01-29,2019-10-05,3
EXP002500,CAN01585,OCC007,2019-12-20,2023-09-18,2
EXP002501,CAN01586,OCC005,2017-08-13,2018-11-04,3
EXP002502,CAN01586,OCC006,2019-03-04,2021-12-07,3
EXP002503,CAN01587,OCC001,2019-08-30,2020-08-10,1
EXP002504,CAN01587,OCC002,2020-12-05,2024-11-29,1
EXP002505,CAN01588,OCC006,2021-01-18,2024-12-10,2
EXP002506,CAN01589,OCC002,2019-01-03,2022-11-29,1
EXP002507,CAN01589,OCC002,2023-02-16,2025-04-08,1
EXP002508,CAN01590,OCC001,2024-11-15,2026-03-14,1
EXP002509,CAN01591,OCC002,2019-11-25,2023-08-05,2
EXP002510,CAN01591,OCC001,2023-09-21,2025-04-04,2
EXP002511,CAN01591,OCC001,2025-07-28,2026-02-06,1
EXP002512,CAN01592,OCC001,2019-10-13,2020-06-09,1
EXP002513,CAN01592,OCC002,2020-09-26,2022-05-13,1
EXP002514,CAN01592,OCC002,2022-07-26,2025-05-29,1
EXP002515,CAN01593,OCC003,2023-02-05,2024-09-11,3
EXP002516,CAN01594,OCC001,2021-12-10,2024-11-02,1
EXP002517,CAN01594,OCC003,2025-02-25,2025-09-07,2
EXP002518,CAN01595,OCC002,2020-08-05,2023-02-05,1
EXP002519,CAN01596,OCC003,2025-01-13,2025-07-30,2
EXP002520,CAN01597,OCC010,2019-11-09,2021-04-07,4
EXP002521,CAN01597,OCC004,2021-07-16,2022-12-12,3
EXP002522,CAN01597,OCC005,2023-01-03,2024-04-24,3
EXP002523,CAN01598,OCC004,2025-08-23,2026-02-24,3
EXP002524,CAN01599,OCC008,2024-06-13,2025-01-23,4
EXP002525,CAN01600,OCC001,2024-03-31,2024-11-08,1
EXP002526,CAN01601,OCC001,2023-02-01,2025-04-01,1
EXP002527,CAN01602,OCC001,2024-07-07,2025-02-28,2
EXP002528,CAN01602,OCC001,2025-05-28,2025-12-10,1
EXP002529,CAN01603,OCC010,2020-05-23,2024-01-24,4
EXP002530,CAN01603,OCC009,2024-03-29,2025-03-13,4
EXP002531,CAN01604,OCC006,2025-03-03,2025-09-30,3
EXP002532,CAN01604,OCC001,2025-10-26,2026-06-03,1
EXP002533,CAN01605,OCC007,2019-11-13,2020-08-09,4
EXP002534,CAN01605,OCC004,2020-10-17,2024-02-21,3
EXP002535,CAN01606,OCC008,2018-07-14,2020-01-19,4
EXP002536,CAN01607,OCC005,2022-06-06,2025-01-08,3
EXP002537,CAN01607,OCC001,2025-05-01,2025-11-08,2
EXP002538,CAN01608,OCC001,2023-12-18,2026-01-18,2
EXP002539,CAN01609,OCC002,2021-08-30,2024-07-12,1
EXP002540,CAN01609,OCC002,2024-10-11,2025-09-08,1
EXP002541,CAN01610,OCC003,2020-12-16,2023-10-02,2
EXP002542,CAN01610,OCC003,2024-01-11,2024-07-20,1
EXP002543,CAN01611,OCC003,2019-09-10,2021-08-11,2
EXP002544,CAN01611,OCC003,2021-10-18,2023-03-02,2
EXP002545,CAN01612,OCC001,2023-04-10,2026-01-16,1
EXP002546,CAN01613,OCC007,2018-11-26,2020-12-27,3
EXP002547,CAN01613,OCC004,2021-01-18,2022-06-04,3
EXP002548,CAN01614,OCC008,2024-12-03,2025-09-13,4
EXP002549,CAN01615,OCC010,2021-07-15,2025-06-14,4
EXP002550,CAN01615,OCC009,2025-07-18,2026-08-27,3
EXP002551,CAN01616,OCC006,2021-09-03,2025-07-13,3
EXP002552,CAN01617,OCC004,2022-01-19,2025-04-22,3
EXP002553,CAN01618,OCC001,2019-08-05,2023-01-31,1
EXP002554,CAN01619,OCC002,2023-12-23,2026-01-22,1
EXP002555,CAN01620,OCC001,2022-08-16,2025-07-04,2
EXP002556,CAN01621,OCC008,2024-06-09,2025-08-31,5
EXP002557,CAN01622,OCC007,2021-01-24,2022-06-27,3
EXP002558,CAN01622,OCC004,2022-08-04,2025-12-12,2
EXP002559,CAN01623,OCC002,2024-01-13,2025-03-27,1
EXP002560,CAN01624,OCC004,2022-09-23,2023-08-10,3
EXP002561,CAN01624,OCC007,2023-10-09,2024-09-07,3
EXP002562,CAN01625,OCC001,2018-09-23,2019-11-07,1
EXP002563,CAN01626,OCC007,2024-05-08,2025-02-09,3
EXP002564,CAN01627,OCC005,2018-06-13,2020-08-22,3
EXP002565,CAN01627,OCC007,2020-10-21,2023-08-29,4
EXP002566,CAN01627,OCC008,2023-11-04,2025-07-03,4
EXP002567,CAN01628,OCC008,2022-11-15,2024-12-16,5
EXP002568,CAN01628,OCC004,2025-02-19,2025-08-18,3
EXP002569,CAN01629,OCC005,2021-09-06,2025-04-03,4
EXP002570,CAN01629,OCC003,2025-05-17,2025-12-26,2
EXP002571,CAN01630,OCC005,2022-11-02,2026-06-02,3
EXP002572,CAN01631,OCC006,2019-02-17,2022-07-14,3
EXP002573,CAN01631,OCC009,2022-08-16,2023-12-27,4
EXP002574,CAN01632,OCC007,2022-06-29,2022-12-29,3
EXP002575,CAN01632,OCC004,2023-02-26,2024-04-08,2
EXP002576,CAN01633,OCC010,2022-06-12,2025-06-20,4
EXP002577,CAN01634,OCC007,2019-06-06,2023-01-24,3
EXP002578,CAN01634,OCC006,2023-04-24,2026-05-24,3
EXP002579,CAN01635,OCC003,2025-09-21,2026-04-27,2
EXP002580,CAN01636,OCC007,2022-11-23,2023-06-22,4
EXP002581,CAN01636,OCC004,2023-07-18,2025-04-08,4
EXP002582,CAN01636,OCC006,2025-05-09,2025-11-15,3
EXP002583,CAN01637,OCC001,2020-07-26,2024-01-04,1
EXP002584,CAN01637,OCC004,2024-03-27,2025-09-22,4
EXP002585,CAN01638,OCC006,2025-02-05,2025-10-17,4
EXP002586,CAN01639,OCC002,2019-11-14,2022-05-09,1
EXP002587,CAN01639,OCC007,2022-06-19,2023-09-10,3
EXP002588,CAN01640,OCC005,2018-02-14,2021-03-02,3
EXP002589,CAN01640,OCC004,2021-04-01,2023-02-17,3
EXP002590,CAN01641,OCC005,2023-12-14,2025-08-04,3
EXP002591,CAN01641,OCC008,2025-09-15,2026-04-27,3
EXP002592,CAN01642,OCC001,2023-10-28,2024-04-29,2
EXP002593,CAN01643,OCC010,2024-04-17,2024-11-07,4
EXP002594,CAN01644,OCC008,2019-12-14,2020-08-21,4
EXP002595,CAN01644,OCC004,2020-09-20,2021-06-05,3
EXP002596,CAN01644,OCC004,2021-07-20,2023-03-31,3
EXP002597,CAN01645,OCC003,2019-05-18,2021-05-23,2
EXP002598,CAN01645,OCC001,2021-08-08,2024-01-11,1
EXP002599,CAN01645,OCC002,2024-02-02,2025-01-01,2
EXP002600,CAN01646,OCC002,2020-08-04,2023-02-19,1
EXP002601,CAN01647,OCC006,2021-07-28,2023-02-27,3
EXP002602,CAN01647,OCC007,2023-03-18,2025-09-17,2
EXP002603,CAN01648,OCC006,2022-01-06,2023-06-22,2
EXP002604,CAN01649,OCC006,2023-10-21,2024-05-31,3
EXP002605,CAN01650,OCC006,2018-07-13,2019-11-17,4
EXP002606,CAN01650,OCC008,2020-03-07,2023-01-14,3
EXP002607,CAN01651,OCC004,2023-12-12,2024-12-15,3
EXP002608,CAN01651,OCC007,2025-01-25,2026-05-06,4
EXP002609,CAN01652,OCC006,2018-08-21,2021-07-15,3
EXP002610,CAN01653,OCC003,2021-09-24,2024-11-23,2
EXP002611,CAN01653,OCC003,2025-01-19,2025-12-02,2
EXP002612,CAN01654,OCC001,2019-01-04,2021-12-09,2
EXP002613,CAN01655,OCC001,2023-01-25,2025-10-31,1
EXP002614,CAN01656,OCC003,2018-11-30,2019-10-30,1
EXP002615,CAN01656,OCC007,2020-02-04,2023-02-03,4
EXP002616,CAN01657,OCC005,2024-05-08,2025-08-20,3
EXP002617,CAN01658,OCC002,2025-01-28,2025-08-05,2
EXP002618,CAN01659,OCC006,2019-11-09,2023-02-01,3
EXP002619,CAN01659,OCC001,2023-05-28,2025-12-05,1
EXP002620,CAN01660,OCC003,2018-12-26,2020-10-06,2
EXP002621,CAN01661,OCC006,2020-08-10,2023-03-27,4
EXP002622,CAN01662,OCC006,2017-09-29,2019-08-25,3
EXP002623,CAN01662,OCC009,2019-11-11,2020-10-08,4
EXP002624,CAN01662,OCC010,2021-01-14,2024-05-06,3
EXP002625,CAN01663,OCC006,2019-02-01,2022-02-03,3
EXP002626,CAN01663,OCC008,2022-03-09,2023-12-21,5
EXP002627,CAN01664,OCC003,2021-10-21,2022-10-06,2
EXP002628,CAN01664,OCC004,2022-11-17,2025-05-03,2
EXP002629,CAN01665,OCC009,2018-08-04,2021-05-25,5
EXP002630,CAN01665,OCC007,2021-07-27,2023-07-21,4
EXP002631,CAN01666,OCC007,2025-04-28,2026-01-18,3
EXP002632,CAN01667,OCC007,2025-01-11,2025-07-10,4
EXP002633,CAN01668,OCC010,2019-08-16,2020-11-17,3
EXP002634,CAN01668,OCC006,2021-02-24,2023-06-26,2
EXP002635,CAN01669,OCC010,2024-07-05,2025-10-18,4
EXP002636,CAN01670,OCC003,2020-12-20,2023-08-05,2
EXP002637,CAN01670,OCC003,2023-11-27,2024-09-11,2
EXP002638,CAN01670,OCC003,2024-10-03,2025-06-02,2
EXP002639,CAN01671,OCC001,2021-03-24,2024-03-19,1
EXP002640,CAN01672,OCC010,2020-10-04,2022-02-28,5
EXP002641,CAN01673,OCC006,2022-08-11,2024-10-16,2
EXP002642,CAN01673,OCC008,2024-12-29,2025-09-15,4
EXP002643,CAN01674,OCC009,2020-01-25,2023-05-17,3
EXP002644,CAN01674,OCC010,2023-08-24,2026-01-15,3
EXP002645,CAN01675,OCC006,2023-09-10,2024-09-27,4
EXP002646,CAN01675,OCC008,2025-01-10,2025-10-04,4
EXP002647,CAN01676,OCC003,2018-11-11,2019-10-31,2
EXP002648,CAN01676,OCC003,2019-12-28,2023-10-05,3
EXP002649,CAN01677,OCC002,2022-10-08,2025-02-14,1
EXP002650,CAN01677,OCC004,2025-03-14,2025-11-08,3
EXP002651,CAN01678,OCC010,2023-11-17,2024-12-12,5
EXP002652,CAN01679,OCC004,2020-10-20,2022-11-22,3
EXP002653,CAN01679,OCC010,2023-01-07,2024-03-03,4
EXP002654,CAN01679,OCC010,2024-05-21,2025-03-29,5
EXP002655,CAN01680,OCC003,2024-03-14,2025-09-23,1
EXP002656,CAN01681,OCC003,2021-05-03,2022-12-10,2
EXP002657,CAN01681,OCC003,2023-01-02,2024-03-20,3
EXP002658,CAN01681,OCC003,2024-04-09,2025-05-28,2
EXP002659,CAN01682,OCC002,2020-10-30,2022-02-06,1
EXP002660,CAN01683,OCC003,2020-05-25,2022-05-10,2
EXP002661,CAN01683,OCC001,2022-06-06,2025-10-24,1
EXP002662,CAN01684,OCC002,2018-02-28,2021-01-13,1
EXP002663,CAN01684,OCC002,2021-04-17,2024-01-08,1
EXP002664,CAN01685,OCC006,2023-05-08,2024-12-09,4
EXP002665,CAN01685,OCC008,2025-03-04,2025-11-13,4
EXP002666,CAN01686,OCC001,2018-07-01,2021-06-07,1
EXP002667,CAN01686,OCC002,2021-09-06,2025-03-09,1
EXP002668,CAN01686,OCC005,2025-06-28,2026-02-24,2
EXP002669,CAN01687,OCC004,2023-05-08,2024-07-10,3
EXP002670,CAN01687,OCC009,2024-09-18,2025-05-12,4
EXP002671,CAN01688,OCC004,2018-12-24,2020-12-13,3
EXP002672,CAN01688,OCC005,2021-04-09,2024-02-09,4
EXP002673,CAN01689,OCC006,2024-05-28,2024-12-25,4
EXP002674,CAN01689,OCC005,2025-02-15,2025-08-14,2
EXP002675,CAN01690,OCC002,2019-01-08,2020-07-10,1
EXP002676,CAN01690,OCC007,2020-08-23,2021-12-09,4
EXP002677,CAN01691,OCC004,2024-04-30,2024-11-07,3
EXP002678,CAN01692,OCC001,2023-05-30,2024-10-17,1
EXP002679,CAN01693,OCC001,2023-05-06,2025-01-21,1
EXP002680,CAN01694,OCC002,2023-09-22,2025-12-09,1
EXP002681,CAN01695,OCC009,2024-01-27,2024-12-17,3
EXP002682,CAN01696,OCC002,2025-01-15,2025-09-14,1
EXP002683,CAN01697,OCC008,2023-07-13,2025-10-18,3
EXP002684,CAN01698,OCC001,2020-09-09,2023-09-01,2
EXP002685,CAN01698,OCC005,2023-10-21,2025-03-30,3
EXP002686,CAN01699,OCC009,2024-03-15,2025-05-22,4
EXP002687,CAN01700,OCC001,2020-03-02,2022-01-20,2
EXP002688,CAN01700,OCC002,2022-02-27,2024-06-02,1
EXP002689,CAN01700,OCC001,2024-09-07,2025-07-26,1
EXP002690,CAN01701,OCC005,2017-11-02,2018-05-22,2
EXP002691,CAN01701,OCC005,2018-06-16,2022-01-22,2
EXP002692,CAN01702,OCC001,2023-09-20,2024-12-03,1
EXP002693,CAN01702,OCC001,2025-03-31,2026-01-14,2
EXP002694,CAN01703,OCC005,2024-08-27,2026-03-10,3
EXP002695,CAN01704,OCC001,2025-05-29,2025-12-10,2
EXP002696,CAN01705,OCC005,2024-03-23,2025-09-29,3
EXP002697,CAN01706,OCC001,2019-12-02,2021-04-13,1
EXP002698,CAN01706,OCC006,2021-06-14,2024-07-08,2
EXP002699,CAN01707,OCC001,2025-04-28,2025-12-20,1
EXP002700,CAN01708,OCC006,2022-10-27,2023-09-04,3
EXP002701,CAN01708,OCC008,2023-11-11,2024-11-30,5
EXP002702,CAN01709,OCC002,2022-08-17,2025-05-25,1
EXP002703,CAN01710,OCC002,2021-11-05,2025-01-29,1
EXP002704,CAN01710,OCC001,2025-05-06,2025-12-17,1
EXP002705,CAN01711,OCC002,2022-09-13,2024-05-21,2
EXP002706,CAN01711,OCC001,2024-07-05,2025-03-26,1
EXP002707,CAN01712,OCC006,2017-12-01,2019-03-13,2
EXP002708,CAN01712,OCC004,2019-06-18,2021-01-27,4
EXP002709,CAN01713,OCC001,2024-12-25,2025-09-28,1
EXP002710,CAN01714,OCC003,2023-10-12,2024-08-02,1
EXP002711,CAN01715,OCC004,2023-07-26,2024-03-30,4
EXP002712,CAN01715,OCC006,2024-07-24,2026-03-06,3
EXP002713,CAN01716,OCC008,2025-07-13,2026-03-02,3
EXP002714,CAN01717,OCC004,2020-11-07,2023-03-04,3
EXP002715,CAN01717,OCC006,2023-06-17,2024-08-04,3
EXP002716,CAN01718,OCC010,2022-05-21,2025-01-19,4
EXP002717,CAN01719,OCC001,2019-12-18,2021-02-04,1
EXP002718,CAN01719,OCC001,2021-05-30,2023-11-14,1
EXP002719,CAN01719,OCC002,2023-12-22,2024-09-05,1
EXP002720,CAN01720,OCC002,2020-04-15,2023-01-15,1
EXP002721,CAN01720,OCC001,2023-03-24,2025-05-25,1
EXP002722,CAN01721,OCC006,2021-05-12,2022-01-03,4
EXP002723,CAN01722,OCC005,2025-01-18,2026-01-25,3
EXP002724,CAN01723,OCC002,2021-10-26,2023-12-27,1
EXP002725,CAN01724,OCC005,2019-04-29,2020-06-14,3
EXP002726,CAN01725,OCC006,2023-09-07,2024-11-04,3
EXP002727,CAN01726,OCC003,2019-11-26,2023-10-14,1
EXP002728,CAN01727,OCC001,2021-05-15,2022-05-17,1
EXP002729,CAN01727,OCC002,2022-07-25,2024-07-30,1
EXP002730,CAN01728,OCC008,2024-01-18,2025-02-09,5
EXP002731,CAN01729,OCC005,2021-12-03,2024-10-18,2
EXP002732,CAN01730,OCC006,2025-05-10,2026-03-05,2
EXP002733,CAN01731,OCC001,2018-06-03,2021-10-11,2
EXP002734,CAN01731,OCC001,2021-11-09,2024-03-15,1
EXP002735,CAN01731,OCC001,2024-04-19,2025-02-05,1
EXP002736,CAN01732,OCC002,2021-09-07,2023-05-01,1
EXP002737,CAN01733,OCC002,2019-07-16,2022-09-16,1
EXP002738,CAN01734,OCC003,2020-12-11,2024-04-23,2
EXP002739,CAN01734,OCC006,2024-08-08,2025-09-07,4
EXP002740,CAN01735,OCC005,2019-10-30,2022-12-23,2
EXP002741,CAN01735,OCC005,2023-04-15,2024-12-31,3
EXP002742,CAN01736,OCC004,2017-12-30,2019-02-23,2
EXP002743,CAN01736,OCC004,2019-06-04,2020-07-22,4
EXP002744,CAN01737,OCC007,2022-11-20,2025-06-25,4
EXP002745,CAN01737,OCC006,2025-09-01,2026-09-06,3
EXP002746,CAN01738,OCC001,2019-05-27,2021-02-23,2
EXP002747,CAN01739,OCC001,2023-02-13,2025-04-02,1
EXP002748,CAN01740,OCC006,2024-09-26,2025-05-10,3
EXP002749,CAN01741,OCC003,2024-06-27,2025-06-22,2
EXP002750,CAN01741,OCC003,2025-08-01,2026-01-29,2
EXP002751,CAN01742,OCC002,2019-09-20,2021-12-11,1
EXP002752,CAN01743,OCC006,2018-07-23,2020-09-04,4
EXP002753,CAN01744,OCC003,2021-08-16,2023-03-30,2
EXP002754,CAN01744,OCC003,2023-04-23,2025-03-30,1
EXP002755,CAN01745,OCC003,2023-11-27,2025-01-08,2
EXP002756,CAN01746,OCC007,2020-05-25,2021-12-24,3
EXP002757,CAN01746,OCC009,2022-04-03,2022-11-03,3
EXP002758,CAN01747,OCC001,2023-07-31,2024-05-08,2
EXP002759,CAN01748,OCC008,2022-10-23,2025-05-21,4
EXP002760,CAN01748,OCC010,2025-08-18,2026-06-28,4
EXP002761,CAN01749,OCC008,2020-02-18,2022-04-16,4
EXP002762,CAN01749,OCC005,2022-07-12,2023-02-06,2
EXP002763,CAN01749,OCC006,2023-05-05,2025-09-11,2
EXP002764,CAN01750,OCC005,2020-12-26,2023-01-14,3
EXP002765,CAN01750,OCC006,2023-05-14,2024-12-26,3
EXP002766,CAN01750,OCC002,2025-02-10,2025-12-03,1
EXP002767,CAN01751,OCC002,2024-02-04,2024-12-09,2
EXP002768,CAN01751,OCC001,2025-01-06,2025-11-16,1
EXP002769,CAN01752,OCC005,2018-07-02,2020-05-30,2
EXP002770,CAN01753,OCC001,2022-03-19,2025-11-08,1
EXP002771,CAN01754,OCC005,2022-04-25,2024-10-30,2
EXP002772,CAN01754,OCC009,2025-01-30,2025-08-13,4
EXP002773,CAN01755,OCC001,2018-06-13,2021-03-20,2
EXP002774,CAN01755,OCC001,2021-06-26,2023-02-24,2
EXP002775,CAN01756,OCC006,2020-04-08,2023-07-24,3
EXP002776,CAN01756,OCC008,2023-09-04,2024-09-30,3
EXP002777,CAN01757,OCC005,2025-02-02,2025-08-30,3
EXP002778,CAN01757,OCC008,2025-10-05,2026-04-08,4
EXP002779,CAN01758,OCC004,2023-10-27,2024-10-20,2
EXP002780,CAN01759,OCC004,2021-03-02,2024-04-15,4
EXP002781,CAN01759,OCC003,2024-07-01,2025-02-19,3
EXP002782,CAN01760,OCC003,2025-02-16,2026-04-17,2
EXP002783,CAN01761,OCC004,2019-02-21,2023-01-06,3
EXP002784,CAN01761,OCC009,2023-04-30,2025-04-10,5
EXP002785,CAN01762,OCC002,2025-11-28,2026-05-31,1
EXP002786,CAN01763,OCC006,2022-06-17,2024-02-10,3
EXP002787,CAN01763,OCC006,2024-04-15,2025-06-30,2
EXP002788,CAN01764,OCC010,2023-01-07,2024-01-11,3
EXP002789,CAN01765,OCC003,2024-04-10,2024-11-27,1
EXP002790,CAN01765,OCC003,2025-01-10,2025-12-03,2
EXP002791,CAN01766,OCC008,2021-03-18,2022-03-18,4
EXP002792,CAN01766,OCC010,2022-05-02,2024-07-12,4
EXP002793,CAN01767,OCC004,2019-04-05,2023-01-19,4
EXP002794,CAN01768,OCC002,2022-07-31,2025-05-20,1
EXP002795,CAN01769,OCC006,2024-06-17,2024-12-15,3
EXP002796,CAN01770,OCC007,2022-04-12,2024-02-09,4
EXP002797,CAN01770,OCC006,2024-05-09,2025-09-27,3
EXP002798,CAN01771,OCC005,2018-06-23,2019-09-08,3
EXP002799,CAN01771,OCC005,2019-10-29,2021-07-04,4
EXP002800,CAN01772,OCC005,2025-11-09,2026-07-26,3
EXP002801,CAN01773,OCC006,2023-04-06,2024-02-14,4
EXP002802,CAN01774,OCC003,2017-10-18,2019-05-07,2
EXP002803,CAN01774,OCC006,2019-08-15,2022-07-29,4
EXP002804,CAN01775,OCC006,2021-06-10,2023-06-25,3
EXP002805,CAN01775,OCC006,2023-09-30,2025-01-05,3
EXP002806,CAN01776,OCC010,2017-08-03,2018-12-20,4
EXP002807,CAN01777,OCC004,2021-11-18,2022-06-04,4
EXP002808,CAN01777,OCC008,2022-09-18,2025-12-21,4
EXP002809,CAN01778,OCC006,2020-03-20,2023-01-27,3
EXP002810,CAN01778,OCC005,2023-04-15,2024-07-21,3
EXP002811,CAN01779,OCC006,2024-12-29,2025-11-22,4
EXP002812,CAN01780,OCC004,2024-05-04,2024-11-25,3
EXP002813,CAN01781,OCC001,2019-01-28,2020-10-17,1
EXP002814,CAN01781,OCC001,2021-02-04,2021-10-11,1
EXP002815,CAN01782,OCC008,2024-03-13,2025-08-29,4
EXP002816,CAN01783,OCC005,2024-07-27,2025-02-17,3
EXP002817,CAN01784,OCC001,2022-08-04,2025-02-15,1
EXP002818,CAN01785,OCC002,2021-04-06,2023-07-04,1
EXP002819,CAN01785,OCC001,2023-10-17,2024-08-21,2
EXP002820,CAN01786,OCC007,2024-08-14,2026-03-13,3
EXP002821,CAN01787,OCC002,2021-11-30,2025-05-01,2
EXP002822,CAN01787,OCC001,2025-06-01,2026-01-12,1
EXP002823,CAN01787,OCC008,2026-01-30,2026-08-04,4
EXP002824,CAN01788,OCC006,2023-05-18,2025-01-25,4
EXP002825,CAN01789,OCC003,2024-09-23,2025-06-30,1
EXP002826,CAN01790,OCC005,2025-04-09,2025-10-07,2
EXP002827,CAN01791,OCC003,2022-11-03,2023-09-15,2
EXP002828,CAN01792,OCC002,2021-03-10,2023-09-04,1
EXP002829,CAN01792,OCC001,2023-12-04,2024-10-07,2
EXP002830,CAN01793,OCC005,2025-06-22,2026-02-26,3
EXP002831,CAN01794,OCC001,2018-05-19,2021-02-01,1
EXP002832,CAN01794,OCC002,2021-04-04,2024-04-05,1
EXP002833,CAN01795,OCC001,2019-01-20,2021-11-22,1
EXP002834,CAN01795,OCC001,2022-01-12,2024-12-01,1
EXP002835,CAN01796,OCC003,2019-03-15,2022-08-05,2
EXP002836,CAN01796,OCC006,2022-11-02,2025-03-10,3
EXP002837,CAN01797,OCC008,2023-03-24,2025-04-17,4
EXP002838,CAN01798,OCC010,2024-04-08,2024-10-05,4
EXP002839,CAN01799,OCC004,2019-03-31,2019-12-18,3
EXP002840,CAN01800,OCC006,2023-11-25,2024-07-04,3
EXP002841,CAN01800,OCC008,2024-09-27,2025-05-15,4
EXP002842,CAN01801,OCC001,2025-04-16,2025-11-15,1
EXP002843,CAN01802,OCC002,2022-12-01,2025-12-21,1
EXP002844,CAN01803,OCC008,2017-09-14,2021-06-21,4
EXP002845,CAN01803,OCC008,2021-08-30,2023-10-23,4
EXP002846,CAN01803,OCC005,2023-11-25,2024-10-31,2
EXP002847,CAN01804,OCC003,2017-09-19,2020-09-24,2
EXP002848,CAN01805,OCC002,2024-11-06,2025-09-01,1
EXP002849,CAN01806,OCC010,2021-11-07,2025-09-11,5
EXP002850,CAN01807,OCC003,2023-12-06,2025-12-09,1
EXP002851,CAN01808,OCC006,2017-04-18,2019-03-15,3
EXP002852,CAN01808,OCC004,2019-07-02,2022-10-09,2
EXP002853,CAN01809,OCC005,2021-12-07,2024-07-01,4
EXP002854,CAN01810,OCC010,2024-04-02,2025-04-22,4
EXP002855,CAN01810,OCC001,2025-05-28,2026-05-29,1
EXP002856,CAN01811,OCC001,2020-12-03,2023-07-08,1
EXP002857,CAN01811,OCC002,2023-08-09,2024-12-01,1
EXP002858,CAN01812,OCC010,2020-01-30,2022-05-13,4
EXP002859,CAN01812,OCC004,2022-06-28,2023-09-10,3
EXP002860,CAN01813,OCC005,2025-01-17,2026-03-07,3
EXP002861,CAN01814,OCC009,2019-05-04,2020-10-09,5
EXP002862,CAN01814,OCC007,2020-12-29,2023-10-30,4
EXP002863,CAN01814,OCC008,2024-01-31,2025-10-28,4
EXP002864,CAN01815,OCC002,2023-07-05,2026-03-31,1
EXP002865,CAN01816,OCC007,2020-05-22,2022-12-21,2
EXP002866,CAN01816,OCC009,2023-04-09,2024-09-19,5
EXP002867,CAN01816,OCC003,2024-12-11,2026-01-20,2
EXP002868,CAN01817,OCC002,2024-01-16,2025-05-22,1
EXP002869,CAN01817,OCC001,2025-07-16,2026-02-11,1
EXP002870,CAN01818,OCC003,2023-12-10,2026-01-01,2
EXP002871,CAN01819,OCC006,2025-12-08,2026-06-19,2
EXP002872,CAN01820,OCC001,2018-08-22,2021-10-10,1
EXP002873,CAN01820,OCC001,2021-11-05,2025-08-28,1
EXP002874,CAN01821,OCC003,2023-09-11,2025-11-22,2
EXP002875,CAN01822,OCC002,2019-08-22,2020-05-22,1
EXP002876,CAN01823,OCC009,2022-11-16,2024-08-23,4
EXP002877,CAN01824,OCC002,2021-05-01,2022-06-13,1
EXP002878,CAN01824,OCC002,2022-07-17,2024-12-17,1
EXP002879,CAN01825,OCC002,2025-03-03,2025-11-23,1
EXP002880,CAN01826,OCC003,2023-12-04,2024-12-27,2
EXP002881,CAN01827,OCC003,2024-04-10,2025-12-23,3
EXP002882,CAN01828,OCC002,2020-05-21,2024-01-24,1
EXP002883,CAN01829,OCC010,2020-05-26,2021-01-28,5
EXP002884,CAN01829,OCC007,2021-03-25,2023-04-22,4
EXP002885,CAN01830,OCC005,2018-11-14,2022-08-20,3
EXP002886,CAN01830,OCC005,2022-11-06,2024-05-07,2
EXP002887,CAN01830,OCC005,2024-08-09,2026-05-03,3
EXP002888,CAN01831,OCC004,2023-01-11,2024-02-12,3
EXP002889,CAN01832,OCC001,2021-03-02,2022-10-10,2
EXP002890,CAN01832,OCC001,2022-12-20,2025-09-11,1
EXP002891,CAN01833,OCC007,2024-02-27,2025-10-20,2
EXP002892,CAN01834,OCC006,2025-05-16,2026-02-12,3
EXP002893,CAN01835,OCC006,2022-05-06,2023-12-20,2
EXP002894,CAN01835,OCC007,2024-01-24,2025-02-07,4
EXP002895,CAN01836,OCC003,2024-03-10,2026-04-12,2
EXP002896,CAN01837,OCC006,2019-01-29,2020-11-19,3
EXP002897,CAN01837,OCC009,2021-02-01,2022-03-03,5
EXP002898,CAN01838,OCC006,2024-10-31,2025-10-02,2
EXP002899,CAN01839,OCC001,2017-10-31,2020-04-11,2
EXP002900,CAN01839,OCC001,2020-08-08,2021-09-26,1
EXP002901,CAN01840,OCC008,2019-01-13,2020-04-08,4
EXP002902,CAN01840,OCC007,2020-05-27,2021-05-23,2
EXP002903,CAN01840,OCC008,2021-08-21,2024-04-14,4
EXP002904,CAN01841,OCC002,2020-04-15,2022-02-26,1
EXP002905,CAN01842,OCC003,2023-04-23,2024-02-06,3
EXP002906,CAN01842,OCC003,2024-05-09,2025-01-26,2
EXP002907,CAN01843,OCC005,2018-10-13,2021-05-29,3
EXP002908,CAN01843,OCC001,2021-07-13,2023-01-14,1
EXP002909,CAN01844,OCC003,2022-07-22,2024-09-28,1
EXP002910,CAN01845,OCC006,2019-08-20,2022-08-21,3
EXP002911,CAN01845,OCC004,2022-10-31,2024-10-06,2
EXP002912,CAN01846,OCC010,2019-05-12,2022-09-22,4
EXP002913,CAN01846,OCC001,2022-12-13,2025-08-25,1
EXP002914,CAN01847,OCC008,2018-10-16,2021-02-07,4
EXP002915,CAN01847,OCC008,2021-05-06,2024-07-08,4
EXP002916,CAN01847,OCC010,2024-10-21,2025-04-22,4
EXP002917,CAN01848,OCC003,2019-11-03,2022-11-05,1
EXP002918,CAN01849,OCC001,2023-12-27,2025-03-30,2
EXP002919,CAN01849,OCC002,2025-06-21,2026-02-15,1
EXP002920,CAN01850,OCC006,2021-01-25,2021-12-24,4
EXP002921,CAN01850,OCC004,2022-03-15,2024-12-24,3
EXP002922,CAN01851,OCC010,2019-04-21,2021-12-30,4
EXP002923,CAN01851,OCC005,2022-04-05,2025-09-14,3
EXP002924,CAN01852,OCC010,2025-05-25,2026-02-05,4
EXP002925,CAN01853,OCC007,2021-05-06,2024-02-18,3
EXP002926,CAN01854,OCC003,2025-09-10,2026-04-05,1
EXP002927,CAN01855,OCC006,2020-03-05,2021-02-22,2
EXP002928,CAN01856,OCC002,2019-08-05,2020-08-05,1
EXP002929,CAN01856,OCC002,2020-10-15,2023-07-03,2
EXP002930,CAN01857,OCC005,2023-05-21,2024-10-09,3
EXP002931,CAN01857,OCC010,2024-10-27,2025-06-21,4
EXP002932,CAN01858,OCC001,2023-11-11,2026-01-23,1
EXP002933,CAN01859,OCC008,2020-04-19,2022-07-15,3
EXP002934,CAN01859,OCC007,2022-09-04,2023-10-28,3
EXP002935,CAN01860,OCC004,2026-01-05,2026-07-09,3
EXP002936,CAN01861,OCC004,2019-05-02,2021-02-04,3
EXP002937,CAN01862,OCC009,2023-10-15,2024-11-04,3
EXP002938,CAN01863,OCC002,2025-07-07,2026-06-06,1
EXP002939,CAN01864,OCC008,2021-04-11,2023-01-06,4
EXP002940,CAN01864,OCC005,2023-03-21,2024-10-30,2
EXP002941,CAN01865,OCC001,2023-10-04,2025-01-01,1
EXP002942,CAN01866,OCC002,2024-06-16,2025-06-12,1
EXP002943,CAN01867,OCC004,2023-08-15,2024-10-24,3
EXP002944,CAN01867,OCC005,2024-11-27,2025-08-25,2
EXP002945,CAN01868,OCC001,2023-03-17,2025-06-20,1
EXP002946,CAN01869,OCC001,2019-10-19,2022-11-14,1
EXP002947,CAN01870,OCC006,2021-02-11,2023-06-21,3
EXP002948,CAN01870,OCC010,2023-10-14,2025-04-26,4
EXP002949,CAN01871,OCC007,2019-06-29,2020-05-14,3
EXP002950,CAN01871,OCC006,2020-09-05,2023-02-09,3
EXP002951,CAN01872,OCC007,2020-02-24,2022-05-14,2
EXP002952,CAN01872,OCC010,2022-07-15,2023-07-13,3
EXP002953,CAN01873,OCC008,2022-07-25,2024-05-27,4
EXP002954,CAN01873,OCC010,2024-07-14,2025-01-15,4
EXP002955,CAN01874,OCC009,2023-04-25,2024-11-16,3
EXP002956,CAN01875,OCC008,2023-07-31,2025-12-07,4
EXP002957,CAN01876,OCC001,2024-02-08,2025-04-05,1
EXP002958,CAN01876,OCC001,2025-06-21,2026-05-04,1
EXP002959,CAN01877,OCC002,2018-05-21,2019-11-22,1
EXP002960,CAN01877,OCC002,2019-12-17,2020-10-03,1
EXP002961,CAN01878,OCC004,2023-03-25,2025-04-10,3
EXP002962,CAN01879,OCC010,2022-10-28,2023-08-30,5
EXP002963,CAN01879,OCC003,2023-12-23,2024-10-23,1
EXP002964,CAN01880,OCC002,2023-07-21,2025-10-31,1
EXP002965,CAN01881,OCC003,2020-12-14,2024-09-26,2
EXP002966,CAN01882,OCC010,2018-12-31,2019-09-03,4
EXP002967,CAN01882,OCC009,2019-11-22,2022-07-04,5
EXP002968,CAN01882,OCC002,2022-10-31,2023-10-05,1
EXP002969,CAN01883,OCC002,2022-07-24,2025-07-18,1
EXP002970,CAN01883,OCC001,2025-08-27,2026-03-18,1
EXP002971,CAN01884,OCC003,2019-06-20,2020-01-29,2
EXP002972,CAN01884,OCC003,2020-05-05,2022-08-06,1
EXP002973,CAN01885,OCC007,2021-06-23,2023-10-12,3
EXP002974,CAN01885,OCC009,2023-11-28,2026-02-02,3
EXP002975,CAN01886,OCC003,2018-09-15,2019-12-25,2
EXP002976,CAN01887,OCC005,2022-06-19,2024-10-02,3
EXP002977,CAN01888,OCC003,2022-12-11,2025-07-18,2
EXP002978,CAN01889,OCC005,2018-12-02,2022-04-05,3
EXP002979,CAN01889,OCC010,2022-07-01,2023-02-03,5
EXP002980,CAN01890,OCC001,2022-05-31,2025-05-14,1
EXP002981,CAN01891,OCC001,2020-07-18,2024-06-22,1
EXP002982,CAN01891,OCC009,2024-07-31,2025-06-11,4
EXP002983,CAN01892,OCC008,2025-04-04,2025-10-01,5
EXP002984,CAN01893,OCC004,2018-10-28,2022-08-22,2
EXP002985,CAN01893,OCC004,2022-12-09,2024-06-25,4
EXP002986,CAN01894,OCC003,2023-04-26,2024-02-24,2
EXP002987,CAN01894,OCC003,2024-04-15,2025-02-19,2
EXP002988,CAN01895,OCC004,2021-02-27,2022-08-17,4
EXP002989,CAN01895,OCC006,2022-11-15,2024-09-18,4
EXP002990,CAN01895,OCC010,2024-11-14,2025-07-15,3
EXP002991,CAN01896,OCC003,2023-08-22,2025-06-14,1
EXP002992,CAN01897,OCC001,2020-02-18,2021-06-28,1
EXP002993,CAN01898,OCC002,2022-12-20,2023-12-09,1
EXP002994,CAN01898,OCC001,2024-03-06,2025-01-18,1
EXP002995,CAN01899,OCC004,2022-04-24,2024-01-17,3
EXP002996,CAN01899,OCC010,2024-04-21,2025-04-17,4
EXP002997,CAN01900,OCC002,2021-04-18,2023-07-07,1
EXP002998,CAN01900,OCC001,2023-10-25,2025-09-16,1
EXP002999,CAN01901,OCC002,2021-08-03,2025-04-11,1
EXP003000,CAN01902,OCC009,2023-03-07,2023-11-28,3
EXP003001,CAN01903,OCC004,2022-06-29,2024-01-08,3
EXP003002,CAN01903,OCC009,2024-04-30,2025-02-05,4
EXP003003,CAN01904,OCC004,2021-09-15,2024-10-26,3
EXP003004,CAN01904,OCC007,2024-11-20,2025-07-16,3
EXP003005,CAN01905,OCC009,2019-01-23,2021-12-24,4
EXP003006,CAN01905,OCC005,2022-01-15,2024-09-06,2
EXP003007,CAN01906,OCC001,2025-01-11,2025-09-10,1
EXP003008,CAN01906,OCC001,2025-11-13,2026-06-06,2
EXP003009,CAN01907,OCC005,2020-03-20,2021-06-04,3
EXP003010,CAN01908,OCC005,2024-02-14,2024-08-23,3
EXP003011,CAN01909,OCC007,2018-09-16,2020-10-06,2
EXP003012,CAN01909,OCC009,2020-12-31,2022-11-11,4
EXP003013,CAN01910,OCC005,2022-11-08,2024-12-18,4
EXP003014,CAN01910,OCC010,2025-01-10,2025-11-06,4
EXP003015,CAN01911,OCC002,2019-08-08,2021-11-02,1
EXP003016,CAN01912,OCC003,2020-01-25,2022-06-02,2
EXP003017,CAN01912,OCC003,2022-07-07,2023-12-21,2
EXP003018,CAN01912,OCC009,2024-04-18,2025-06-25,4
EXP003019,CAN01913,OCC003,2022-09-27,2025-03-18,3
EXP003020,CAN01913,OCC003,2025-05-16,2025-11-15,1
EXP003021,CAN01914,OCC005,2021-02-25,2022-09-09,3
EXP003022,CAN01915,OCC001,2022-12-28,2024-04-07,1
EXP003023,CAN01916,OCC006,2021-04-18,2024-12-16,3
EXP003024,CAN01916,OCC010,2025-04-02,2025-10-04,4
EXP003025,CAN01917,OCC003,2021-12-18,2024-08-03,2
EXP003026,CAN01917,OCC009,2024-09-02,2025-09-12,3
EXP003027,CAN01918,OCC009,2019-02-14,2020-09-17,5
EXP003028,CAN01918,OCC002,2021-01-12,2021-12-20,1
EXP003029,CAN01919,OCC007,2019-01-13,2021-06-24,3
EXP003030,CAN01920,OCC010,2021-08-06,2024-03-21,4
EXP003031,CAN01921,OCC005,2019-09-03,2023-06-17,3
EXP003032,CAN01921,OCC009,2023-07-31,2025-03-05,4
EXP003033,CAN01922,OCC006,2019-06-24,2022-09-25,3
EXP003034,CAN01923,OCC006,2025-08-03,2026-04-30,3
EXP003035,CAN01924,OCC004,2017-07-21,2020-04-21,3
EXP003036,CAN01924,OCC007,2020-07-09,2021-12-31,3
EXP003037,CAN01925,OCC001,2022-04-15,2023-08-04,1
EXP003038,CAN01925,OCC001,2023-09-02,2024-11-20,1
EXP003039,CAN01926,OCC002,2017-12-28,2021-01-16,2
EXP003040,CAN01926,OCC001,2021-05-12,2023-10-18,1
EXP003041,CAN01927,OCC002,2020-11-15,2023-11-13,1
EXP003042,CAN01927,OCC003,2024-01-14,2025-03-08,2
EXP003043,CAN01928,OCC001,2023-11-23,2024-08-18,1
EXP003044,CAN01929,OCC002,2018-06-14,2020-10-10,2
EXP003045,CAN01929,OCC002,2021-02-05,2021-09-17,1
EXP003046,CAN01930,OCC004,2023-05-17,2025-11-17,3
EXP003047,CAN01931,OCC006,2018-08-22,2020-03-09,3
EXP003048,CAN01932,OCC002,2023-08-18,2025-04-21,2
EXP003049,CAN01932,OCC007,2025-08-09,2026-05-10,3
EXP003050,CAN01933,OCC006,2021-06-12,2023-04-12,4
EXP003051,CAN01933,OCC006,2023-05-13,2026-02-03,3
EXP003052,CAN01934,OCC002,2021-01-03,2024-07-24,1
EXP003053,CAN01934,OCC002,2024-11-01,2025-08-11,1
EXP003054,CAN01935,OCC003,2021-10-23,2023-01-04,2
EXP003055,CAN01935,OCC003,2023-04-02,2023-10-13,3
EXP003056,CAN01936,OCC001,2020-10-16,2024-05-03,1
EXP003057,CAN01937,OCC006,2021-02-15,2024-11-23,2
EXP003058,CAN01937,OCC008,2025-03-09,2025-09-20,5
EXP003059,CAN01938,OCC010,2024-03-09,2025-05-11,4
EXP003060,CAN01939,OCC001,2020-09-26,2021-10-28,1
EXP003061,CAN01939,OCC001,2021-12-03,2024-11-08,1
EXP003062,CAN01939,OCC002,2024-12-10,2025-09-06,2
EXP003063,CAN01940,OCC005,2021-12-18,2022-12-11,4
EXP003064,CAN01941,OCC002,2024-09-15,2025-06-05,1
EXP003065,CAN01942,OCC003,2023-09-15,2025-02-24,2
EXP003066,CAN01943,OCC005,2018-04-30,2020-03-20,3
EXP003067,CAN01944,OCC006,2019-07-04,2020-11-14,3
EXP003068,CAN01945,OCC003,2017-06-12,2019-02-20,2
EXP003069,CAN01946,OCC001,2017-11-01,2019-09-13,1
EXP003070,CAN01946,OCC002,2020-01-11,2022-08-15,1
EXP003071,CAN01947,OCC007,2023-05-31,2025-11-17,3
EXP003072,CAN01948,OCC002,2022-03-27,2023-09-01,2
EXP003073,CAN01949,OCC005,2022-09-11,2023-11-28,4
EXP003074,CAN01950,OCC001,2023-04-24,2025-06-15,1
EXP003075,CAN01950,OCC001,2025-07-31,2026-07-01,2
