introduction_id,activity_id,job_id,candidate_response
INT000001,ACT000075,JOB00042,considering
INT000002,ACT000075,JOB00162,apply
INT000003,ACT000331,JOB00122,apply
INT000004,ACT001043,JOB00042,apply
INT000005,ACT001969,JOB00186,apply
INT000006,ACT003647,JOB00264,decline
INT000007,ACT000277,JOB00075,apply
INT000008,ACT002865,JOB00162,considering
INT000009,ACT004047,JOB00261,considering
INT000010,ACT002657,JOB00342,decline
INT000011,ACT000494,JOB00042,apply
INT000012,ACT000494,JOB00264,decline
INT000013,ACT000535,JOB00261,considering
INT000014,ACT003572,JOB00264,apply
INT000015,ACT000591,JOB00322,apply
INT000016,ACT001512,JOB00322,apply
INT000017,ACT002051,JOB00342,considering
INT000018,ACT003042,JOB00075,apply
INT000019,ACT001744,JOB00322,apply
INT000020,ACT004848,JOB00301,considering
INT000021,ACT000872,JOB00236,decline
INT000022,ACT000872,JOB00322,decline
INT000023,ACT002973,JOB00162,considering
INT000024,ACT002973,JOB00316,apply
INT000025,ACT003301,JOB00261,considering
INT000026,ACT001719,JOB00252,considering
INT000027,ACT001719,JOB00316,considering
INT000028,ACT002114,JOB00109,apply
INT000029,ACT002163,JOB00137,apply
INT000030,ACT004679,JOB00322,apply
INT000031,ACT001281,JOB00042,decline
INT000032,ACT004894,JOB00348,decline
INT000033,ACT002866,JOB00042,apply
INT000034,ACT002866,JOB00348,apply
INT000035,ACT003406,JOB00301,considering
INT000036,ACT004144,JOB00236,considering
INT000037,ACT000769,JOB00298,decline
INT000038,ACT001147,JOB00042,considering
INT000039,ACT001636,JOB00042,decline
INT000040,ACT002890,JOB00209,apply
INT000041,ACT004337,JOB00186,apply
INT000042,ACT001970,JOB00236,apply
INT000043,ACT003722,JOB00264,apply
INT000044,ACT003743,JOB00252,considering
INT000045,ACT001909,JOB00186,considering
INT000046,ACT000186,JOB00200,considering
INT000047,ACT000729,JOB00264,decline
INT000048,ACT003286,JOB00309,apply
INT000049,ACT003881,JOB00138,apply
INT000050,ACT000076,JOB00309,considering
INT000051,ACT001271,JOB00087,apply
INT000052,ACT001271,JOB00264,decline
INT000053,ACT001474,JOB00316,apply
INT000054,ACT003014,JOB00264,apply
INT000055,ACT000041,JOB00261,apply
INT000056,ACT000041,JOB00276,considering
INT000057,ACT000288,JOB00200,apply
INT000058,ACT000885,JOB00137,apply
INT000059,ACT000885,JOB00186,apply
INT000060,ACT002658,JOB00075,considering
INT000061,ACT003666,JOB00252,apply
INT000062,ACT004537,JOB00311,considering
INT000063,ACT004537,JOB00348,considering
INT000064,ACT004537,JOB00162,considering
INT000065,ACT001551,JOB00203,apply
INT000066,ACT001551,JOB00252,apply
INT000067,ACT001551,JOB00309,apply
INT000068,ACT001780,JOB00301,apply
INT000069,ACT001780,JOB00264,apply
INT000070,ACT001825,JOB00276,considering
INT000071,ACT001825,JOB00122,apply
INT000072,ACT002052,JOB00319,apply
INT000073,ACT002052,JOB00276,apply
INT000074,ACT002974,JOB00264,decline
INT000075,ACT003043,JOB00342,considering
INT000076,ACT003043,JOB00319,considering
INT000077,ACT000147,JOB00075,apply
INT000078,ACT000873,JOB00111,considering
INT000079,ACT002164,JOB00169,considering
INT000080,ACT002339,JOB00266,decline
INT000081,ACT002339,JOB00111,considering
INT000082,ACT003648,JOB00042,considering
INT000083,ACT003648,JOB00311,apply
INT000084,ACT001604,JOB00301,decline
INT000085,ACT001604,JOB00298,considering
INT000086,ACT001604,JOB00293,apply
INT000087,ACT003059,JOB00293,considering
INT000088,ACT003059,JOB00264,apply
INT000089,ACT003302,JOB00186,apply
INT000090,ACT003573,JOB00203,apply
INT000091,ACT001513,JOB00266,considering
INT000092,ACT003098,JOB00162,apply
INT000093,ACT003748,JOB00252,decline
INT000094,ACT004316,JOB00042,apply
INT000095,ACT004316,JOB00243,apply
INT000096,ACT004316,JOB00283,apply
INT000097,ACT004728,JOB00252,apply
INT000098,ACT004728,JOB00316,apply
INT000099,ACT001236,JOB00283,considering
INT000100,ACT001236,JOB00311,apply
INT000101,ACT000165,JOB00111,apply
INT000102,ACT000165,JOB00266,considering
INT000103,ACT003422,JOB00158,apply
INT000104,ACT003619,JOB00069,apply
INT000105,ACT003619,JOB00138,considering
INT000106,ACT004338,JOB00038,considering
INT000107,ACT004849,JOB00298,considering
INT000108,ACT004849,JOB00293,decline
INT000109,ACT000495,JOB00311,apply
INT000110,ACT001816,JOB00200,decline
INT000111,ACT002754,JOB00254,apply
INT000112,ACT002754,JOB00007,apply
INT000113,ACT000135,JOB00109,apply
INT000114,ACT001272,JOB00138,considering
INT000115,ACT001781,JOB00293,apply
INT000116,ACT003108,JOB00261,apply
INT000117,ACT003214,JOB00186,decline
INT000118,ACT003214,JOB00038,apply
INT000119,ACT004538,JOB00243,decline
INT000120,ACT004538,JOB00042,apply
INT000121,ACT000617,JOB00311,considering
INT000122,ACT000617,JOB00348,decline
INT000123,ACT001826,JOB00319,apply
INT000124,ACT001826,JOB00075,decline
INT000125,ACT002274,JOB00298,considering
INT000126,ACT002945,JOB00042,apply
INT000127,ACT000117,JOB00038,apply
INT000128,ACT000632,JOB00264,apply
INT000129,ACT000632,JOB00311,considering
INT000130,ACT001520,JOB00038,apply
INT000131,ACT001713,JOB00252,considering
INT000132,ACT001713,JOB00293,considering
INT000133,ACT002814,JOB00309,apply
INT000134,ACT003882,JOB00158,apply
INT000135,ACT004308,JOB00293,decline
INT000136,ACT002158,JOB00252,apply
INT000137,ACT002659,JOB00254,considering
INT000138,ACT002659,JOB00276,decline
INT000139,ACT003070,JOB00254,apply
INT000140,ACT003070,JOB00127,considering
INT000141,ACT003070,JOB00186,apply
INT000142,ACT003119,JOB00309,considering
INT000143,ACT003119,JOB00200,apply
INT000144,ACT003407,JOB00298,considering
INT000145,ACT003407,JOB00293,decline
INT000146,ACT003574,JOB00293,considering
INT000147,ACT003574,JOB00301,decline
INT000148,ACT003723,JOB00293,considering
INT000149,ACT003723,JOB00301,apply
INT000150,ACT004317,JOB00348,considering
INT000151,ACT001282,JOB00293,apply
INT000152,ACT002687,JOB00276,apply
INT000153,ACT002687,JOB00342,decline
INT000154,ACT004772,JOB00283,apply
INT000155,ACT001082,JOB00111,apply
INT000156,ACT001082,JOB00209,apply
INT000157,ACT001552,JOB00301,apply
INT000158,ACT001552,JOB00216,decline
INT000159,ACT001637,JOB00283,apply
INT000160,ACT001940,JOB00124,apply
INT000161,ACT001940,JOB00007,apply
INT000162,ACT002776,JOB00200,apply
INT000163,ACT002776,JOB00316,decline
INT000164,ACT003060,JOB00298,considering
INT000165,ACT004032,JOB00111,apply
INT000166,ACT004160,JOB00254,apply
INT000167,ACT004160,JOB00127,considering
INT000168,ACT000392,JOB00316,considering
INT000169,ACT000392,JOB00301,decline
INT000170,ACT000886,JOB00082,considering
INT000171,ACT000886,JOB00169,considering
INT000172,ACT001324,JOB00069,decline
INT000173,ACT001324,JOB00087,decline
INT000174,ACT002406,JOB00082,apply
INT000175,ACT003099,JOB00311,apply
INT000176,ACT003267,JOB00057,considering
INT000177,ACT003267,JOB00041,apply
INT000178,ACT000073,JOB00316,apply
INT000179,ACT001377,JOB00252,considering
INT000180,ACT003749,JOB00203,considering
INT000181,ACT003749,JOB00316,decline
INT000182,ACT004640,JOB00127,considering
INT000183,ACT004640,JOB00109,apply
INT000184,ACT004640,JOB00261,apply
INT000185,ACT004867,JOB00311,apply
INT000186,ACT000273,JOB00309,apply
INT000187,ACT001957,JOB00098,apply
INT000188,ACT002352,JOB00243,apply
INT000189,ACT002352,JOB00072,considering
INT000190,ACT000101,JOB00316,apply
INT000191,ACT000340,JOB00283,decline
INT000192,ACT002755,JOB00127,apply
INT000193,ACT002755,JOB00237,apply
INT000194,ACT004636,JOB00068,apply
INT000195,ACT000042,JOB00108,apply
INT000196,ACT000042,JOB00122,considering
INT000197,ACT000136,JOB00261,apply
INT000198,ACT000136,JOB00108,apply
INT000199,ACT000633,JOB00252,decline
INT000200,ACT003275,JOB00038,considering
INT000201,ACT003016,JOB00259,apply
INT000202,ACT001605,JOB00098,apply
INT000203,ACT001605,JOB00252,considering
INT000204,ACT003094,JOB00316,apply
INT000205,ACT002267,JOB00200,apply
INT000206,ACT002843,JOB00311,decline
INT000209,ACT003281,JOB00269,apply
INT000210,ACT003281,JOB00259,considering
INT000211,ACT004258,JOB00108,apply
INT000213,ACT001325,JOB00177,apply
INT000214,ACT001817,JOB00298,apply
INT000215,ACT001817,JOB00316,apply
INT000216,ACT002218,JOB00269,apply
INT000217,ACT002218,JOB00283,considering
INT000218,ACT002353,JOB00311,apply
INT000219,ACT002446,JOB00010,apply
INT000220,ACT002446,JOB00254,apply
INT000221,ACT000102,JOB00283,apply
INT000224,ACT000618,JOB00105,considering
INT000225,ACT000857,JOB00105,apply
INT000226,ACT000857,JOB00283,decline
INT000227,ACT001017,JOB00276,considering
INT000228,ACT001493,JOB00311,apply
INT000229,ACT001493,JOB00042,apply
INT000230,ACT001493,JOB00163,decline
INT000231,ACT002407,JOB00137,apply
INT000232,ACT002407,JOB00169,apply
INT000233,ACT002593,JOB00108,apply
INT000234,ACT002593,JOB00261,apply
INT000235,ACT002593,JOB00109,considering
INT000236,ACT003268,JOB00077,apply
INT000237,ACT003427,JOB00010,decline
INT000238,ACT003427,JOB00342,considering
INT000239,ACT004015,JOB00072,apply
INT000240,ACT003423,JOB00270,apply
INT000241,ACT000137,JOB00097,apply
INT000242,ACT000137,JOB00106,considering
INT000243,ACT002688,JOB00327,apply
INT000244,ACT002832,JOB00269,apply
INT000245,ACT002946,JOB00105,apply
INT000246,ACT003276,JOB00186,decline
INT000247,ACT003839,JOB00298,decline
INT000248,ACT004390,JOB00216,apply
INT000249,ACT004390,JOB00042,apply
INT000250,ACT000634,JOB00269,decline
INT000251,ACT000124,JOB00199,considering
INT000252,ACT000124,JOB00109,apply
INT000253,ACT001521,JOB00146,considering
INT000254,ACT001521,JOB00186,considering
INT000255,ACT003818,JOB00261,apply
INT000256,ACT004760,JOB00158,apply
INT000257,ACT000639,JOB00327,apply
INT000258,ACT001083,JOB00077,considering
INT000259,ACT001083,JOB00057,decline
INT000260,ACT001378,JOB00269,apply
INT000261,ACT001378,JOB00098,decline
INT000262,ACT002815,JOB00098,apply
INT000263,ACT002815,JOB00316,apply
INT000264,ACT002815,JOB00269,apply
INT000265,ACT004835,JOB00007,apply
INT000266,ACT000118,JOB00146,apply
INT000267,ACT000118,JOB00115,considering
INT000268,ACT000274,JOB00293,apply
INT000269,ACT001941,JOB00254,considering
INT000270,ACT002447,JOB00158,decline
INT000271,ACT000574,JOB00252,apply
INT000272,ACT001183,JOB00270,considering
INT000273,ACT001597,JOB00276,apply
INT000274,ACT002597,JOB00230,considering
INT000275,ACT002597,JOB00342,considering
INT000276,ACT002777,JOB00273,decline
INT000277,ACT002777,JOB00298,considering
INT000278,ACT003071,JOB00237,considering
INT000279,ACT003071,JOB00199,apply
INT000280,ACT000393,JOB00200,apply
INT000281,ACT000393,JOB00298,apply
INT000282,ACT001007,JOB00042,apply
INT000283,ACT002594,JOB00106,apply
INT000284,ACT000741,JOB00106,considering
INT000285,ACT000741,JOB00097,apply
INT000286,ACT000858,JOB00311,considering
INT000287,ACT000858,JOB00243,apply
INT000288,ACT002198,JOB00203,decline
INT000289,ACT002198,JOB00264,considering
INT000290,ACT003596,JOB00007,decline
INT000291,ACT003596,JOB00127,considering
INT000292,ACT003596,JOB00010,decline
INT000293,ACT000315,JOB00142,decline
INT000294,ACT000315,JOB00082,apply
INT000295,ACT000315,JOB00169,considering
INT000296,ACT001873,JOB00230,decline
INT000297,ACT002528,JOB00106,decline
INT000298,ACT002528,JOB00097,apply
INT000299,ACT002612,JOB00342,apply
INT000300,ACT003095,JOB00068,considering
INT000301,ACT000895,JOB00111,apply
INT000302,ACT002673,JOB00142,considering
INT000304,ACT004637,JOB00038,apply
INT000305,ACT004259,JOB00261,apply
INT000306,ACT004259,JOB00106,decline
INT000307,ACT004259,JOB00109,considering
INT000308,ACT001368,JOB00177,apply
INT000309,ACT001368,JOB00304,considering
INT000310,ACT002318,JOB00327,apply
INT000311,ACT002381,JOB00146,decline
INT000312,ACT002963,JOB00200,considering
INT000313,ACT002963,JOB00068,considering
INT000314,ACT001522,JOB00281,apply
INT000315,ACT002778,JOB00269,apply
INT000316,ACT003010,JOB00316,apply
INT000317,ACT004510,JOB00269,apply
INT000318,ACT001018,JOB00230,considering
INT000319,ACT002219,JOB00068,apply
INT000320,ACT003798,JOB00266,apply
INT000321,ACT004256,JOB00327,considering
INT000322,ACT004256,JOB00276,apply
INT000323,ACT004295,JOB00127,apply
INT000324,ACT004833,JOB00035,apply
INT000325,ACT004833,JOB00300,apply
INT000326,ACT000355,JOB00309,apply
INT000327,ACT000355,JOB00273,apply
INT000328,ACT003017,JOB00252,considering
INT000329,ACT003277,JOB00115,considering
INT000330,ACT003428,JOB00038,considering
INT000331,ACT002573,JOB00122,apply
INT000332,ACT002126,JOB00309,apply
INT000333,ACT002805,JOB00281,apply
INT000334,ACT003945,JOB00072,decline
INT000335,ACT004034,JOB00316,decline
INT000336,ACT004785,JOB00306,considering
INT000337,ACT000533,JOB00266,apply
INT000338,ACT000575,JOB00098,apply
INT000339,ACT002712,JOB00298,apply
INT000340,ACT003497,JOB00199,apply
INT000341,ACT003597,JOB00195,considering
INT000342,ACT003597,JOB00139,decline
INT000343,ACT004738,JOB00311,apply
INT000344,ACT004741,JOB00257,apply
INT000345,ACT004741,JOB00293,considering
INT000346,ACT001554,JOB00293,apply
INT000347,ACT001647,JOB00270,considering
INT000349,ACT004469,JOB00195,considering
INT000350,ACT004469,JOB00139,decline
INT000351,ACT002964,JOB00269,apply
INT000352,ACT002964,JOB00257,considering
INT000353,ACT003799,JOB00077,decline
INT000354,ACT003840,JOB00269,apply
INT000355,ACT003840,JOB00098,considering
INT000356,ACT004282,JOB00186,apply
INT000357,ACT004282,JOB00105,decline
INT000358,ACT004282,JOB00146,considering
INT000359,ACT000119,JOB00186,decline
INT000360,ACT000560,JOB00160,decline
INT000361,ACT000560,JOB00257,apply
INT000362,ACT000742,JOB00010,considering
INT000363,ACT001023,JOB00243,apply
INT000364,ACT001023,JOB00112,apply
INT000365,ACT001535,JOB00269,considering
INT000366,ACT002319,JOB00230,decline
INT000367,ACT003435,JOB00127,decline
INT000368,ACT003435,JOB00254,apply
INT000369,ACT003640,JOB00072,apply
INT000370,ACT003640,JOB00311,apply
INT000371,ACT001568,JOB00097,considering
INT000372,ACT004692,JOB00111,apply
INT000373,ACT004692,JOB00038,considering
INT000374,ACT000009,JOB00276,apply
INT000375,ACT000640,JOB00075,apply
INT000376,ACT001549,JOB00068,apply
INT000377,ACT002520,JOB00195,considering
INT000378,ACT002674,JOB00169,considering
INT000379,ACT002674,JOB00035,apply
INT000380,ACT003382,JOB00038,apply
INT000382,ACT001210,JOB00203,decline
INT000383,ACT002230,JOB00269,considering
INT000384,ACT002230,JOB00316,apply
INT000385,ACT002230,JOB00203,considering
INT000386,ACT004156,JOB00199,apply
INT000387,ACT004156,JOB00254,apply
INT000388,ACT000415,JOB00252,decline
INT000389,ACT000415,JOB00018,apply
INT000390,ACT000415,JOB00200,apply
INT000391,ACT002374,JOB00276,decline
INT000393,ACT002632,JOB00315,apply
INT000394,ACT003534,JOB00186,apply
INT000395,ACT004249,JOB00137,apply
INT000396,ACT004367,JOB00316,considering
INT000397,ACT004367,JOB00086,considering
INT000398,ACT004742,JOB00264,considering
INT000399,ACT000896,JOB00017,apply
INT000400,ACT000896,JOB00077,apply
INT000401,ACT004786,JOB00087,apply
INT000402,ACT004511,JOB00264,decline
INT000404,ACT002486,JOB00230,apply
INT000405,ACT002691,JOB00075,decline
INT000406,ACT003864,JOB00261,apply
INT000407,ACT000402,JOB00038,considering
INT000408,ACT001369,JOB00240,decline
INT000410,ACT003096,JOB00298,considering
INT000411,ACT001555,JOB00257,apply
INT000412,ACT001648,JOB00315,considering
INT000413,ACT003598,JOB00005,apply
INT000414,ACT003598,JOB00237,apply
INT000415,ACT004356,JOB00068,apply
INT000416,ACT004356,JOB00178,apply
INT000417,ACT004642,JOB00106,apply
INT000418,ACT004642,JOB00139,decline
INT000419,ACT001569,JOB00120,apply
INT000420,ACT001569,JOB00261,apply
INT000421,ACT001569,JOB00106,apply
INT000422,ACT002127,JOB00273,apply
INT000423,ACT002127,JOB00252,apply
INT000424,ACT002570,JOB00218,apply
INT000425,ACT002570,JOB00036,apply
INT000426,ACT002638,JOB00112,considering
INT000427,ACT000010,JOB00120,decline
INT000428,ACT000337,JOB00036,considering
INT000429,ACT000561,JOB00113,apply
INT000430,ACT000561,JOB00273,considering
INT000431,ACT000818,JOB00017,considering
INT000432,ACT001510,JOB00218,decline
INT000433,ACT001510,JOB00319,considering
INT000434,ACT002859,JOB00269,considering
INT000435,ACT002859,JOB00259,apply
INT000436,ACT003891,JOB00254,apply
INT000437,ACT004368,JOB00160,apply
INT000438,ACT004368,JOB00125,apply
INT000439,ACT000416,JOB00269,considering
INT000440,ACT000416,JOB00113,apply
INT000441,ACT000435,JOB00139,considering
INT000442,ACT001972,JOB00316,apply
INT000443,ACT002388,JOB00042,apply
INT000444,ACT004157,JOB00195,apply
INT000445,ACT004311,JOB00261,considering
INT000446,ACT004425,JOB00106,apply
INT000447,ACT002676,JOB00057,decline
INT000448,ACT002676,JOB00111,apply
INT000449,ACT004283,JOB00038,decline
INT000450,ACT003696,JOB00122,apply
INT000451,ACT003696,JOB00230,considering
INT000452,ACT004171,JOB00113,apply
INT000453,ACT000359,JOB00007,apply
INT000454,ACT000359,JOB00254,apply
INT000455,ACT002692,JOB00327,apply
INT000456,ACT003498,JOB00254,apply
INT000457,ACT003498,JOB00010,apply
INT000458,ACT004229,JOB00145,decline
INT000459,ACT001259,JOB00311,considering
INT000460,ACT002010,JOB00137,decline
INT000461,ACT002231,JOB00309,apply
INT000462,ACT002762,JOB00311,apply
INT000463,ACT002762,JOB00278,apply
INT000464,ACT003121,JOB00018,decline
INT000465,ACT004453,JOB00097,apply
INT000466,ACT004525,JOB00109,apply
INT000467,ACT004525,JOB00261,apply
INT000468,ACT000229,JOB00018,apply
INT000469,ACT002713,JOB00178,apply
INT000470,ACT003236,JOB00082,apply
INT000471,ACT000012,JOB00018,considering
INT000472,ACT000012,JOB00269,apply
INT000473,ACT000548,JOB00168,apply
INT000474,ACT000548,JOB00072,apply
INT000475,ACT002058,JOB00266,apply
INT000476,ACT002058,JOB00111,decline
INT000477,ACT002940,JOB00119,apply
INT000478,ACT003791,JOB00243,decline
INT000479,ACT003791,JOB00112,apply
INT000480,ACT003907,JOB00038,decline
INT000483,ACT004341,JOB00010,apply
INT000484,ACT004341,JOB00127,considering
INT000485,ACT004739,JOB00166,apply
INT000486,ACT000810,JOB00243,apply
INT000487,ACT000810,JOB00072,considering
INT000488,ACT001556,JOB00028,decline
INT000489,ACT001978,JOB00035,considering
INT000490,ACT003436,JOB00065,apply
INT000491,ACT003436,JOB00320,considering
INT000492,ACT004839,JOB00327,apply
INT000493,ACT004113,JOB00153,apply
INT000494,ACT004113,JOB00306,apply
INT000495,ACT004671,JOB00264,apply
INT000496,ACT000220,JOB00311,considering
INT000497,ACT000220,JOB00072,considering
INT000498,ACT000515,JOB00112,considering
INT000499,ACT001211,JOB00068,apply
INT000500,ACT001973,JOB00086,decline
INT000501,ACT004426,JOB00109,considering
INT000502,ACT001260,JOB00162,decline
INT000503,ACT003122,JOB00068,considering
INT000504,ACT003122,JOB00216,considering
INT000505,ACT003161,JOB00252,apply
INT000506,ACT003161,JOB00309,considering
INT000507,ACT003672,JOB00017,apply
INT000508,ACT003740,JOB00203,apply
INT000509,ACT003865,JOB00109,apply
INT000510,ACT003865,JOB00108,considering
INT000511,ACT004646,JOB00153,considering
INT000512,ACT000610,JOB00269,apply
INT000513,ACT000610,JOB00264,decline
INT000514,ACT000610,JOB00144,apply
INT000515,ACT001688,JOB00018,apply
INT000516,ACT002389,JOB00105,apply
INT000517,ACT003697,JOB00342,apply
INT000518,ACT003697,JOB00254,considering
INT000519,ACT004369,JOB00345,considering
INT000520,ACT002763,JOB00042,decline
INT000521,ACT002763,JOB00162,considering
INT000522,ACT000202,JOB00041,apply
INT000523,ACT000202,JOB00057,apply
INT000524,ACT001499,JOB00200,apply
INT000525,ACT001499,JOB00113,apply
INT000528,ACT003237,JOB00124,apply
INT000529,ACT003779,JOB00146,apply
INT000530,ACT003779,JOB00038,apply
INT000531,ACT004526,JOB00037,apply
INT000532,ACT002242,JOB00105,apply
INT000533,ACT002242,JOB00243,apply
INT000534,ACT002677,JOB00244,considering
INT000535,ACT002714,JOB00200,apply
INT000536,ACT002812,JOB00319,apply
INT000537,ACT003892,JOB00199,considering
INT000538,ACT003892,JOB00320,apply
INT000539,ACT000676,JOB00106,apply
INT000540,ACT000811,JOB00112,apply
INT000541,ACT001466,JOB00259,apply
INT000542,ACT002037,JOB00144,apply
INT000543,ACT002037,JOB00028,apply
INT000544,ACT003073,JOB00254,apply
INT000545,ACT003291,JOB00252,apply
INT000546,ACT003820,JOB00162,decline
INT000547,ACT003820,JOB00049,decline
INT000548,ACT003997,JOB00289,apply
INT000549,ACT004434,JOB00164,considering
INT000550,ACT004434,JOB00035,apply
INT000551,ACT004556,JOB00249,considering
INT000552,ACT004556,JOB00109,decline
INT000553,ACT003792,JOB00278,apply
INT000554,ACT004342,JOB00237,considering
INT000555,ACT004840,JOB00319,apply
INT000556,ACT002331,JOB00168,considering
INT000557,ACT002474,JOB00243,considering
INT000558,ACT001353,JOB00124,apply
INT000559,ACT001353,JOB00235,apply
INT000560,ACT001353,JOB00151,considering
INT000561,ACT003162,JOB00088,considering
INT000562,ACT003162,JOB00269,apply
INT000563,ACT004230,JOB00153,considering
INT000564,ACT000221,JOB00243,apply
INT000565,ACT001658,JOB00306,apply
INT000566,ACT001673,JOB00111,apply
INT000567,ACT001673,JOB00322,considering
INT000568,ACT001689,JOB00090,apply
INT000569,ACT001689,JOB00113,apply
INT000570,ACT003808,JOB00230,apply
INT000571,ACT003808,JOB00342,apply
INT000572,ACT000517,JOB00218,decline
INT000573,ACT000517,JOB00289,considering
INT000574,ACT002401,JOB00146,apply
INT000575,ACT003228,JOB00072,considering
INT000576,ACT003632,JOB00011,apply
INT000577,ACT003673,JOB00111,considering
INT000578,ACT003673,JOB00209,apply
INT000579,ACT001562,JOB00127,considering
INT000580,ACT002941,JOB00169,decline
INT000583,ACT000013,JOB00178,apply
INT000584,ACT000230,JOB00068,considering
INT000585,ACT000801,JOB00035,apply
INT000586,ACT003123,JOB00200,apply
INT000587,ACT004114,JOB00236,decline
INT000588,ACT000455,JOB00090,apply
INT000589,ACT000611,JOB00273,apply
INT000590,ACT000611,JOB00098,considering
INT000591,ACT002817,JOB00049,apply
INT000592,ACT004004,JOB00139,apply
INT000593,ACT004004,JOB00320,apply
INT000594,ACT004456,JOB00273,apply
INT000595,ACT000863,JOB00249,apply
INT000596,ACT000863,JOB00108,apply
INT000597,ACT004427,JOB00037,considering
INT000598,ACT004884,JOB00311,considering
INT000599,ACT004884,JOB00243,considering
INT000600,ACT000549,JOB00283,decline
INT000601,ACT001467,JOB00011,apply
INT000602,ACT001500,JOB00340,apply
INT000603,ACT002095,JOB00090,apply
INT000604,ACT003038,JOB00292,apply
INT000605,ACT004232,JOB00280,considering
INT000606,ACT004672,JOB00028,apply
INT000607,ACT000203,JOB00017,apply
INT000608,ACT000222,JOB00042,decline
INT000609,ACT000222,JOB00112,apply
INT000610,ACT002742,JOB00120,considering
INT000611,ACT003909,JOB00281,apply
INT000612,ACT004343,JOB00101,apply
INT000613,ACT002038,JOB00301,considering
INT000614,ACT002475,JOB00072,apply
INT000615,ACT002475,JOB00112,decline
INT000618,ACT004435,JOB00137,apply
INT000619,ACT001690,JOB00200,decline
INT000620,ACT001690,JOB00340,apply
INT000621,ACT002253,JOB00113,apply
INT000622,ACT002253,JOB00200,apply
INT000623,ACT001828,JOB00146,decline
INT000624,ACT001828,JOB00224,apply
INT000625,ACT004086,JOB00028,decline
INT000626,ACT004647,JOB00306,apply
INT000627,ACT004799,JOB00281,apply
INT000628,ACT004799,JOB00146,decline
INT000629,ACT004799,JOB00187,decline
INT000630,ACT000310,JOB00199,apply
INT000631,ACT000310,JOB00032,apply
INT000632,ACT001823,JOB00068,apply
INT000633,ACT001823,JOB00018,apply
INT000634,ACT004386,JOB00105,apply
INT000635,ACT004457,JOB00028,apply
INT000636,ACT001067,JOB00280,apply
INT000637,ACT001994,JOB00072,apply
INT000638,ACT001994,JOB00112,considering
INT000639,ACT002303,JOB00345,considering
INT000640,ACT002332,JOB00112,apply
INT000641,ACT002502,JOB00342,apply
INT000642,ACT003998,JOB00039,considering
INT000643,ACT004885,JOB00072,apply
INT000644,ACT004885,JOB00112,considering
INT000645,ACT003589,JOB00266,considering
INT000646,ACT003589,JOB00043,considering
INT000647,ACT003589,JOB00111,apply
INT000648,ACT003876,JOB00243,apply
INT000649,ACT003876,JOB00222,decline
INT000650,ACT004557,JOB00108,considering
INT000651,ACT002818,JOB00258,apply
INT000652,ACT002942,JOB00082,apply
INT000653,ACT004097,JOB00077,apply
INT000654,ACT004097,JOB00079,apply
INT000655,ACT004473,JOB00177,apply
INT000656,ACT004473,JOB00158,apply
INT000657,ACT004473,JOB00129,apply
INT000658,ACT000231,JOB00340,considering
INT000659,ACT000231,JOB00113,considering
INT000660,ACT000231,JOB00298,apply
INT000662,ACT000555,JOB00309,apply
INT000663,ACT000555,JOB00088,considering
INT000664,ACT000555,JOB00025,considering
INT000665,ACT001659,JOB00158,apply
INT000666,ACT001674,JOB00244,considering
INT000667,ACT001563,JOB00131,apply
INT000668,ACT003186,JOB00119,apply
INT000669,ACT000446,JOB00147,considering
INT000670,ACT000446,JOB00108,considering
INT000671,ACT004345,JOB00105,decline
INT000672,ACT001794,JOB00152,decline
INT000673,ACT002402,JOB00281,apply
INT000674,ACT003709,JOB00243,apply
INT000675,ACT001810,JOB00178,apply
INT000676,ACT001810,JOB00113,apply
INT000677,ACT001810,JOB00340,considering
INT000678,ACT002720,JOB00129,apply
INT000679,ACT002720,JOB00315,apply
INT000680,ACT003854,JOB00072,apply
INT000681,ACT003854,JOB00163,decline
INT000682,ACT004436,JOB00151,apply
INT000683,ACT004436,JOB00235,considering
INT000684,ACT004747,JOB00222,apply
INT000687,ACT000845,JOB00200,considering
INT000688,ACT000845,JOB00025,apply
INT000689,ACT000845,JOB00178,apply
INT000690,ACT002304,JOB00160,apply
INT000691,ACT003315,JOB00127,decline
INT000692,ACT004673,JOB00259,apply
INT000693,ACT000985,JOB00317,considering
INT000694,ACT001115,JOB00113,considering
INT000695,ACT001115,JOB00085,apply
INT000696,ACT001819,JOB00158,apply
INT000697,ACT004162,JOB00180,apply
INT000698,ACT000802,JOB00304,considering
INT000701,ACT004189,JOB00039,considering
INT000702,ACT000864,JOB00224,apply
INT000703,ACT002171,JOB00007,considering
INT000704,ACT002171,JOB00188,decline
INT000705,ACT002882,JOB00176,apply
INT000706,ACT002882,JOB00018,apply
INT000707,ACT004080,JOB00113,apply
INT000708,ACT004080,JOB00018,apply
INT000709,ACT001068,JOB00251,apply
INT000710,ACT001068,JOB00304,considering
INT000711,ACT002102,JOB00243,apply
INT000712,ACT002102,JOB00062,apply
INT000713,ACT002102,JOB00350,apply
INT000714,ACT002743,JOB00068,decline
INT000715,ACT002743,JOB00009,decline
INT000716,ACT004346,JOB00278,apply
INT000717,ACT000582,JOB00090,decline
INT000718,ACT000582,JOB00028,considering
INT000719,ACT001351,JOB00010,apply
INT000722,ACT002192,JOB00342,apply
INT000723,ACT002192,JOB00074,apply
INT000724,ACT004535,JOB00268,considering
INT000725,ACT004888,JOB00218,considering
INT000726,ACT000828,JOB00072,apply
INT000727,ACT001219,JOB00042,considering
INT000728,ACT001739,JOB00025,decline
INT000729,ACT001829,JOB00299,considering
INT000730,ACT003432,JOB00086,decline
INT000731,ACT003432,JOB00011,apply
INT000732,ACT003522,JOB00090,decline
INT000733,ACT004073,JOB00152,apply
INT000734,ACT004073,JOB00147,apply
INT000735,ACT004087,JOB00011,considering
INT000736,ACT004087,JOB00289,decline
INT000737,ACT004387,JOB00162,apply
INT000738,ACT004387,JOB00258,considering
INT000739,ACT001660,JOB00069,apply
INT000740,ACT001660,JOB00129,apply
INT000741,ACT001995,JOB00062,apply
INT000742,ACT001995,JOB00350,apply
INT000743,ACT001995,JOB00311,apply
INT000744,ACT003325,JOB00340,apply
INT000745,ACT003325,JOB00085,decline
INT000746,ACT003691,JOB00072,apply
INT000747,ACT000784,JOB00311,apply
INT000748,ACT000681,JOB00230,apply
INT000749,ACT002752,JOB00278,apply
INT000750,ACT003999,JOB00038,considering
INT000751,ACT003999,JOB00005,apply
INT000752,ACT002034,JOB00036,apply
INT000753,ACT002034,JOB00187,apply
INT000754,ACT002721,JOB00161,apply
INT000756,ACT000977,JOB00062,apply
INT000757,ACT000977,JOB00072,considering
INT000758,ACT001402,JOB00224,considering
INT000759,ACT001402,JOB00249,apply
INT000760,ACT003187,JOB00082,apply
INT000761,ACT003187,JOB00151,apply
INT000762,ACT004748,JOB00049,apply
INT000763,ACT004748,JOB00105,considering
INT000764,ACT001811,JOB00085,apply
INT000765,ACT002103,JOB00072,considering
INT000766,ACT002333,JOB00062,considering
INT000767,ACT002746,JOB00072,apply
INT000768,ACT003569,JOB00150,apply
INT000769,ACT003569,JOB00124,considering
INT000770,ACT000846,JOB00340,apply
INT000771,ACT000846,JOB00113,apply
INT000772,ACT001902,JOB00122,decline
INT000773,ACT002553,JOB00009,apply
INT000774,ACT002553,JOB00007,decline
INT000775,ACT002553,JOB00260,considering
INT000776,ACT000250,JOB00072,considering
INT000777,ACT000820,JOB00129,considering
INT000778,ACT001392,JOB00151,apply
INT000779,ACT001392,JOB00235,apply
INT000780,ACT003021,JOB00289,decline
INT000781,ACT003993,JOB00342,apply
INT000782,ACT003993,JOB00276,apply
INT000783,ACT004074,JOB00097,apply
INT000784,ACT004074,JOB00108,apply
INT000785,ACT000903,JOB00028,apply
INT000786,ACT000986,JOB00101,considering
INT000787,ACT001331,JOB00301,considering
INT000789,ACT002312,JOB00314,apply
INT000790,ACT003326,JOB00176,considering
INT000791,ACT003457,JOB00079,apply
INT000792,ACT003457,JOB00180,apply
INT000793,ACT001220,JOB00062,decline
INT000794,ACT001220,JOB00072,considering
INT000795,ACT001254,JOB00163,decline
INT000796,ACT001254,JOB00162,considering
INT000797,ACT002315,JOB00261,apply
INT000798,ACT003263,JOB00295,decline
INT000799,ACT003523,JOB00018,apply
INT000800,ACT003523,JOB00068,decline
INT000801,ACT003523,JOB00178,apply
INT000802,ACT004190,JOB00131,apply
INT000803,ACT004190,JOB00035,decline
INT000804,ACT002147,JOB00139,considering
INT000805,ACT002514,JOB00167,apply
INT000806,ACT003296,JOB00138,apply
INT000807,ACT003576,JOB00269,decline
INT000808,ACT003576,JOB00028,apply
INT000809,ACT004388,JOB00072,apply
INT000810,ACT002255,JOB00192,apply
INT000811,ACT003692,JOB00163,apply
INT000812,ACT003927,JOB00049,considering
INT000813,ACT001706,JOB00116,apply
INT000814,ACT001812,JOB00090,apply
INT000815,ACT001864,JOB00032,apply
INT000816,ACT002172,JOB00131,apply
INT000817,ACT002457,JOB00200,apply
INT000818,ACT002457,JOB00176,apply
INT000821,ACT002372,JOB00009,decline
INT000822,ACT002372,JOB00243,considering
INT000823,ACT002372,JOB00105,considering
INT000824,ACT002876,JOB00342,considering
INT000825,ACT001316,JOB00071,considering
INT000826,ACT002491,JOB00176,apply
INT000827,ACT003045,JOB00005,considering
INT000828,ACT004755,JOB00192,considering
INT000829,ACT000829,JOB00278,decline
INT000830,ACT002554,JOB00188,considering
INT000831,ACT002554,JOB00139,considering
INT000832,ACT003034,JOB00273,apply
INT000833,ACT004347,JOB00350,apply
INT000834,ACT000132,JOB00172,considering
INT000835,ACT001903,JOB00292,considering
INT000836,ACT001903,JOB00191,considering
INT000837,ACT004099,JOB00249,apply
INT000838,ACT004099,JOB00295,apply
INT000839,ACT000563,JOB00224,decline
INT000840,ACT000563,JOB00108,apply
INT000841,ACT000583,JOB00139,apply
INT000842,ACT001255,JOB00248,apply
INT000843,ACT002577,JOB00043,apply
INT000844,ACT000158,JOB00018,apply
INT000845,ACT001241,JOB00006,apply
INT000846,ACT001241,JOB00175,apply
INT000847,ACT004088,JOB00052,considering
INT000848,ACT004088,JOB00009,considering
INT000849,ACT004088,JOB00150,decline
INT000850,ACT004818,JOB00192,apply
INT000851,ACT004818,JOB00299,apply
INT000852,ACT000525,JOB00077,apply
INT000853,ACT000682,JOB00276,apply
INT000854,ACT001403,JOB00052,decline
INT000855,ACT001403,JOB00150,considering
INT000856,ACT001403,JOB00060,decline
INT000858,ACT003022,JOB00163,decline
INT000859,ACT003027,JOB00074,considering
INT000860,ACT003994,JOB00074,considering
INT000861,ACT004331,JOB00005,apply
INT000862,ACT002650,JOB00294,apply
INT000863,ACT002877,JOB00276,apply
INT000864,ACT002877,JOB00172,considering
INT000865,ACT003412,JOB00095,apply
INT000866,ACT000718,JOB00017,considering
INT000867,ACT000785,JOB00166,considering
INT000868,ACT000785,JOB00283,apply
INT000869,ACT001100,JOB00086,decline
INT000870,ACT001421,JOB00179,apply
INT000871,ACT001421,JOB00311,apply
INT000872,ACT001667,JOB00085,apply
INT000873,ACT002546,JOB00018,apply
INT000875,ACT001839,JOB00152,considering
INT000876,ACT001984,JOB00187,apply
INT000877,ACT001984,JOB00192,decline
INT000878,ACT002316,JOB00060,apply
INT000879,ACT002316,JOB00108,apply
INT000880,ACT004416,JOB00113,decline
INT000881,ACT003844,JOB00137,apply
INT000882,ACT004146,JOB00108,apply
INT000883,ACT004791,JOB00124,apply
INT000884,ACT000133,JOB00095,apply
INT000885,ACT002458,JOB00113,considering
INT000886,ACT002458,JOB00018,apply
INT000887,ACT003173,JOB00243,apply
INT000888,ACT003173,JOB00062,apply
INT000889,ACT003173,JOB00070,considering
INT000890,ACT003577,JOB00214,apply
INT000891,ACT003577,JOB00144,apply
INT000892,ACT000526,JOB00180,apply
INT000893,ACT000526,JOB00079,considering
INT000894,ACT000526,JOB00043,decline
INT000895,ACT000821,JOB00154,apply
INT000896,ACT001865,JOB00009,apply
INT000897,ACT002492,JOB00018,apply
INT000898,ACT002492,JOB00113,apply
INT000899,ACT003458,JOB00077,considering
INT000900,ACT003458,JOB00213,considering
INT000901,ACT004501,JOB00005,apply
INT000902,ACT004501,JOB00302,apply
INT000903,ACT004501,JOB00032,apply
INT000904,ACT000406,JOB00080,considering
INT000905,ACT000406,JOB00079,apply
INT000906,ACT001601,JOB00192,decline
INT000907,ACT003703,JOB00176,decline
INT000908,ACT003703,JOB00107,apply
INT000909,ACT003703,JOB00085,considering
INT000910,ACT000987,JOB00237,decline
INT000911,ACT001242,JOB00035,apply
INT000912,ACT001242,JOB00142,considering
INT000913,ACT004106,JOB00157,considering
INT000914,ACT004382,JOB00125,apply
INT000915,ACT004382,JOB00259,apply
INT000916,ACT004382,JOB00333,considering
INT000917,ACT000318,JOB00064,apply
INT000918,ACT001256,JOB00071,apply
INT000919,ACT003062,JOB00311,apply
INT000920,ACT004698,JOB00252,considering
INT000921,ACT004775,JOB00062,apply
INT000922,ACT004775,JOB00243,apply
INT000923,ACT004782,JOB00099,considering
INT000924,ACT004782,JOB00113,considering
INT000925,ACT000636,JOB00276,apply
INT000926,ACT000719,JOB00329,apply
INT000927,ACT000719,JOB00079,apply
INT000928,ACT000830,JOB00062,apply
INT000929,ACT001840,JOB00108,apply
INT000930,ACT001840,JOB00147,considering
INT000931,ACT002578,JOB00180,considering
INT000932,ACT002878,JOB00073,apply
INT000933,ACT003375,JOB00095,apply
INT000934,ACT003375,JOB00289,considering
INT000935,ACT003375,JOB00198,apply
INT000936,ACT003610,JOB00320,considering
INT000937,ACT003625,JOB00009,apply
INT000938,ACT003625,JOB00127,considering
INT000939,ACT001670,JOB00064,apply
INT000940,ACT002432,JOB00104,apply
INT000941,ACT002432,JOB00079,apply
INT000942,ACT003288,JOB00185,decline
INT000943,ACT003502,JOB00123,apply
INT000944,ACT000731,JOB00340,considering
INT000945,ACT000782,JOB00006,considering
INT000946,ACT003680,JOB00113,apply
INT000947,ACT004147,JOB00060,apply
INT000948,ACT001515,JOB00311,apply
INT000949,ACT002780,JOB00064,apply
INT000950,ACT003035,JOB00025,apply
INT000951,ACT003788,JOB00073,apply
INT000952,ACT003788,JOB00172,apply
INT000953,ACT002043,JOB00071,apply
INT000954,ACT002043,JOB00185,decline
INT000955,ACT003023,JOB00009,considering
INT000956,ACT004757,JOB00163,apply
INT000957,ACT004762,JOB00107,decline
INT000958,ACT004762,JOB00340,apply
INT000959,ACT001355,JOB00299,considering
INT000960,ACT001355,JOB00281,apply
INT000961,ACT001355,JOB00192,apply
INT000962,ACT003459,JOB00017,decline
INT000963,ACT000465,JOB00318,considering
INT000964,ACT000564,JOB00261,decline
INT000965,ACT001041,JOB00243,apply
INT000966,ACT001041,JOB00166,apply
INT000967,ACT001609,JOB00005,considering
INT000968,ACT001609,JOB00320,decline
INT000969,ACT002364,JOB00311,apply
INT000971,ACT000441,JOB00237,apply
INT000972,ACT001602,JOB00284,apply
INT000973,ACT003352,JOB00024,apply
INT000974,ACT003352,JOB00214,apply
INT000975,ACT001085,JOB00139,considering
INT000976,ACT001334,JOB00144,apply
INT000977,ACT001334,JOB00214,apply
INT000978,ACT001668,JOB00099,considering
INT000979,ACT002361,JOB00029,considering
INT000980,ACT002547,JOB00025,apply
INT000981,ACT002547,JOB00291,apply
INT000982,ACT002915,JOB00154,apply
INT000983,ACT003376,JOB00020,apply
INT000984,ACT004107,JOB00156,apply
INT000985,ACT001785,JOB00317,apply
INT000986,ACT003845,JOB00175,considering
INT000987,ACT003845,JOB00156,considering
INT000988,ACT003845,JOB00124,apply
INT000989,ACT004451,JOB00017,apply
INT000990,ACT004451,JOB00251,decline
INT000991,ACT004626,JOB00085,apply
INT000992,ACT004626,JOB00068,considering
INT000993,ACT004675,JOB00100,apply
INT000994,ACT000110,JOB00011,apply
INT000995,ACT003063,JOB00166,apply
INT000996,ACT003626,JOB00338,apply
INT000997,ACT000519,JOB00237,apply
INT000998,ACT000637,JOB00172,apply
INT000999,ACT001841,JOB00295,apply
INT001000,ACT002433,JOB00244,apply
INT001001,ACT003553,JOB00179,apply
INT001004,ACT003789,JOB00020,apply
INT001006,ACT004804,JOB00299,apply
INT001007,ACT004804,JOB00192,apply
INT001008,ACT003245,JOB00304,apply
INT001009,ACT002045,JOB00095,apply
INT001010,ACT002628,JOB00338,apply
INT001011,ACT004776,JOB00070,apply
INT001012,ACT004776,JOB00313,considering
INT001013,ACT004783,JOB00340,considering
INT001014,ACT000442,JOB00320,considering
INT001015,ACT004383,JOB00011,considering
INT001016,ACT000028,JOB00006,apply
INT001017,ACT000565,JOB00147,apply
INT001018,ACT001335,JOB00098,apply
INT001019,ACT001335,JOB00024,apply
INT001020,ACT004329,JOB00025,apply
INT001021,ACT004684,JOB00295,apply
INT001022,ACT004684,JOB00147,apply
INT001023,ACT004684,JOB00249,apply
INT001024,ACT002916,JOB00339,apply
INT001025,ACT002916,JOB00118,apply
INT001026,ACT001560,JOB00291,apply
INT001027,ACT001982,JOB00252,apply
INT001028,ACT001982,JOB00064,apply
INT001029,ACT003681,JOB00099,apply
INT001030,ACT000020,JOB00350,decline
INT001031,ACT000020,JOB00070,apply
INT001032,ACT001855,JOB00350,considering
INT001033,ACT001855,JOB00228,apply
INT001034,ACT002620,JOB00032,apply
INT001035,ACT002620,JOB00338,apply
INT001036,ACT002781,JOB00061,apply
INT001037,ACT003318,JOB00006,apply
INT001038,ACT004060,JOB00278,considering
INT001039,ACT004896,JOB00113,considering
INT001040,ACT000744,JOB00224,decline
INT001041,ACT001435,JOB00192,apply
INT001042,ACT001671,JOB00098,apply
INT001043,ACT003353,JOB00144,considering
INT001044,ACT003353,JOB00098,apply
INT001045,ACT004676,JOB00008,considering
INT001046,ACT004676,JOB00145,considering
INT001049,ACT004805,JOB00211,apply
INT001050,ACT001102,JOB00102,apply
INT001052,ACT000212,JOB00117,apply
INT001053,ACT000212,JOB00060,apply
INT001054,ACT001396,JOB00194,apply
INT001055,ACT001998,JOB00286,apply
INT001056,ACT002025,JOB00120,considering
INT001057,ACT002025,JOB00231,decline
INT001058,ACT003462,JOB00300,apply
INT001059,ACT004869,JOB00018,decline
INT001060,ACT001516,JOB00278,considering
INT001061,ACT002468,JOB00108,apply
INT001062,ACT002729,JOB00024,apply
INT001063,ACT002729,JOB00064,considering
INT001064,ACT002729,JOB00098,considering
INT001065,ACT000479,JOB00185,apply
INT001066,ACT001194,JOB00108,considering
INT001067,ACT002046,JOB00150,decline
INT001068,ACT002046,JOB00227,apply
INT001069,ACT002362,JOB00107,decline
INT001070,ACT002731,JOB00125,apply
INT001071,ACT002731,JOB00025,apply
INT001072,ACT002994,JOB00008,apply
INT001073,ACT002994,JOB00251,apply
INT001074,ACT004442,JOB00198,apply
INT001075,ACT000585,JOB00243,apply
INT001076,ACT002471,JOB00024,apply
INT001077,ACT002471,JOB00061,considering
INT001078,ACT002912,JOB00127,apply
INT001079,ACT002912,JOB00320,considering
INT001080,ACT004429,JOB00212,apply
INT001081,ACT004429,JOB00283,apply
INT001082,ACT000326,JOB00150,apply
INT001083,ACT001139,JOB00320,decline
INT001084,ACT001139,JOB00237,apply
INT001085,ACT002716,JOB00086,considering
INT001086,ACT003029,JOB00095,decline
INT001087,ACT003347,JOB00243,apply
INT001088,ACT003347,JOB00311,considering
INT001089,ACT003554,JOB00313,apply
INT001090,ACT004007,JOB00024,considering
INT001091,ACT004007,JOB00098,considering
INT001093,ACT000701,JOB00150,apply
INT001094,ACT003319,JOB00175,apply
INT001095,ACT004210,JOB00001,apply
INT001096,ACT004210,JOB00216,apply
INT001097,ACT000108,JOB00104,apply
INT001098,ACT001086,JOB00127,apply
INT001099,ACT001086,JOB00101,apply
INT001100,ACT002287,JOB00062,considering
INT001102,ACT003113,JOB00193,considering
INT001103,ACT000021,JOB00062,decline
INT001104,ACT001213,JOB00302,apply
INT001105,ACT001213,JOB00127,apply
INT001106,ACT001686,JOB00213,decline
INT001107,ACT003254,JOB00012,considering
INT001108,ACT003254,JOB00113,apply
INT001109,ACT004851,JOB00345,apply
INT001110,ACT004851,JOB00125,decline
INT001111,ACT000029,JOB00089,apply
INT001112,ACT003125,JOB00062,apply
INT001113,ACT004094,JOB00172,apply
INT001114,ACT004824,JOB00193,decline
INT001115,ACT004879,JOB00126,apply
INT001116,ACT001798,JOB00048,apply
INT001117,ACT001798,JOB00349,apply
INT001118,ACT002023,JOB00144,decline
INT001119,ACT002023,JOB00269,apply
INT001120,ACT004766,JOB00213,apply
INT001121,ACT000044,JOB00175,apply
INT001122,ACT000044,JOB00193,considering
INT001123,ACT001225,JOB00025,considering
INT001124,ACT001225,JOB00086,apply
INT001125,ACT002060,JOB00211,decline
INT001126,ACT003242,JOB00139,apply
INT001127,ACT003242,JOB00320,apply
INT001128,ACT000721,JOB00126,considering
INT001129,ACT000721,JOB00187,apply
INT001130,ACT000878,JOB00156,apply
INT001131,ACT002435,JOB00126,considering
INT001132,ACT002435,JOB00192,apply
INT001133,ACT003706,JOB00220,considering
INT001134,ACT003706,JOB00108,apply
INT001135,ACT004777,JOB00063,apply
INT001136,ACT000427,JOB00139,decline
INT001137,ACT000835,JOB00121,apply
INT001138,ACT000835,JOB00304,apply
INT001139,ACT001482,JOB00135,apply
INT001140,ACT004279,JOB00296,apply
INT001141,ACT004542,JOB00161,considering
INT001142,ACT004542,JOB00294,considering
INT001143,ACT002469,JOB00341,apply
INT001144,ACT002472,JOB00125,considering
INT001145,ACT002472,JOB00011,apply
INT001146,ACT003931,JOB00050,apply
INT001147,ACT000586,JOB00248,apply
INT001148,ACT001079,JOB00048,decline
INT001149,ACT000213,JOB00134,apply
INT001150,ACT000467,JOB00048,considering
INT001151,ACT001296,JOB00048,considering
INT001152,ACT001296,JOB00029,apply
INT001153,ACT002410,JOB00294,apply
INT001156,ACT004055,JOB00194,considering
INT001157,ACT004055,JOB00267,decline
INT001158,ACT004055,JOB00011,decline
INT001159,ACT000480,JOB00248,apply
INT001163,ACT001397,JOB00267,apply
INT001164,ACT001856,JOB00062,considering
INT001165,ACT003605,JOB00140,apply
INT001166,ACT001696,JOB00269,apply
INT001167,ACT002082,JOB00349,apply
INT001168,ACT002233,JOB00175,apply
INT001169,ACT002450,JOB00126,apply
INT001170,ACT002610,JOB00194,apply
INT001171,ACT000155,JOB00129,apply
INT001172,ACT000702,JOB00172,apply
INT001173,ACT001777,JOB00103,apply
INT001174,ACT002849,JOB00029,apply
INT001175,ACT003076,JOB00219,apply
INT001176,ACT003243,JOB00237,considering
INT001177,ACT003243,JOB00009,apply
INT001178,ACT004430,JOB00179,apply
INT001179,ACT004443,JOB00320,apply
INT001180,ACT004443,JOB00317,decline
INT001181,ACT000181,JOB00210,apply
INT001182,ACT000181,JOB00291,considering
INT001183,ACT004280,JOB00349,apply
INT001184,ACT004280,JOB00085,apply
INT001185,ACT004303,JOB00027,apply
INT001186,ACT004303,JOB00091,decline
INT001187,ACT002061,JOB00268,apply
INT001188,ACT002279,JOB00152,apply
INT001189,ACT002279,JOB00134,considering
INT001190,ACT002887,JOB00078,apply
INT001191,ACT002887,JOB00341,apply
INT001192,ACT002913,JOB00237,apply
INT001193,ACT001538,JOB00099,considering
INT001196,ACT001836,JOB00099,apply
INT001197,ACT002704,JOB00061,decline
INT001198,ACT004408,JOB00192,decline
INT001199,ACT001145,JOB00102,apply
INT001200,ACT001226,JOB00011,apply
INT001201,ACT002441,JOB00232,decline
INT001202,ACT002441,JOB00022,apply
INT001203,ACT003320,JOB00300,apply
INT001204,ACT004503,JOB00049,considering
INT001205,ACT004503,JOB00185,considering
INT001206,ACT004852,JOB00160,apply
INT001207,ACT004852,JOB00061,apply
INT001208,ACT004880,JOB00326,apply
INT001209,ACT000705,JOB00012,apply
INT001210,ACT000705,JOB00085,apply
INT001214,ACT002789,JOB00237,apply
INT001215,ACT002789,JOB00127,decline
INT001216,ACT003294,JOB00139,considering
INT001217,ACT001518,JOB00155,considering
INT001218,ACT001697,JOB00061,decline
INT001219,ACT003135,JOB00313,apply
INT001220,ACT003490,JOB00024,apply
INT001221,ACT003490,JOB00011,apply
INT001222,ACT003555,JOB00166,apply
INT001223,ACT003555,JOB00062,apply
INT001224,ACT003555,JOB00070,apply
INT001225,ACT000290,JOB00025,apply
INT001226,ACT000290,JOB00340,apply
INT001227,ACT000919,JOB00269,considering
INT001228,ACT002436,JOB00299,apply
INT001229,ACT002436,JOB00123,decline
INT001230,ACT002850,JOB00271,apply
INT001231,ACT003260,JOB00156,considering
INT001232,ACT003772,JOB00260,considering
INT001233,ACT000022,JOB00166,apply
INT001234,ACT000703,JOB00073,decline
INT001235,ACT001214,JOB00247,considering
INT001236,ACT003128,JOB00145,apply
INT001237,ACT004056,JOB00102,considering
INT001238,ACT002027,JOB00134,considering
INT001239,ACT002451,JOB00192,apply
INT001240,ACT000749,JOB00331,considering
INT001241,ACT001080,JOB00318,decline
INT001242,ACT003202,JOB00129,apply
INT001243,ACT003202,JOB00154,considering
INT001244,ACT003707,JOB00295,apply
INT001245,ACT004767,JOB00079,considering
INT001246,ACT004822,JOB00138,considering
INT001247,ACT004822,JOB00260,apply
INT001248,ACT000879,JOB00175,apply
INT001249,ACT002083,JOB00048,apply
INT001250,ACT002540,JOB00156,considering
INT001251,ACT002630,JOB00320,apply
INT001252,ACT002790,JOB00320,apply
INT001253,ACT002790,JOB00260,considering
INT001254,ACT004197,JOB00066,apply
INT001255,ACT004197,JOB00116,considering
INT001256,ACT004488,JOB00331,considering
INT001257,ACT004488,JOB00015,decline
INT001260,ACT002861,JOB00188,apply
INT001261,ACT002861,JOB00320,apply
INT001262,ACT002951,JOB00175,apply
INT001263,ACT003077,JOB00050,apply
INT001264,ACT003349,JOB00323,considering
INT001265,ACT003349,JOB00063,considering
INT001266,ACT004881,JOB00211,considering
INT001267,ACT000570,JOB00166,apply
INT001268,ACT000722,JOB00036,apply
INT001269,ACT000722,JOB00284,apply
INT001270,ACT001837,JOB00046,decline
INT001271,ACT002442,JOB00089,considering
INT001272,ACT002442,JOB00066,apply
INT001273,ACT002801,JOB00039,apply
INT001274,ACT002801,JOB00139,considering
INT001275,ACT000037,JOB00095,apply
INT001276,ACT001955,JOB00139,considering
INT001277,ACT002709,JOB00129,apply
INT001279,ACT003384,JOB00022,decline
INT001280,ACT003384,JOB00006,apply
INT001281,ACT003384,JOB00139,considering
INT001282,ACT003606,JOB00335,apply
INT001283,ACT003736,JOB00332,apply
INT001284,ACT001645,JOB00011,considering
INT001285,ACT004709,JOB00063,apply
INT001286,ACT002280,JOB00246,apply
INT001287,ACT002280,JOB00341,apply
INT001288,ACT004020,JOB00088,decline
INT001289,ACT004020,JOB00024,apply
INT001290,ACT004587,JOB00121,apply
INT001291,ACT004587,JOB00234,apply
INT001294,ACT001770,JOB00039,apply
INT001295,ACT001770,JOB00009,apply
INT001296,ACT001539,JOB00051,apply
INT001297,ACT001539,JOB00048,apply
INT001298,ACT002541,JOB00022,considering
INT001299,ACT002541,JOB00089,apply
INT001300,ACT004409,JOB00314,apply
INT001301,ACT000294,JOB00176,apply
INT001302,ACT000294,JOB00012,considering
INT001303,ACT001566,JOB00016,decline
INT001304,ACT002174,JOB00185,apply
INT001305,ACT002174,JOB00071,considering
INT001306,ACT000328,JOB00012,considering
INT001307,ACT002652,JOB00002,apply
INT001308,ACT002652,JOB00278,apply
INT001309,ACT004166,JOB00139,apply
INT001310,ACT004504,JOB00258,decline
INT001311,ACT004504,JOB00182,apply
INT001312,ACT000038,JOB00191,considering
INT001313,ACT000038,JOB00332,apply
INT001314,ACT000905,JOB00050,apply
INT001315,ACT002710,JOB00008,considering
INT001316,ACT002710,JOB00154,apply
INT001317,ACT004618,JOB00219,considering
INT001318,ACT003129,JOB00055,considering
INT001319,ACT003737,JOB00095,apply
INT001320,ACT004018,JOB00313,decline
INT001321,ACT004561,JOB00017,apply
INT001322,ACT000650,JOB00240,apply
INT001323,ACT001343,JOB00144,apply
INT001324,ACT001343,JOB00214,apply
INT001325,ACT001343,JOB00027,apply
INT001326,ACT001484,JOB00229,considering
INT001327,ACT002177,JOB00263,apply
INT001328,ACT002177,JOB00192,apply
INT001330,ACT003400,JOB00085,considering
INT001331,ACT004276,JOB00006,apply
INT001332,ACT004489,JOB00079,considering
INT001333,ACT000237,JOB00048,apply
INT001334,ACT001455,JOB00024,apply
INT001335,ACT002183,JOB00061,decline
INT001336,ACT003505,JOB00034,considering
INT001337,ACT003659,JOB00078,apply
INT001338,ACT000920,JOB00214,apply
INT001339,ACT000291,JOB00291,apply
INT001340,ACT000291,JOB00048,apply
INT001341,ACT002452,JOB00263,apply
INT001342,ACT002952,JOB00121,apply
INT001343,ACT002952,JOB00022,apply
INT001344,ACT003261,JOB00022,apply
INT001345,ACT003261,JOB00193,apply
INT001346,ACT004471,JOB00096,apply
INT001347,ACT004495,JOB00241,considering
INT001348,ACT004495,JOB00202,apply
INT001349,ACT000078,JOB00096,considering
INT001350,ACT000557,JOB00026,considering
INT001351,ACT001896,JOB00071,apply
INT001352,ACT002802,JOB00198,apply
INT001353,ACT003138,JOB00029,apply
INT001354,ACT003165,JOB00187,apply
INT001355,ACT004731,JOB00295,considering
INT001356,ACT004731,JOB00026,apply
INT001357,ACT000007,JOB00214,apply
INT001358,ACT000194,JOB00183,apply
INT001359,ACT000848,JOB00079,apply
INT001360,ACT000957,JOB00176,apply
INT001361,ACT003393,JOB00008,decline
INT001362,ACT003983,JOB00215,apply
INT001363,ACT000571,JOB00323,decline
INT001364,ACT001233,JOB00103,considering
INT001365,ACT004226,JOB00295,decline
INT001366,ACT000031,JOB00296,apply
INT001367,ACT000031,JOB00340,apply
INT001368,ACT001574,JOB00015,considering
INT001369,ACT002175,JOB00063,apply
INT001370,ACT003584,JOB00114,considering
INT001371,ACT004021,JOB00091,considering
INT001372,ACT004021,JOB00102,considering
INT001373,ACT004021,JOB00027,apply
INT001375,ACT003247,JOB00175,apply
INT001376,ACT003989,JOB00121,apply
INT001377,ACT003989,JOB00022,apply
INT001378,ACT004167,JOB00247,considering
INT001379,ACT004562,JOB00305,apply
INT001380,ACT004593,JOB00288,considering
INT001381,ACT002005,JOB00123,decline
INT001382,ACT002910,JOB00248,apply
INT001383,ACT002910,JOB00228,considering
INT001384,ACT001337,JOB00085,apply
INT001385,ACT001337,JOB00012,considering
INT001386,ACT001337,JOB00176,decline
INT001387,ACT002653,JOB00063,apply
INT001388,ACT002653,JOB00288,apply
INT001389,ACT002874,JOB00145,considering
INT001390,ACT004109,JOB00134,decline
INT001391,ACT004710,JOB00248,apply
INT001392,ACT000303,JOB00191,considering
INT001394,ACT001025,JOB00006,apply
INT001395,ACT001025,JOB00089,apply
INT001396,ACT001456,JOB00307,considering
INT001397,ACT002298,JOB00096,apply
INT001398,ACT002298,JOB00101,apply
INT001400,ACT004404,JOB00201,considering
INT001401,ACT004404,JOB00259,apply
INT001402,ACT004701,JOB00103,decline
INT001403,ACT004701,JOB00126,decline
INT001404,ACT002727,JOB00244,considering
INT001405,ACT003492,JOB00033,apply
INT001406,ACT003492,JOB00039,apply
INT001407,ACT004277,JOB00193,considering
INT001408,ACT004277,JOB00175,considering
INT001409,ACT000312,JOB00027,apply
INT001410,ACT003506,JOB00329,apply
INT001411,ACT003506,JOB00017,apply
INT001412,ACT004227,JOB00078,decline
INT001413,ACT000387,JOB00063,apply
INT001414,ACT000558,JOB00152,considering
INT001415,ACT000558,JOB00136,apply
INT001416,ACT001992,JOB00021,apply
INT001417,ACT000912,JOB00268,apply
INT001418,ACT002976,JOB00165,apply
INT001419,ACT004496,JOB00012,apply
INT001420,ACT002821,JOB00100,apply
INT001421,ACT000265,JOB00092,apply
INT001422,ACT000333,JOB00207,apply
INT001423,ACT001150,JOB00048,apply
INT001424,ACT003451,JOB00294,apply
INT001425,ACT003451,JOB00129,apply
INT001426,ACT004110,JOB00026,apply
INT001427,ACT002933,JOB00175,apply
INT001428,ACT003193,JOB00017,considering
INT001429,ACT003660,JOB00026,apply
INT001430,ACT004134,JOB00026,considering
INT001431,ACT004395,JOB00012,considering
INT001432,ACT003585,JOB00267,apply
INT001433,ACT000304,JOB00095,decline
INT001434,ACT000883,JOB00207,considering
INT001436,ACT001897,JOB00185,apply
INT001437,ACT004178,JOB00215,considering
INT001438,ACT004702,JOB00263,apply
INT001439,ACT004702,JOB00148,decline
INT001440,ACT000079,JOB00226,considering
INT001441,ACT000079,JOB00033,apply
INT001442,ACT000313,JOB00133,apply
INT001443,ACT000313,JOB00221,apply
INT001444,ACT000313,JOB00207,apply
INT001445,ACT000499,JOB00063,apply
INT001446,ACT000551,JOB00033,considering
INT001447,ACT003886,JOB00013,apply
INT001448,ACT004022,JOB00133,apply
INT001451,ACT001026,JOB00066,decline
INT001452,ACT001026,JOB00175,apply
INT001453,ACT002167,JOB00201,apply
INT001454,ACT002774,JOB00021,apply
INT001455,ACT000408,JOB00054,considering
INT001456,ACT001234,JOB00123,considering
INT001457,ACT001234,JOB00215,decline
INT001458,ACT001276,JOB00033,considering
INT001459,ACT001276,JOB00127,apply
INT001460,ACT001584,JOB00050,considering
INT001461,ACT001887,JOB00126,apply
INT001462,ACT003851,JOB00021,apply
INT001463,ACT004594,JOB00228,considering
INT001464,ACT003025,JOB00091,considering
INT001465,ACT003025,JOB00207,apply
INT001467,ACT002244,JOB00305,decline
INT001468,ACT003493,JOB00260,apply
INT001469,ACT000671,JOB00219,apply
INT001470,ACT002006,JOB00103,apply
INT001471,ACT002006,JOB00036,considering
INT001472,ACT002498,JOB00029,considering
INT001473,ACT003921,JOB00303,apply
INT001474,ACT004111,JOB00152,considering
INT001475,ACT004111,JOB00341,apply
INT001476,ACT003272,JOB00247,apply
INT001477,ACT004519,JOB00127,considering
INT001480,ACT001063,JOB00201,apply
INT001481,ACT001063,JOB00027,decline
INT001482,ACT004406,JOB00333,apply
INT001483,ACT002427,JOB00078,apply
INT001484,ACT003484,JOB00033,considering
INT001485,ACT003484,JOB00247,apply
INT001486,ACT000305,JOB00332,decline
INT001487,ACT003218,JOB00051,decline
INT001488,ACT003546,JOB00308,apply
INT001489,ACT003546,JOB00103,apply
INT001490,ACT004903,JOB00187,apply
INT001491,ACT003794,JOB00287,apply
INT001492,ACT003794,JOB00089,apply
INT001494,ACT001151,JOB00291,apply
INT001495,ACT002107,JOB00263,considering
INT001496,ACT002107,JOB00282,apply
INT001497,ACT002107,JOB00036,apply
INT001498,ACT002207,JOB00152,decline
INT001499,ACT003923,JOB00031,decline
INT001500,ACT000684,JOB00180,apply
INT001501,ACT000684,JOB00079,considering
INT001502,ACT000684,JOB00015,apply
INT001503,ACT001121,JOB00291,considering
INT001504,ACT001121,JOB00318,decline
INT001505,ACT001487,JOB00095,considering
INT001506,ACT001487,JOB00020,apply
INT001507,ACT002324,JOB00138,apply
INT001508,ACT002934,JOB00287,apply
INT001509,ACT002934,JOB00232,apply
INT001510,ACT004703,JOB00336,apply
INT001513,ACT000869,JOB00073,considering
INT001514,ACT002074,JOB00063,decline
INT001515,ACT003101,JOB00003,apply
INT001516,ACT003831,JOB00129,decline
INT001517,ACT003852,JOB00202,considering
INT001518,ACT003852,JOB00085,apply
INT001519,ACT000057,JOB00303,decline
INT001520,ACT000057,JOB00016,considering
INT001521,ACT002007,JOB00059,apply
INT001522,ACT001915,JOB00076,considering
INT001523,ACT002245,JOB00155,apply
INT001524,ACT002245,JOB00079,apply
INT001525,ACT002783,JOB00160,decline
INT001526,ACT003054,JOB00335,decline
INT001527,ACT003544,JOB00313,considering
INT001528,ACT000409,JOB00165,apply
INT001529,ACT000967,JOB00201,apply
INT001530,ACT001716,JOB00328,considering
INT001531,ACT002089,JOB00085,apply
INT001532,ACT002089,JOB00012,apply
INT001533,ACT003887,JOB00328,considering
INT001534,ACT003887,JOB00048,apply
INT001535,ACT003887,JOB00318,decline
INT001536,ACT003485,JOB00127,apply
INT001537,ACT000371,JOB00027,apply
INT001538,ACT000371,JOB00207,apply
INT001539,ACT000371,JOB00265,apply
INT001540,ACT000838,JOB00003,considering
INT001541,ACT002464,JOB00334,considering
INT001542,ACT002697,JOB00138,considering
INT001543,ACT003283,JOB00048,considering
INT001544,ACT003283,JOB00184,apply
INT001545,ACT001888,JOB00215,considering
INT001546,ACT002422,JOB00232,apply
INT001547,ACT003874,JOB00201,apply
INT001548,ACT003874,JOB00027,apply
INT001549,ACT004712,JOB00040,apply
INT001550,ACT004712,JOB00247,apply
INT001551,ACT004769,JOB00134,considering
INT001552,ACT002398,JOB00291,apply
INT001553,ACT003924,JOB00194,apply
INT001554,ACT001104,JOB00335,apply
INT001555,ACT002131,JOB00046,decline
INT001556,ACT003219,JOB00337,apply
INT001557,ACT003371,JOB00067,considering
INT001558,ACT000058,JOB00053,apply
INT001559,ACT000058,JOB00127,considering
INT001560,ACT000672,JOB00073,considering
INT001561,ACT001911,JOB00127,apply
INT001562,ACT003189,JOB00044,apply
INT001563,ACT003273,JOB00016,apply
INT001564,ACT002306,JOB00242,decline
INT001565,ACT002306,JOB00337,apply
INT001566,ACT004529,JOB00056,considering
INT001567,ACT000505,JOB00127,decline
INT001568,ACT000505,JOB00237,decline
INT001569,ACT001216,JOB00159,apply
INT001570,ACT004904,JOB00103,considering
INT001571,ACT004904,JOB00126,apply
INT001574,ACT002679,JOB00207,apply
INT001575,ACT001048,JOB00265,apply
INT001576,ACT002698,JOB00334,considering
INT001577,ACT002702,JOB00159,considering
INT001578,ACT003050,JOB00313,apply
INT001579,ACT003795,JOB00238,considering
INT001580,ACT003664,JOB00058,decline
INT001581,ACT002423,JOB00175,considering
INT001582,ACT002423,JOB00287,apply
INT001583,ACT004667,JOB00205,decline
INT001584,ACT004667,JOB00226,apply
INT001585,ACT004667,JOB00096,considering
INT001586,ACT000018,JOB00101,apply
INT001587,ACT004827,JOB00207,apply
INT001588,ACT003232,JOB00048,apply
INT001589,ACT003942,JOB00016,apply
INT001590,ACT001848,JOB00003,decline
INT001591,ACT001912,JOB00004,apply
INT001592,ACT002325,JOB00339,apply
INT001593,ACT003901,JOB00123,apply
INT001594,ACT000034,JOB00256,apply
INT001595,ACT000064,JOB00092,apply
INT001596,ACT000506,JOB00033,apply
INT001597,ACT001038,JOB00023,apply
INT001598,ACT001038,JOB00205,considering
INT001599,ACT001038,JOB00339,apply
INT001600,ACT001622,JOB00184,apply
INT001601,ACT003338,JOB00092,considering
INT001602,ACT003338,JOB00027,apply
INT001603,ACT000870,JOB00110,considering
INT001604,ACT001176,JOB00170,apply
INT001605,ACT003284,JOB00206,apply
INT001606,ACT003284,JOB00296,apply
INT001607,ACT004050,JOB00291,apply
INT001608,ACT004816,JOB00067,considering
INT001609,ACT004400,JOB00226,apply
INT001610,ACT004400,JOB00277,apply
INT001611,ACT000342,JOB00194,decline
INT001612,ACT001592,JOB00152,decline
INT001613,ACT003730,JOB00238,apply
INT001615,ACT004326,JOB00259,apply
INT001616,ACT004326,JOB00003,decline
INT001617,ACT001105,JOB00608,apply
INT001618,ACT003051,JOB00239,apply
INT001619,ACT000139,JOB00048,apply
INT001621,ACT002018,JOB00159,apply
INT001622,ACT003040,JOB00002,apply
INT001623,ACT003040,JOB00045,apply
INT001624,ACT003365,JOB00238,apply
INT001625,ACT000129,JOB00021,considering
INT001626,ACT001876,JOB00030,considering
INT001627,ACT002132,JOB00799,considering
INT001628,ACT002978,JOB00337,apply
INT001629,ACT003190,JOB00058,considering
INT001630,ACT003190,JOB00129,apply
INT001631,ACT004204,JOB00742,considering
INT001632,ACT004770,JOB00246,considering
INT001633,ACT000737,JOB00323,apply
INT001634,ACT000737,JOB00083,considering
INT001635,ACT002307,JOB00048,considering
INT001636,ACT000035,JOB00047,apply
INT001637,ACT000451,JOB00135,apply
INT001638,ACT001217,JOB00799,apply
INT001639,ACT001217,JOB00200,apply
INT001640,ACT001217,JOB00021,decline
INT001641,ACT001051,JOB00026,considering
INT001642,ACT001204,JOB00027,apply
INT001643,ACT001438,JOB00763,apply
INT001644,ACT003645,JOB00701,apply
INT001645,ACT000069,JOB00212,apply
INT001646,ACT001844,JOB00330,apply
INT001647,ACT001844,JOB00126,apply
INT001648,ACT003233,JOB00046,apply
INT001649,ACT003943,JOB00005,considering
INT001650,ACT004668,JOB00004,decline
INT001651,ACT000949,JOB00291,apply
INT001654,ACT002699,JOB00451,apply
INT001655,ACT000375,JOB00291,apply
INT001656,ACT000375,JOB00328,apply
INT001657,ACT001158,JOB00033,apply
INT001658,ACT001593,JOB00136,apply
INT001659,ACT003003,JOB00497,apply
INT001660,ACT003003,JOB00181,apply
INT001661,ACT003091,JOB00135,apply
INT001662,ACT003091,JOB00128,considering
INT001663,ACT003537,JOB00126,apply
INT001667,ACT004291,JOB00552,apply
INT001668,ACT000208,JOB00474,considering
INT001669,ACT002341,JOB00141,apply
INT001670,ACT002438,JOB00552,apply
INT001671,ACT002438,JOB00126,apply
INT001672,ACT003416,JOB00160,apply
INT001673,ACT003416,JOB00194,considering
INT001674,ACT004695,JOB00291,apply
INT001675,ACT004695,JOB00085,apply
INT001676,ACT000758,JOB00271,considering
INT001677,ACT001877,JOB00190,considering
INT001678,ACT001877,JOB00341,apply
INT001679,ACT002809,JOB00341,considering
INT001680,ACT003636,JOB00297,apply
INT001681,ACT000364,JOB00219,apply
INT001682,ACT000364,JOB00170,apply
INT001683,ACT000507,JOB00523,apply
INT001684,ACT001106,JOB00073,considering
INT001685,ACT001106,JOB00095,apply
INT001686,ACT002098,JOB00003,apply
INT001687,ACT002247,JOB00265,considering
INT001688,ACT000065,JOB00027,considering
INT001689,ACT000065,JOB00265,considering
INT001690,ACT004078,JOB00003,considering
INT001691,ACT004183,JOB00029,apply
INT001692,ACT004715,JOB00409,considering
INT001693,ACT000140,JOB00274,apply
INT001694,ACT003362,JOB00070,apply
INT001695,ACT003903,JOB00552,apply
INT001696,ACT003903,JOB00110,apply
INT001697,ACT003903,JOB00050,considering
INT001698,ACT004012,JOB00003,apply
INT001699,ACT004012,JOB00133,considering
INT001700,ACT000298,JOB00050,apply
INT001701,ACT002979,JOB00385,apply
INT001702,ACT004477,JOB00691,apply
INT001703,ACT004477,JOB00165,decline
INT001704,ACT004696,JOB00021,decline
INT001705,ACT000172,JOB00341,apply
INT001706,ACT000172,JOB00026,considering
INT001707,ACT003511,JOB00132,apply
INT001708,ACT003538,JOB00036,apply
INT001709,ACT003538,JOB00143,apply
INT001710,ACT003958,JOB00205,decline
INT001711,ACT004669,JOB00523,apply
INT001712,ACT004669,JOB00247,considering
INT001713,ACT001313,JOB00030,apply
INT001715,ACT003731,JOB00759,decline
INT001716,ACT003905,JOB00665,apply
INT001717,ACT004192,JOB00691,considering
INT001718,ACT001692,JOB00237,considering
INT001719,ACT001692,JOB00127,apply
INT001720,ACT001692,JOB00793,decline
INT001721,ACT002383,JOB00132,apply
INT001722,ACT004377,JOB00096,apply
INT001723,ACT000376,JOB00799,decline
INT001724,ACT002810,JOB00026,apply
INT001725,ACT002810,JOB00361,decline
INT001726,ACT001052,JOB00361,apply
INT001727,ACT001109,JOB00619,apply
INT001728,ACT001109,JOB00002,considering
INT001729,ACT001159,JOB00016,decline
INT001730,ACT001264,JOB00048,apply
INT001731,ACT002366,JOB00005,considering
INT001732,ACT003205,JOB00275,apply
INT001733,ACT003714,JOB00050,apply
INT001734,ACT000470,JOB00328,considering
INT001735,ACT000470,JOB00013,considering
INT001736,ACT001020,JOB00422,decline
INT001737,ACT001020,JOB00050,decline
INT001738,ACT001439,JOB00691,apply
INT001739,ACT002155,JOB00242,apply
INT001740,ACT002342,JOB00101,decline
INT001741,ACT002342,JOB00096,apply
INT001742,ACT001490,JOB00003,apply
INT001743,ACT004808,JOB00287,decline
INT001744,ACT001196,JOB00026,apply
INT001745,ACT001199,JOB00205,apply
INT001746,ACT002439,JOB00282,considering
INT001747,ACT004239,JOB00092,apply
INT001748,ACT004239,JOB00411,apply
INT001749,ACT004333,JOB00378,considering
INT001750,ACT000588,JOB00219,decline
INT001751,ACT000588,JOB00050,apply
INT001752,ACT000668,JOB00499,considering
INT001753,ACT001628,JOB00047,apply
INT001754,ACT001741,JOB00030,considering
INT001755,ACT003637,JOB00288,considering
INT001756,ACT000950,JOB00027,decline
INT001757,ACT000950,JOB00265,apply
INT001758,ACT003617,JOB00003,apply
INT001759,ACT003617,JOB00499,decline
INT001760,ACT004478,JOB00017,apply
INT001761,ACT000482,JOB00129,apply
INT001762,ACT000678,JOB00387,apply
INT001763,ACT000678,JOB00691,apply
INT001764,ACT004193,JOB00387,considering
INT001765,ACT004193,JOB00498,apply
INT001766,ACT004193,JOB00180,considering
INT001767,ACT000654,JOB00297,decline
INT001768,ACT000654,JOB00288,apply
INT001769,ACT001053,JOB00341,apply
INT001770,ACT001053,JOB00132,considering
INT001771,ACT003106,JOB00073,apply
INT001772,ACT003781,JOB00333,apply
INT001773,ACT003781,JOB00499,apply
INT001774,ACT003959,JOB00330,apply
INT001775,ACT003959,JOB00275,considering
INT001776,ACT003959,JOB00263,considering
INT001777,ACT003417,JOB00499,apply
INT001778,ACT004378,JOB00033,considering
INT001779,ACT001747,JOB00092,apply
INT001780,ACT004219,JOB00165,apply
INT001781,ACT000244,JOB00755,considering
INT001782,ACT003378,JOB00217,considering
INT001783,ACT003378,JOB00339,considering
INT001784,ACT004780,JOB00385,apply
INT001785,ACT000168,JOB00634,apply
INT001786,ACT000299,JOB00073,apply
INT001787,ACT000299,JOB00170,apply
INT001788,ACT000299,JOB00366,apply
INT001789,ACT003512,JOB00030,apply
INT001790,ACT003512,JOB00341,considering
INT001791,ACT000502,JOB00160,apply
INT001792,ACT000502,JOB00265,apply
INT001793,ACT000502,JOB00027,decline
INT001794,ACT001074,JOB00288,apply
INT001795,ACT002921,JOB00354,apply
INT001796,ACT003525,JOB00234,apply
INT001797,ACT003525,JOB00175,considering
INT001798,ACT003525,JOB00727,considering
INT001800,ACT004590,JOB00027,considering
INT001801,ACT004590,JOB00259,considering
INT001802,ACT004194,JOB00669,considering
INT001803,ACT004194,JOB00769,decline
INT001804,ACT001285,JOB00651,apply
INT001805,ACT000098,JOB00296,apply
INT001806,ACT000669,JOB00133,considering
INT001807,ACT000669,JOB00597,considering
INT001808,ACT001197,JOB00033,apply
INT001809,ACT002099,JOB00333,decline
INT001810,ACT002156,JOB00046,apply
INT001811,ACT002156,JOB00611,considering
INT001812,ACT002156,JOB00328,apply
INT001813,ACT002248,JOB00003,decline
INT001814,ACT002248,JOB00085,considering
INT001815,ACT002793,JOB00727,apply
INT001816,ACT003387,JOB00611,apply
INT001817,ACT003387,JOB00799,apply
INT001818,ACT004323,JOB00523,apply
INT001819,ACT000914,JOB00752,apply
INT001820,ACT002343,JOB00474,considering
INT001821,ACT004127,JOB00053,considering
INT001822,ACT004127,JOB00004,apply
INT001823,ACT004127,JOB00016,apply
INT001824,ACT000366,JOB00073,considering
INT001825,ACT001919,JOB00085,apply
INT001826,ACT001919,JOB00752,decline
INT001827,ACT000937,JOB00033,considering
INT001828,ACT001629,JOB00489,apply
INT001829,ACT003860,JOB00611,considering
INT001830,ACT003860,JOB00385,decline
INT001831,ACT000259,JOB00368,apply
INT001832,ACT000483,JOB00651,apply
INT001833,ACT001265,JOB00296,apply
INT001834,ACT001306,JOB00083,decline
INT001835,ACT002906,JOB00448,decline
INT001836,ACT002926,JOB00759,considering
INT001837,ACT003439,JOB00026,apply
INT001838,ACT004492,JOB00799,apply
INT001839,ACT001059,JOB00200,considering
INT001840,ACT001363,JOB00665,apply
INT001841,ACT001491,JOB00221,apply
INT001842,ACT002367,JOB00096,decline
INT001843,ACT002367,JOB00634,decline
INT001844,ACT001858,JOB00363,considering
INT001845,ACT001858,JOB00491,apply
INT001846,ACT001858,JOB00521,apply
INT001847,ACT002707,JOB00288,apply
INT001848,ACT002957,JOB00611,apply
INT001849,ACT004479,JOB00130,apply
INT001850,ACT004479,JOB00696,considering
INT001851,ACT004809,JOB00175,apply
INT001852,ACT004809,JOB00238,apply
INT001853,ACT000269,JOB00204,decline
INT001854,ACT000279,JOB00534,apply
INT001855,ACT000279,JOB00096,decline
INT001856,ACT000951,JOB00092,considering
INT001857,ACT001169,JOB00552,apply
INT001858,ACT004128,JOB00096,apply
INT001859,ACT004379,JOB00004,considering
INT001860,ACT004379,JOB00016,decline
INT001861,ACT000285,JOB00296,decline
INT001862,ACT000285,JOB00206,apply
INT001863,ACT000321,JOB00175,considering
INT001864,ACT000321,JOB00384,apply
INT001865,ACT002516,JOB00187,considering
INT001866,ACT004540,JOB00333,apply
INT001867,ACT004597,JOB00288,apply
INT001868,ACT004597,JOB00550,considering
INT001869,ACT000589,JOB00497,considering
INT001870,ACT001414,JOB00448,apply
INT001871,ACT003379,JOB00409,apply
INT001872,ACT000472,JOB00476,apply
INT001873,ACT000472,JOB00015,apply
INT001874,ACT000938,JOB00127,considering
INT001875,ACT003725,JOB00337,apply
INT001876,ACT004795,JOB00238,apply
INT001877,ACT000188,JOB00424,considering
INT001878,ACT000188,JOB00766,apply
INT001879,ACT001508,JOB00033,apply
INT001880,ACT001508,JOB00096,apply
INT001881,ACT002749,JOB00771,apply
INT001882,ACT002749,JOB00238,apply
INT001883,ACT004234,JOB00385,considering
INT001884,ACT004876,JOB00611,apply
INT001885,ACT002907,JOB00783,apply
INT001886,ACT001929,JOB00727,apply
INT001887,ACT000915,JOB00021,considering
INT001888,ACT000915,JOB00385,apply
INT001889,ACT002919,JOB00265,considering
INT001890,ACT003388,JOB00085,apply
INT001891,ACT003388,JOB00021,apply
INT001892,ACT003711,JOB00017,apply
INT001893,ACT003861,JOB00445,decline
INT001894,ACT003154,JOB00083,apply
INT001895,ACT003195,JOB00368,apply
INT001896,ACT004493,JOB00265,apply
INT001897,ACT004493,JOB00027,apply
INT001898,ACT001112,JOB00138,considering
INT001899,ACT001112,JOB00110,apply
INT001900,ACT001578,JOB00771,apply
INT001901,ACT001578,JOB00678,considering
INT001902,ACT003894,JOB00085,apply
INT001903,ACT003894,JOB00600,considering
INT001904,ACT003894,JOB00337,considering
INT001905,ACT003980,JOB00396,apply
INT001906,ACT003980,JOB00527,apply
INT001907,ACT004251,JOB00363,apply
INT001908,ACT004251,JOB00128,apply
INT001909,ACT004274,JOB00308,considering
INT001910,ACT004717,JOB00129,apply
INT001911,ACT001075,JOB00779,considering
INT001912,ACT001163,JOB00445,apply
INT001913,ACT002181,JOB00597,apply
INT001914,ACT002181,JOB00392,apply
INT001915,ACT002584,JOB00296,considering
INT001916,ACT000175,JOB00597,considering
INT001917,ACT002224,JOB00534,considering
INT001918,ACT002224,JOB00096,apply
INT001919,ACT002416,JOB00696,apply
INT001920,ACT002416,JOB00691,apply
INT001921,ACT002786,JOB00110,considering
INT001922,ACT002786,JOB00174,decline
INT001923,ACT004591,JOB00597,apply
INT001924,ACT004591,JOB00086,decline
INT001925,ACT004796,JOB00448,considering
INT001926,ACT004796,JOB00771,apply
INT001927,ACT002829,JOB00391,apply
INT001928,ACT002829,JOB00600,apply
INT001929,ACT003936,JOB00610,apply
INT001930,ACT003936,JOB00400,apply
INT001931,ACT004271,JOB00696,apply
INT001932,ACT000286,JOB00403,considering
INT001933,ACT000286,JOB00610,apply
INT001934,ACT000286,JOB00385,apply
INT001935,ACT000438,JOB00023,apply
INT001936,ACT000876,JOB00366,considering
INT001937,ACT000876,JOB00497,apply
INT001938,ACT001755,JOB00337,apply
INT001939,ACT002194,JOB00475,apply
INT001940,ACT002958,JOB00200,apply
INT001941,ACT002958,JOB00021,considering
INT001942,ACT004053,JOB00611,considering
INT001943,ACT002517,JOB00785,considering
INT001944,ACT003481,JOB00498,decline
INT001945,ACT004067,JOB00017,apply
INT001946,ACT004651,JOB00597,apply
INT001947,ACT004651,JOB00027,apply
INT001948,ACT000943,JOB00799,apply
INT001949,ACT000943,JOB00021,apply
INT001950,ACT002823,JOB00288,apply
INT001951,ACT003150,JOB00263,considering
INT001952,ACT003150,JOB00344,apply
INT001953,ACT003150,JOB00767,apply
INT001954,ACT004486,JOB00265,apply
INT001955,ACT000189,JOB00785,apply
INT001956,ACT002684,JOB00783,decline
INT001957,ACT002684,JOB00464,apply
INT001958,ACT004091,JOB00132,apply
INT001959,ACT001853,JOB00725,apply
INT001960,ACT002214,JOB00769,apply
INT001961,ACT002214,JOB00669,apply
INT001962,ACT002927,JOB00712,apply
INT001963,ACT000176,JOB00445,considering
INT001964,ACT002085,JOB00085,apply
INT001965,ACT002908,JOB00175,apply
INT001966,ACT004285,JOB00085,apply
INT001967,ACT004285,JOB00371,considering
INT001968,ACT004623,JOB00771,apply
INT001969,ACT004623,JOB00127,considering
INT001970,ACT000246,JOB00237,apply
INT001971,ACT000860,JOB00063,apply
INT001972,ACT002655,JOB00152,apply
INT001973,ACT002750,JOB00175,apply
INT001974,ACT000439,JOB00017,apply
INT001975,ACT001415,JOB00238,considering
INT001976,ACT001579,JOB00384,considering
INT001977,ACT002787,JOB00351,considering
INT001978,ACT003332,JOB00755,apply
INT001979,ACT003500,JOB00026,considering
INT001980,ACT003726,JOB00541,considering
INT001981,ACT000539,JOB00361,apply
INT001982,ACT000539,JOB00450,apply
INT001983,ACT001035,JOB00371,apply
INT001984,ACT004877,JOB00371,apply
INT001985,ACT004877,JOB00385,apply
INT001986,ACT000629,JOB00759,apply
INT001987,ACT002195,JOB00351,considering
INT001988,ACT002195,JOB00181,considering
INT001990,ACT000805,JOB00601,apply
INT001991,ACT002724,JOB00155,apply
INT001992,ACT002724,JOB00165,apply
INT001993,ACT003196,JOB00725,decline
INT001994,ACT003196,JOB00660,apply
INT001995,ACT003862,JOB00265,apply
INT001996,ACT000143,JOB00354,apply
INT001997,ACT000143,JOB00262,considering
INT001998,ACT001076,JOB00014,considering
INT001999,ACT003675,JOB00505,apply
INT002000,ACT003675,JOB00411,apply
INT002001,ACT003833,JOB00347,apply
INT002002,ACT004030,JOB00450,apply
INT002003,ACT004125,JOB00132,apply
INT002004,ACT004125,JOB00361,considering
INT002006,ACT002575,JOB00256,considering
INT002007,ACT002796,JOB00766,considering
INT002008,ACT002796,JOB00036,considering
INT002009,ACT000714,JOB00479,apply
INT002010,ACT002807,JOB00017,decline
INT002012,ACT001061,JOB00085,decline
INT002013,ACT001061,JOB00371,considering
INT002014,ACT001164,JOB00725,apply
INT002015,ACT001860,JOB00610,apply
INT002018,ACT000992,JOB00577,apply
INT002019,ACT000992,JOB00450,considering
INT002020,ACT000992,JOB00136,apply
INT002021,ACT001113,JOB00475,considering
INT002022,ACT001113,JOB00334,decline
INT002023,ACT002417,JOB00758,considering
INT002024,ACT002417,JOB00023,apply
INT002025,ACT002417,JOB00056,considering
INT002026,ACT003712,JOB00056,apply
INT002027,ACT004186,JOB00619,considering
INT002028,ACT001900,JOB00003,apply
INT002029,ACT001900,JOB00725,apply
INT002030,ACT002880,JOB00594,apply
INT002031,ACT003701,JOB00753,apply
INT002032,ACT000049,JOB00096,decline
INT002033,ACT001624,JOB00693,apply
INT002034,ACT001789,JOB00206,apply
INT002035,ACT002225,JOB00523,considering
INT002036,ACT002227,JOB00371,apply
INT002037,ACT002227,JOB00159,apply
INT002038,ACT002227,JOB00799,apply
INT002039,ACT004445,JOB00475,considering
INT002040,ACT004568,JOB00175,decline
INT002041,ACT004506,JOB00552,apply
INT002042,ACT004506,JOB00226,apply
INT002043,ACT001639,JOB00527,apply
INT002044,ACT001639,JOB00396,apply
INT002045,ACT002824,JOB00606,apply
INT002046,ACT004313,JOB00368,apply
INT002047,ACT004652,JOB00499,apply
INT002048,ACT004830,JOB00181,apply
INT002049,ACT000352,JOB00657,apply
INT002050,ACT000352,JOB00652,apply
INT002051,ACT001416,JOB00771,considering
INT002052,ACT001416,JOB00287,considering
INT002053,ACT003116,JOB00045,apply
INT002054,ACT003677,JOB00779,apply
INT002055,ACT003677,JOB00014,decline
INT002056,ACT003834,JOB00047,considering
INT002057,ACT004482,JOB00694,decline
INT002058,ACT004482,JOB00033,considering
INT002059,ACT000813,JOB00217,apply
INT002060,ACT000813,JOB00129,apply
INT002063,ACT001871,JOB00744,apply
INT002064,ACT001871,JOB00752,decline
INT002065,ACT001917,JOB00597,apply
INT002066,ACT004130,JOB00434,considering
INT002067,ACT002566,JOB00611,considering
INT002068,ACT000606,JOB00127,apply
INT002069,ACT000630,JOB00360,apply
INT002070,ACT000866,JOB00385,apply
INT002071,ACT001946,JOB00110,apply
INT002072,ACT002086,JOB00337,apply
INT002073,ACT002086,JOB00744,decline
INT002074,ACT002086,JOB00401,considering
INT002075,ACT002328,JOB00657,considering
INT002076,ACT002328,JOB00521,apply
INT002077,ACT000475,JOB00450,apply
INT002079,ACT002928,JOB00505,apply
INT002080,ACT002928,JOB00725,decline
INT002081,ACT000390,JOB00414,apply
INT002082,ACT000390,JOB00360,apply
INT002083,ACT003133,JOB00619,considering
INT002084,ACT003133,JOB00462,apply
INT002085,ACT000733,JOB00541,considering
INT002086,ACT000733,JOB00337,considering
INT002087,ACT000799,JOB00138,considering
INT002088,ACT001861,JOB00603,considering
INT002089,ACT001861,JOB00296,apply
INT002090,ACT001390,JOB00725,decline
INT002091,ACT003265,JOB00607,apply
INT002093,ACT003969,JOB00129,apply
INT002094,ACT004574,JOB00063,considering
INT002095,ACT000239,JOB00341,considering
INT002096,ACT001612,JOB00371,apply
INT002097,ACT001612,JOB00611,considering
INT002098,ACT002725,JOB00023,decline
INT002099,ACT002725,JOB00479,considering
INT002100,ACT004507,JOB00767,decline
INT002101,ACT004507,JOB00657,apply
INT002102,ACT004565,JOB00085,apply
INT002103,ACT004565,JOB00337,apply
INT002104,ACT004569,JOB00783,considering
INT002105,ACT004569,JOB00238,apply
INT002106,ACT000715,JOB00476,apply
INT002107,ACT004446,JOB00129,considering
INT002108,ACT004467,JOB00795,apply
INT002109,ACT002117,JOB00701,apply
INT002110,ACT002460,JOB00070,apply
INT002111,ACT003081,JOB00414,decline
INT002112,ACT003514,JOB00799,apply
INT002113,ACT002301,JOB00607,decline
INT002114,ACT002301,JOB00364,decline
INT002115,ACT003678,JOB00297,apply
INT002116,ACT003678,JOB00063,apply
INT002117,ACT004200,JOB00073,apply
INT002118,ACT001783,JOB00744,apply
INT002119,ACT001783,JOB00364,apply
INT002120,ACT001783,JOB00085,apply
INT002121,ACT001807,JOB00725,apply
INT002122,ACT001807,JOB00445,apply
INT002123,ACT004242,JOB00385,apply
INT002124,ACT000925,JOB00767,apply
INT002125,ACT001192,JOB00181,apply
INT002126,ACT001292,JOB00003,decline
INT002127,ACT001292,JOB00445,considering
INT002128,ACT001634,JOB00713,apply
INT002129,ACT003148,JOB00779,decline
INT002130,ACT003768,JOB00727,apply
INT002131,ACT003867,JOB00056,apply
INT002132,ACT004861,JOB00033,apply
INT002133,ACT000015,JOB00619,apply
INT002134,ACT000607,JOB00688,apply
INT002135,ACT001736,JOB00401,apply
INT002136,ACT001736,JOB00364,considering
INT002137,ACT002671,JOB00505,apply
INT002138,ACT002718,JOB00414,apply
INT002139,ACT003720,JOB00610,considering
INT002140,ACT000662,JOB00607,apply
INT002141,ACT000662,JOB00611,considering
INT002142,ACT002641,JOB00085,considering
INT002143,ACT003653,JOB00411,apply
INT002144,ACT003653,JOB00505,considering
INT002145,ACT003745,JOB00725,apply
INT002146,ACT000746,JOB00448,apply
INT002147,ACT000746,JOB00234,decline
INT002148,ACT004141,JOB00371,apply
INT002149,ACT004314,JOB00160,considering
INT002150,ACT004421,JOB00614,considering
INT002151,ACT001801,JOB00491,apply
INT002152,ACT001801,JOB00521,considering
INT002153,ACT003913,JOB00701,considering
INT002154,ACT002329,JOB00187,apply
INT002155,ACT002329,JOB00435,apply
INT002156,ACT000965,JOB00341,apply
INT002157,ACT000323,JOB00070,decline
INT002158,ACT000578,JOB00783,apply
INT002159,ACT000867,JOB00611,apply
INT002160,ACT002021,JOB00586,decline
INT002161,ACT002021,JOB00671,decline
INT002162,ACT002504,JOB00234,apply
INT002163,ACT003970,JOB00055,apply
INT002164,ACT003970,JOB00402,apply
INT002165,ACT000430,JOB00635,apply
INT002166,ACT000430,JOB00701,considering
INT002167,ACT004566,JOB00725,considering
INT002168,ACT000926,JOB00491,apply
INT002169,ACT000926,JOB00521,apply
INT002170,ACT001153,JOB00783,decline
INT002171,ACT002557,JOB00189,considering
INT002172,ACT003947,JOB00360,apply
INT002173,ACT003947,JOB00638,apply
INT002174,ACT004201,JOB00366,apply
INT002175,ACT004412,JOB00401,considering
INT002176,ACT004559,JOB00725,apply
INT002177,ACT004559,JOB00411,apply
INT002178,ACT001832,JOB00436,apply
INT002179,ACT001832,JOB00462,apply
INT002180,ACT002461,JOB00619,decline
INT002181,ACT002599,JOB00391,apply
INT002182,ACT002599,JOB00398,apply
INT002183,ACT002599,JOB00206,apply
INT002184,ACT003515,JOB00689,apply
INT002185,ACT003515,JOB00607,apply
INT002186,ACT003515,JOB00085,apply
INT002187,ACT004514,JOB00601,apply
INT002188,ACT004764,JOB00727,apply
INT002189,ACT004764,JOB00384,apply
INT002190,ACT000608,JOB00470,apply
INT002191,ACT000608,JOB00672,apply
INT002192,ACT004208,JOB00741,apply
INT002193,ACT004629,JOB00003,apply
INT002194,ACT000509,JOB00765,apply
INT002195,ACT000509,JOB00495,apply
INT002196,ACT001001,JOB00691,considering
INT002197,ACT002336,JOB00569,considering
INT002198,ACT002336,JOB00070,considering
INT002199,ACT002359,JOB00688,apply
INT002200,ACT001709,JOB00462,decline
INT002201,ACT001709,JOB00189,decline
INT002202,ACT000901,JOB00495,apply
INT002203,ACT000901,JOB00450,apply
INT002204,ACT003746,JOB00027,considering
INT002205,ACT004585,JOB00027,decline
INT002206,ACT004585,JOB00725,considering
INT002207,ACT004585,JOB00633,apply
INT002208,ACT004873,JOB00402,apply
INT002209,ACT001339,JOB00234,apply
INT002210,ACT001503,JOB00403,apply
INT002211,ACT001503,JOB00610,apply
INT002212,ACT001737,JOB00391,apply
INT002213,ACT003868,JOB00017,apply
INT002214,ACT003868,JOB00023,apply
INT002215,ACT000205,JOB00601,considering
INT002216,ACT000324,JOB00462,apply
INT002217,ACT003949,JOB00017,considering
INT002218,ACT003949,JOB00023,apply
INT002219,ACT003082,JOB00475,apply
INT002220,ACT003082,JOB00096,considering
INT002221,ACT003328,JOB00694,apply
INT002222,ACT003828,JOB00180,considering
INT002223,ACT004422,JOB00796,apply
INT002224,ACT000489,JOB00127,considering
INT002225,ACT000489,JOB00474,considering
INT002226,ACT002462,JOB00462,considering
INT002227,ACT002558,JOB00789,considering
INT002228,ACT000546,JOB00587,decline
INT002229,ACT001808,JOB00505,apply
INT002230,ACT004152,JOB00366,considering
INT002231,ACT004862,JOB00127,apply
INT002232,ACT000002,JOB00732,apply
INT002233,ACT000002,JOB00462,apply
INT002234,ACT002150,JOB00152,decline
INT002235,ACT004515,JOB00767,considering
INT002236,ACT004515,JOB00657,apply
INT002237,ACT000241,JOB00368,considering
INT002238,ACT000241,JOB00597,apply
INT002239,ACT001802,JOB00512,considering
INT002240,ACT001802,JOB00601,apply
INT002241,ACT004630,JOB00725,apply
INT002242,ACT004630,JOB00709,apply
INT002243,ACT000663,JOB00513,apply
INT002244,ACT001308,JOB00366,apply
INT002245,ACT002505,JOB00448,considering
INT002246,ACT002505,JOB00384,considering
INT002247,ACT003914,JOB00693,considering
INT002248,ACT004449,JOB00798,apply
INT002249,ACT000178,JOB00577,apply
INT002250,ACT002586,JOB00601,apply
INT002251,ACT002586,JOB00785,considering
INT002252,ACT002618,JOB00127,apply
INT002253,ACT004432,JOB00798,apply
INT002254,ACT004432,JOB00358,considering
INT002255,ACT004874,JOB00741,apply
INT002256,ACT004874,JOB00540,considering
INT002257,ACT000751,JOB00651,apply
INT002258,ACT000751,JOB00402,apply
INT002259,ACT000751,JOB00587,apply
INT002260,ACT000815,JOB00167,apply
INT002261,ACT001459,JOB00550,considering
INT002262,ACT001459,JOB00798,apply
INT002263,ACT001619,JOB00187,decline
INT002264,ACT004545,JOB00466,decline
INT002265,ACT000252,JOB00404,apply
INT002266,ACT000252,JOB00497,apply
INT002267,ACT000766,JOB00785,apply
INT002268,ACT000891,JOB00513,decline
INT002269,ACT002041,JOB00391,apply
INT002270,ACT002041,JOB00296,apply
INT002271,ACT000226,JOB00513,apply
INT002272,ACT000954,JOB00475,apply
INT002273,ACT000954,JOB00073,apply
INT002274,ACT000954,JOB00404,apply
INT002275,ACT000420,JOB00381,apply
INT002276,ACT000431,JOB00550,decline
INT002277,ACT000431,JOB00212,apply
INT002278,ACT002210,JOB00371,apply
INT002279,ACT004289,JOB00611,apply
INT002280,ACT004289,JOB00616,apply
INT002281,ACT001154,JOB00175,apply
INT002282,ACT001222,JOB00521,considering
INT002283,ACT001222,JOB00512,apply
INT002284,ACT001340,JOB00771,apply
INT002285,ACT001340,JOB00448,apply
INT002286,ACT002072,JOB00550,apply
INT002287,ACT002111,JOB00129,apply
INT002288,ACT002369,JOB00364,apply
INT002289,ACT002429,JOB00073,apply
INT002290,ACT002550,JOB00401,apply
INT002291,ACT004137,JOB00657,considering
INT002292,ACT004137,JOB00321,apply
INT002293,ACT004137,JOB00479,considering
INT002294,ACT004413,JOB00371,considering
INT002295,ACT004413,JOB00616,apply
INT002296,ACT001269,JOB00732,apply
INT002297,ACT001791,JOB00741,apply
INT002298,ACT001791,JOB00662,considering
INT002299,ACT002894,JOB00497,considering
INT002300,ACT002894,JOB00366,considering
INT002301,ACT004305,JOB00611,apply
INT002302,ACT004305,JOB00616,apply
INT002303,ACT001989,JOB00505,apply
INT002304,ACT002201,JOB00371,decline
INT002305,ACT002614,JOB00526,apply
INT002306,ACT002614,JOB00767,considering
INT002307,ACT002643,JOB00371,decline
INT002308,ACT002838,JOB00663,apply
INT002309,ACT003826,JOB00152,apply
INT002310,ACT000444,JOB00472,considering
INT002311,ACT000444,JOB00725,decline
INT002312,ACT000510,JOB00341,considering
INT002313,ACT003622,JOB00362,considering
INT002314,ACT003628,JOB00620,apply
INT002315,ACT000398,JOB00725,decline
INT002316,ACT000398,JOB00411,decline
INT002318,ACT004423,JOB00399,apply
INT002319,ACT004423,JOB00180,apply
INT002320,ACT004554,JOB00003,apply
INT002321,ACT004554,JOB00656,decline
INT002322,ACT001504,JOB00401,apply
INT002323,ACT003298,JOB00652,apply
INT002324,ACT004632,JOB00789,considering
INT002325,ACT001460,JOB00358,apply
INT002326,ACT001460,JOB00693,apply
INT002327,ACT003312,JOB00357,apply
INT002328,ACT003312,JOB00577,considering
INT002329,ACT004153,JOB00181,apply
INT002330,ACT004546,JOB00070,decline
INT002331,ACT000253,JOB00594,decline
INT002332,ACT000253,JOB00366,apply
INT002333,ACT000253,JOB00676,apply
INT002334,ACT000664,JOB00488,considering
INT002335,ACT002211,JOB00689,apply
INT002336,ACT004138,JOB00758,decline
INT002337,ACT004138,JOB00767,apply
INT002338,ACT002663,JOB00672,apply
INT002339,ACT003175,JOB00616,considering
INT002340,ACT000369,JOB00095,apply
INT002341,ACT000369,JOB00351,apply
INT002342,ACT002646,JOB00296,considering
INT002343,ACT002646,JOB00752,apply
INT002344,ACT003420,JOB00382,considering
INT002345,ACT003420,JOB00472,apply
INT002346,ACT001729,JOB00657,apply
INT002347,ACT002587,JOB00766,apply
INT002348,ACT000003,JOB00701,apply
INT002349,ACT001179,JOB00736,decline
INT002350,ACT001804,JOB00796,apply
INT002351,ACT001804,JOB00773,apply
INT002352,ACT002494,JOB00127,apply
INT002353,ACT003623,JOB00474,considering
INT002354,ACT003623,JOB00376,considering
INT002355,ACT003812,JOB00426,apply
INT002356,ACT003812,JOB00756,considering
INT002357,ACT001155,JOB00457,considering
INT002358,ACT000242,JOB00401,apply
INT002359,ACT000242,JOB00369,considering
INT002360,ACT000262,JOB00462,apply
INT002361,ACT000262,JOB00704,decline
INT002362,ACT000421,JOB00798,considering
INT002363,ACT000932,JOB00023,apply
INT002364,ACT001620,JOB00657,apply
INT002365,ACT001620,JOB00601,considering
INT002366,ACT001681,JOB00085,apply
INT002367,ACT001986,JOB00002,apply
INT002368,ACT001986,JOB00063,decline
INT002369,ACT003756,JOB00736,apply
INT002370,ACT003756,JOB00774,decline
INT002371,ACT000626,JOB00486,apply
INT002372,ACT001571,JOB00027,decline
INT002373,ACT002112,JOB00482,considering
INT002374,ACT004064,JOB00765,apply
INT002375,ACT004064,JOB00577,apply
INT002376,ACT000997,JOB00513,apply
INT002377,ACT002615,JOB00766,apply
INT002378,ACT003629,JOB00129,considering
INT002379,ACT004547,JOB00566,considering
INT002380,ACT004633,JOB00212,decline
INT002381,ACT000114,JOB00515,apply
INT002382,ACT000114,JOB00234,apply
INT002383,ACT000179,JOB00746,apply
INT002384,ACT000179,JOB00415,considering
INT002385,ACT000752,JOB00482,apply
INT002386,ACT000752,JOB00699,apply
INT002387,ACT001347,JOB00634,considering
INT002388,ACT001347,JOB00096,considering
INT002389,ACT001478,JOB00747,considering
INT002390,ACT001478,JOB00745,decline
INT002391,ACT001990,JOB00411,decline
INT002392,ACT002202,JOB00401,considering
INT002393,ACT002896,JOB00794,apply
INT002394,ACT003527,JOB00645,apply
INT002395,ACT003527,JOB00745,apply
INT002396,ACT004306,JOB00774,apply
INT002397,ACT004864,JOB00027,apply
INT002398,ACT002923,JOB00620,apply
INT002399,ACT003814,JOB00096,considering
INT002400,ACT004362,JOB00376,apply
INT002401,ACT000793,JOB00127,considering
INT002402,ACT001730,JOB00787,apply
INT002403,ACT001730,JOB00187,apply
INT002406,ACT002484,JOB00152,apply
INT002407,ACT002798,JOB00736,apply
INT002408,ACT000775,JOB00472,apply
INT002409,ACT000955,JOB00095,apply
INT002410,ACT001851,JOB00612,apply
INT002411,ACT002370,JOB00046,apply
INT002412,ACT002370,JOB00689,apply
INT002413,ACT002370,JOB00401,apply
INT002414,ACT003579,JOB00282,considering
INT002415,ACT003579,JOB00601,decline
INT002416,ACT004689,JOB00027,decline
INT002417,ACT000399,JOB00611,considering
INT002418,ACT001727,JOB00525,apply
INT002419,ACT002834,JOB00693,considering
INT002420,ACT004859,JOB00506,apply
INT002421,ACT004859,JOB00527,decline
INT002422,ACT000051,JOB00175,decline
INT002423,ACT000051,JOB00683,considering
INT002424,ACT001805,JOB00155,apply
INT002425,ACT002270,JOB00445,apply
INT002426,ACT002270,JOB00027,considering
INT002427,ACT002289,JOB00634,apply
INT002428,ACT002289,JOB00005,apply
INT002429,ACT002289,JOB00492,considering
INT002430,ACT002551,JOB00794,apply
INT002431,ACT002551,JOB00371,apply
INT002432,ACT004154,JOB00524,apply
INT002433,ACT001451,JOB00782,considering
INT002434,ACT001451,JOB00127,apply
INT002435,ACT001927,JOB00685,considering
INT002436,ACT001927,JOB00790,apply
INT002437,ACT001931,JOB00540,considering
INT002438,ACT002507,JOB00371,decline
INT002439,ACT002852,JOB00187,apply
INT002440,ACT002852,JOB00521,decline
INT002441,ACT000248,JOB00651,apply
INT002442,ACT001461,JOB00704,apply
INT002443,ACT001683,JOB00085,apply
INT002444,ACT002495,JOB00568,apply
INT002445,ACT000216,JOB00259,apply
INT002446,ACT001987,JOB00045,considering
INT002447,ACT001987,JOB00477,apply
INT002448,ACT004837,JOB00492,considering
INT002449,ACT004845,JOB00256,apply
INT002450,ACT000255,JOB00217,apply
INT002451,ACT001676,JOB00445,apply
INT002452,ACT001676,JOB00790,considering
INT002453,ACT001676,JOB00725,considering
INT002454,ACT003613,JOB00546,decline
INT002455,ACT004001,JOB00027,apply
INT002458,ACT001228,JOB00401,decline
INT002459,ACT001228,JOB00616,apply
INT002460,ACT002543,JOB00752,apply
INT002461,ACT002543,JOB00401,decline
INT002462,ACT003528,JOB00661,apply
INT002464,ACT001134,JOB00129,decline
INT002465,ACT002152,JOB00518,considering
INT002466,ACT002152,JOB00345,considering
INT002467,ACT002488,JOB00547,apply
INT002468,ACT002616,JOB00785,decline
INT002469,ACT000263,JOB00738,considering
INT002470,ACT000687,JOB00401,apply
INT002471,ACT002826,JOB00774,apply
INT002472,ACT002826,JOB00401,apply
INT002473,ACT003454,JOB00423,considering
INT002474,ACT003896,JOB00647,apply
INT002475,ACT003896,JOB00259,apply
INT002476,ACT004065,JOB00495,apply
INT002477,ACT002989,JOB00778,considering
INT002478,ACT003775,JOB00486,apply
INT002479,ACT003961,JOB00410,considering
INT002480,ACT004621,JOB00704,apply
INT002481,ACT000163,JOB00410,apply
INT002482,ACT002508,JOB00398,considering
INT002483,ACT002508,JOB00616,apply
INT002484,ACT002924,JOB00625,apply
INT002485,ACT002924,JOB00409,apply
INT002486,ACT003177,JOB00401,apply
INT002487,ACT003252,JOB00360,considering
INT002488,ACT004363,JOB00694,apply
INT002489,ACT004614,JOB00376,apply
INT002490,ACT000598,JOB00369,apply
INT002491,ACT000598,JOB00472,apply
INT002492,ACT000922,JOB00608,considering
INT002493,ACT004579,JOB00736,apply
INT002494,ACT004579,JOB00752,decline
INT002495,ACT004801,JOB00398,decline
INT002496,ACT000115,JOB00727,apply
INT002497,ACT002271,JOB00505,apply
INT002498,ACT002647,JOB00570,considering
INT002499,ACT004212,JOB00401,apply
INT002500,ACT004212,JOB00774,apply
INT002501,ACT002290,JOB00598,apply
INT002502,ACT002290,JOB00360,apply
INT002503,ACT003580,JOB00036,considering
INT002504,ACT000152,JOB00365,considering
INT002505,ACT000152,JOB00577,apply
INT002506,ACT000843,JOB00085,apply
INT002507,ACT000843,JOB00398,apply
INT002508,ACT002536,JOB00524,apply
INT002509,ACT002536,JOB00073,apply
INT002510,ACT004484,JOB00495,considering
INT002512,ACT001349,JOB00360,apply
INT002513,ACT001677,JOB00027,considering
INT002514,ACT002122,JOB00410,apply
INT002515,ACT002391,JOB00371,apply
INT002516,ACT002391,JOB00085,apply
INT002517,ACT002835,JOB00462,apply
INT002518,ACT002835,JOB00567,apply
INT002519,ACT002853,JOB00485,apply
INT002520,ACT002853,JOB00282,apply
INT002521,ACT002853,JOB00263,considering
INT002522,ACT003208,JOB00578,considering
INT002523,ACT003655,JOB00783,decline
INT002524,ACT003655,JOB00175,decline
INT002525,ACT003917,JOB00623,apply
INT002526,ACT001767,JOB00345,considering
INT002527,ACT001767,JOB00647,apply
INT002528,ACT003815,JOB00101,apply
INT002529,ACT003815,JOB00534,apply
INT002530,ACT002897,JOB00046,apply
INT002531,ACT004576,JOB00688,apply
INT002532,ACT004690,JOB00791,apply
INT002533,ACT004690,JOB00790,decline
INT002534,ACT000052,JOB00310,decline
INT002535,ACT001187,JOB00771,apply
INT002536,ACT001187,JOB00175,apply
INT002537,ACT002258,JOB00485,decline
INT002538,ACT002258,JOB00766,apply
INT002539,ACT003517,JOB00662,considering
INT002540,ACT002454,JOB00347,apply
INT002541,ACT002509,JOB00513,considering
INT002542,ACT004216,JOB00409,apply
INT002543,ACT000601,JOB00601,apply
INT002544,ACT003974,JOB00508,apply
INT002545,ACT003974,JOB00782,apply
INT002546,ACT004044,JOB00752,considering
INT002547,ACT004044,JOB00386,apply
INT002548,ACT004359,JOB00345,apply
INT002549,ACT001229,JOB00046,apply
INT002550,ACT000568,JOB00535,apply
INT002551,ACT001452,JOB00433,apply
INT002552,ACT001932,JOB00129,apply
INT002553,ACT003476,JOB00404,apply
INT002554,ACT003593,JOB00673,considering
INT002555,ACT004213,JOB00486,apply
INT002556,ACT003156,JOB00611,apply
INT002557,ACT004661,JOB00404,apply
INT002558,ACT001399,JOB00693,considering
INT002559,ACT002854,JOB00766,decline
INT002560,ACT004287,JOB00652,apply
INT002561,ACT004287,JOB00679,apply
INT002562,ACT001530,JOB00783,considering
INT002563,ACT001530,JOB00175,considering
INT002564,ACT002966,JOB00792,apply
INT002565,ACT004438,JOB00725,apply
INT002566,ACT000522,JOB00695,apply
INT002567,ACT000522,JOB00175,apply
INT002568,ACT000850,JOB00752,decline
INT002569,ACT001768,JOB00086,considering
INT002570,ACT001975,JOB00440,considering
INT002571,ACT003344,JOB00488,apply
INT002572,ACT003344,JOB00486,apply
INT002573,ACT003581,JOB00766,considering
INT002574,ACT003581,JOB00263,decline
INT002578,ACT001181,JOB00085,apply
INT002579,ACT001181,JOB00775,considering
INT002581,ACT002295,JOB00796,apply
INT002582,ACT002489,JOB00664,apply
INT002583,ACT002537,JOB00792,apply
INT002584,ACT002987,JOB00086,considering
INT002585,ACT004744,JOB00085,apply
INT002586,ACT001922,JOB00426,considering
INT002587,ACT002392,JOB00775,apply
INT002588,ACT003171,JOB00547,apply
INT002589,ACT003396,JOB00647,considering
INT002590,ACT004122,JOB00410,considering
INT002591,ACT004605,JOB00282,decline
INT002592,ACT001119,JOB00532,apply
INT002593,ACT001244,JOB00475,decline
INT002594,ACT001244,JOB00129,considering
INT002595,ACT003322,JOB00415,apply
INT002596,ACT003369,JOB00505,apply
INT002597,ACT003986,JOB00608,considering
INT002598,ACT004116,JOB00490,apply
INT002599,ACT000888,JOB00361,apply
INT002600,ACT002533,JOB00256,apply
INT002601,ACT004577,JOB00568,decline
INT002604,ACT004901,JOB00791,apply
INT002605,ACT004901,JOB00410,apply
INT002606,ACT002263,JOB00647,apply
INT002607,ACT002272,JOB00633,apply
INT002608,ACT002661,JOB00697,considering
INT002609,ACT000599,JOB00333,apply
INT002610,ACT001251,JOB00401,apply
INT002611,ACT001251,JOB00752,apply
INT002612,ACT003518,JOB00402,apply
INT002613,ACT003518,JOB00786,apply
INT002614,ACT004657,JOB00786,apply
INT002615,ACT002259,JOB00679,apply
INT002616,ACT002991,JOB00462,apply
INT002617,ACT003776,JOB00513,apply
INT002618,ACT004722,JOB00796,apply
INT002619,ACT004722,JOB00017,decline
INT002620,ACT004722,JOB00645,apply
INT002621,ACT000595,JOB00467,apply
INT002622,ACT001531,JOB00771,decline
INT002623,ACT001576,JOB00347,apply
INT002624,ACT001732,JOB00483,decline
INT002625,ACT001732,JOB00604,apply
INT002626,ACT002134,JOB00524,apply
INT002627,ACT003656,JOB00384,considering
INT002628,ACT000656,JOB00701,considering
INT002629,ACT003258,JOB00679,decline
INT002630,ACT004214,JOB00046,apply
INT002631,ACT004214,JOB00488,apply
INT002632,ACT000602,JOB00547,apply
INT002633,ACT000795,JOB00470,considering
INT002634,ACT002123,JOB00505,apply
INT002635,ACT002123,JOB00553,apply
INT002636,ACT003594,JOB00506,decline
INT002637,ACT003594,JOB00734,apply
INT002638,ACT003975,JOB00688,apply
INT002639,ACT003975,JOB00470,apply
INT002640,ACT001208,JOB00728,apply
INT002641,ACT001208,JOB00569,considering
INT002642,ACT003144,JOB00237,considering
INT002643,ACT001173,JOB00789,decline
INT002644,ACT004123,JOB00174,considering
INT002645,ACT004123,JOB00472,decline
INT002646,ACT001495,JOB00063,apply
INT002647,ACT003345,JOB00752,apply
INT002648,ACT003447,JOB00575,apply
INT002649,ACT004104,JOB00263,decline
INT002650,ACT004117,JOB00470,apply
INT002653,ACT000234,JOB00782,considering
INT002654,ACT000694,JOB00063,apply
INT002655,ACT000694,JOB00465,considering
INT002656,ACT001088,JOB00505,apply
INT002657,ACT001088,JOB00711,apply
INT002658,ACT001185,JOB00506,considering
INT002659,ACT003471,JOB00472,apply
INT002660,ACT001239,JOB00085,apply
INT002661,ACT002840,JOB00384,apply
INT002662,ACT003477,JOB00673,apply
INT002663,ACT003477,JOB00670,apply
INT002664,ACT003911,JOB00063,apply
INT002665,ACT004045,JOB00401,decline
INT002666,ACT004045,JOB00086,apply
INT002667,ACT001453,JOB00470,considering
INT002668,ACT004891,JOB00096,apply
INT002669,ACT001231,JOB00376,apply
INT002670,ACT001231,JOB00490,apply
INT002671,ACT002032,JOB00413,considering
INT002672,ACT002032,JOB00036,apply
INT002673,ACT002264,JOB00259,considering
INT002674,ACT003642,JOB00670,considering
INT002675,ACT003642,JOB00792,decline
INT002676,ACT004320,JOB00321,apply
INT002677,ACT000210,JOB00664,decline
INT002678,ACT000210,JOB00684,apply
INT002679,ACT000210,JOB00187,considering
INT002680,ACT000934,JOB00138,apply
INT002681,ACT000934,JOB00430,considering
INT002682,ACT001136,JOB00482,apply
INT002683,ACT001543,JOB00575,apply
INT002684,ACT001543,JOB00441,considering
INT002685,ACT001963,JOB00601,considering
INT002686,ACT003397,JOB00259,apply
INT002687,ACT004811,JOB00217,considering
INT002688,ACT004811,JOB00617,decline
INT002689,ACT000382,JOB00415,considering
INT002690,ACT000382,JOB00421,apply
INT002693,ACT001944,JOB00547,apply
INT002694,ACT002481,JOB00379,apply
INT002695,ACT002481,JOB00476,apply
INT002696,ACT002534,JOB00567,decline
INT002697,ACT003157,JOB00513,apply
INT002698,ACT003717,JOB00063,apply
INT002699,ACT003717,JOB00347,considering
INT002700,ACT000647,JOB00404,decline
INT002701,ACT000647,JOB00524,decline
INT002702,ACT001408,JOB00679,apply
INT002703,ACT001408,JOB00187,apply
INT002704,ACT001408,JOB00547,apply
INT002705,ACT001976,JOB00601,considering
INT002706,ACT002079,JOB00704,apply
INT002707,ACT002079,JOB00779,apply
INT002708,ACT002079,JOB00352,considering
INT002709,ACT002523,JOB00756,apply
INT002711,ACT000395,JOB00445,apply
INT002712,ACT001400,JOB00704,apply
INT002713,ACT001400,JOB00754,apply
INT002714,ACT000094,JOB00776,apply
INT002715,ACT000094,JOB00551,considering
INT002716,ACT000523,JOB00771,apply
INT002717,ACT000523,JOB00457,apply
INT002718,ACT001032,JOB00568,considering
INT002719,ACT001252,JOB00085,apply
INT002720,ACT001643,JOB00770,decline
INT002721,ACT002856,JOB00046,considering
INT002722,ACT002856,JOB00616,apply
INT002723,ACT000603,JOB00721,considering
INT002724,ACT000603,JOB00664,apply
INT002725,ACT001937,JOB00365,decline
INT002726,ACT002260,JOB00684,apply
INT002727,ACT002260,JOB00036,apply
INT002728,ACT001089,JOB00411,apply
INT002729,ACT004745,JOB00441,apply
INT002730,ACT004745,JOB00513,apply
INT002731,ACT000659,JOB00371,apply
INT002732,ACT000659,JOB00441,considering
INT002733,ACT003601,JOB00503,apply
INT002734,ACT004266,JOB00369,apply
INT002735,ACT002444,JOB00333,considering
INT002736,ACT003085,JOB00624,considering
INT002737,ACT003085,JOB00679,considering
INT002738,ACT003198,JOB00505,considering
INT002739,ACT003198,JOB00682,decline
INT002740,ACT004658,JOB00675,considering
INT002741,ACT000383,JOB00361,apply
INT002742,ACT000383,JOB00557,apply
INT002743,ACT001383,JOB00371,apply
INT002744,ACT003559,JOB00415,apply
INT002745,ACT004601,JOB00540,considering
INT002746,ACT002636,JOB00175,apply
INT002749,ACT003478,JOB00613,apply
INT002750,ACT003657,JOB00771,considering
INT002751,ACT003657,JOB00457,apply
INT002752,ACT002124,JOB00027,considering
INT002753,ACT002221,JOB00771,considering
INT002754,ACT002345,JOB00505,apply
INT002755,ACT003878,JOB00138,apply
INT002756,ACT000071,JOB00455,apply
INT002757,ACT000648,JOB00073,considering
INT002758,ACT001496,JOB00668,decline
INT002759,ACT001544,JOB00774,apply
INT002760,ACT001544,JOB00736,considering
INT002761,ACT002186,JOB00681,considering
INT002762,ACT002186,JOB00095,decline
INT002765,ACT003686,JOB00413,apply
INT002766,ACT000935,JOB00217,apply
INT002767,ACT001471,JOB00085,decline
INT002768,ACT002265,JOB00737,apply
INT002769,ACT002265,JOB00333,considering
INT002770,ACT002394,JOB00490,considering
INT002771,ACT002607,JOB00155,apply
INT002772,ACT000396,JOB00505,apply
INT002773,ACT000789,JOB00431,considering
INT002774,ACT000789,JOB00063,decline
INT002775,ACT000959,JOB00670,apply
INT002776,ACT003145,JOB00672,apply
INT002777,ACT003145,JOB00359,considering
INT002778,ACT003145,JOB00508,apply
INT002779,ACT003391,JOB00515,apply
INT002780,ACT003871,JOB00699,apply
INT002781,ACT002602,JOB00756,decline
INT002782,ACT003309,JOB00352,considering
INT002783,ACT003643,JOB00556,apply
INT002784,ACT001097,JOB00684,apply
INT002785,ACT001616,JOB00411,considering
INT002786,ACT003442,JOB00465,considering
INT002787,ACT004812,JOB00482,decline
INT002788,ACT004812,JOB00055,apply
INT002789,ACT000779,JOB00711,considering
INT002790,ACT000779,JOB00411,apply
INT002791,ACT002069,JOB00472,apply
INT002792,ACT002069,JOB00086,apply
INT002793,ACT002590,JOB00296,apply
INT002794,ACT002768,JOB00601,considering
INT002796,ACT002189,JOB00484,considering
INT002797,ACT002884,JOB00621,decline
INT002798,ACT003199,JOB00333,decline
INT002799,ACT003567,JOB00180,apply
INT002800,ACT000095,JOB00129,decline
INT002801,ACT001409,JOB00440,considering
INT002802,ACT001409,JOB00787,apply
INT002803,ACT001924,JOB00748,considering
INT002804,ACT001924,JOB00455,apply
INT002805,ACT001924,JOB00175,apply
INT002806,ACT003086,JOB00784,decline
INT002807,ACT003561,JOB00536,apply
INT002808,ACT003561,JOB00244,apply
INT002809,ACT003752,JOB00426,apply
INT002810,ACT000530,JOB00480,apply
INT002811,ACT000530,JOB00379,considering
INT002812,ACT001300,JOB00778,apply
INT002813,ACT001423,JOB00432,apply
INT002814,ACT001423,JOB00601,apply
INT002815,ACT001497,JOB00704,apply
INT002816,ACT001614,JOB00365,apply
INT002817,ACT004681,JOB00085,considering
INT002818,ACT004681,JOB00794,apply
INT002819,ACT004724,JOB00180,apply
INT002820,ACT000660,JOB00085,decline
INT002821,ACT000908,JOB00321,apply
INT002822,ACT000908,JOB00479,apply
INT002823,ACT000908,JOB00155,considering
INT002824,ACT001418,JOB00581,apply
INT002825,ACT000418,JOB00537,apply
INT002826,ACT001951,JOB00516,apply
INT002827,ACT001951,JOB00558,apply
INT002828,ACT002144,JOB00560,considering
INT002829,ACT002355,JOB00410,apply
INT002830,ACT004440,JOB00682,apply
INT002831,ACT004440,JOB00791,decline
INT002832,ACT004750,JOB00457,apply
INT002833,ACT004750,JOB00771,apply
INT002834,ACT000054,JOB00513,considering
INT002835,ACT000054,JOB00046,considering
INT002836,ACT001028,JOB00441,apply
INT002837,ACT001028,JOB00486,apply
INT002838,ACT003270,JOB00175,apply
INT002839,ACT004602,JOB00631,apply
INT002840,ACT000824,JOB00345,apply
INT002841,ACT000824,JOB00791,apply
INT002842,ACT001472,JOB00775,considering
INT002843,ACT002603,JOB00553,apply
INT002844,ACT004571,JOB00410,decline
INT002845,ACT001161,JOB00369,decline
INT002846,ACT001161,JOB00382,apply
INT002847,ACT004610,JOB00616,apply
INT002848,ACT004373,JOB00085,apply
INT002849,ACT001171,JOB00410,apply
INT002850,ACT001171,JOB00333,apply
INT002851,ACT001384,JOB00085,considering
INT002852,ACT003181,JOB00667,considering
INT002855,ACT000790,JOB00465,apply
INT002856,ACT000790,JOB00212,apply
INT002857,ACT002591,JOB00588,apply
INT002858,ACT003006,JOB00376,considering
INT002859,ACT003067,JOB00617,decline
INT002860,ACT003067,JOB00459,apply
INT002861,ACT003067,JOB00540,apply
INT002862,ACT004608,JOB00365,considering
INT002863,ACT004608,JOB00421,apply
INT002864,ACT000025,JOB00500,considering
INT002865,ACT000025,JOB00506,decline
INT002866,ACT000025,JOB00155,considering
INT002867,ACT001327,JOB00547,apply
INT002868,ACT004397,JOB00699,considering
INT002869,ACT000460,JOB00432,apply
INT002870,ACT000460,JOB00547,apply
INT002871,ACT002930,JOB00598,apply
INT002872,ACT000531,JOB00770,apply
INT002873,ACT003872,JOB00217,apply
INT002874,ACT002187,JOB00608,considering
INT002875,ACT003806,JOB00469,apply
INT002876,ACT004164,JOB00449,apply
INT002877,ACT001952,JOB00476,apply
INT002878,ACT002395,JOB00359,apply
INT002879,ACT002769,JOB00282,apply
INT002880,ACT002769,JOB00679,apply
INT002881,ACT003687,JOB00601,apply
INT002882,ACT004038,JOB00616,apply
INT002883,ACT004038,JOB00575,apply
INT002884,ACT004038,JOB00085,considering
INT002885,ACT001419,JOB00554,apply
INT002886,ACT001419,JOB00441,considering
INT002887,ACT001301,JOB00462,apply
INT002888,ACT001424,JOB00187,apply
INT002889,ACT002015,JOB00575,apply
INT002890,ACT002138,JOB00480,considering
INT002891,ACT002608,JOB00516,considering
INT002892,ACT002608,JOB00180,apply
INT002893,ACT001279,JOB00411,considering
INT002894,ACT001385,JOB00775,considering
INT002895,ACT002190,JOB00536,apply
INT002896,ACT003563,JOB00601,apply
INT002897,ACT003563,JOB00797,considering
INT002898,ACT004789,JOB00411,considering
INT002899,ACT004789,JOB00027,apply
INT002900,ACT004789,JOB00410,decline
INT002901,ACT003443,JOB00063,apply
INT002902,ACT001201,JOB00046,considering
INT002903,ACT001890,JOB00480,apply
INT002904,ACT002356,JOB00682,apply
INT002905,ACT002356,JOB00658,apply
INT002906,ACT000461,JOB00797,apply
INT002908,ACT001662,JOB00513,considering
INT002909,ACT004084,JOB00415,apply
INT002910,ACT000224,JOB00142,apply
INT002911,ACT002682,JOB00622,apply
INT002912,ACT003224,JOB00668,decline
INT002913,ACT004398,JOB00459,decline
INT002914,ACT001141,JOB00580,apply
INT002915,ACT001141,JOB00429,considering
INT002916,ACT002563,JOB00771,apply
INT002917,ACT002563,JOB00432,considering
INT002918,ACT002665,JOB00462,apply
INT002919,ACT003256,JOB00046,considering
INT002920,ACT003256,JOB00513,considering
INT002921,ACT001345,JOB00085,apply
INT002922,ACT001345,JOB00589,apply
INT002923,ACT002899,JOB00429,apply
INT002924,ACT002899,JOB00161,considering
INT002925,ACT002899,JOB00699,apply
INT002926,ACT004572,JOB00791,apply
INT002927,ACT000112,JOB00732,considering
INT002928,ACT000344,JOB00795,decline
INT002929,ACT001953,JOB00549,apply
INT002930,ACT002892,JOB00726,decline
INT002931,ACT002971,JOB00160,apply
INT002932,ACT002109,JOB00333,considering
INT002933,ACT002347,JOB00160,considering
INT002934,ACT003650,JOB00360,apply
INT002935,ACT003650,JOB00529,considering
INT002936,ACT000271,JOB00575,decline
INT002937,ACT000271,JOB00736,decline
INT002938,ACT000085,JOB00622,considering
INT002940,ACT001480,JOB00426,considering
INT002941,ACT001480,JOB00472,apply
INT002942,ACT003425,JOB00800,apply
INT002943,ACT003425,JOB00138,apply
INT002944,ACT003425,JOB00662,apply
INT002945,ACT004649,JOB00668,apply
INT002949,ACT000453,JOB00797,decline
INT002950,ACT002357,JOB00426,apply
INT002951,ACT002931,JOB00096,apply
INT002952,ACT003182,JOB00608,apply
INT002953,ACT004753,JOB00372,decline
INT002954,ACT004753,JOB00063,decline
INT002955,ACT004753,JOB00352,apply
INT002956,ACT000361,JOB00513,apply
INT002957,ACT001381,JOB00371,considering
INT002958,ACT001381,JOB00513,apply
INT002959,ACT002564,JOB00684,considering
INT002960,ACT002564,JOB00601,considering
INT002961,ACT000404,JOB00778,considering
INT002962,ACT003221,JOB00415,decline
INT002963,ACT004221,JOB00459,decline
INT002964,ACT001142,JOB00129,considering
INT002965,ACT001372,JOB00373,considering
INT002966,ACT003823,JOB00456,apply
INT002967,ACT003823,JOB00063,apply
INT002968,ACT002938,JOB00751,considering
INT002969,ACT002938,JOB00383,apply
INT002970,ACT004009,JOB00554,apply
INT002971,ACT004039,JOB00736,apply
INT002972,ACT001358,JOB00524,apply
INT002973,ACT002091,JOB00415,apply
INT002974,ACT002129,JOB00441,apply
INT002975,ACT002139,JOB00180,considering
INT002976,ACT003688,JOB00624,apply
INT002977,ACT003688,JOB00263,decline
