entry_id,candidate_id,job_id,entry_date,entry_source,status
ENT000001,CAN00001,JOB00542,2026-07-07,job_site,converted
ENT000002,CAN00001,JOB00535,2026-06-10,job_site,declined
ENT000003,CAN00001,JOB00704,2026-07-06,job_site,converted
ENT000004,CAN00001,JOB00503,2026-07-21,job_site,declined
ENT000005,CAN00002,JOB00491,2026-02-27,job_site,declined
ENT000006,CAN00003,JOB00506,2026-07-01,job_site,declined
ENT000007,CAN00004,JOB00390,2026-08-26,job_site,declined
ENT000008,CAN00005,JOB00744,2026-05-05,job_site,declined
ENT000009,CAN00005,JOB00232,2025-10-12,job_site,declined
ENT000010,CAN00005,JOB00632,2026-03-10,job_site,converted
ENT000011,CAN00006,JOB00702,2026-09-22,job_site,converted
ENT000012,CAN00006,JOB00546,2026-05-13,job_site,declined
ENT000013,CAN00006,JOB00587,2026-06-08,job_site,declined
ENT000014,CAN00006,JOB00798,2026-05-26,job_site,converted
ENT000015,CAN00006,JOB00692,2026-07-16,job_site,declined
ENT000017,CAN00009,JOB00425,2026-09-30,job_site,declined
ENT000018,CAN00009,JOB00380,2026-09-30,job_site,declined
ENT000019,CAN00011,JOB00614,2026-04-09,job_site,declined
ENT000020,CAN00012,JOB00637,2026-04-25,job_site,declined
ENT000021,CAN00013,JOB00332,2025-11-12,job_site,declined
ENT000022,CAN00014,JOB00469,2026-09-29,job_site,declined
ENT000025,CAN00016,JOB00673,2026-06-26,job_site,converted
ENT000026,CAN00016,JOB00442,2026-08-03,job_site,declined
ENT000027,CAN00016,JOB00476,2026-03-22,job_site,declined
ENT000028,CAN00016,JOB00742,2026-01-18,job_site,converted
ENT000033,CAN00019,JOB00311,2025-04-18,job_site,declined
ENT000034,CAN00020,JOB00652,2026-04-06,job_site,converted
ENT000035,CAN00020,JOB00643,2026-08-14,job_site,converted
ENT000036,CAN00020,JOB00740,2026-03-31,job_site,declined
ENT000037,CAN00021,JOB00362,2026-06-05,job_site,declined
ENT000039,CAN00021,JOB00695,2026-07-20,job_site,converted
ENT000040,CAN00022,JOB00721,2026-08-25,job_site,declined
ENT000041,CAN00022,JOB00729,2026-08-27,job_site,converted
ENT000042,CAN00023,JOB00238,2026-01-29,job_site,declined
ENT000043,CAN00024,JOB00415,2026-07-19,job_site,declined
ENT000044,CAN00024,JOB00714,2026-09-05,job_site,declined
ENT000045,CAN00025,JOB00594,2026-04-18,job_site,declined
ENT000046,CAN00025,JOB00546,2026-04-30,job_site,declined
ENT000047,CAN00025,JOB00685,2026-04-20,job_site,declined
ENT000048,CAN00026,JOB00800,2026-09-14,job_site,declined
ENT000049,CAN00026,JOB00759,2026-02-10,job_site,declined
ENT000050,CAN00026,JOB00601,2026-03-16,job_site,converted
ENT000051,CAN00027,JOB00796,2026-02-16,job_site,converted
ENT000052,CAN00027,JOB00391,2026-03-21,job_site,declined
ENT000055,CAN00029,JOB00769,2026-02-04,job_site,declined
ENT000056,CAN00029,JOB00245,2025-12-30,job_site,converted
ENT000057,CAN00030,JOB00087,2025-04-18,job_site,declined
ENT000058,CAN00030,JOB00264,2025-04-18,job_site,declined
ENT000059,CAN00030,JOB00311,2025-04-18,job_site,declined
ENT000060,CAN00031,JOB00644,2026-02-02,job_site,converted
ENT000061,CAN00031,JOB00664,2026-07-05,job_site,declined
ENT000062,CAN00032,JOB00674,2026-03-16,job_site,declined
ENT000063,CAN00032,JOB00787,2026-06-21,job_site,declined
ENT000064,CAN00032,JOB00732,2026-06-13,job_site,converted
ENT000065,CAN00033,JOB00340,2025-08-01,job_site,declined
ENT000066,CAN00034,JOB00643,2026-09-05,job_site,declined
ENT000067,CAN00034,JOB00581,2026-09-09,job_site,declined
ENT000068,CAN00034,JOB00509,2026-09-22,job_site,declined
ENT000069,CAN00034,JOB00655,2026-09-19,job_site,converted
ENT000070,CAN00035,JOB00332,2025-10-03,job_site,declined
ENT000071,CAN00035,JOB00273,2025-05-08,job_site,converted
ENT000072,CAN00036,JOB00039,2025-07-15,job_site,declined
ENT000073,CAN00038,JOB00432,2026-09-14,job_site,converted
ENT000074,CAN00038,JOB00773,2026-03-08,job_site,declined
ENT000075,CAN00039,JOB00191,2025-08-16,job_site,declined
ENT000076,CAN00040,JOB00400,2026-03-28,job_site,converted
ENT000077,CAN00040,JOB00681,2026-04-16,job_site,declined
ENT000078,CAN00040,JOB00515,2026-05-08,job_site,declined
ENT000079,CAN00040,JOB00648,2026-04-16,job_site,declined
ENT000080,CAN00041,JOB00500,2026-09-12,job_site,declined
ENT000081,CAN00041,JOB00136,2026-01-11,job_site,declined
ENT000082,CAN00041,JOB00376,2026-07-04,job_site,declined
ENT000083,CAN00042,JOB00399,2026-05-07,job_site,declined
ENT000084,CAN00042,JOB00559,2026-08-03,job_site,declined
ENT000085,CAN00043,JOB00609,2026-09-16,job_site,converted
ENT000086,CAN00043,JOB00388,2026-09-16,job_site,converted
ENT000087,CAN00043,JOB00558,2026-09-08,job_site,declined
ENT000088,CAN00045,JOB00402,2026-06-16,job_site,declined
ENT000089,CAN00045,JOB00266,2025-05-03,job_site,declined
ENT000090,CAN00045,JOB00576,2026-06-08,job_site,converted
ENT000091,CAN00046,JOB00357,2026-04-30,job_site,declined
ENT000092,CAN00049,JOB00447,2026-09-26,job_site,converted
ENT000093,CAN00050,JOB00606,2026-03-13,job_site,declined
ENT000099,CAN00052,JOB00758,2026-04-01,job_site,declined
ENT000100,CAN00053,JOB00667,2026-09-16,job_site,converted
ENT000101,CAN00053,JOB00358,2026-01-19,job_site,declined
ENT000102,CAN00055,JOB00488,2026-06-27,job_site,converted
ENT000103,CAN00056,JOB00523,2026-02-28,job_site,converted
ENT000104,CAN00056,JOB00736,2026-07-17,job_site,converted
ENT000105,CAN00056,JOB00366,2026-04-02,job_site,converted
ENT000106,CAN00056,JOB00565,2026-08-28,job_site,converted
ENT000107,CAN00057,JOB00734,2026-04-22,job_site,declined
ENT000108,CAN00057,JOB00614,2026-04-11,job_site,declined
ENT000109,CAN00058,JOB00646,2026-08-08,job_site,converted
ENT000110,CAN00058,JOB00787,2026-07-01,job_site,declined
ENT000111,CAN00058,JOB00574,2026-07-29,job_site,declined
ENT000112,CAN00059,JOB00630,2026-03-18,job_site,converted
ENT000113,CAN00059,JOB00552,2026-02-09,job_site,declined
ENT000114,CAN00059,JOB00148,2025-10-26,job_site,declined
ENT000115,CAN00060,JOB00188,2025-08-23,job_site,declined
ENT000116,CAN00060,JOB00525,2026-05-16,job_site,converted
ENT000117,CAN00060,JOB00104,2025-09-14,job_site,declined
ENT000118,CAN00061,JOB00482,2026-07-20,job_site,converted
ENT000119,CAN00061,JOB00386,2026-08-07,job_site,declined
ENT000120,CAN00061,JOB00596,2026-09-29,job_site,declined
ENT000121,CAN00062,JOB00503,2026-06-30,job_site,declined
ENT000122,CAN00062,JOB00666,2026-09-10,job_site,converted
ENT000123,CAN00062,JOB00566,2026-07-21,job_site,converted
ENT000125,CAN00064,JOB00696,2026-02-22,job_site,declined
ENT000126,CAN00065,JOB00386,2026-08-09,job_site,declined
ENT000127,CAN00065,JOB00480,2026-08-05,job_site,declined
ENT000128,CAN00065,JOB00478,2026-09-16,job_site,converted
ENT000129,CAN00065,JOB00749,2026-08-31,job_site,declined
ENT000130,CAN00065,JOB00677,2026-09-24,job_site,declined
ENT000131,CAN00065,JOB00551,2026-08-05,job_site,declined
ENT000132,CAN00066,JOB00642,2026-05-25,job_site,declined
ENT000133,CAN00066,JOB00598,2026-06-02,job_site,declined
ENT000134,CAN00066,JOB00637,2026-05-18,job_site,declined
ENT000135,CAN00067,JOB00701,2026-03-06,job_site,declined
ENT000136,CAN00067,JOB00368,2026-03-07,job_site,converted
ENT000137,CAN00068,JOB00463,2026-05-18,job_site,declined
ENT000138,CAN00068,JOB00379,2026-06-09,job_site,declined
ENT000139,CAN00068,JOB00376,2026-06-01,job_site,declined
ENT000144,CAN00070,JOB00730,2026-09-20,job_site,declined
ENT000145,CAN00070,JOB00487,2026-08-28,job_site,declined
ENT000146,CAN00070,JOB00468,2026-09-27,job_site,converted
ENT000150,CAN00073,JOB00032,2025-07-29,job_site,declined
ENT000151,CAN00073,JOB00220,2025-09-01,job_site,declined
ENT000152,CAN00073,JOB00017,2025-06-09,job_site,declined
ENT000153,CAN00073,JOB00229,2025-08-22,job_site,converted
ENT000154,CAN00074,JOB00772,2026-09-25,job_site,declined
ENT000155,CAN00074,JOB00572,2026-09-24,job_site,converted
ENT000158,CAN00076,JOB00122,2025-05-12,job_site,declined
ENT000159,CAN00076,JOB00199,2025-05-18,job_site,declined
ENT000160,CAN00077,JOB00084,2026-02-11,job_site,declined
ENT000161,CAN00077,JOB00696,2026-02-13,job_site,declined
ENT000162,CAN00078,JOB00100,2025-07-27,job_site,declined
ENT000163,CAN00078,JOB00079,2025-07-27,job_site,declined
ENT000164,CAN00079,JOB00694,2026-05-08,job_site,declined
ENT000165,CAN00080,JOB00396,2026-03-28,job_site,declined
ENT000166,CAN00080,JOB00422,2026-01-21,job_site,declined
ENT000167,CAN00080,JOB00767,2026-03-04,job_site,declined
ENT000168,CAN00080,JOB00642,2026-06-08,job_site,declined
ENT000170,CAN00082,JOB00055,2025-10-11,job_site,converted
ENT000171,CAN00082,JOB00156,2025-10-09,job_site,declined
ENT000172,CAN00083,JOB00482,2026-07-18,job_site,declined
ENT000173,CAN00083,JOB00564,2026-09-17,job_site,converted
ENT000174,CAN00084,JOB00446,2026-08-28,job_site,declined
ENT000175,CAN00085,JOB00775,2026-07-23,job_site,converted
ENT000176,CAN00085,JOB00686,2026-06-17,job_site,converted
ENT000177,CAN00085,JOB00250,2026-01-26,job_site,converted
ENT000178,CAN00085,JOB00659,2026-09-29,job_site,declined
ENT000179,CAN00086,JOB00510,2026-08-24,job_site,declined
ENT000180,CAN00086,JOB00798,2026-05-31,job_site,converted
ENT000181,CAN00086,JOB00433,2026-07-24,job_site,declined
ENT000182,CAN00086,JOB00723,2026-08-14,job_site,converted
ENT000183,CAN00087,JOB00562,2026-09-15,job_site,declined
ENT000184,CAN00087,JOB00781,2026-09-29,job_site,declined
ENT000185,CAN00088,JOB00454,2026-09-04,job_site,declined
ENT000186,CAN00088,JOB00618,2026-09-24,job_site,converted
ENT000187,CAN00089,JOB00693,2026-04-24,job_site,converted
ENT000188,CAN00089,JOB00247,2025-11-04,job_site,converted
ENT000189,CAN00089,JOB00564,2026-09-23,job_site,declined
ENT000190,CAN00090,JOB00519,2026-09-29,job_site,declined
ENT000191,CAN00090,JOB00478,2026-09-30,job_site,declined
ENT000192,CAN00090,JOB00618,2026-09-30,job_site,declined
ENT000193,CAN00090,JOB00649,2026-09-30,job_site,declined
ENT000194,CAN00091,JOB00452,2026-09-15,job_site,declined
ENT000195,CAN00091,JOB00500,2026-09-03,job_site,declined
ENT000198,CAN00092,JOB00202,2025-11-10,job_site,declined
ENT000199,CAN00092,JOB00193,2025-10-29,job_site,declined
ENT000200,CAN00093,JOB00397,2026-07-28,job_site,declined
ENT000201,CAN00093,JOB00536,2026-07-16,job_site,declined
ENT000202,CAN00093,JOB00627,2026-06-12,job_site,converted
ENT000203,CAN00094,JOB00544,2026-06-19,job_site,declined
ENT000207,CAN00095,JOB00362,2026-05-05,job_site,converted
ENT000208,CAN00096,JOB00631,2026-08-26,job_site,declined
ENT000209,CAN00097,JOB00134,2025-10-13,job_site,declined
ENT000210,CAN00097,JOB00746,2026-06-08,job_site,declined
ENT000211,CAN00098,JOB00636,2026-09-29,job_site,declined
ENT000212,CAN00098,JOB00417,2026-09-30,job_site,declined
ENT000213,CAN00100,JOB00402,2026-06-14,job_site,converted
ENT000214,CAN00100,JOB00776,2026-06-16,job_site,converted
ENT000215,CAN00101,JOB00665,2026-02-11,job_site,declined
ENT000216,CAN00102,JOB00645,2026-07-09,job_site,declined
ENT000218,CAN00104,JOB00586,2026-03-03,job_site,declined
ENT000219,CAN00104,JOB00764,2026-09-18,job_site,converted
ENT000220,CAN00105,JOB00777,2026-09-16,job_site,declined
ENT000221,CAN00105,JOB00438,2026-09-30,job_site,declined
ENT000222,CAN00105,JOB00427,2026-09-28,job_site,declined
ENT000223,CAN00105,JOB00564,2026-09-18,job_site,declined
ENT000224,CAN00105,JOB00588,2026-09-06,job_site,converted
ENT000225,CAN00106,JOB00145,2025-06-13,job_site,declined
ENT000226,CAN00106,JOB00127,2025-05-07,job_site,converted
ENT000227,CAN00106,JOB00276,2025-05-11,job_site,converted
ENT000228,CAN00106,JOB00327,2025-05-29,job_site,converted
ENT000229,CAN00106,JOB00072,2025-06-01,job_site,converted
ENT000230,CAN00107,JOB00010,2025-06-23,job_site,declined
ENT000231,CAN00107,JOB00181,2026-01-25,job_site,converted
ENT000232,CAN00107,JOB00748,2026-09-16,job_site,declined
ENT000233,CAN00108,JOB00361,2026-03-10,job_site,declined
ENT000234,CAN00108,JOB00710,2026-03-30,job_site,declined
ENT000235,CAN00109,JOB00159,2025-11-14,job_site,converted
ENT000236,CAN00109,JOB00314,2025-09-06,job_site,declined
ENT000237,CAN00109,JOB00411,2026-01-31,job_site,declined
ENT000238,CAN00110,JOB00123,2025-09-16,job_site,declined
ENT000239,CAN00110,JOB00231,2025-09-19,job_site,converted
ENT000240,CAN00110,JOB00299,2025-09-04,job_site,converted
ENT000241,CAN00111,JOB00664,2026-08-08,job_site,declined
ENT000242,CAN00111,JOB00562,2026-09-05,job_site,declined
ENT000243,CAN00113,JOB00269,2025-06-20,job_site,converted
ENT000244,CAN00114,JOB00579,2026-05-30,job_site,converted
ENT000245,CAN00114,JOB00324,2026-01-05,job_site,converted
ENT000246,CAN00115,JOB00422,2026-01-21,job_site,declined
ENT000247,CAN00115,JOB00644,2026-02-18,job_site,converted
ENT000248,CAN00115,JOB00742,2026-01-22,job_site,declined
ENT000249,CAN00115,JOB00324,2026-01-31,job_site,converted
ENT000250,CAN00116,JOB00788,2026-09-30,job_site,declined
ENT000251,CAN00116,JOB00416,2026-09-29,job_site,declined
ENT000252,CAN00117,JOB00492,2026-05-21,job_site,declined
ENT000253,CAN00117,JOB00515,2026-05-18,job_site,declined
ENT000254,CAN00117,JOB00495,2026-04-25,job_site,declined
ENT000255,CAN00117,JOB00513,2026-06-17,job_site,converted
ENT000256,CAN00118,JOB00217,2026-02-06,job_site,declined
ENT000257,CAN00119,JOB00480,2026-07-28,job_site,declined
ENT000258,CAN00119,JOB00727,2026-03-21,job_site,declined
ENT000259,CAN00121,JOB00661,2026-05-03,job_site,declined
ENT000263,CAN00124,JOB00277,2025-12-02,job_site,declined
ENT000264,CAN00124,JOB00280,2025-06-28,job_site,declined
ENT000265,CAN00125,JOB00605,2026-03-29,job_site,declined
ENT000266,CAN00125,JOB00610,2026-03-28,job_site,converted
ENT000268,CAN00127,JOB00727,2026-03-21,job_site,converted
ENT000269,CAN00128,JOB00675,2026-06-12,job_site,declined
ENT000270,CAN00128,JOB00677,2026-09-29,job_site,declined
ENT000271,CAN00129,JOB00204,2025-12-18,job_site,declined
ENT000272,CAN00129,JOB00617,2026-07-21,job_site,converted
ENT000273,CAN00130,JOB00075,2025-04-04,job_site,declined
ENT000274,CAN00130,JOB00209,2025-05-13,job_site,declined
ENT000275,CAN00131,JOB00044,2025-11-24,job_site,declined
ENT000277,CAN00132,JOB00702,2026-08-30,job_site,declined
ENT000278,CAN00132,JOB00620,2026-06-06,job_site,declined
ENT000279,CAN00132,JOB00422,2026-01-29,job_site,declined
ENT000280,CAN00133,JOB00244,2025-06-16,job_site,declined
ENT000281,CAN00134,JOB00355,2026-05-20,job_site,declined
ENT000282,CAN00135,JOB00067,2025-10-24,job_site,declined
ENT000283,CAN00135,JOB00646,2026-08-11,job_site,declined
ENT000284,CAN00136,JOB00780,2026-01-20,job_site,declined
ENT000285,CAN00138,JOB00176,2025-09-05,job_site,declined
ENT000286,CAN00140,JOB00798,2026-06-12,job_site,declined
ENT000287,CAN00140,JOB00519,2026-09-22,job_site,declined
ENT000288,CAN00140,JOB00498,2026-03-14,job_site,declined
ENT000290,CAN00144,JOB00497,2026-01-22,job_site,converted
ENT000291,CAN00144,JOB00119,2025-06-25,job_site,declined
ENT000292,CAN00144,JOB00533,2026-09-24,job_site,declined
ENT000293,CAN00145,JOB00005,2025-06-25,job_site,declined
ENT000294,CAN00145,JOB00675,2026-05-20,job_site,declined
ENT000295,CAN00145,JOB00433,2026-07-21,job_site,converted
ENT000296,CAN00146,JOB00438,2026-09-30,job_site,declined
ENT000297,CAN00146,JOB00581,2026-09-19,job_site,converted
ENT000298,CAN00146,JOB00510,2026-09-17,job_site,declined
ENT000299,CAN00146,JOB00529,2026-09-27,job_site,converted
ENT000300,CAN00147,JOB00781,2026-09-29,job_site,declined
ENT000301,CAN00147,JOB00595,2026-09-26,job_site,declined
ENT000302,CAN00148,JOB00663,2026-04-14,job_site,declined
ENT000303,CAN00150,JOB00623,2026-06-29,job_site,declined
ENT000304,CAN00151,JOB00026,2025-12-23,job_site,declined
ENT000309,CAN00153,JOB00672,2026-05-31,job_site,converted
ENT000310,CAN00153,JOB00354,2026-02-22,job_site,declined
ENT000311,CAN00153,JOB00420,2026-05-10,job_site,declined
ENT000312,CAN00153,JOB00334,2026-01-19,job_site,declined
ENT000313,CAN00154,JOB00516,2026-08-07,job_site,declined
ENT000314,CAN00154,JOB00414,2026-03-07,job_site,declined
ENT000315,CAN00154,JOB00662,2026-05-21,job_site,declined
ENT000316,CAN00154,JOB00624,2026-08-14,job_site,declined
ENT000317,CAN00154,JOB00446,2026-08-25,job_site,declined
ENT000319,CAN00155,JOB00787,2026-07-21,job_site,declined
ENT000320,CAN00155,JOB00508,2026-07-21,job_site,declined
ENT000323,CAN00155,JOB00746,2026-07-19,job_site,declined
ENT000324,CAN00156,JOB00641,2026-09-30,job_site,declined
ENT000325,CAN00156,JOB00493,2026-09-14,job_site,converted
ENT000326,CAN00157,JOB00557,2026-06-29,job_site,converted
ENT000327,CAN00157,JOB00482,2026-06-19,job_site,declined
ENT000328,CAN00158,JOB00718,2026-04-06,job_site,declined
ENT000329,CAN00158,JOB00661,2026-05-22,job_site,declined
ENT000330,CAN00158,JOB00530,2026-03-26,job_site,declined
ENT000331,CAN00159,JOB00711,2026-08-23,job_site,converted
ENT000332,CAN00159,JOB00775,2026-07-21,job_site,converted
ENT000333,CAN00160,JOB00720,2026-09-27,job_site,declined
ENT000334,CAN00160,JOB00646,2026-08-20,job_site,declined
ENT000335,CAN00161,JOB00658,2026-09-27,job_site,converted
ENT000336,CAN00162,JOB00703,2026-09-24,job_site,declined
ENT000337,CAN00162,JOB00460,2026-07-09,job_site,converted
ENT000338,CAN00162,JOB00016,2025-11-09,job_site,declined
ENT000339,CAN00162,JOB00362,2026-05-12,job_site,declined
ENT000340,CAN00163,JOB00459,2026-09-30,job_site,declined
ENT000341,CAN00163,JOB00507,2026-09-16,job_site,declined
ENT000342,CAN00163,JOB00554,2026-09-24,job_site,converted
ENT000343,CAN00166,JOB00365,2026-06-20,job_site,converted
ENT000344,CAN00167,JOB00411,2026-02-10,job_site,converted
ENT000345,CAN00168,JOB00437,2026-08-29,job_site,declined
ENT000346,CAN00169,JOB00532,2026-05-13,job_site,declined
ENT000348,CAN00169,JOB00709,2026-05-19,job_site,converted
ENT000349,CAN00170,JOB00762,2026-05-29,job_site,declined
ENT000350,CAN00171,JOB00364,2026-04-28,job_site,declined
ENT000351,CAN00171,JOB00771,2026-01-31,job_site,converted
ENT000352,CAN00171,JOB00600,2026-03-17,job_site,converted
ENT000353,CAN00172,JOB00289,2025-06-25,job_site,converted
ENT000354,CAN00172,JOB00657,2026-04-09,job_site,declined
ENT000355,CAN00172,JOB00280,2025-06-26,job_site,converted
ENT000356,CAN00173,JOB00559,2026-08-01,job_site,converted
ENT000357,CAN00174,JOB00560,2026-08-12,job_site,declined
ENT000358,CAN00174,JOB00492,2026-05-26,job_site,converted
ENT000359,CAN00174,JOB00788,2026-09-30,job_site,declined
ENT000360,CAN00174,JOB00677,2026-09-09,job_site,declined
ENT000361,CAN00174,JOB00532,2026-05-10,job_site,declined
ENT000362,CAN00174,JOB00512,2026-04-30,job_site,declined
ENT000363,CAN00174,JOB00615,2026-05-28,job_site,declined
ENT000364,CAN00175,JOB00491,2026-03-01,job_site,declined
ENT000365,CAN00175,JOB00665,2026-02-26,job_site,declined
ENT000366,CAN00175,JOB00439,2026-04-01,job_site,converted
ENT000367,CAN00176,JOB00237,2025-06-20,job_site,declined
ENT000368,CAN00176,JOB00231,2025-09-18,job_site,declined
ENT000369,CAN00177,JOB00492,2026-05-13,job_site,declined
ENT000370,CAN00177,JOB00735,2026-06-07,job_site,declined
ENT000371,CAN00179,JOB00766,2026-03-21,job_site,declined
ENT000372,CAN00181,JOB00591,2026-08-25,job_site,declined
ENT000373,CAN00181,JOB00133,2025-12-02,job_site,declined
ENT000374,CAN00181,JOB00090,2025-08-01,job_site,declined
ENT000377,CAN00184,JOB00459,2026-09-29,job_site,declined
ENT000378,CAN00184,JOB00655,2026-09-21,job_site,declined
ENT000379,CAN00184,JOB00723,2026-09-17,job_site,declined
ENT000385,CAN00186,JOB00750,2026-05-05,job_site,declined
ENT000386,CAN00186,JOB00442,2026-08-02,job_site,declined
ENT000387,CAN00187,JOB00784,2026-08-20,job_site,converted
ENT000388,CAN00187,JOB00370,2026-08-23,job_site,declined
ENT000389,CAN00187,JOB00493,2026-08-30,job_site,declined
ENT000390,CAN00187,JOB00565,2026-08-20,job_site,declined
ENT000391,CAN00188,JOB00101,2025-06-13,job_site,declined
ENT000392,CAN00188,JOB00624,2026-08-23,job_site,declined
ENT000393,CAN00189,JOB00702,2026-09-21,job_site,converted
ENT000394,CAN00189,JOB00726,2026-09-29,job_site,declined
ENT000395,CAN00189,JOB00797,2026-09-21,job_site,declined
ENT000396,CAN00191,JOB00635,2026-03-08,job_site,declined
ENT000397,CAN00192,JOB00758,2026-03-24,job_site,converted
ENT000398,CAN00192,JOB00736,2026-07-11,job_site,converted
ENT000399,CAN00193,JOB00396,2026-04-07,job_site,declined
ENT000401,CAN00194,JOB00312,2025-09-03,job_site,converted
ENT000402,CAN00195,JOB00550,2026-04-01,job_site,converted
ENT000403,CAN00197,JOB00359,2026-09-19,job_site,declined
ENT000404,CAN00198,JOB00370,2026-08-06,job_site,converted
ENT000405,CAN00198,JOB00434,2026-04-23,job_site,declined
ENT000406,CAN00200,JOB00317,2025-07-02,job_site,declined
ENT000407,CAN00200,JOB00649,2026-09-06,job_site,declined
ENT000408,CAN00200,JOB00642,2026-05-06,job_site,declined
ENT000409,CAN00201,JOB00553,2026-07-24,job_site,declined
ENT000410,CAN00202,JOB00139,2025-06-17,job_site,declined
ENT000412,CAN00204,JOB00669,2026-02-22,job_site,converted
ENT000414,CAN00205,JOB00460,2026-06-29,job_site,declined
ENT000415,CAN00205,JOB00465,2026-06-28,job_site,converted
ENT000416,CAN00205,JOB00664,2026-07-04,job_site,declined
ENT000417,CAN00205,JOB00376,2026-06-07,job_site,declined
ENT000419,CAN00206,JOB00741,2026-02-01,job_site,declined
ENT000420,CAN00207,JOB00547,2026-07-30,job_site,declined
ENT000421,CAN00207,JOB00504,2026-05-05,job_site,declined
ENT000422,CAN00207,JOB00747,2026-07-05,job_site,declined
ENT000423,CAN00207,JOB00484,2026-07-29,job_site,declined
ENT000424,CAN00207,JOB00532,2026-04-26,job_site,declined
ENT000425,CAN00207,JOB00382,2026-07-10,job_site,declined
ENT000426,CAN00208,JOB00646,2026-08-13,job_site,declined
ENT000427,CAN00208,JOB00609,2026-09-28,job_site,declined
ENT000428,CAN00208,JOB00545,2026-08-03,job_site,declined
ENT000429,CAN00208,JOB00461,2026-09-13,job_site,converted
ENT000430,CAN00209,JOB00552,2026-01-28,job_site,declined
ENT000431,CAN00210,JOB00755,2026-03-16,job_site,declined
ENT000432,CAN00212,JOB00729,2026-07-21,job_site,declined
ENT000433,CAN00212,JOB00558,2026-08-11,job_site,declined
ENT000434,CAN00212,JOB00745,2026-07-03,job_site,declined
ENT000435,CAN00212,JOB00568,2026-07-20,job_site,declined
ENT000437,CAN00215,JOB00702,2026-09-23,job_site,declined
ENT000438,CAN00215,JOB00792,2026-08-13,job_site,declined
ENT000440,CAN00216,JOB00143,2025-12-09,job_site,declined
ENT000441,CAN00216,JOB00484,2026-07-22,job_site,declined
ENT000442,CAN00217,JOB00502,2026-09-28,job_site,declined
ENT000443,CAN00217,JOB00468,2026-09-20,job_site,converted
ENT000445,CAN00218,JOB00747,2026-06-22,job_site,converted
ENT000446,CAN00219,JOB00458,2026-03-29,job_site,declined
ENT000447,CAN00219,JOB00758,2026-03-22,job_site,declined
ENT000448,CAN00219,JOB00534,2026-03-29,job_site,declined
ENT000449,CAN00220,JOB00554,2026-08-28,job_site,converted
ENT000450,CAN00220,JOB00386,2026-08-10,job_site,declined
ENT000451,CAN00220,JOB00791,2026-08-02,job_site,converted
ENT000452,CAN00220,JOB00390,2026-09-14,job_site,converted
ENT000453,CAN00221,JOB00388,2026-09-16,job_site,declined
ENT000454,CAN00221,JOB00699,2026-06-16,job_site,declined
ENT000455,CAN00222,JOB00376,2026-06-09,job_site,declined
ENT000457,CAN00223,JOB00049,2025-07-17,job_site,converted
ENT000458,CAN00224,JOB00740,2026-05-03,job_site,declined
ENT000459,CAN00224,JOB00452,2026-09-14,job_site,declined
ENT000460,CAN00224,JOB00463,2026-05-03,job_site,declined
ENT000461,CAN00224,JOB00434,2026-04-19,job_site,declined
ENT000462,CAN00224,JOB00502,2026-09-30,job_site,declined
ENT000463,CAN00224,JOB00404,2026-06-04,job_site,declined
ENT000464,CAN00225,JOB00759,2026-01-24,job_site,declined
ENT000467,CAN00227,JOB00178,2025-06-25,job_site,converted
ENT000468,CAN00228,JOB00193,2025-10-20,job_site,declined
ENT000469,CAN00228,JOB00143,2026-01-02,job_site,declined
ENT000470,CAN00229,JOB00519,2026-09-28,job_site,declined
ENT000471,CAN00230,JOB00509,2026-09-28,job_site,declined
ENT000472,CAN00231,JOB00372,2026-09-23,job_site,declined
ENT000473,CAN00231,JOB00342,2025-05-19,job_site,converted
ENT000474,CAN00232,JOB00238,2025-12-29,job_site,converted
ENT000475,CAN00232,JOB00262,2025-11-29,job_site,declined
ENT000476,CAN00232,JOB00560,2026-08-17,job_site,converted
ENT000477,CAN00232,JOB00479,2026-04-21,job_site,declined
ENT000478,CAN00234,JOB00362,2026-05-05,job_site,declined
ENT000479,CAN00234,JOB00684,2026-08-17,job_site,converted
ENT000480,CAN00234,JOB00748,2026-08-30,job_site,converted
ENT000481,CAN00236,JOB00390,2026-09-21,job_site,declined
ENT000482,CAN00236,JOB00601,2026-04-09,job_site,declined
ENT000485,CAN00241,JOB00108,2025-05-26,job_site,declined
ENT000486,CAN00241,JOB00035,2025-05-28,job_site,converted
ENT000487,CAN00242,JOB00407,2026-09-19,job_site,declined
ENT000488,CAN00242,JOB00599,2026-09-30,job_site,declined
ENT000489,CAN00242,JOB00554,2026-09-11,job_site,converted
ENT000490,CAN00242,JOB00452,2026-09-09,job_site,declined
ENT000491,CAN00242,JOB00365,2026-06-29,job_site,declined
ENT000492,CAN00243,JOB00365,2026-07-06,job_site,declined
ENT000493,CAN00243,JOB00440,2026-06-28,job_site,converted
ENT000494,CAN00243,JOB00565,2026-09-01,job_site,declined
ENT000495,CAN00244,JOB00329,2025-09-05,job_site,declined
ENT000496,CAN00244,JOB00648,2026-03-08,job_site,converted
ENT000497,CAN00244,JOB00469,2026-09-25,job_site,declined
ENT000498,CAN00244,JOB00090,2025-08-10,job_site,converted
ENT000499,CAN00245,JOB00664,2026-06-29,job_site,converted
ENT000500,CAN00245,JOB00599,2026-09-30,job_site,declined
ENT000505,CAN00247,JOB00607,2026-04-21,job_site,declined
ENT000506,CAN00248,JOB00600,2026-04-01,job_site,converted
ENT000507,CAN00249,JOB00440,2026-05-16,job_site,converted
ENT000508,CAN00249,JOB00154,2025-08-15,job_site,declined
ENT000509,CAN00249,JOB00736,2026-06-03,job_site,declined
ENT000510,CAN00250,JOB00641,2026-09-28,job_site,declined
ENT000511,CAN00250,JOB00596,2026-09-10,job_site,declined
ENT000512,CAN00250,JOB00436,2026-04-11,job_site,declined
ENT000513,CAN00251,JOB00476,2026-04-02,job_site,converted
ENT000514,CAN00252,JOB00519,2026-09-29,job_site,declined
ENT000515,CAN00252,JOB00749,2026-09-28,job_site,declined
ENT000516,CAN00252,JOB00562,2026-09-29,job_site,declined
ENT000517,CAN00252,JOB00425,2026-09-27,job_site,declined
ENT000518,CAN00253,JOB00775,2026-07-08,job_site,declined
ENT000520,CAN00255,JOB00404,2026-07-01,job_site,declined
ENT000521,CAN00256,JOB00561,2026-01-14,job_site,converted
ENT000522,CAN00256,JOB00207,2025-12-20,job_site,declined
ENT000523,CAN00257,JOB00461,2026-09-18,job_site,declined
ENT000524,CAN00258,JOB00508,2026-07-10,job_site,declined
ENT000525,CAN00258,JOB00214,2025-10-06,job_site,declined
ENT000526,CAN00261,JOB00566,2026-07-12,job_site,converted
ENT000529,CAN00263,JOB00238,2026-02-06,job_site,declined
ENT000532,CAN00264,JOB00720,2026-09-21,job_site,declined
ENT000533,CAN00265,JOB00478,2026-09-22,job_site,declined
ENT000534,CAN00265,JOB00655,2026-09-24,job_site,declined
ENT000535,CAN00265,JOB00790,2026-08-02,job_site,declined
ENT000536,CAN00266,JOB00751,2026-09-11,job_site,declined
ENT000537,CAN00267,JOB00425,2026-09-27,job_site,declined
ENT000538,CAN00267,JOB00461,2026-09-27,job_site,declined
ENT000539,CAN00268,JOB00400,2026-03-19,job_site,converted
ENT000540,CAN00268,JOB00462,2026-04-04,job_site,converted
ENT000541,CAN00268,JOB00402,2026-05-17,job_site,declined
ENT000542,CAN00268,JOB00371,2026-04-12,job_site,converted
ENT000543,CAN00269,JOB00763,2026-01-28,job_site,declined
ENT000544,CAN00269,JOB00537,2026-02-20,job_site,declined
ENT000545,CAN00269,JOB00330,2025-12-20,job_site,declined
ENT000546,CAN00269,JOB00476,2026-02-20,job_site,declined
ENT000547,CAN00269,JOB00665,2026-02-24,job_site,declined
ENT000548,CAN00271,JOB00233,2025-07-17,job_site,converted
ENT000549,CAN00271,JOB00151,2025-07-04,job_site,converted
ENT000550,CAN00273,JOB00322,2025-04-12,job_site,declined
ENT000551,CAN00273,JOB00111,2025-05-25,job_site,declined
ENT000552,CAN00274,JOB00628,2026-09-28,job_site,declined
ENT000553,CAN00274,JOB00421,2026-06-19,job_site,declined
ENT000554,CAN00274,JOB00167,2025-09-04,job_site,declined
ENT000555,CAN00276,JOB00578,2026-06-28,job_site,converted
ENT000556,CAN00276,JOB00768,2026-07-13,job_site,declined
ENT000557,CAN00276,JOB00546,2026-06-13,job_site,declined
ENT000558,CAN00276,JOB00754,2026-07-05,job_site,converted
ENT000559,CAN00277,JOB00369,2026-07-16,job_site,converted
ENT000560,CAN00277,JOB00432,2026-08-23,job_site,converted
ENT000561,CAN00278,JOB00596,2026-09-25,job_site,declined
ENT000562,CAN00279,JOB00673,2026-07-20,job_site,declined
ENT000563,CAN00279,JOB00383,2026-09-01,job_site,converted
ENT000564,CAN00279,JOB00596,2026-09-22,job_site,declined
ENT000565,CAN00281,JOB00294,2025-09-29,job_site,declined
ENT000566,CAN00282,JOB00570,2026-04-04,job_site,converted
ENT000567,CAN00282,JOB00495,2026-04-07,job_site,converted
ENT000568,CAN00282,JOB00330,2025-12-23,job_site,converted
ENT000569,CAN00284,JOB00713,2026-04-25,job_site,converted
ENT000570,CAN00285,JOB00457,2026-06-18,job_site,converted
ENT000571,CAN00285,JOB00405,2026-02-02,job_site,declined
ENT000572,CAN00286,JOB00387,2026-03-27,job_site,converted
ENT000573,CAN00286,JOB00463,2026-05-18,job_site,converted
ENT000574,CAN00287,JOB00460,2026-06-22,job_site,declined
ENT000575,CAN00288,JOB00752,2026-03-16,job_site,declined
ENT000576,CAN00288,JOB00625,2026-04-20,job_site,converted
ENT000577,CAN00289,JOB00440,2026-06-18,job_site,declined
ENT000578,CAN00290,JOB00664,2026-07-12,job_site,converted
ENT000579,CAN00290,JOB00708,2026-08-31,job_site,declined
ENT000580,CAN00291,JOB00029,2025-10-08,job_site,declined
ENT000581,CAN00291,JOB00061,2025-08-07,job_site,declined
ENT000582,CAN00291,JOB00781,2026-09-21,job_site,declined
ENT000583,CAN00291,JOB00114,2025-07-13,job_site,declined
ENT000584,CAN00292,JOB00022,2025-10-11,job_site,declined
ENT000585,CAN00292,JOB00654,2026-02-13,job_site,declined
ENT000586,CAN00292,JOB00360,2026-04-22,job_site,converted
ENT000587,CAN00293,JOB00732,2026-05-20,job_site,declined
ENT000588,CAN00293,JOB00515,2026-04-18,job_site,declined
ENT000589,CAN00294,JOB00550,2026-03-01,job_site,declined
ENT000590,CAN00294,JOB00638,2026-03-23,job_site,declined
ENT000591,CAN00295,JOB00286,2025-09-13,job_site,declined
ENT000592,CAN00295,JOB00552,2026-02-08,job_site,declined
ENT000593,CAN00296,JOB00276,2025-05-25,job_site,declined
ENT000594,CAN00296,JOB00077,2025-06-17,job_site,converted
ENT000595,CAN00297,JOB00419,2026-09-01,job_site,declined
ENT000596,CAN00297,JOB00555,2026-09-21,job_site,declined
ENT000597,CAN00298,JOB00462,2026-04-24,job_site,declined
ENT000598,CAN00299,JOB00048,2025-10-20,job_site,converted
ENT000599,CAN00299,JOB00540,2026-01-10,job_site,declined
ENT000600,CAN00299,JOB00060,2025-08-11,job_site,declined
ENT000601,CAN00299,JOB00040,2025-12-31,job_site,declined
ENT000602,CAN00300,JOB00646,2026-08-13,job_site,declined
ENT000603,CAN00302,JOB00323,2025-11-13,job_site,declined
ENT000604,CAN00303,JOB00454,2026-09-30,job_site,declined
ENT000605,CAN00304,JOB00533,2026-09-02,job_site,declined
ENT000606,CAN00304,JOB00715,2026-02-21,job_site,declined
ENT000607,CAN00304,JOB00470,2026-05-14,job_site,declined
ENT000608,CAN00305,JOB00361,2026-01-27,job_site,declined
ENT000609,CAN00305,JOB00206,2026-02-01,job_site,converted
ENT000610,CAN00305,JOB00328,2026-01-22,job_site,converted
ENT000611,CAN00305,JOB00351,2026-01-29,job_site,declined
ENT000612,CAN00307,JOB00458,2026-04-29,job_site,declined
ENT000613,CAN00307,JOB00496,2026-04-30,job_site,declined
ENT000614,CAN00308,JOB00304,2025-07-07,job_site,declined
ENT000615,CAN00309,JOB00653,2026-06-15,job_site,converted
ENT000616,CAN00310,JOB00315,2025-06-10,job_site,declined
ENT000617,CAN00310,JOB00639,2026-06-24,job_site,declined
ENT000618,CAN00311,JOB00165,2025-11-20,job_site,converted
ENT000619,CAN00311,JOB00717,2026-03-16,job_site,converted
ENT000620,CAN00311,JOB00076,2025-11-11,job_site,converted
ENT000621,CAN00312,JOB00680,2026-06-30,job_site,declined
ENT000622,CAN00312,JOB00356,2026-07-11,job_site,converted
ENT000623,CAN00313,JOB00262,2025-12-03,job_site,converted
ENT000624,CAN00313,JOB00589,2026-06-15,job_site,declined
ENT000626,CAN00314,JOB00408,2026-08-10,job_site,converted
ENT000627,CAN00314,JOB00617,2026-08-09,job_site,declined
ENT000628,CAN00315,JOB00379,2026-07-11,job_site,declined
ENT000629,CAN00315,JOB00488,2026-07-09,job_site,declined
ENT000630,CAN00316,JOB00245,2025-12-29,job_site,converted
ENT000631,CAN00316,JOB00590,2026-09-27,job_site,declined
ENT000632,CAN00318,JOB00581,2026-09-01,job_site,converted
ENT000635,CAN00320,JOB00785,2026-03-22,job_site,declined
ENT000636,CAN00320,JOB00730,2026-09-11,job_site,declined
ENT000637,CAN00321,JOB00510,2026-08-09,job_site,declined
ENT000638,CAN00321,JOB00492,2026-05-06,job_site,declined
ENT000639,CAN00321,JOB00394,2026-06-02,job_site,converted
ENT000640,CAN00322,JOB00450,2026-04-04,job_site,declined
ENT000641,CAN00323,JOB00726,2026-09-28,job_site,declined
ENT000642,CAN00323,JOB00630,2026-03-20,job_site,declined
ENT000643,CAN00323,JOB00356,2026-08-06,job_site,converted
ENT000644,CAN00324,JOB00103,2025-11-14,job_site,declined
ENT000645,CAN00325,JOB00380,2026-09-29,job_site,converted
ENT000646,CAN00325,JOB00707,2026-09-25,job_site,declined
ENT000647,CAN00325,JOB00667,2026-09-29,job_site,declined
ENT000648,CAN00326,JOB00692,2026-07-22,job_site,converted
ENT000649,CAN00326,JOB00387,2026-02-20,job_site,declined
ENT000650,CAN00326,JOB00094,2026-01-02,job_site,declined
ENT000651,CAN00327,JOB00620,2026-06-08,job_site,converted
ENT000652,CAN00327,JOB00748,2026-08-27,job_site,declined
ENT000653,CAN00329,JOB00040,2026-01-02,job_site,declined
ENT000654,CAN00330,JOB00786,2026-05-19,job_site,declined
ENT000656,CAN00331,JOB00367,2026-09-02,job_site,declined
ENT000657,CAN00332,JOB00617,2026-08-16,job_site,converted
ENT000658,CAN00332,JOB00454,2026-09-02,job_site,declined
ENT000659,CAN00332,JOB00666,2026-09-05,job_site,declined
ENT000660,CAN00333,JOB00290,2025-08-09,job_site,declined
ENT000661,CAN00333,JOB00183,2025-10-26,job_site,declined
ENT000662,CAN00334,JOB00156,2025-09-30,job_site,declined
ENT000663,CAN00334,JOB00438,2026-09-30,job_site,declined
ENT000664,CAN00334,JOB00309,2025-04-30,job_site,declined
ENT000665,CAN00334,JOB00320,2025-06-26,job_site,declined
ENT000667,CAN00336,JOB00507,2026-09-10,job_site,converted
ENT000668,CAN00336,JOB00519,2026-09-27,job_site,converted
ENT000669,CAN00337,JOB00206,2026-01-27,job_site,converted
ENT000670,CAN00338,JOB00500,2026-08-28,job_site,declined
ENT000671,CAN00338,JOB00493,2026-09-02,job_site,declined
ENT000672,CAN00339,JOB00643,2026-09-18,job_site,declined
ENT000673,CAN00339,JOB00483,2026-06-17,job_site,converted
ENT000674,CAN00339,JOB00375,2026-07-13,job_site,declined
ENT000675,CAN00340,JOB00616,2026-06-30,job_site,declined
ENT000676,CAN00340,JOB00637,2026-05-12,job_site,declined
ENT000677,CAN00341,JOB00785,2026-03-13,job_site,declined
ENT000678,CAN00341,JOB00770,2026-08-26,job_site,converted
ENT000679,CAN00342,JOB00733,2026-07-03,job_site,declined
ENT000680,CAN00342,JOB00567,2026-07-10,job_site,converted
ENT000681,CAN00342,JOB00407,2026-09-29,job_site,declined
ENT000682,CAN00342,JOB00516,2026-08-08,job_site,declined
ENT000683,CAN00343,JOB00217,2026-01-12,job_site,declined
ENT000684,CAN00345,JOB00410,2026-08-02,job_site,declined
ENT000685,CAN00345,JOB00717,2026-03-23,job_site,declined
ENT000686,CAN00345,JOB00657,2026-04-04,job_site,declined
ENT000689,CAN00347,JOB00743,2026-04-12,job_site,converted
ENT000690,CAN00348,JOB00644,2026-02-08,job_site,declined
ENT000691,CAN00348,JOB00734,2026-04-13,job_site,converted
ENT000692,CAN00349,JOB00762,2026-05-28,job_site,converted
ENT000693,CAN00350,JOB00467,2026-02-28,job_site,declined
ENT000694,CAN00351,JOB00727,2026-03-09,job_site,declined
ENT000695,CAN00351,JOB00771,2026-03-09,job_site,converted
ENT000696,CAN00351,JOB00624,2026-08-18,job_site,converted
ENT000697,CAN00352,JOB00443,2026-09-30,job_site,declined
ENT000698,CAN00353,JOB00091,2025-12-04,job_site,converted
ENT000699,CAN00353,JOB00501,2026-04-29,job_site,declined
ENT000700,CAN00353,JOB00221,2025-12-17,job_site,declined
ENT000701,CAN00355,JOB00666,2026-09-11,job_site,converted
ENT000702,CAN00355,JOB00460,2026-07-20,job_site,declined
ENT000703,CAN00355,JOB00646,2026-08-29,job_site,declined
ENT000704,CAN00355,JOB00404,2026-07-07,job_site,declined
ENT000705,CAN00356,JOB00410,2026-06-24,job_site,declined
ENT000709,CAN00358,JOB00395,2026-07-22,job_site,declined
ENT000710,CAN00358,JOB00485,2026-07-04,job_site,declined
ENT000711,CAN00358,JOB00549,2026-06-27,job_site,declined
ENT000712,CAN00358,JOB00590,2026-08-19,job_site,declined
ENT000713,CAN00359,JOB00469,2026-09-09,job_site,declined
ENT000714,CAN00359,JOB00776,2026-06-20,job_site,declined
ENT000715,CAN00360,JOB00752,2026-03-02,job_site,declined
ENT000716,CAN00360,JOB00149,2025-10-15,job_site,converted
ENT000717,CAN00360,JOB00711,2026-08-10,job_site,converted
ENT000718,CAN00361,JOB00234,2025-11-26,job_site,declined
ENT000719,CAN00361,JOB00076,2025-11-23,job_site,converted
ENT000720,CAN00361,JOB00066,2025-11-21,job_site,declined
ENT000722,CAN00363,JOB00059,2025-12-12,job_site,declined
ENT000725,CAN00365,JOB00709,2026-04-12,job_site,converted
ENT000726,CAN00366,JOB00591,2026-08-03,job_site,declined
ENT000727,CAN00368,JOB00632,2026-04-19,job_site,declined
ENT000728,CAN00368,JOB00362,2026-05-04,job_site,declined
ENT000729,CAN00370,JOB00741,2026-01-21,job_site,declined
ENT000730,CAN00370,JOB00391,2026-03-25,job_site,declined
ENT000731,CAN00371,JOB00646,2026-08-11,job_site,declined
ENT000732,CAN00373,JOB00645,2026-07-07,job_site,declined
ENT000733,CAN00373,JOB00455,2026-05-17,job_site,declined
ENT000734,CAN00373,JOB00609,2026-09-28,job_site,declined
ENT000735,CAN00374,JOB00643,2026-08-26,job_site,declined
ENT000736,CAN00375,JOB00396,2026-04-02,job_site,declined
ENT000737,CAN00375,JOB00521,2026-03-21,job_site,declined
ENT000738,CAN00376,JOB00650,2026-09-29,job_site,declined
ENT000739,CAN00376,JOB00413,2026-08-14,job_site,converted
ENT000740,CAN00377,JOB00758,2026-03-13,job_site,declined
ENT000741,CAN00377,JOB00773,2026-03-11,job_site,declined
ENT000742,CAN00377,JOB00467,2026-03-01,job_site,converted
ENT000743,CAN00377,JOB00713,2026-03-22,job_site,declined
ENT000744,CAN00377,JOB00584,2026-03-25,job_site,declined
ENT000745,CAN00378,JOB00313,2025-10-07,job_site,declined
ENT000746,CAN00378,JOB00305,2025-12-01,job_site,declined
ENT000747,CAN00378,JOB00780,2026-01-19,job_site,declined
ENT000748,CAN00378,JOB00633,2026-04-05,job_site,declined
ENT000749,CAN00379,JOB00637,2026-05-20,job_site,declined
ENT000751,CAN00380,JOB00323,2025-11-21,job_site,declined
ENT000756,CAN00381,JOB00508,2026-08-06,job_site,converted
ENT000757,CAN00382,JOB00404,2026-05-23,job_site,converted
ENT000758,CAN00382,JOB00495,2026-04-23,job_site,declined
ENT000759,CAN00382,JOB00483,2026-06-02,job_site,declined
ENT000760,CAN00383,JOB00673,2026-06-06,job_site,declined
ENT000761,CAN00383,JOB00414,2026-04-07,job_site,declined
ENT000762,CAN00384,JOB00523,2026-02-14,job_site,declined
ENT000763,CAN00386,JOB00567,2026-08-01,job_site,declined
ENT000764,CAN00387,JOB00561,2026-01-26,job_site,converted
ENT000765,CAN00388,JOB00560,2026-08-24,job_site,converted
ENT000766,CAN00388,JOB00277,2025-12-09,job_site,declined
ENT000767,CAN00389,JOB00562,2026-08-27,job_site,declined
ENT000768,CAN00391,JOB00624,2026-09-04,job_site,declined
ENT000769,CAN00392,JOB00599,2026-09-30,job_site,declined
ENT000770,CAN00392,JOB00640,2026-03-07,job_site,converted
ENT000771,CAN00394,JOB00437,2026-08-14,job_site,converted
ENT000772,CAN00394,JOB00469,2026-08-17,job_site,declined
ENT000773,CAN00394,JOB00551,2026-08-04,job_site,declined
ENT000774,CAN00395,JOB00431,2026-08-24,job_site,converted
ENT000775,CAN00396,JOB00384,2026-04-10,job_site,converted
ENT000776,CAN00396,JOB00436,2026-04-11,job_site,converted
ENT000777,CAN00397,JOB00007,2025-05-01,job_site,declined
ENT000778,CAN00397,JOB00036,2025-07-06,job_site,declined
ENT000779,CAN00398,JOB00764,2026-09-28,job_site,declined
ENT000780,CAN00398,JOB00447,2026-09-30,job_site,declined
ENT000781,CAN00401,JOB00308,2026-01-19,job_site,converted
ENT000782,CAN00401,JOB00362,2026-06-06,job_site,declined
ENT000783,CAN00401,JOB00781,2026-09-21,job_site,declined
ENT000784,CAN00402,JOB00165,2025-12-01,job_site,declined
ENT000785,CAN00402,JOB00110,2026-01-26,job_site,converted
ENT000787,CAN00404,JOB00524,2026-07-27,job_site,converted
ENT000788,CAN00404,JOB00495,2026-04-11,job_site,converted
ENT000790,CAN00405,JOB00304,2025-06-19,job_site,declined
ENT000791,CAN00407,JOB00748,2026-09-04,job_site,declined
ENT000792,CAN00407,JOB00581,2026-09-07,job_site,converted
ENT000793,CAN00407,JOB00413,2026-08-21,job_site,declined
ENT000794,CAN00408,JOB00684,2026-08-02,job_site,declined
ENT000795,CAN00408,JOB00754,2026-07-29,job_site,converted
ENT000797,CAN00409,JOB00475,2026-04-11,job_site,converted
ENT000799,CAN00410,JOB00643,2026-09-08,job_site,declined
ENT000800,CAN00410,JOB00707,2026-09-28,job_site,declined
ENT000801,CAN00410,JOB00395,2026-07-31,job_site,declined
ENT000807,CAN00413,JOB00692,2026-08-15,job_site,declined
ENT000808,CAN00413,JOB00413,2026-08-09,job_site,declined
ENT000809,CAN00413,JOB00791,2026-08-09,job_site,declined
ENT000810,CAN00413,JOB00490,2026-08-12,job_site,declined
ENT000813,CAN00414,JOB00056,2026-01-19,job_site,declined
ENT000814,CAN00415,JOB00783,2026-04-05,job_site,converted
ENT000815,CAN00415,JOB00680,2026-07-16,job_site,declined
ENT000816,CAN00415,JOB00422,2026-02-17,job_site,declined
ENT000817,CAN00415,JOB00434,2026-03-26,job_site,declined
ENT000818,CAN00416,JOB00524,2026-07-03,job_site,declined
ENT000819,CAN00417,JOB00684,2026-08-31,job_site,declined
ENT000820,CAN00417,JOB00393,2026-09-24,job_site,converted
ENT000821,CAN00418,JOB00109,2025-04-05,job_site,declined
ENT000822,CAN00418,JOB00199,2025-06-05,job_site,declined
ENT000823,CAN00419,JOB00463,2026-04-06,job_site,declined
ENT000824,CAN00419,JOB00435,2026-02-25,job_site,declined
ENT000825,CAN00420,JOB00458,2026-03-29,job_site,declined
ENT000826,CAN00420,JOB00396,2026-03-08,job_site,converted
ENT000827,CAN00422,JOB00118,2025-09-06,job_site,converted
ENT000828,CAN00424,JOB00605,2026-03-20,job_site,converted
ENT000829,CAN00425,JOB00658,2026-08-29,job_site,converted
ENT000830,CAN00425,JOB00600,2026-03-21,job_site,converted
ENT000831,CAN00425,JOB00301,2025-04-21,job_site,declined
ENT000832,CAN00426,JOB00126,2025-11-09,job_site,declined
ENT000833,CAN00426,JOB00313,2025-10-10,job_site,declined
ENT000834,CAN00426,JOB00297,2025-11-22,job_site,declined
ENT000835,CAN00427,JOB00142,2025-06-19,job_site,declined
ENT000836,CAN00427,JOB00209,2025-05-16,job_site,declined
ENT000837,CAN00427,JOB00121,2025-09-06,job_site,declined
ENT000838,CAN00427,JOB00219,2025-10-08,job_site,declined
ENT000839,CAN00430,JOB00456,2026-09-26,job_site,converted
ENT000840,CAN00430,JOB00657,2026-04-16,job_site,declined
ENT000841,CAN00431,JOB00236,2025-04-14,job_site,declined
ENT000842,CAN00431,JOB00115,2025-05-23,job_site,declined
ENT000843,CAN00431,JOB00142,2025-05-17,job_site,declined
ENT000844,CAN00432,JOB00374,2026-09-28,job_site,converted
ENT000845,CAN00432,JOB00585,2026-09-27,job_site,declined
ENT000846,CAN00432,JOB00380,2026-09-29,job_site,declined
ENT000847,CAN00433,JOB00407,2026-09-25,job_site,declined
ENT000848,CAN00433,JOB00413,2026-08-19,job_site,converted
ENT000849,CAN00433,JOB00582,2026-08-13,job_site,declined
ENT000851,CAN00434,JOB00085,2025-09-01,job_site,converted
ENT000854,CAN00436,JOB00054,2025-12-22,job_site,declined
ENT000855,CAN00437,JOB00418,2026-02-22,job_site,declined
ENT000857,CAN00440,JOB00376,2026-07-07,job_site,declined
ENT000858,CAN00440,JOB00490,2026-07-25,job_site,converted
ENT000859,CAN00441,JOB00619,2026-02-18,job_site,converted
ENT000860,CAN00441,JOB00652,2026-03-31,job_site,declined
ENT000861,CAN00442,JOB00783,2026-04-06,job_site,declined
ENT000862,CAN00442,JOB00481,2026-05-14,job_site,declined
ENT000863,CAN00442,JOB00745,2026-06-15,job_site,declined
ENT000864,CAN00442,JOB00401,2026-05-01,job_site,declined
ENT000865,CAN00443,JOB00642,2026-05-22,job_site,declined
ENT000866,CAN00444,JOB00628,2026-09-25,job_site,declined
ENT000867,CAN00444,JOB00393,2026-09-02,job_site,converted
ENT000868,CAN00444,JOB00764,2026-09-27,job_site,declined
ENT000869,CAN00445,JOB00388,2026-09-08,job_site,converted
ENT000870,CAN00445,JOB00026,2025-12-21,job_site,declined
ENT000871,CAN00446,JOB00300,2025-05-31,job_site,declined
ENT000872,CAN00446,JOB00261,2025-05-04,job_site,declined
ENT000873,CAN00447,JOB00030,2025-11-23,job_site,declined
ENT000874,CAN00447,JOB00265,2026-01-08,job_site,declined
ENT000875,CAN00447,JOB00608,2026-01-05,job_site,declined
ENT000876,CAN00447,JOB00245,2026-01-01,job_site,converted
ENT000877,CAN00448,JOB00697,2026-07-26,job_site,declined
ENT000878,CAN00449,JOB00371,2026-03-28,job_site,declined
ENT000879,CAN00449,JOB00549,2026-06-15,job_site,declined
ENT000880,CAN00451,JOB00647,2026-05-20,job_site,converted
ENT000882,CAN00451,JOB00066,2025-11-20,job_site,declined
ENT000883,CAN00452,JOB00319,2025-04-26,job_site,declined
ENT000884,CAN00452,JOB00152,2025-08-07,job_site,declined
ENT000885,CAN00452,JOB00158,2025-06-04,job_site,declined
ENT000886,CAN00452,JOB00061,2025-08-30,job_site,declined
ENT000887,CAN00453,JOB00568,2026-06-17,job_site,declined
ENT000888,CAN00456,JOB00731,2026-03-25,job_site,declined
ENT000889,CAN00456,JOB00403,2026-03-07,job_site,declined
ENT000890,CAN00456,JOB00558,2026-09-16,job_site,converted
ENT000891,CAN00456,JOB00536,2026-07-03,job_site,converted
ENT000892,CAN00457,JOB00370,2026-08-21,job_site,declined
ENT000893,CAN00459,JOB00389,2026-05-03,job_site,declined
ENT000894,CAN00460,JOB00591,2026-08-28,job_site,declined
ENT000895,CAN00460,JOB00495,2026-04-20,job_site,converted
ENT000896,CAN00460,JOB00004,2026-02-08,job_site,declined
ENT000897,CAN00460,JOB00565,2026-08-27,job_site,declined
ENT000898,CAN00460,JOB00496,2026-04-26,job_site,declined
ENT000899,CAN00460,JOB00610,2026-03-18,job_site,converted
ENT000900,CAN00461,JOB00703,2026-09-07,job_site,declined
ENT000901,CAN00461,JOB00588,2026-08-20,job_site,declined
ENT000902,CAN00463,JOB00726,2026-09-20,job_site,converted
ENT000903,CAN00464,JOB00598,2026-06-09,job_site,declined
ENT000904,CAN00467,JOB00365,2026-07-03,job_site,declined
ENT000905,CAN00467,JOB00704,2026-07-14,job_site,converted
ENT000908,CAN00467,JOB00790,2026-06-28,job_site,declined
ENT000909,CAN00469,JOB00183,2025-10-13,job_site,declined
ENT000910,CAN00469,JOB00156,2025-10-03,job_site,converted
ENT000911,CAN00469,JOB00104,2025-09-27,job_site,declined
ENT000912,CAN00470,JOB00476,2026-03-03,job_site,declined
ENT000913,CAN00472,JOB00677,2026-09-18,job_site,declined
ENT000914,CAN00472,JOB00588,2026-09-07,job_site,declined
ENT000915,CAN00473,JOB00647,2026-05-21,job_site,converted
ENT000916,CAN00473,JOB00613,2026-04-29,job_site,declined
ENT000917,CAN00474,JOB00457,2026-06-13,job_site,converted
ENT000918,CAN00475,JOB00544,2026-07-17,job_site,declined
ENT000921,CAN00476,JOB00106,2025-06-18,job_site,declined
ENT000922,CAN00476,JOB00105,2025-06-07,job_site,declined
ENT000923,CAN00476,JOB00032,2025-08-10,job_site,declined
ENT000924,CAN00477,JOB00605,2026-03-05,job_site,declined
ENT000925,CAN00477,JOB00123,2025-10-03,job_site,converted
ENT000926,CAN00477,JOB00414,2026-03-02,job_site,converted
ENT000927,CAN00478,JOB00274,2026-01-05,job_site,converted
ENT000928,CAN00479,JOB00363,2026-03-12,job_site,declined
ENT000929,CAN00481,JOB00607,2026-04-02,job_site,converted
ENT000930,CAN00481,JOB00677,2026-08-31,job_site,declined
ENT000931,CAN00481,JOB00102,2025-10-08,job_site,converted
ENT000932,CAN00481,JOB00603,2026-05-10,job_site,converted
ENT000933,CAN00482,JOB00407,2026-09-27,job_site,converted
ENT000934,CAN00482,JOB00772,2026-09-04,job_site,declined
ENT000935,CAN00482,JOB00485,2026-06-11,job_site,converted
ENT000936,CAN00484,JOB00305,2025-11-18,job_site,declined
ENT000937,CAN00484,JOB00170,2025-12-21,job_site,declined
ENT000938,CAN00484,JOB00303,2025-12-30,job_site,converted
ENT000944,CAN00486,JOB00369,2026-07-22,job_site,converted
ENT000945,CAN00488,JOB00417,2026-09-29,job_site,declined
ENT000946,CAN00488,JOB00551,2026-07-18,job_site,declined
ENT000947,CAN00488,JOB00777,2026-08-10,job_site,declined
ENT000948,CAN00489,JOB00599,2026-09-30,job_site,declined
ENT000949,CAN00489,JOB00486,2026-05-15,job_site,converted
ENT000950,CAN00490,JOB00322,2025-04-30,job_site,declined
ENT000951,CAN00490,JOB00696,2026-03-07,job_site,converted
ENT000952,CAN00490,JOB00669,2026-03-11,job_site,converted
ENT000953,CAN00490,JOB00531,2026-01-09,job_site,declined
ENT000955,CAN00491,JOB00730,2026-08-19,job_site,declined
ENT000956,CAN00492,JOB00080,2025-08-28,job_site,declined
ENT000957,CAN00493,JOB00682,2026-08-17,job_site,declined
ENT000958,CAN00493,JOB00035,2025-05-26,job_site,declined
ENT000959,CAN00495,JOB00372,2026-09-15,job_site,declined
ENT000960,CAN00495,JOB00401,2026-05-09,job_site,converted
ENT000961,CAN00495,JOB00460,2026-06-27,job_site,declined
ENT000962,CAN00496,JOB00472,2026-05-29,job_site,converted
ENT000963,CAN00496,JOB00653,2026-06-09,job_site,declined
ENT000964,CAN00497,JOB00716,2026-07-15,job_site,declined
ENT000965,CAN00500,JOB00761,2026-09-30,job_site,declined
ENT000966,CAN00500,JOB00519,2026-09-27,job_site,declined
ENT000967,CAN00500,JOB00407,2026-09-19,job_site,declined
ENT000968,CAN00501,JOB00538,2026-08-12,job_site,declined
ENT000969,CAN00501,JOB00649,2026-09-10,job_site,declined
ENT000970,CAN00502,JOB00676,2026-05-26,job_site,declined
ENT000971,CAN00503,JOB00741,2026-02-06,job_site,declined
ENT000972,CAN00504,JOB00647,2026-05-21,job_site,converted
ENT000973,CAN00505,JOB00632,2026-04-13,job_site,declined
ENT000974,CAN00505,JOB00525,2026-06-24,job_site,converted
ENT000975,CAN00505,JOB00543,2026-06-26,job_site,declined
ENT000976,CAN00505,JOB00709,2026-04-29,job_site,converted
ENT000977,CAN00505,JOB00583,2026-06-26,job_site,declined
ENT000978,CAN00506,JOB00743,2026-04-09,job_site,converted
ENT000979,CAN00507,JOB00588,2026-08-26,job_site,declined
ENT000980,CAN00507,JOB00531,2026-02-07,job_site,converted
ENT000981,CAN00507,JOB00374,2026-09-29,job_site,declined
ENT000982,CAN00508,JOB00425,2026-09-30,job_site,declined
ENT000983,CAN00509,JOB00599,2026-09-30,job_site,declined
ENT000984,CAN00509,JOB00649,2026-09-17,job_site,declined
ENT000985,CAN00510,JOB00259,2025-05-24,job_site,declined
ENT000986,CAN00510,JOB00236,2025-05-11,job_site,converted
ENT000987,CAN00511,JOB00379,2026-07-05,job_site,declined
ENT000988,CAN00511,JOB00464,2026-02-27,job_site,declined
ENT000989,CAN00511,JOB00799,2026-02-21,job_site,converted
ENT000990,CAN00511,JOB00508,2026-07-08,job_site,declined
ENT000991,CAN00511,JOB00778,2026-07-01,job_site,converted
ENT000992,CAN00511,JOB00530,2026-03-25,job_site,declined
ENT000993,CAN00512,JOB00650,2026-09-14,job_site,converted
ENT000994,CAN00513,JOB00392,2026-02-28,job_site,converted
ENT000995,CAN00513,JOB00753,2026-04-14,job_site,converted
ENT000997,CAN00515,JOB00468,2026-09-24,job_site,declined
ENT000998,CAN00515,JOB00548,2026-04-27,job_site,declined
ENT000999,CAN00516,JOB00602,2026-05-28,job_site,declined
ENT001000,CAN00516,JOB00380,2026-09-27,job_site,declined
ENT001001,CAN00516,JOB00652,2026-03-30,job_site,converted
ENT001002,CAN00517,JOB00672,2026-05-23,job_site,declined
ENT001003,CAN00517,JOB00580,2026-09-29,job_site,declined
ENT001004,CAN00517,JOB00291,2025-10-26,job_site,converted
ENT001005,CAN00517,JOB00300,2025-05-17,job_site,declined
ENT001006,CAN00518,JOB00783,2026-02-28,job_site,declined
ENT001007,CAN00518,JOB00534,2026-04-05,job_site,declined
ENT001008,CAN00518,JOB00729,2026-08-02,job_site,declined
ENT001009,CAN00518,JOB00338,2025-09-06,job_site,declined
ENT001010,CAN00518,JOB00336,2025-11-04,job_site,converted
ENT001011,CAN00519,JOB00390,2026-08-18,job_site,declined
ENT001012,CAN00519,JOB00729,2026-08-23,job_site,converted
ENT001013,CAN00521,JOB00397,2026-08-15,job_site,declined
ENT001014,CAN00521,JOB00641,2026-09-28,job_site,converted
ENT001015,CAN00521,JOB00636,2026-09-25,job_site,converted
ENT001017,CAN00523,JOB00381,2026-02-26,job_site,declined
ENT001018,CAN00525,JOB00401,2026-05-06,job_site,declined
ENT001019,CAN00525,JOB00759,2026-03-01,job_site,converted
ENT001020,CAN00525,JOB00334,2026-01-22,job_site,declined
ENT001021,CAN00527,JOB00714,2026-09-12,job_site,converted
ENT001022,CAN00528,JOB00699,2026-06-04,job_site,declined
ENT001023,CAN00528,JOB00359,2026-08-10,job_site,declined
ENT001024,CAN00531,JOB00339,2025-10-29,job_site,declined
ENT001025,CAN00533,JOB00631,2026-09-16,job_site,declined
ENT001026,CAN00533,JOB00650,2026-09-21,job_site,converted
ENT001027,CAN00534,JOB00437,2026-09-12,job_site,converted
ENT001028,CAN00537,JOB00161,2025-07-24,job_site,converted
ENT001029,CAN00537,JOB00294,2025-08-29,job_site,declined
ENT001030,CAN00537,JOB00300,2025-06-18,job_site,converted
ENT001031,CAN00538,JOB00618,2026-09-13,job_site,declined
ENT001032,CAN00538,JOB00452,2026-09-14,job_site,declined
ENT001033,CAN00538,JOB00788,2026-09-25,job_site,declined
ENT001034,CAN00538,JOB00367,2026-09-05,job_site,declined
ENT001035,CAN00540,JOB00123,2025-09-09,job_site,declined
ENT001036,CAN00540,JOB00080,2025-08-25,job_site,declined
ENT001037,CAN00540,JOB00497,2026-03-06,job_site,declined
ENT001038,CAN00540,JOB00271,2025-09-06,job_site,declined
ENT001039,CAN00540,JOB00072,2025-06-14,job_site,declined
ENT001040,CAN00541,JOB00057,2025-05-25,job_site,declined
ENT001041,CAN00541,JOB00326,2025-07-19,job_site,declined
ENT001042,CAN00541,JOB00186,2025-05-01,job_site,declined
ENT001043,CAN00541,JOB00011,2025-07-10,job_site,converted
ENT001044,CAN00542,JOB00281,2025-06-30,job_site,declined
ENT001045,CAN00542,JOB00497,2026-02-17,job_site,declined
ENT001046,CAN00543,JOB00761,2026-09-30,job_site,declined
ENT001047,CAN00543,JOB00407,2026-09-25,job_site,declined
ENT001048,CAN00543,JOB00416,2026-09-26,job_site,converted
ENT001049,CAN00544,JOB00395,2026-08-05,job_site,converted
ENT001050,CAN00544,JOB00558,2026-08-21,job_site,declined
ENT001051,CAN00544,JOB00708,2026-09-15,job_site,declined
ENT001052,CAN00544,JOB00447,2026-09-28,job_site,declined
ENT001053,CAN00546,JOB00792,2026-08-10,job_site,declined
ENT001054,CAN00546,JOB00650,2026-09-28,job_site,declined
ENT001055,CAN00547,JOB00684,2026-08-15,job_site,declined
ENT001057,CAN00549,JOB00506,2026-07-11,job_site,converted
ENT001058,CAN00549,JOB00707,2026-09-26,job_site,declined
ENT001059,CAN00549,JOB00421,2026-07-25,job_site,declined
ENT001060,CAN00550,JOB00473,2026-02-17,job_site,declined
ENT001061,CAN00550,JOB00050,2025-10-29,job_site,converted
ENT001062,CAN00551,JOB00050,2025-10-19,job_site,declined
ENT001063,CAN00553,JOB00325,2025-08-30,job_site,declined
ENT001064,CAN00553,JOB00232,2025-09-20,job_site,declined
ENT001065,CAN00553,JOB00020,2025-09-02,job_site,declined
ENT001066,CAN00553,JOB00260,2025-09-04,job_site,declined
ENT001067,CAN00554,JOB00015,2025-11-08,job_site,declined
ENT001068,CAN00554,JOB00562,2026-09-04,job_site,declined
ENT001069,CAN00554,JOB00641,2026-09-30,job_site,declined
ENT001071,CAN00555,JOB00721,2026-08-23,job_site,declined
ENT001073,CAN00555,JOB00664,2026-08-11,job_site,converted
ENT001074,CAN00556,JOB00406,2026-09-23,job_site,declined
ENT001075,CAN00556,JOB00511,2026-09-29,job_site,declined
ENT001076,CAN00556,JOB00432,2026-09-23,job_site,declined
ENT001077,CAN00557,JOB00730,2026-09-08,job_site,declined
ENT001079,CAN00558,JOB00086,2025-05-24,job_site,converted
ENT001081,CAN00562,JOB00631,2026-09-19,job_site,declined
ENT001082,CAN00562,JOB00748,2026-09-20,job_site,declined
ENT001083,CAN00562,JOB00590,2026-09-04,job_site,declined
ENT001084,CAN00563,JOB00643,2026-08-30,job_site,declined
ENT001085,CAN00563,JOB00666,2026-09-25,job_site,declined
ENT001086,CAN00563,JOB00575,2026-08-28,job_site,declined
ENT001087,CAN00564,JOB00734,2026-04-24,job_site,converted
ENT001088,CAN00565,JOB00533,2026-09-08,job_site,declined
ENT001089,CAN00565,JOB00564,2026-09-22,job_site,declined
ENT001090,CAN00566,JOB00579,2026-06-07,job_site,converted
ENT001092,CAN00568,JOB00170,2025-12-10,job_site,declined
ENT001093,CAN00568,JOB00417,2026-09-27,job_site,converted
ENT001094,CAN00568,JOB00096,2025-12-02,job_site,declined
ENT001095,CAN00569,JOB00501,2026-05-21,job_site,converted
ENT001096,CAN00569,JOB00528,2026-03-09,job_site,declined
ENT001097,CAN00569,JOB00672,2026-05-22,job_site,declined
ENT001098,CAN00569,JOB00455,2026-06-09,job_site,declined
ENT001099,CAN00571,JOB00730,2026-09-25,job_site,converted
ENT001100,CAN00571,JOB00564,2026-09-20,job_site,declined
ENT001101,CAN00571,JOB00500,2026-09-18,job_site,declined
ENT001102,CAN00572,JOB00390,2026-09-15,job_site,declined
ENT001103,CAN00574,JOB00455,2026-06-12,job_site,declined
ENT001104,CAN00574,JOB00580,2026-09-04,job_site,declined
ENT001106,CAN00575,JOB00091,2025-11-15,job_site,converted
ENT001108,CAN00576,JOB00330,2026-01-01,job_site,declined
ENT001109,CAN00576,JOB00508,2026-06-27,job_site,declined
ENT001110,CAN00576,JOB00588,2026-09-07,job_site,declined
ENT001111,CAN00577,JOB00745,2026-07-09,job_site,declined
ENT001112,CAN00577,JOB00781,2026-09-25,job_site,declined
ENT001113,CAN00578,JOB00144,2025-08-04,job_site,converted
ENT001114,CAN00579,JOB00111,2025-05-18,job_site,converted
ENT001115,CAN00579,JOB00237,2025-06-07,job_site,declined
ENT001116,CAN00580,JOB00530,2026-04-05,job_site,declined
ENT001117,CAN00580,JOB00102,2025-10-23,job_site,converted
ENT001118,CAN00580,JOB00608,2026-01-27,job_site,declined
ENT001119,CAN00580,JOB00685,2026-05-04,job_site,converted
ENT001120,CAN00580,JOB00235,2025-07-11,job_site,declined
ENT001121,CAN00581,JOB00656,2026-04-24,job_site,converted
ENT001122,CAN00581,JOB00637,2026-05-11,job_site,declined
ENT001123,CAN00581,JOB00436,2026-03-16,job_site,declined
ENT001124,CAN00582,JOB00393,2026-09-07,job_site,converted
ENT001125,CAN00582,JOB00658,2026-08-31,job_site,declined
ENT001126,CAN00582,JOB00372,2026-09-09,job_site,declined
ENT001129,CAN00584,JOB00139,2025-06-27,job_site,declined
ENT001130,CAN00585,JOB00455,2026-06-19,job_site,declined
ENT001131,CAN00585,JOB00745,2026-06-25,job_site,declined
ENT001132,CAN00586,JOB00761,2026-09-30,job_site,declined
ENT001133,CAN00586,JOB00519,2026-09-27,job_site,declined
ENT001134,CAN00588,JOB00537,2026-01-29,job_site,declined
ENT001135,CAN00588,JOB00780,2026-01-20,job_site,declined
ENT001136,CAN00589,JOB00094,2025-12-31,job_site,converted
ENT001137,CAN00589,JOB00289,2025-08-01,job_site,declined
ENT001138,CAN00589,JOB00738,2026-07-13,job_site,declined
ENT001140,CAN00591,JOB00325,2025-08-31,job_site,declined
ENT001141,CAN00591,JOB00367,2026-08-22,job_site,converted
ENT001142,CAN00591,JOB00731,2026-04-19,job_site,declined
ENT001143,CAN00591,JOB00444,2026-02-15,job_site,declined
ENT001144,CAN00593,JOB00471,2026-09-27,job_site,declined
ENT001148,CAN00596,JOB00558,2026-08-24,job_site,declined
ENT001149,CAN00596,JOB00145,2025-06-26,job_site,declined
ENT001150,CAN00596,JOB00726,2026-09-20,job_site,declined
ENT001151,CAN00597,JOB00674,2026-03-10,job_site,converted
ENT001152,CAN00597,JOB00731,2026-04-28,job_site,declined
ENT001153,CAN00597,JOB00655,2026-09-07,job_site,converted
ENT001154,CAN00598,JOB00532,2026-05-07,job_site,declined
ENT001155,CAN00598,JOB00125,2025-07-22,job_site,converted
ENT001156,CAN00598,JOB00628,2026-09-28,job_site,declined
ENT001157,CAN00599,JOB00177,2025-05-06,job_site,declined
ENT001158,CAN00600,JOB00002,2025-12-01,job_site,converted
ENT001159,CAN00600,JOB00622,2026-09-05,job_site,declined
ENT001160,CAN00600,JOB00388,2026-09-16,job_site,declined
ENT001161,CAN00600,JOB00310,2025-12-14,job_site,declined
ENT001162,CAN00601,JOB00277,2025-11-30,job_site,declined
ENT001164,CAN00602,JOB00236,2025-05-01,job_site,declined
ENT001165,CAN00603,JOB00113,2025-06-13,job_site,declined
ENT001166,CAN00603,JOB00041,2025-05-04,job_site,declined
ENT001167,CAN00604,JOB00522,2026-07-20,job_site,declined
ENT001168,CAN00605,JOB00595,2026-09-25,job_site,declined
ENT001169,CAN00605,JOB00603,2026-04-29,job_site,converted
ENT001170,CAN00608,JOB00035,2025-06-06,job_site,declined
ENT001171,CAN00609,JOB00441,2026-08-16,job_site,converted
ENT001177,CAN00612,JOB00574,2026-07-20,job_site,declined
ENT001178,CAN00612,JOB00461,2026-09-25,job_site,declined
ENT001179,CAN00612,JOB00664,2026-07-29,job_site,converted
ENT001180,CAN00612,JOB00618,2026-09-18,job_site,declined
ENT001181,CAN00612,JOB00393,2026-09-25,job_site,converted
ENT001182,CAN00613,JOB00726,2026-09-23,job_site,declined
ENT001183,CAN00614,JOB00225,2025-08-29,job_site,converted
ENT001184,CAN00614,JOB00116,2025-08-13,job_site,converted
ENT001186,CAN00616,JOB00744,2026-05-09,job_site,declined
ENT001187,CAN00616,JOB00482,2026-06-21,job_site,declined
ENT001188,CAN00617,JOB00520,2026-08-12,job_site,converted
ENT001190,CAN00618,JOB00689,2026-04-28,job_site,converted
ENT001191,CAN00618,JOB00165,2025-12-13,job_site,declined
ENT001192,CAN00619,JOB00424,2026-02-18,job_site,declined
ENT001193,CAN00619,JOB00508,2026-06-27,job_site,declined
ENT001194,CAN00620,JOB00713,2026-03-26,job_site,declined
ENT001195,CAN00620,JOB00583,2026-07-06,job_site,converted
ENT001196,CAN00622,JOB00794,2026-07-05,job_site,declined
ENT001197,CAN00622,JOB00568,2026-07-16,job_site,converted
ENT001198,CAN00622,JOB00562,2026-09-04,job_site,declined
ENT001199,CAN00622,JOB00492,2026-05-30,job_site,declined
ENT001200,CAN00623,JOB00267,2025-11-13,job_site,declined
ENT001201,CAN00623,JOB00691,2026-02-19,job_site,declined
ENT001202,CAN00624,JOB00519,2026-09-26,job_site,declined
ENT001203,CAN00624,JOB00485,2026-07-09,job_site,declined
ENT001204,CAN00624,JOB00516,2026-07-08,job_site,declined
ENT001205,CAN00625,JOB00642,2026-05-29,job_site,declined
ENT001206,CAN00625,JOB00501,2026-05-24,job_site,converted
ENT001207,CAN00626,JOB00054,2025-12-14,job_site,declined
ENT001208,CAN00626,JOB00676,2026-04-30,job_site,declined
ENT001209,CAN00626,JOB00337,2026-01-22,job_site,declined
ENT001210,CAN00627,JOB00099,2025-09-21,job_site,converted
ENT001215,CAN00629,JOB00054,2025-12-28,job_site,converted
ENT001216,CAN00629,JOB00066,2025-12-09,job_site,declined
ENT001217,CAN00629,JOB00344,2025-12-10,job_site,declined
ENT001218,CAN00630,JOB00088,2025-08-06,job_site,converted
ENT001219,CAN00631,JOB00681,2026-05-17,job_site,converted
ENT001220,CAN00631,JOB00649,2026-09-22,job_site,declined
ENT001221,CAN00631,JOB00558,2026-09-14,job_site,declined
ENT001222,CAN00632,JOB00487,2026-08-08,job_site,converted
ENT001223,CAN00632,JOB00572,2026-09-29,job_site,declined
ENT001224,CAN00632,JOB00354,2026-03-07,job_site,declined
ENT001225,CAN00633,JOB00595,2026-09-29,job_site,declined
ENT001226,CAN00634,JOB00059,2025-12-24,job_site,declined
ENT001227,CAN00634,JOB00341,2025-09-29,job_site,declined
ENT001228,CAN00635,JOB00340,2025-07-19,job_site,declined
ENT001229,CAN00636,JOB00735,2026-06-15,job_site,converted
ENT001230,CAN00637,JOB00698,2026-09-28,job_site,declined
ENT001231,CAN00637,JOB00627,2026-06-15,job_site,declined
ENT001232,CAN00637,JOB00645,2026-07-23,job_site,declined
ENT001235,CAN00639,JOB00349,2025-08-26,job_site,converted
ENT001237,CAN00640,JOB00252,2025-04-28,job_site,declined
ENT001238,CAN00640,JOB00396,2026-04-10,job_site,declined
ENT001239,CAN00641,JOB00406,2026-09-23,job_site,converted
ENT001240,CAN00643,JOB00610,2026-04-03,job_site,converted
ENT001241,CAN00643,JOB00596,2026-09-16,job_site,declined
ENT001242,CAN00645,JOB00456,2026-09-30,job_site,declined
ENT001243,CAN00645,JOB00641,2026-09-26,job_site,converted
ENT001244,CAN00645,JOB00551,2026-08-05,job_site,declined
ENT001245,CAN00645,JOB00760,2026-08-31,job_site,declined
ENT001246,CAN00645,JOB00667,2026-09-23,job_site,declined
ENT001247,CAN00646,JOB00544,2026-07-16,job_site,declined
ENT001249,CAN00648,JOB00355,2026-05-20,job_site,declined
ENT001250,CAN00648,JOB00625,2026-05-13,job_site,declined
ENT001251,CAN00648,JOB00791,2026-08-10,job_site,declined
ENT001252,CAN00648,JOB00609,2026-09-07,job_site,converted
ENT001253,CAN00649,JOB00691,2026-03-12,job_site,declined
ENT001255,CAN00650,JOB00498,2026-02-13,job_site,declined
ENT001257,CAN00651,JOB00657,2026-05-02,job_site,converted
ENT001260,CAN00652,JOB00577,2026-04-22,job_site,declined
ENT001262,CAN00653,JOB00139,2025-06-19,job_site,converted
ENT001263,CAN00654,JOB00487,2026-08-06,job_site,declined
ENT001264,CAN00654,JOB00698,2026-09-29,job_site,declined
ENT001265,CAN00655,JOB00502,2026-09-26,job_site,declined
ENT001266,CAN00655,JOB00545,2026-07-27,job_site,declined
ENT001267,CAN00656,JOB00597,2026-03-27,job_site,declined
ENT001268,CAN00656,JOB00418,2026-03-14,job_site,converted
ENT001269,CAN00656,JOB00799,2026-01-13,job_site,converted
ENT001270,CAN00656,JOB00625,2026-05-01,job_site,declined
ENT001271,CAN00656,JOB00640,2026-02-14,job_site,converted
ENT001272,CAN00657,JOB00062,2025-08-15,job_site,declined
ENT001273,CAN00658,JOB00122,2025-04-01,job_site,converted
ENT001274,CAN00659,JOB00643,2026-09-04,job_site,declined
ENT001275,CAN00659,JOB00497,2026-02-28,job_site,declined
ENT001276,CAN00659,JOB00547,2026-06-18,job_site,converted
ENT001277,CAN00660,JOB00781,2026-09-26,job_site,converted
ENT001278,CAN00660,JOB00545,2026-07-17,job_site,converted
ENT001279,CAN00660,JOB00668,2026-09-06,job_site,converted
ENT001280,CAN00662,JOB00682,2026-09-06,job_site,declined
ENT001281,CAN00662,JOB00641,2026-09-29,job_site,declined
ENT001282,CAN00662,JOB00554,2026-09-26,job_site,declined
ENT001283,CAN00663,JOB00788,2026-09-23,job_site,declined
ENT001284,CAN00663,JOB00457,2026-07-01,job_site,converted
ENT001285,CAN00663,JOB00520,2026-08-24,job_site,converted
ENT001286,CAN00664,JOB00062,2025-09-01,job_site,declined
ENT001287,CAN00664,JOB00099,2025-09-27,job_site,converted
ENT001288,CAN00664,JOB00044,2025-11-15,job_site,declined
ENT001289,CAN00665,JOB00247,2025-11-27,job_site,converted
ENT001290,CAN00665,JOB00296,2025-10-30,job_site,declined
ENT001291,CAN00666,JOB00669,2026-02-24,job_site,converted
ENT001292,CAN00667,JOB00525,2026-06-19,job_site,declined
ENT001294,CAN00668,JOB00440,2026-06-11,job_site,declined
ENT001295,CAN00668,JOB00457,2026-05-31,job_site,converted
ENT001296,CAN00669,JOB00721,2026-08-11,job_site,declined
ENT001297,CAN00669,JOB00714,2026-09-11,job_site,declined
ENT001298,CAN00670,JOB00678,2026-01-17,job_site,declined
ENT001299,CAN00670,JOB00003,2026-01-11,job_site,converted
ENT001302,CAN00672,JOB00780,2026-02-12,job_site,converted
ENT001303,CAN00673,JOB00681,2026-05-12,job_site,converted
ENT001304,CAN00673,JOB00656,2026-05-17,job_site,declined
ENT001305,CAN00673,JOB00520,2026-08-28,job_site,converted
ENT001306,CAN00673,JOB00770,2026-08-19,job_site,declined
ENT001307,CAN00673,JOB00614,2026-04-09,job_site,declined
ENT001308,CAN00673,JOB00782,2026-04-18,job_site,converted
ENT001309,CAN00675,JOB00356,2026-08-01,job_site,converted
ENT001310,CAN00675,JOB00596,2026-09-17,job_site,declined
ENT001311,CAN00675,JOB00568,2026-07-21,job_site,declined
ENT001312,CAN00676,JOB00416,2026-09-21,job_site,converted
ENT001313,CAN00677,JOB00360,2026-03-23,job_site,declined
ENT001314,CAN00678,JOB00121,2025-10-07,job_site,declined
ENT001315,CAN00679,JOB00638,2026-05-03,job_site,converted
ENT001316,CAN00679,JOB00590,2026-09-06,job_site,declined
ENT001317,CAN00679,JOB00380,2026-09-30,job_site,declined
ENT001318,CAN00680,JOB00664,2026-07-29,job_site,declined
ENT001319,CAN00680,JOB00492,2026-05-24,job_site,declined
ENT001320,CAN00681,JOB00003,2026-01-31,job_site,declined
ENT001321,CAN00681,JOB00360,2026-04-03,job_site,declined
ENT001322,CAN00682,JOB00105,2025-04-30,job_site,declined
ENT001323,CAN00682,JOB00112,2025-06-07,job_site,declined
ENT001324,CAN00682,JOB00025,2025-08-02,job_site,converted
ENT001325,CAN00683,JOB00555,2026-09-14,job_site,declined
ENT001326,CAN00684,JOB00313,2025-09-08,job_site,declined
ENT001327,CAN00684,JOB00378,2026-02-20,job_site,converted
ENT001328,CAN00685,JOB00087,2025-04-30,job_site,declined
ENT001329,CAN00686,JOB00607,2026-04-26,job_site,converted
ENT001330,CAN00687,JOB00581,2026-09-06,job_site,declined
ENT001331,CAN00687,JOB00459,2026-09-19,job_site,converted
ENT001332,CAN00687,JOB00797,2026-09-18,job_site,declined
ENT001333,CAN00687,JOB00502,2026-09-29,job_site,declined
ENT001334,CAN00688,JOB00622,2026-09-24,job_site,declined
ENT001335,CAN00688,JOB00478,2026-09-24,job_site,declined
ENT001336,CAN00688,JOB00517,2026-09-21,job_site,converted
ENT001337,CAN00688,JOB00454,2026-09-27,job_site,declined
ENT001338,CAN00689,JOB00684,2026-08-20,job_site,declined
ENT001339,CAN00689,JOB00469,2026-09-23,job_site,declined
ENT001340,CAN00691,JOB00536,2026-07-26,job_site,converted
ENT001343,CAN00691,JOB00490,2026-07-11,job_site,converted
ENT001345,CAN00694,JOB00607,2026-05-07,job_site,converted
ENT001346,CAN00694,JOB00635,2026-04-20,job_site,declined
ENT001347,CAN00694,JOB00570,2026-05-03,job_site,declined
ENT001348,CAN00694,JOB00622,2026-08-12,job_site,converted
ENT001349,CAN00694,JOB00571,2026-04-25,job_site,declined
ENT001350,CAN00694,JOB00423,2026-05-30,job_site,converted
ENT001351,CAN00695,JOB00349,2025-09-10,job_site,converted
ENT001352,CAN00695,JOB00284,2025-10-18,job_site,declined
ENT001353,CAN00695,JOB00140,2025-09-16,job_site,declined
ENT001354,CAN00696,JOB00540,2026-02-08,job_site,declined
ENT001355,CAN00698,JOB00677,2026-09-21,job_site,declined
ENT001356,CAN00698,JOB00503,2026-07-06,job_site,declined
ENT001357,CAN00699,JOB00777,2026-08-17,job_site,converted
ENT001358,CAN00699,JOB00590,2026-09-09,job_site,declined
ENT001359,CAN00700,JOB00036,2025-07-23,job_site,converted
ENT001360,CAN00701,JOB00652,2026-05-06,job_site,declined
ENT001361,CAN00701,JOB00357,2026-05-23,job_site,converted
ENT001362,CAN00702,JOB00215,2025-11-06,job_site,declined
ENT001363,CAN00702,JOB00591,2026-08-29,job_site,declined
ENT001364,CAN00703,JOB00465,2026-07-13,job_site,declined
ENT001365,CAN00704,JOB00533,2026-09-21,job_site,declined
ENT001366,CAN00704,JOB00390,2026-09-24,job_site,declined
ENT001367,CAN00704,JOB00764,2026-09-24,job_site,declined
ENT001368,CAN00704,JOB00628,2026-09-22,job_site,converted
ENT001369,CAN00705,JOB00721,2026-08-01,job_site,converted
ENT001370,CAN00705,JOB00459,2026-09-14,job_site,declined
ENT001371,CAN00705,JOB00104,2025-09-10,job_site,declined
ENT001372,CAN00706,JOB00512,2026-04-02,job_site,declined
ENT001373,CAN00707,JOB00465,2026-07-16,job_site,converted
ENT001374,CAN00707,JOB00775,2026-07-14,job_site,converted
ENT001375,CAN00708,JOB00183,2025-11-11,job_site,declined
ENT001376,CAN00710,JOB00787,2026-07-01,job_site,converted
ENT001377,CAN00710,JOB00379,2026-07-05,job_site,declined
ENT001383,CAN00714,JOB00420,2026-05-06,job_site,declined
ENT001388,CAN00716,JOB00674,2026-04-03,job_site,declined
ENT001389,CAN00716,JOB00403,2026-04-01,job_site,declined
ENT001390,CAN00718,JOB00153,2025-07-25,job_site,converted
ENT001391,CAN00719,JOB00510,2026-09-08,job_site,declined
ENT001392,CAN00720,JOB00148,2025-10-14,job_site,declined
ENT001393,CAN00721,JOB00617,2026-07-13,job_site,declined
ENT001394,CAN00721,JOB00695,2026-07-20,job_site,declined
ENT001395,CAN00723,JOB00511,2026-09-23,job_site,converted
ENT001396,CAN00723,JOB00372,2026-09-17,job_site,declined
ENT001397,CAN00724,JOB00145,2025-07-25,job_site,converted
ENT001398,CAN00724,JOB00346,2025-08-19,job_site,declined
ENT001400,CAN00725,JOB00643,2026-09-17,job_site,converted
ENT001401,CAN00726,JOB00068,2025-05-19,job_site,converted
ENT001402,CAN00726,JOB00042,2025-04-29,job_site,declined
ENT001406,CAN00728,JOB00235,2025-08-01,job_site,declined
ENT001407,CAN00728,JOB00312,2025-09-01,job_site,converted
ENT001408,CAN00728,JOB00153,2025-07-26,job_site,declined
ENT001409,CAN00729,JOB00360,2026-03-30,job_site,converted
ENT001410,CAN00729,JOB00450,2026-03-15,job_site,declined
ENT001413,CAN00730,JOB00154,2025-08-25,job_site,declined
ENT001414,CAN00730,JOB00299,2025-08-25,job_site,converted
ENT001415,CAN00731,JOB00483,2026-05-22,job_site,declined
ENT001416,CAN00731,JOB00746,2026-07-06,job_site,declined
ENT001417,CAN00731,JOB00390,2026-08-29,job_site,declined
ENT001418,CAN00732,JOB00702,2026-09-30,job_site,declined
ENT001419,CAN00732,JOB00519,2026-09-30,job_site,declined
ENT001420,CAN00733,JOB00322,2025-05-01,job_site,converted
ENT001421,CAN00734,JOB00649,2026-09-17,job_site,declined
ENT001423,CAN00737,JOB00384,2026-04-01,job_site,declined
ENT001424,CAN00737,JOB00605,2026-03-27,job_site,declined
ENT001425,CAN00738,JOB00660,2026-04-09,job_site,declined
ENT001426,CAN00738,JOB00434,2026-04-20,job_site,declined
ENT001427,CAN00739,JOB00170,2026-01-14,job_site,declined
ENT001428,CAN00739,JOB00493,2026-08-03,job_site,declined
ENT001429,CAN00740,JOB00739,2026-05-27,job_site,declined
ENT001433,CAN00741,JOB00609,2026-09-08,job_site,declined
ENT001434,CAN00741,JOB00410,2026-08-01,job_site,converted
ENT001435,CAN00742,JOB00635,2026-04-16,job_site,converted
ENT001436,CAN00742,JOB00363,2026-02-06,job_site,declined
ENT001437,CAN00742,JOB00703,2026-09-26,job_site,declined
ENT001438,CAN00742,JOB00585,2026-09-06,job_site,declined
ENT001439,CAN00744,JOB00502,2026-09-26,job_site,declined
ENT001440,CAN00744,JOB00399,2026-04-24,job_site,declined
ENT001441,CAN00745,JOB00710,2026-03-11,job_site,declined
ENT001442,CAN00745,JOB00617,2026-07-15,job_site,declined
ENT001443,CAN00745,JOB00188,2025-07-28,job_site,declined
ENT001444,CAN00746,JOB00417,2026-09-30,job_site,declined
ENT001445,CAN00746,JOB00724,2026-09-30,job_site,declined
ENT001446,CAN00746,JOB00761,2026-09-30,job_site,declined
ENT001447,CAN00747,JOB00531,2026-02-03,job_site,declined
ENT001448,CAN00748,JOB00169,2025-04-30,job_site,declined
ENT001449,CAN00748,JOB00587,2026-05-25,job_site,declined
ENT001450,CAN00748,JOB00240,2025-06-07,job_site,declined
ENT001451,CAN00749,JOB00384,2026-04-13,job_site,declined
ENT001452,CAN00749,JOB00743,2026-04-09,job_site,converted
ENT001453,CAN00749,JOB00479,2026-04-09,job_site,declined
ENT001454,CAN00749,JOB00467,2026-04-05,job_site,declined
ENT001455,CAN00750,JOB00667,2026-09-03,job_site,converted
ENT001456,CAN00752,JOB00302,2025-09-01,job_site,converted
ENT001457,CAN00753,JOB00580,2026-09-26,job_site,declined
ENT001458,CAN00753,JOB00739,2026-06-01,job_site,declined
ENT001459,CAN00753,JOB00429,2026-09-28,job_site,declined
ENT001460,CAN00754,JOB00316,2025-05-21,job_site,declined
ENT001461,CAN00756,JOB00432,2026-09-10,job_site,converted
ENT001462,CAN00756,JOB00500,2026-09-30,job_site,declined
ENT001463,CAN00757,JOB00494,2026-09-08,job_site,declined
ENT001464,CAN00757,JOB00452,2026-09-08,job_site,declined
ENT001465,CAN00757,JOB00564,2026-09-24,job_site,declined
ENT001466,CAN00757,JOB00429,2026-09-23,job_site,converted
ENT001467,CAN00758,JOB00599,2026-09-30,job_site,declined
ENT001468,CAN00759,JOB00414,2026-04-10,job_site,declined
ENT001469,CAN00760,JOB00193,2025-10-23,job_site,converted
ENT001470,CAN00760,JOB00478,2026-09-21,job_site,declined
ENT001471,CAN00760,JOB00674,2026-03-02,job_site,declined
ENT001472,CAN00761,JOB00519,2026-09-23,job_site,declined
ENT001473,CAN00762,JOB00531,2026-01-21,job_site,declined
ENT001474,CAN00762,JOB00582,2026-07-13,job_site,declined
ENT001475,CAN00762,JOB00423,2026-06-17,job_site,declined
ENT001476,CAN00763,JOB00320,2025-07-17,job_site,converted
ENT001479,CAN00764,JOB00109,2025-05-05,job_site,converted
ENT001480,CAN00764,JOB00195,2025-06-03,job_site,declined
ENT001481,CAN00765,JOB00601,2026-03-15,job_site,declined
ENT001482,CAN00765,JOB00750,2026-05-31,job_site,declined
ENT001483,CAN00765,JOB00419,2026-09-21,job_site,declined
ENT001484,CAN00766,JOB00676,2026-05-12,job_site,declined
ENT001485,CAN00768,JOB00553,2026-07-13,job_site,declined
ENT001487,CAN00771,JOB00658,2026-08-26,job_site,converted
ENT001488,CAN00772,JOB00579,2026-06-14,job_site,declined
ENT001489,CAN00772,JOB00699,2026-06-16,job_site,declined
ENT001492,CAN00774,JOB00230,2025-06-23,job_site,converted
ENT001493,CAN00775,JOB00761,2026-09-30,job_site,declined
ENT001494,CAN00775,JOB00776,2026-06-19,job_site,declined
ENT001495,CAN00775,JOB00517,2026-09-16,job_site,declined
ENT001496,CAN00776,JOB00429,2026-09-18,job_site,declined
ENT001497,CAN00776,JOB00667,2026-08-24,job_site,converted
ENT001498,CAN00777,JOB00179,2025-08-03,job_site,declined
ENT001499,CAN00778,JOB00591,2026-08-03,job_site,declined
ENT001500,CAN00778,JOB00636,2026-09-28,job_site,declined
ENT001501,CAN00780,JOB00592,2026-01-23,job_site,converted
ENT001503,CAN00782,JOB00149,2025-11-05,job_site,declined
ENT001504,CAN00782,JOB00450,2026-03-19,job_site,declined
ENT001505,CAN00782,JOB00641,2026-09-28,job_site,declined
ENT001506,CAN00782,JOB00642,2026-05-30,job_site,declined
ENT001507,CAN00783,JOB00711,2026-08-28,job_site,declined
ENT001508,CAN00783,JOB00613,2026-05-18,job_site,declined
ENT001509,CAN00783,JOB00004,2026-02-03,job_site,declined
ENT001510,CAN00784,JOB00755,2026-03-14,job_site,declined
ENT001511,CAN00784,JOB00040,2026-01-23,job_site,declined
ENT001512,CAN00784,JOB00666,2026-09-11,job_site,converted
ENT001513,CAN00785,JOB00697,2026-07-21,job_site,declined
ENT001514,CAN00785,JOB00664,2026-07-24,job_site,converted
ENT001515,CAN00787,JOB00348,2025-05-02,job_site,converted
ENT001517,CAN00789,JOB00161,2025-07-10,job_site,declined
ENT001518,CAN00789,JOB00141,2025-12-15,job_site,converted
ENT001519,CAN00789,JOB00497,2026-01-22,job_site,declined
ENT001520,CAN00789,JOB00432,2026-08-12,job_site,declined
ENT001521,CAN00790,JOB00419,2026-09-14,job_site,declined
ENT001522,CAN00790,JOB00703,2026-09-18,job_site,converted
ENT001523,CAN00790,JOB00453,2026-09-01,job_site,declined
ENT001524,CAN00791,JOB00725,2026-03-25,job_site,declined
ENT001525,CAN00792,JOB00630,2026-02-19,job_site,declined
ENT001526,CAN00792,JOB00102,2025-09-23,job_site,declined
ENT001527,CAN00792,JOB00396,2026-03-19,job_site,declined
ENT001528,CAN00792,JOB00448,2026-03-07,job_site,declined
ENT001529,CAN00794,JOB00044,2025-10-30,job_site,declined
ENT001530,CAN00794,JOB00418,2026-02-06,job_site,declined
ENT001531,CAN00794,JOB00029,2025-10-01,job_site,declined
ENT001532,CAN00794,JOB00123,2025-10-06,job_site,declined
ENT001533,CAN00795,JOB00694,2026-04-14,job_site,declined
ENT001534,CAN00796,JOB00629,2026-09-19,job_site,declined
ENT001535,CAN00797,JOB00679,2026-07-18,job_site,declined
ENT001536,CAN00797,JOB00760,2026-07-30,job_site,converted
ENT001537,CAN00797,JOB00433,2026-07-14,job_site,declined
ENT001538,CAN00798,JOB00297,2025-12-20,job_site,declined
ENT001539,CAN00798,JOB00206,2026-01-01,job_site,declined
ENT001543,CAN00800,JOB00587,2026-05-05,job_site,declined
ENT001544,CAN00800,JOB00744,2026-04-11,job_site,converted
ENT001545,CAN00800,JOB00598,2026-06-26,job_site,converted
ENT001546,CAN00800,JOB00359,2026-08-11,job_site,declined
ENT001547,CAN00800,JOB00775,2026-07-22,job_site,converted
ENT001548,CAN00801,JOB00058,2025-10-08,job_site,declined
ENT001549,CAN00802,JOB00632,2026-03-19,job_site,converted
ENT001550,CAN00802,JOB00633,2026-04-11,job_site,converted
ENT001551,CAN00802,JOB00274,2026-01-01,job_site,declined
ENT001552,CAN00802,JOB00678,2026-02-18,job_site,converted
ENT001553,CAN00803,JOB00103,2025-11-14,job_site,converted
ENT001554,CAN00803,JOB00263,2025-11-27,job_site,declined
ENT001555,CAN00803,JOB00282,2025-12-17,job_site,declined
ENT001556,CAN00804,JOB00165,2025-12-22,job_site,converted
ENT001557,CAN00804,JOB00495,2026-04-07,job_site,declined
ENT001558,CAN00805,JOB00558,2026-09-14,job_site,declined
ENT001559,CAN00805,JOB00641,2026-09-26,job_site,declined
ENT001560,CAN00807,JOB00729,2026-08-28,job_site,declined
ENT001561,CAN00807,JOB00417,2026-09-26,job_site,converted
ENT001562,CAN00807,JOB00649,2026-09-27,job_site,declined
ENT001563,CAN00807,JOB00427,2026-09-30,job_site,declined
ENT001564,CAN00807,JOB00390,2026-09-07,job_site,declined
ENT001565,CAN00807,JOB00555,2026-09-30,job_site,declined
ENT001569,CAN00809,JOB00753,2026-04-14,job_site,converted
ENT001570,CAN00810,JOB00709,2026-05-15,job_site,converted
ENT001571,CAN00810,JOB00787,2026-07-19,job_site,converted
ENT001572,CAN00810,JOB00275,2025-10-18,job_site,declined
ENT001573,CAN00811,JOB00788,2026-09-26,job_site,declined
ENT001574,CAN00812,JOB00626,2026-03-10,job_site,declined
ENT001575,CAN00812,JOB00172,2025-07-08,job_site,converted
ENT001576,CAN00812,JOB00730,2026-08-28,job_site,converted
ENT001577,CAN00813,JOB00502,2026-09-28,job_site,converted
ENT001578,CAN00813,JOB00788,2026-09-29,job_site,declined
ENT001579,CAN00813,JOB00544,2026-06-16,job_site,declined
ENT001580,CAN00813,JOB00746,2026-06-26,job_site,declined
ENT001581,CAN00813,JOB00474,2026-03-09,job_site,converted
ENT001582,CAN00813,JOB00556,2026-07-27,job_site,declined
ENT001583,CAN00814,JOB00628,2026-09-30,job_site,declined
ENT001584,CAN00814,JOB00596,2026-09-30,job_site,declined
ENT001585,CAN00815,JOB00447,2026-09-26,job_site,converted
ENT001586,CAN00815,JOB00643,2026-08-23,job_site,declined
ENT001587,CAN00815,JOB00480,2026-09-05,job_site,declined
ENT001588,CAN00815,JOB00777,2026-08-10,job_site,declined
ENT001589,CAN00816,JOB00599,2026-09-30,job_site,declined
ENT001590,CAN00816,JOB00159,2025-12-19,job_site,declined
ENT001591,CAN00816,JOB00713,2026-03-20,job_site,declined
ENT001592,CAN00817,JOB00340,2025-07-12,job_site,declined
ENT001593,CAN00817,JOB00198,2025-09-05,job_site,converted
ENT001594,CAN00818,JOB00506,2026-07-05,job_site,declined
ENT001595,CAN00818,JOB00401,2026-05-18,job_site,converted
ENT001596,CAN00818,JOB00581,2026-08-28,job_site,declined
ENT001597,CAN00819,JOB00721,2026-08-12,job_site,converted
ENT001598,CAN00819,JOB00398,2026-05-14,job_site,converted
ENT001599,CAN00820,JOB00675,2026-05-03,job_site,declined
ENT001600,CAN00820,JOB00485,2026-06-30,job_site,converted
ENT001601,CAN00821,JOB00104,2025-10-01,job_site,declined
ENT001602,CAN00821,JOB00458,2026-04-28,job_site,converted
ENT001603,CAN00821,JOB00742,2026-02-20,job_site,converted
ENT001604,CAN00822,JOB00136,2026-01-08,job_site,declined
ENT001605,CAN00822,JOB00255,2026-01-11,job_site,declined
ENT001606,CAN00822,JOB00076,2025-11-23,job_site,declined
ENT001607,CAN00822,JOB00031,2025-12-07,job_site,declined
ENT001608,CAN00822,JOB00058,2025-10-01,job_site,declined
ENT001614,CAN00824,JOB00617,2026-07-24,job_site,declined
ENT001615,CAN00825,JOB00654,2026-02-16,job_site,converted
ENT001616,CAN00825,JOB00499,2026-03-06,job_site,declined
ENT001621,CAN00827,JOB00500,2026-09-09,job_site,declined
ENT001622,CAN00827,JOB00620,2026-06-18,job_site,declined
ENT001623,CAN00827,JOB00595,2026-09-27,job_site,declined
ENT001624,CAN00828,JOB00329,2025-08-26,job_site,declined
ENT001625,CAN00829,JOB00453,2026-08-31,job_site,declined
ENT001626,CAN00830,JOB00441,2026-08-08,job_site,converted
ENT001627,CAN00831,JOB00749,2026-09-01,job_site,converted
ENT001628,CAN00831,JOB00494,2026-09-11,job_site,converted
ENT001629,CAN00831,JOB00581,2026-09-05,job_site,converted
ENT001630,CAN00831,JOB00790,2026-07-29,job_site,converted
ENT001631,CAN00831,JOB00452,2026-09-24,job_site,declined
ENT001632,CAN00831,JOB00666,2026-09-05,job_site,declined
ENT001633,CAN00832,JOB00582,2026-07-02,job_site,declined
ENT001634,CAN00832,JOB00738,2026-06-14,job_site,converted
ENT001635,CAN00832,JOB00399,2026-05-18,job_site,declined
ENT001636,CAN00832,JOB00620,2026-06-01,job_site,declined
ENT001637,CAN00833,JOB00620,2026-05-29,job_site,declined
ENT001638,CAN00834,JOB00323,2025-10-20,job_site,declined
ENT001645,CAN00837,JOB00439,2026-04-08,job_site,converted
ENT001652,CAN00838,JOB00191,2025-07-28,job_site,declined
ENT001653,CAN00838,JOB00567,2026-07-06,job_site,converted
ENT001654,CAN00838,JOB00619,2026-02-16,job_site,converted
ENT001655,CAN00838,JOB00696,2026-02-04,job_site,declined
ENT001656,CAN00838,JOB00558,2026-08-20,job_site,declined
ENT001657,CAN00839,JOB00668,2026-08-19,job_site,declined
ENT001658,CAN00839,JOB00799,2026-01-17,job_site,declined
ENT001659,CAN00840,JOB00510,2026-09-18,job_site,declined
ENT001660,CAN00841,JOB00558,2026-08-20,job_site,declined
ENT001661,CAN00841,JOB00679,2026-08-05,job_site,declined
ENT001662,CAN00843,JOB00479,2026-05-05,job_site,declined
ENT001663,CAN00843,JOB00532,2026-04-09,job_site,declined
ENT001667,CAN00845,JOB00522,2026-08-15,job_site,declined
ENT001668,CAN00845,JOB00628,2026-09-28,job_site,declined
ENT001669,CAN00846,JOB00388,2026-09-30,job_site,declined
ENT001670,CAN00846,JOB00643,2026-09-14,job_site,declined
ENT001671,CAN00846,JOB00417,2026-09-28,job_site,declined
ENT001672,CAN00846,JOB00468,2026-09-15,job_site,declined
ENT001673,CAN00846,JOB00668,2026-09-22,job_site,converted
ENT001674,CAN00847,JOB00585,2026-09-18,job_site,declined
ENT001680,CAN00853,JOB00629,2026-09-29,job_site,declined
ENT001681,CAN00853,JOB00478,2026-09-26,job_site,converted
ENT001682,CAN00854,JOB00110,2025-12-26,job_site,converted
ENT001683,CAN00854,JOB00170,2026-01-16,job_site,declined
ENT001684,CAN00855,JOB00353,2026-09-21,job_site,declined
ENT001685,CAN00855,JOB00726,2026-09-19,job_site,declined
ENT001686,CAN00857,JOB00425,2026-09-29,job_site,declined
ENT001687,CAN00858,JOB00138,2025-05-21,job_site,converted
ENT001688,CAN00858,JOB00087,2025-05-05,job_site,declined
ENT001689,CAN00858,JOB00269,2025-06-07,job_site,converted
ENT001690,CAN00858,JOB00072,2025-05-31,job_site,declined
ENT001691,CAN00859,JOB00395,2026-08-18,job_site,declined
ENT001692,CAN00859,JOB00751,2026-08-31,job_site,converted
ENT001693,CAN00860,JOB00022,2025-10-01,job_site,declined
ENT001694,CAN00861,JOB00549,2026-06-17,job_site,declined
ENT001695,CAN00861,JOB00649,2026-09-01,job_site,converted
ENT001696,CAN00861,JOB00556,2026-07-23,job_site,declined
ENT001697,CAN00862,JOB00452,2026-09-19,job_site,declined
ENT001698,CAN00862,JOB00702,2026-09-05,job_site,declined
ENT001699,CAN00863,JOB00742,2026-02-07,job_site,declined
ENT001700,CAN00864,JOB00298,2025-04-30,job_site,declined
ENT001701,CAN00865,JOB00125,2025-07-22,job_site,declined
ENT001702,CAN00865,JOB00009,2025-07-30,job_site,declined
ENT001703,CAN00866,JOB00480,2026-08-20,job_site,declined
ENT001704,CAN00866,JOB00431,2026-08-16,job_site,declined
ENT001705,CAN00867,JOB00683,2026-04-15,job_site,declined
ENT001706,CAN00867,JOB00689,2026-03-27,job_site,declined
ENT001707,CAN00867,JOB00401,2026-05-05,job_site,converted
ENT001708,CAN00868,JOB00608,2026-01-13,job_site,declined
ENT001712,CAN00871,JOB00155,2025-11-06,job_site,declined
ENT001713,CAN00872,JOB00514,2026-04-13,job_site,declined
ENT001714,CAN00873,JOB00532,2026-04-12,job_site,declined
ENT001715,CAN00874,JOB00760,2026-08-07,job_site,declined
ENT001716,CAN00874,JOB00386,2026-08-09,job_site,declined
ENT001717,CAN00875,JOB00624,2026-09-08,job_site,declined
ENT001718,CAN00876,JOB00558,2026-08-28,job_site,converted
ENT001719,CAN00876,JOB00397,2026-08-11,job_site,declined
ENT001720,CAN00876,JOB00714,2026-09-08,job_site,converted
ENT001721,CAN00876,JOB00484,2026-08-15,job_site,declined
ENT001722,CAN00877,JOB00147,2025-08-02,job_site,declined
ENT001723,CAN00877,JOB00384,2026-03-01,job_site,converted
ENT001724,CAN00877,JOB00181,2026-01-08,job_site,converted
ENT001725,CAN00877,JOB00167,2025-08-14,job_site,declined
ENT001726,CAN00878,JOB00727,2026-03-27,job_site,declined
ENT001727,CAN00878,JOB00365,2026-06-02,job_site,declined
ENT001728,CAN00879,JOB00316,2025-05-04,job_site,converted
ENT001729,CAN00880,JOB00770,2026-08-23,job_site,declined
ENT001730,CAN00880,JOB00627,2026-07-25,job_site,declined
ENT001731,CAN00880,JOB00714,2026-09-18,job_site,declined
ENT001732,CAN00881,JOB00237,2025-06-06,job_site,converted
ENT001735,CAN00882,JOB00768,2026-07-21,job_site,declined
ENT001736,CAN00882,JOB00423,2026-06-13,job_site,converted
ENT001740,CAN00883,JOB00589,2026-05-26,job_site,declined
ENT001741,CAN00885,JOB00658,2026-08-26,job_site,declined
ENT001742,CAN00886,JOB00642,2026-06-12,job_site,converted
ENT001743,CAN00887,JOB00165,2025-12-24,job_site,declined
ENT001744,CAN00887,JOB00718,2026-03-24,job_site,declined
ENT001745,CAN00887,JOB00619,2026-03-04,job_site,declined
ENT001746,CAN00887,JOB00083,2026-01-27,job_site,declined
ENT001747,CAN00887,JOB00554,2026-09-05,job_site,converted
ENT001748,CAN00888,JOB00453,2026-08-03,job_site,declined
ENT001749,CAN00888,JOB00721,2026-08-18,job_site,declined
ENT001750,CAN00889,JOB00786,2026-05-24,job_site,declined
ENT001751,CAN00889,JOB00687,2026-09-01,job_site,converted
ENT001752,CAN00889,JOB00455,2026-06-21,job_site,declined
ENT001753,CAN00889,JOB00599,2026-09-30,job_site,declined
ENT001754,CAN00891,JOB00082,2025-06-15,job_site,converted
ENT001756,CAN00891,JOB00343,2025-12-01,job_site,converted
ENT001759,CAN00892,JOB00640,2026-03-12,job_site,declined
ENT001760,CAN00893,JOB00145,2025-06-17,job_site,declined
ENT001761,CAN00893,JOB00069,2025-05-13,job_site,declined
ENT001762,CAN00894,JOB00618,2026-09-13,job_site,converted
ENT001763,CAN00894,JOB00637,2026-04-18,job_site,declined
ENT001764,CAN00895,JOB00731,2026-04-07,job_site,declined
ENT001765,CAN00896,JOB00606,2026-03-10,job_site,converted
ENT001766,CAN00896,JOB00480,2026-08-01,job_site,declined
ENT001768,CAN00899,JOB00478,2026-09-21,job_site,converted
ENT001769,CAN00899,JOB00698,2026-09-29,job_site,declined
ENT001770,CAN00899,JOB00456,2026-09-30,job_site,declined
ENT001771,CAN00899,JOB00554,2026-09-27,job_site,converted
ENT001772,CAN00901,JOB00741,2026-01-31,job_site,declined
ENT001773,CAN00901,JOB00611,2026-03-20,job_site,converted
ENT001774,CAN00905,JOB00781,2026-09-28,job_site,declined
ENT001777,CAN00907,JOB00375,2026-07-13,job_site,converted
ENT001778,CAN00907,JOB00410,2026-07-23,job_site,converted
ENT001779,CAN00907,JOB00362,2026-06-16,job_site,declined
ENT001780,CAN00907,JOB00627,2026-06-15,job_site,declined
ENT001781,CAN00907,JOB00664,2026-06-28,job_site,converted
ENT001782,CAN00908,JOB00711,2026-07-18,job_site,declined
ENT001783,CAN00909,JOB00137,2025-05-02,job_site,declined
ENT001784,CAN00909,JOB00186,2025-05-12,job_site,declined
ENT001785,CAN00909,JOB00108,2025-05-05,job_site,declined
ENT001786,CAN00909,JOB00025,2025-08-05,job_site,declined
ENT001787,CAN00910,JOB00630,2026-02-23,job_site,declined
ENT001788,CAN00910,JOB00646,2026-08-04,job_site,declined
ENT001792,CAN00912,JOB00372,2026-09-29,job_site,declined
ENT001793,CAN00912,JOB00590,2026-09-28,job_site,declined
ENT001794,CAN00913,JOB00658,2026-09-25,job_site,converted
ENT001795,CAN00913,JOB00590,2026-09-26,job_site,declined
ENT001796,CAN00914,JOB00770,2026-09-01,job_site,declined
ENT001797,CAN00914,JOB00494,2026-09-17,job_site,declined
ENT001798,CAN00915,JOB00198,2025-09-23,job_site,converted
ENT001799,CAN00915,JOB00429,2026-09-23,job_site,declined
ENT001800,CAN00915,JOB00586,2026-02-28,job_site,declined
ENT001801,CAN00917,JOB00747,2026-07-01,job_site,declined
ENT001802,CAN00917,JOB00645,2026-07-23,job_site,declined
ENT001803,CAN00918,JOB00512,2026-04-23,job_site,declined
ENT001804,CAN00919,JOB00397,2026-07-10,job_site,declined
ENT001805,CAN00919,JOB00770,2026-07-23,job_site,converted
ENT001806,CAN00920,JOB00634,2026-02-15,job_site,declined
ENT001807,CAN00920,JOB00285,2025-12-03,job_site,declined
ENT001808,CAN00921,JOB00405,2026-02-09,job_site,converted
ENT001809,CAN00921,JOB00463,2026-05-11,job_site,declined
ENT001810,CAN00922,JOB00620,2026-06-01,job_site,declined
ENT001811,CAN00922,JOB00364,2026-04-23,job_site,declined
ENT001812,CAN00922,JOB00777,2026-08-04,job_site,converted
ENT001813,CAN00923,JOB00343,2025-11-30,job_site,converted
ENT001814,CAN00923,JOB00197,2025-07-21,job_site,declined
ENT001815,CAN00924,JOB00354,2026-03-07,job_site,declined
ENT001816,CAN00924,JOB00780,2026-01-15,job_site,declined
ENT001817,CAN00924,JOB00328,2026-02-05,job_site,declined
ENT001818,CAN00924,JOB00380,2026-09-19,job_site,declined
ENT001819,CAN00924,JOB00580,2026-09-20,job_site,declined
ENT001820,CAN00925,JOB00564,2026-09-17,job_site,converted
ENT001821,CAN00926,JOB00188,2025-08-15,job_site,declined
ENT001822,CAN00927,JOB00287,2025-11-18,job_site,converted
ENT001823,CAN00927,JOB00148,2025-11-20,job_site,converted
ENT001824,CAN00927,JOB00419,2026-08-31,job_site,converted
ENT001825,CAN00928,JOB00288,2025-11-28,job_site,declined
ENT001826,CAN00928,JOB00422,2026-02-09,job_site,declined
ENT001827,CAN00928,JOB00729,2026-07-28,job_site,declined
ENT001828,CAN00929,JOB00087,2025-05-22,job_site,declined
ENT001829,CAN00929,JOB00222,2025-06-06,job_site,converted
ENT001832,CAN00930,JOB00717,2026-03-11,job_site,declined
ENT001833,CAN00930,JOB00354,2026-02-23,job_site,converted
ENT001835,CAN00932,JOB00630,2026-03-20,job_site,declined
ENT001836,CAN00932,JOB00653,2026-06-08,job_site,converted
ENT001837,CAN00932,JOB00521,2026-03-19,job_site,declined
ENT001838,CAN00934,JOB00760,2026-08-06,job_site,declined
ENT001839,CAN00935,JOB00646,2026-07-23,job_site,declined
ENT001840,CAN00935,JOB00148,2025-10-19,job_site,declined
ENT001841,CAN00936,JOB00396,2026-03-15,job_site,declined
ENT001842,CAN00936,JOB00599,2026-09-30,job_site,declined
ENT001843,CAN00937,JOB00760,2026-08-02,job_site,declined
ENT001844,CAN00937,JOB00748,2026-09-09,job_site,declined
ENT001847,CAN00941,JOB00795,2026-05-14,job_site,declined
ENT001848,CAN00941,JOB00463,2026-05-12,job_site,declined
ENT001849,CAN00942,JOB00598,2026-06-18,job_site,converted
ENT001850,CAN00942,JOB00797,2026-09-22,job_site,declined
ENT001851,CAN00942,JOB00773,2026-02-28,job_site,declined
ENT001852,CAN00942,JOB00612,2026-05-19,job_site,declined
ENT001853,CAN00942,JOB00774,2026-07-05,job_site,declined
ENT001854,CAN00942,JOB00284,2025-10-07,job_site,declined
ENT001855,CAN00943,JOB00148,2025-10-13,job_site,declined
ENT001856,CAN00943,JOB00176,2025-09-11,job_site,declined
ENT001857,CAN00943,JOB00198,2025-09-23,job_site,declined
ENT001858,CAN00944,JOB00714,2026-08-19,job_site,declined
ENT001859,CAN00944,JOB00476,2026-03-05,job_site,converted
ENT001860,CAN00944,JOB00652,2026-04-30,job_site,declined
ENT001861,CAN00945,JOB00458,2026-05-13,job_site,declined
ENT001862,CAN00945,JOB00470,2026-05-20,job_site,declined
ENT001863,CAN00946,JOB00770,2026-08-31,job_site,declined
ENT001864,CAN00946,JOB00128,2026-01-08,job_site,declined
ENT001865,CAN00946,JOB00758,2026-03-29,job_site,declined
ENT001866,CAN00946,JOB00520,2026-08-31,job_site,declined
ENT001867,CAN00946,JOB00537,2026-02-09,job_site,declined
ENT001868,CAN00947,JOB00176,2025-08-06,job_site,declined
ENT001869,CAN00948,JOB00394,2026-04-29,job_site,declined
ENT001870,CAN00949,JOB00713,2026-03-30,job_site,declined
ENT001871,CAN00949,JOB00245,2025-12-17,job_site,declined
ENT001872,CAN00949,JOB00158,2025-05-15,job_site,declined
ENT001873,CAN00949,JOB00092,2025-12-28,job_site,converted
ENT001874,CAN00949,JOB00552,2026-02-19,job_site,declined
ENT001875,CAN00950,JOB00291,2025-10-28,job_site,declined
ENT001876,CAN00950,JOB00056,2025-12-22,job_site,declined
ENT001877,CAN00950,JOB00719,2026-09-20,job_site,declined
ENT001878,CAN00951,JOB00466,2026-05-31,job_site,converted
ENT001879,CAN00952,JOB00083,2026-01-22,job_site,declined
ENT001881,CAN00954,JOB00738,2026-07-13,job_site,declined
ENT001882,CAN00954,JOB00568,2026-07-05,job_site,converted
ENT001883,CAN00954,JOB00461,2026-09-22,job_site,converted
ENT001884,CAN00954,JOB00380,2026-09-27,job_site,declined
ENT001885,CAN00955,JOB00730,2026-08-22,job_site,declined
ENT001886,CAN00956,JOB00198,2025-09-27,job_site,declined
ENT001887,CAN00956,JOB00117,2025-09-29,job_site,converted
ENT001888,CAN00958,JOB00153,2025-07-23,job_site,declined
ENT001889,CAN00958,JOB00292,2025-07-17,job_site,declined
ENT001890,CAN00959,JOB00702,2026-09-06,job_site,declined
ENT001891,CAN00959,JOB00752,2026-04-01,job_site,declined
ENT001892,CAN00959,JOB00789,2026-05-19,job_site,converted
ENT001893,CAN00959,JOB00527,2026-03-06,job_site,converted
ENT001895,CAN00962,JOB00054,2025-12-08,job_site,declined
ENT001896,CAN00963,JOB00413,2026-08-08,job_site,declined
ENT001897,CAN00963,JOB00364,2026-04-21,job_site,converted
ENT001898,CAN00963,JOB00517,2026-09-15,job_site,converted
ENT001899,CAN00966,JOB00433,2026-06-26,job_site,declined
ENT001900,CAN00966,JOB00517,2026-09-17,job_site,declined
ENT001901,CAN00966,JOB00457,2026-07-06,job_site,converted
ENT001902,CAN00967,JOB00472,2026-05-23,job_site,converted
ENT001903,CAN00967,JOB00650,2026-09-16,job_site,declined
ENT001904,CAN00968,JOB00572,2026-09-23,job_site,declined
ENT001905,CAN00968,JOB00719,2026-09-20,job_site,converted
ENT001906,CAN00968,JOB00655,2026-09-22,job_site,declined
ENT001907,CAN00968,JOB00720,2026-09-27,job_site,declined
ENT001908,CAN00968,JOB00749,2026-09-28,job_site,declined
ENT001909,CAN00969,JOB00564,2026-09-21,job_site,declined
ENT001910,CAN00969,JOB00641,2026-09-23,job_site,declined
ENT001913,CAN00972,JOB00781,2026-09-30,job_site,declined
ENT001914,CAN00972,JOB00480,2026-08-04,job_site,declined
ENT001915,CAN00972,JOB00403,2026-03-06,job_site,declined
ENT001923,CAN00975,JOB00473,2026-02-10,job_site,declined
ENT001924,CAN00976,JOB00126,2025-10-18,job_site,converted
ENT001925,CAN00977,JOB00737,2026-08-04,job_site,declined
ENT001928,CAN00979,JOB00275,2025-11-05,job_site,converted
ENT001930,CAN00980,JOB00647,2026-06-24,job_site,converted
ENT001931,CAN00981,JOB00271,2025-08-31,job_site,converted
ENT001932,CAN00982,JOB00546,2026-05-26,job_site,declined
ENT001933,CAN00983,JOB00692,2026-07-21,job_site,converted
ENT001934,CAN00984,JOB00402,2026-05-05,job_site,declined
ENT001935,CAN00984,JOB00478,2026-09-30,job_site,declined
ENT001936,CAN00985,JOB00305,2025-11-04,job_site,declined
ENT001937,CAN00985,JOB00159,2025-11-07,job_site,declined
ENT001940,CAN00987,JOB00480,2026-07-24,job_site,declined
ENT001941,CAN00987,JOB00433,2026-07-11,job_site,declined
ENT001942,CAN00988,JOB00043,2025-08-21,job_site,declined
ENT001944,CAN00990,JOB00505,2026-05-15,job_site,declined
ENT001945,CAN00990,JOB00544,2026-07-01,job_site,declined
ENT001950,CAN00992,JOB00746,2026-06-24,job_site,declined
ENT001951,CAN00993,JOB00487,2026-08-17,job_site,converted
ENT001952,CAN00993,JOB00212,2025-09-25,job_site,converted
ENT001953,CAN00993,JOB00509,2026-09-28,job_site,declined
ENT001954,CAN00994,JOB00684,2026-07-28,job_site,declined
ENT001955,CAN00994,JOB00484,2026-07-21,job_site,declined
ENT001956,CAN00994,JOB00688,2026-05-31,job_site,converted
ENT001957,CAN00994,JOB00591,2026-08-27,job_site,declined
ENT001958,CAN00995,JOB00597,2026-03-13,job_site,converted
ENT001959,CAN00995,JOB00040,2026-02-07,job_site,converted
ENT001960,CAN00995,JOB00205,2025-12-16,job_site,declined
ENT001961,CAN00998,JOB00579,2026-06-14,job_site,declined
ENT001962,CAN00998,JOB00420,2026-04-21,job_site,declined
ENT001963,CAN00999,JOB00522,2026-08-04,job_site,converted
ENT001964,CAN00999,JOB00650,2026-09-13,job_site,converted
ENT001965,CAN00999,JOB00686,2026-06-11,job_site,declined
ENT001966,CAN01000,JOB00364,2026-04-24,job_site,declined
ENT001967,CAN01000,JOB00690,2026-04-26,job_site,declined
ENT001968,CAN01000,JOB00575,2026-07-21,job_site,converted
ENT001969,CAN01000,JOB00616,2026-05-26,job_site,converted
ENT001970,CAN01000,JOB00598,2026-06-01,job_site,declined
ENT001971,CAN01000,JOB00766,2026-03-18,job_site,declined
ENT001972,CAN01000,JOB00586,2026-03-20,job_site,declined
ENT001973,CAN01000,JOB00678,2026-02-24,job_site,declined
ENT001974,CAN01000,JOB00518,2026-06-16,job_site,declined
ENT001976,CAN01002,JOB00522,2026-07-17,job_site,declined
ENT001977,CAN01002,JOB00617,2026-08-17,job_site,declined
ENT001978,CAN01004,JOB00800,2026-09-30,job_site,declined
ENT001979,CAN01005,JOB00434,2026-03-25,job_site,declined
ENT001980,CAN01005,JOB00421,2026-07-02,job_site,declined
ENT001981,CAN01006,JOB00721,2026-08-19,job_site,declined
ENT001982,CAN01006,JOB00578,2026-07-23,job_site,converted
ENT001983,CAN01007,JOB00092,2025-12-01,job_site,converted
ENT001984,CAN01007,JOB00243,2025-05-06,job_site,declined
ENT001986,CAN01009,JOB00726,2026-09-28,job_site,declined
ENT001987,CAN01009,JOB00502,2026-09-27,job_site,declined
ENT001988,CAN01009,JOB00483,2026-06-29,job_site,declined
ENT001989,CAN01009,JOB00748,2026-09-17,job_site,declined
ENT001991,CAN01011,JOB00432,2026-09-13,job_site,declined
ENT001992,CAN01011,JOB00280,2025-07-05,job_site,declined
ENT001993,CAN01012,JOB00332,2025-10-27,job_site,declined
ENT001994,CAN01012,JOB00700,2026-03-31,job_site,declined
ENT001995,CAN01013,JOB00468,2026-09-11,job_site,declined
ENT001996,CAN01013,JOB00761,2026-09-30,job_site,declined
ENT001997,CAN01013,JOB00668,2026-08-11,job_site,converted
ENT001998,CAN01013,JOB00609,2026-09-08,job_site,declined
ENT001999,CAN01013,JOB00784,2026-08-13,job_site,declined
ENT002000,CAN01013,JOB00645,2026-06-17,job_site,declined
ENT002011,CAN01017,JOB00497,2026-01-22,job_site,declined
ENT002012,CAN01017,JOB00415,2026-07-15,job_site,declined
ENT002013,CAN01017,JOB00111,2025-04-29,job_site,declined
ENT002014,CAN01017,JOB00361,2026-03-10,job_site,declined
ENT002015,CAN01017,JOB00396,2026-03-23,job_site,declined
ENT002016,CAN01018,JOB00781,2026-09-17,job_site,converted
ENT002017,CAN01018,JOB00732,2026-05-19,job_site,declined
ENT002018,CAN01020,JOB00590,2026-09-25,job_site,converted
ENT002019,CAN01020,JOB00703,2026-09-24,job_site,declined
ENT002020,CAN01020,JOB00585,2026-09-10,job_site,converted
ENT002021,CAN01021,JOB00625,2026-04-14,job_site,converted
ENT002022,CAN01021,JOB00620,2026-05-27,job_site,declined
ENT002023,CAN01022,JOB00591,2026-07-25,job_site,declined
ENT002024,CAN01022,JOB00003,2026-01-29,job_site,converted
ENT002025,CAN01022,JOB00718,2026-04-20,job_site,declined
ENT002028,CAN01024,JOB00339,2025-10-06,job_site,declined
ENT002029,CAN01025,JOB00766,2026-04-02,job_site,declined
ENT002030,CAN01025,JOB00526,2026-04-06,job_site,declined
ENT002031,CAN01025,JOB00609,2026-09-13,job_site,converted
ENT002032,CAN01026,JOB00446,2026-07-21,job_site,converted
ENT002033,CAN01026,JOB00417,2026-09-21,job_site,declined
ENT002034,CAN01027,JOB00684,2026-08-11,job_site,declined
ENT002035,CAN01028,JOB00413,2026-08-17,job_site,declined
ENT002036,CAN01029,JOB00565,2026-08-20,job_site,declined
ENT002037,CAN01029,JOB00391,2026-03-18,job_site,converted
ENT002038,CAN01029,JOB00490,2026-07-11,job_site,declined
ENT002039,CAN01029,JOB00498,2026-03-15,job_site,converted
ENT002040,CAN01029,JOB00513,2026-05-24,job_site,declined
ENT002041,CAN01030,JOB00425,2026-09-30,job_site,declined
ENT002042,CAN01030,JOB00545,2026-07-29,job_site,declined
ENT002043,CAN01030,JOB00764,2026-09-19,job_site,converted
ENT002044,CAN01031,JOB00456,2026-09-24,job_site,converted
ENT002045,CAN01031,JOB00421,2026-07-22,job_site,declined
ENT002046,CAN01031,JOB00719,2026-09-25,job_site,converted
ENT002049,CAN01034,JOB00512,2026-05-09,job_site,declined
ENT002050,CAN01034,JOB00657,2026-05-04,job_site,declined
ENT002051,CAN01036,JOB00395,2026-08-16,job_site,converted
ENT002052,CAN01036,JOB00725,2026-03-25,job_site,declined
ENT002053,CAN01037,JOB00521,2026-03-17,job_site,converted
ENT002056,CAN01041,JOB00760,2026-09-03,job_site,declined
ENT002057,CAN01042,JOB00509,2026-09-29,job_site,declined
ENT002058,CAN01042,JOB00702,2026-09-20,job_site,declined
ENT002059,CAN01042,JOB00536,2026-06-15,job_site,declined
ENT002060,CAN01042,JOB00492,2026-05-20,job_site,converted
ENT002061,CAN01042,JOB00520,2026-08-11,job_site,declined
ENT002062,CAN01042,JOB00666,2026-09-22,job_site,declined
ENT002065,CAN01044,JOB00297,2025-12-09,job_site,converted
ENT002066,CAN01044,JOB00685,2026-04-07,job_site,declined
ENT002067,CAN01045,JOB00715,2026-02-12,job_site,declined
ENT002068,CAN01045,JOB00694,2026-04-03,job_site,declined
ENT002069,CAN01045,JOB00170,2025-12-14,job_site,declined
ENT002070,CAN01048,JOB00702,2026-09-15,job_site,declined
ENT002071,CAN01050,JOB00377,2026-07-30,job_site,declined
ENT002072,CAN01050,JOB00487,2026-08-13,job_site,declined
ENT002073,CAN01051,JOB00412,2026-08-30,job_site,declined
ENT002074,CAN01051,JOB00366,2026-03-19,job_site,declined
ENT002075,CAN01052,JOB00634,2026-02-21,job_site,declined
ENT002076,CAN01054,JOB00141,2025-12-23,job_site,declined
ENT002077,CAN01055,JOB00786,2026-06-05,job_site,declined
ENT002078,CAN01055,JOB00575,2026-07-29,job_site,converted
ENT002079,CAN01056,JOB00467,2026-03-09,job_site,declined
ENT002080,CAN01056,JOB00599,2026-09-30,job_site,declined
ENT002082,CAN01058,JOB00770,2026-08-15,job_site,declined
ENT002083,CAN01059,JOB00254,2025-04-27,job_site,converted
ENT002084,CAN01060,JOB00395,2026-07-16,job_site,declined
ENT002085,CAN01061,JOB00615,2026-05-26,job_site,converted
ENT002086,CAN01061,JOB00413,2026-07-20,job_site,declined
ENT002087,CAN01061,JOB00787,2026-07-20,job_site,declined
ENT002088,CAN01062,JOB00777,2026-09-14,job_site,declined
ENT002089,CAN01064,JOB00261,2025-04-07,job_site,declined
ENT002090,CAN01064,JOB00342,2025-04-10,job_site,declined
ENT002091,CAN01065,JOB00686,2026-06-01,job_site,declined
ENT002093,CAN01067,JOB00313,2025-10-05,job_site,converted
ENT002094,CAN01067,JOB00304,2025-07-05,job_site,declined
ENT002099,CAN01070,JOB00632,2026-03-14,job_site,declined
ENT002105,CAN01073,JOB00722,2026-02-20,job_site,declined
ENT002106,CAN01073,JOB00031,2025-12-11,job_site,converted
ENT002107,CAN01074,JOB00402,2026-05-12,job_site,converted
ENT002108,CAN01074,JOB00601,2026-03-23,job_site,declined
ENT002109,CAN01075,JOB00514,2026-04-01,job_site,converted
ENT002110,CAN01075,JOB00447,2026-09-28,job_site,declined
ENT002111,CAN01075,JOB00700,2026-05-04,job_site,declined
ENT002112,CAN01075,JOB00288,2025-12-19,job_site,converted
ENT002113,CAN01076,JOB00602,2026-05-30,job_site,converted
ENT002114,CAN01076,JOB00636,2026-09-28,job_site,declined
ENT002115,CAN01076,JOB00288,2025-11-15,job_site,declined
ENT002116,CAN01077,JOB00723,2026-08-05,job_site,declined
ENT002117,CAN01077,JOB00457,2026-07-09,job_site,converted
ENT002118,CAN01077,JOB00710,2026-04-08,job_site,converted
ENT002119,CAN01077,JOB00545,2026-07-05,job_site,declined
ENT002124,CAN01080,JOB00016,2025-11-06,job_site,declined
ENT002125,CAN01081,JOB00672,2026-05-20,job_site,declined
ENT002127,CAN01081,JOB00532,2026-04-19,job_site,converted
ENT002128,CAN01082,JOB00066,2025-11-06,job_site,declined
ENT002129,CAN01082,JOB00020,2025-09-04,job_site,converted
ENT002130,CAN01082,JOB00029,2025-10-01,job_site,converted
ENT002131,CAN01082,JOB00680,2026-07-02,job_site,declined
ENT002132,CAN01083,JOB00545,2026-07-24,job_site,converted
ENT002133,CAN01084,JOB00769,2026-02-05,job_site,declined
ENT002134,CAN01084,JOB00530,2026-03-23,job_site,converted
ENT002135,CAN01085,JOB00668,2026-08-23,job_site,converted
ENT002136,CAN01085,JOB00238,2026-02-01,job_site,declined
ENT002138,CAN01087,JOB00534,2026-03-25,job_site,declined
ENT002139,CAN01087,JOB00083,2025-12-25,job_site,converted
ENT002140,CAN01087,JOB00217,2026-01-23,job_site,declined
ENT002141,CAN01087,JOB00054,2025-12-10,job_site,declined
ENT002142,CAN01088,JOB00677,2026-09-28,job_site,declined
ENT002143,CAN01090,JOB00687,2026-07-28,job_site,converted
ENT002145,CAN01091,JOB00195,2025-07-18,job_site,declined
ENT002146,CAN01091,JOB00312,2025-08-31,job_site,converted
ENT002148,CAN01093,JOB00491,2026-03-10,job_site,converted
ENT002149,CAN01094,JOB00043,2025-08-22,job_site,declined
ENT002151,CAN01094,JOB00346,2025-08-15,job_site,declined
ENT002154,CAN01094,JOB00191,2025-08-11,job_site,declined
ENT002155,CAN01094,JOB00152,2025-08-14,job_site,declined
ENT002156,CAN01095,JOB00605,2026-03-19,job_site,converted
ENT002157,CAN01096,JOB00030,2025-12-15,job_site,declined
ENT002158,CAN01097,JOB00493,2026-08-29,job_site,declined
ENT002159,CAN01097,JOB00438,2026-09-30,job_site,declined
ENT002160,CAN01097,JOB00365,2026-06-30,job_site,declined
ENT002161,CAN01097,JOB00580,2026-09-26,job_site,converted
ENT002162,CAN01097,JOB00559,2026-08-23,job_site,declined
ENT002163,CAN01097,JOB00800,2026-09-15,job_site,declined
ENT002164,CAN01097,JOB00675,2026-05-23,job_site,declined
ENT002167,CAN01099,JOB00655,2026-09-22,job_site,declined
ENT002168,CAN01100,JOB00580,2026-09-19,job_site,declined
ENT002169,CAN01100,JOB00746,2026-07-19,job_site,converted
ENT002170,CAN01101,JOB00516,2026-08-22,job_site,converted
ENT002171,CAN01102,JOB00648,2026-03-15,job_site,declined
ENT002172,CAN01102,JOB00438,2026-09-30,job_site,declined
ENT002173,CAN01102,JOB00785,2026-03-19,job_site,declined
ENT002174,CAN01102,JOB00673,2026-06-27,job_site,declined
ENT002175,CAN01102,JOB00337,2026-01-18,job_site,declined
ENT002176,CAN01103,JOB00397,2026-07-29,job_site,declined
ENT002177,CAN01103,JOB00462,2026-05-14,job_site,converted
ENT002179,CAN01105,JOB00062,2025-08-04,job_site,declined
ENT002180,CAN01106,JOB00012,2025-09-28,job_site,declined
ENT002182,CAN01107,JOB00725,2026-04-07,job_site,converted
ENT002183,CAN01108,JOB00691,2026-03-10,job_site,declined
ENT002185,CAN01108,JOB00630,2026-03-21,job_site,declined
ENT002186,CAN01108,JOB00396,2026-03-15,job_site,converted
ENT002187,CAN01109,JOB00141,2026-01-02,job_site,converted
ENT002190,CAN01111,JOB00515,2026-05-23,job_site,declined
ENT002191,CAN01111,JOB00568,2026-07-07,job_site,converted
ENT002192,CAN01111,JOB00475,2026-04-13,job_site,converted
ENT002193,CAN01111,JOB00753,2026-05-14,job_site,declined
ENT002194,CAN01113,JOB00768,2026-08-19,job_site,declined
ENT002195,CAN01114,JOB00781,2026-09-21,job_site,declined
ENT002196,CAN01114,JOB00447,2026-09-28,job_site,declined
ENT002199,CAN01117,JOB00448,2026-02-15,job_site,declined
ENT002200,CAN01117,JOB00793,2026-02-09,job_site,converted
ENT002201,CAN01118,JOB00146,2025-06-29,job_site,declined
ENT002202,CAN01118,JOB00326,2025-07-03,job_site,declined
ENT002203,CAN01119,JOB00269,2025-05-21,job_site,declined
ENT002204,CAN01122,JOB00387,2026-03-15,job_site,converted
ENT002205,CAN01122,JOB00615,2026-04-25,job_site,declined
ENT002206,CAN01122,JOB00733,2026-05-30,job_site,converted
ENT002207,CAN01122,JOB00526,2026-04-05,job_site,converted
ENT002208,CAN01122,JOB00396,2026-04-08,job_site,converted
ENT002209,CAN01124,JOB00787,2026-06-17,job_site,declined
ENT002210,CAN01124,JOB00694,2026-04-21,job_site,declined
ENT002211,CAN01124,JOB00701,2026-02-25,job_site,declined
ENT002212,CAN01124,JOB00742,2026-02-25,job_site,declined
ENT002213,CAN01126,JOB00695,2026-08-15,job_site,declined
ENT002214,CAN01126,JOB00708,2026-09-03,job_site,declined
ENT002215,CAN01126,JOB00522,2026-08-19,job_site,converted
ENT002216,CAN01126,JOB00566,2026-06-10,job_site,converted
ENT002217,CAN01127,JOB00657,2026-05-06,job_site,declined
ENT002218,CAN01127,JOB00724,2026-09-27,job_site,declined
ENT002219,CAN01128,JOB00624,2026-08-14,job_site,declined
ENT002220,CAN01128,JOB00453,2026-09-05,job_site,declined
ENT002221,CAN01129,JOB00371,2026-04-06,job_site,converted
ENT002222,CAN01129,JOB00527,2026-03-05,job_site,declined
ENT002223,CAN01129,JOB00135,2025-11-08,job_site,declined
ENT002224,CAN01129,JOB00243,2025-05-31,job_site,converted
ENT002225,CAN01130,JOB00524,2026-06-27,job_site,declined
ENT002226,CAN01130,JOB00782,2026-04-08,job_site,declined
ENT002227,CAN01130,JOB00563,2026-04-18,job_site,declined
ENT002228,CAN01131,JOB00623,2026-07-20,job_site,declined
ENT002229,CAN01131,JOB00487,2026-08-15,job_site,declined
ENT002230,CAN01131,JOB00670,2026-07-27,job_site,declined
ENT002231,CAN01131,JOB00373,2026-07-06,job_site,declined
ENT002232,CAN01131,JOB00352,2026-07-26,job_site,declined
ENT002233,CAN01132,JOB00639,2026-06-17,job_site,declined
ENT002234,CAN01132,JOB00454,2026-09-07,job_site,declined
ENT002235,CAN01132,JOB00537,2026-03-05,job_site,declined
ENT002236,CAN01132,JOB00324,2026-02-06,job_site,converted
ENT002237,CAN01132,JOB00193,2025-10-14,job_site,declined
ENT002238,CAN01134,JOB00666,2026-09-19,job_site,declined
ENT002239,CAN01134,JOB00687,2026-08-18,job_site,declined
ENT002249,CAN01138,JOB00155,2025-10-30,job_site,converted
ENT002250,CAN01138,JOB00445,2026-03-18,job_site,declined
ENT002251,CAN01139,JOB00314,2025-09-15,job_site,declined
ENT002252,CAN01139,JOB00370,2026-07-23,job_site,declined
ENT002253,CAN01139,JOB00723,2026-09-04,job_site,converted
ENT002254,CAN01140,JOB00234,2025-11-14,job_site,declined
ENT002255,CAN01140,JOB00718,2026-04-11,job_site,converted
ENT002256,CAN01141,JOB00753,2026-05-15,job_site,converted
ENT002257,CAN01141,JOB00642,2026-05-01,job_site,converted
ENT002258,CAN01142,JOB00747,2026-07-06,job_site,converted
ENT002259,CAN01142,JOB00769,2026-02-05,job_site,declined
ENT002260,CAN01143,JOB00562,2026-08-28,job_site,declined
ENT002263,CAN01145,JOB00629,2026-09-14,job_site,declined
ENT002264,CAN01145,JOB00359,2026-09-12,job_site,declined
ENT002265,CAN01146,JOB00565,2026-09-04,job_site,declined
ENT002266,CAN01147,JOB00270,2025-04-30,job_site,declined
ENT002267,CAN01148,JOB00452,2026-09-09,job_site,declined
ENT002268,CAN01149,JOB00421,2026-06-20,job_site,declined
ENT002269,CAN01149,JOB00765,2026-05-23,job_site,declined
ENT002270,CAN01149,JOB00433,2026-07-19,job_site,converted
ENT002271,CAN01149,JOB00591,2026-08-24,job_site,declined
ENT002272,CAN01150,JOB00533,2026-09-16,job_site,declined
ENT002273,CAN01150,JOB00457,2026-06-11,job_site,declined
ENT002274,CAN01150,JOB00380,2026-09-18,job_site,declined
ENT002275,CAN01151,JOB00629,2026-09-04,job_site,declined
ENT002276,CAN01152,JOB00758,2026-04-09,job_site,converted
ENT002277,CAN01152,JOB00691,2026-02-10,job_site,declined
ENT002278,CAN01152,JOB00181,2026-01-04,job_site,converted
ENT002279,CAN01153,JOB00197,2025-07-03,job_site,declined
ENT002280,CAN01153,JOB00152,2025-07-22,job_site,declined
ENT002281,CAN01153,JOB00276,2025-05-18,job_site,converted
ENT002282,CAN01153,JOB00157,2025-07-20,job_site,converted
ENT002283,CAN01154,JOB00631,2026-09-08,job_site,declined
ENT002284,CAN01154,JOB00544,2026-06-11,job_site,declined
ENT002285,CAN01154,JOB00654,2026-03-09,job_site,converted
ENT002286,CAN01155,JOB00378,2026-03-19,job_site,declined
ENT002287,CAN01155,JOB00467,2026-03-24,job_site,declined
ENT002288,CAN01156,JOB00661,2026-06-02,job_site,declined
ENT002289,CAN01156,JOB00727,2026-03-28,job_site,declined
ENT002290,CAN01157,JOB00587,2026-05-11,job_site,converted
ENT002291,CAN01160,JOB00645,2026-06-11,job_site,converted
ENT002292,CAN01160,JOB00762,2026-06-02,job_site,declined
ENT002293,CAN01161,JOB00411,2026-02-23,job_site,declined
ENT002294,CAN01162,JOB00658,2026-09-18,job_site,declined
ENT002295,CAN01162,JOB00698,2026-09-26,job_site,declined
ENT002296,CAN01162,JOB00370,2026-08-20,job_site,declined
ENT002297,CAN01162,JOB00667,2026-08-24,job_site,declined
ENT002300,CAN01164,JOB00410,2026-08-07,job_site,converted
ENT002301,CAN01165,JOB00764,2026-09-19,job_site,converted
ENT002302,CAN01165,JOB00668,2026-09-19,job_site,declined
ENT002303,CAN01165,JOB00659,2026-09-23,job_site,converted
ENT002304,CAN01166,JOB00723,2026-08-14,job_site,declined
ENT002305,CAN01167,JOB00792,2026-08-06,job_site,declined
ENT002306,CAN01168,JOB00342,2025-04-29,job_site,declined
ENT002307,CAN01168,JOB00322,2025-05-18,job_site,declined
ENT002308,CAN01168,JOB00240,2025-06-02,job_site,declined
ENT002309,CAN01170,JOB00655,2026-09-24,job_site,declined
ENT002310,CAN01171,JOB00367,2026-08-15,job_site,declined
ENT002311,CAN01172,JOB00512,2026-05-08,job_site,declined
ENT002312,CAN01172,JOB00768,2026-07-16,job_site,converted
ENT002313,CAN01173,JOB00520,2026-07-25,job_site,declined
ENT002314,CAN01174,JOB00120,2025-06-27,job_site,declined
ENT002315,CAN01174,JOB00794,2026-07-02,job_site,converted
ENT002316,CAN01175,JOB00572,2026-09-25,job_site,declined
ENT002317,CAN01176,JOB00519,2026-09-29,job_site,declined
ENT002318,CAN01176,JOB00538,2026-07-13,job_site,declined
ENT002319,CAN01176,JOB00650,2026-09-28,job_site,converted
ENT002320,CAN01177,JOB00695,2026-08-08,job_site,declined
ENT002321,CAN01178,JOB00469,2026-09-28,job_site,declined
ENT002322,CAN01178,JOB00507,2026-09-09,job_site,converted
ENT002323,CAN01179,JOB00350,2025-08-28,job_site,declined
ENT002326,CAN01181,JOB00523,2026-01-31,job_site,declined
ENT002327,CAN01182,JOB00677,2026-09-30,job_site,declined
ENT002328,CAN01182,JOB00580,2026-09-13,job_site,declined
ENT002329,CAN01183,JOB00629,2026-09-29,job_site,declined
ENT002330,CAN01183,JOB00519,2026-09-29,job_site,declined
ENT002331,CAN01184,JOB00429,2026-09-24,job_site,declined
ENT002332,CAN01185,JOB00525,2026-06-16,job_site,declined
ENT002333,CAN01185,JOB00417,2026-09-27,job_site,declined
ENT002334,CAN01186,JOB00745,2026-07-06,job_site,converted
ENT002335,CAN01186,JOB00776,2026-06-21,job_site,declined
ENT002336,CAN01187,JOB00271,2025-09-19,job_site,declined
ENT002337,CAN01187,JOB00206,2025-12-23,job_site,declined
ENT002338,CAN01188,JOB00055,2025-10-03,job_site,converted
ENT002339,CAN01189,JOB00412,2026-09-09,job_site,declined
ENT002340,CAN01190,JOB00446,2026-07-23,job_site,converted
ENT002341,CAN01190,JOB00568,2026-07-22,job_site,declined
ENT002343,CAN01191,JOB00217,2026-02-07,job_site,declined
ENT002344,CAN01192,JOB00510,2026-08-29,job_site,declined
ENT002345,CAN01195,JOB00760,2026-08-27,job_site,converted
ENT002346,CAN01195,JOB00003,2026-01-03,job_site,converted
ENT002347,CAN01196,JOB00007,2025-05-06,job_site,declined
ENT002348,CAN01197,JOB00663,2026-03-10,job_site,declined
ENT002349,CAN01197,JOB00766,2026-03-23,job_site,declined
ENT002350,CAN01198,JOB00468,2026-09-30,job_site,declined
ENT002351,CAN01198,JOB00629,2026-09-28,job_site,declined
ENT002352,CAN01199,JOB00474,2026-02-18,job_site,declined
ENT002353,CAN01199,JOB00456,2026-09-25,job_site,declined
ENT002354,CAN01199,JOB00676,2026-05-28,job_site,declined
ENT002355,CAN01200,JOB00403,2026-03-13,job_site,converted
ENT002356,CAN01200,JOB00487,2026-08-18,job_site,declined
ENT002357,CAN01201,JOB00305,2025-11-26,job_site,declined
ENT002359,CAN01203,JOB00050,2025-10-19,job_site,converted
ENT002360,CAN01203,JOB00154,2025-08-04,job_site,declined
ENT002361,CAN01205,JOB00520,2026-07-31,job_site,declined
ENT002362,CAN01205,JOB00311,2025-04-22,job_site,declined
ENT002363,CAN01205,JOB00786,2026-05-23,job_site,declined
ENT002364,CAN01205,JOB00762,2026-05-19,job_site,declined
ENT002365,CAN01205,JOB00615,2026-04-13,job_site,declined
ENT002366,CAN01205,JOB00514,2026-03-30,job_site,declined
ENT002369,CAN01206,JOB00103,2025-11-07,job_site,converted
ENT002372,CAN01207,JOB00673,2026-07-04,job_site,converted
ENT002375,CAN01207,JOB00746,2026-07-18,job_site,converted
ENT002377,CAN01209,JOB00425,2026-09-27,job_site,declined
ENT002378,CAN01210,JOB00056,2026-01-19,job_site,declined
ENT002379,CAN01211,JOB00429,2026-09-10,job_site,declined
ENT002380,CAN01211,JOB00716,2026-08-20,job_site,declined
ENT002381,CAN01212,JOB00103,2025-10-12,job_site,declined
ENT002382,CAN01212,JOB00174,2025-08-31,job_site,converted
ENT002383,CAN01213,JOB00212,2025-10-10,job_site,converted
ENT002385,CAN01215,JOB00730,2026-09-14,job_site,converted
ENT002386,CAN01216,JOB00784,2026-08-01,job_site,converted
ENT002387,CAN01216,JOB00473,2026-01-28,job_site,declined
ENT002388,CAN01216,JOB00284,2025-09-21,job_site,converted
ENT002389,CAN01217,JOB00475,2026-03-26,job_site,converted
ENT002390,CAN01217,JOB00103,2025-11-16,job_site,declined
ENT002391,CAN01217,JOB00030,2025-12-14,job_site,converted
ENT002392,CAN01219,JOB00327,2025-06-11,job_site,declined
ENT002393,CAN01220,JOB00481,2026-05-02,job_site,declined
ENT002394,CAN01220,JOB00653,2026-05-19,job_site,declined
ENT002395,CAN01220,JOB00704,2026-06-29,job_site,converted
ENT002396,CAN01220,JOB00549,2026-07-02,job_site,converted
ENT002397,CAN01220,JOB00463,2026-04-21,job_site,declined
ENT002398,CAN01221,JOB00792,2026-08-17,job_site,declined
ENT002399,CAN01221,JOB00760,2026-09-05,job_site,declined
ENT002400,CAN01222,JOB00784,2026-08-14,job_site,converted
ENT002401,CAN01223,JOB00775,2026-07-26,job_site,declined
ENT002402,CAN01224,JOB00498,2026-02-24,job_site,declined
ENT002403,CAN01224,JOB00688,2026-05-03,job_site,declined
ENT002404,CAN01226,JOB00221,2025-12-21,job_site,converted
ENT002405,CAN01226,JOB00147,2025-07-21,job_site,declined
ENT002406,CAN01226,JOB00591,2026-08-01,job_site,declined
ENT002411,CAN01228,JOB00196,2025-12-29,job_site,declined
ENT002412,CAN01229,JOB00508,2026-07-29,job_site,declined
ENT002413,CAN01229,JOB00570,2026-05-04,job_site,declined
ENT002414,CAN01230,JOB00338,2025-08-04,job_site,declined
ENT002415,CAN01230,JOB00573,2026-03-04,job_site,converted
ENT002416,CAN01230,JOB00577,2026-05-14,job_site,declined
ENT002417,CAN01231,JOB00673,2026-06-14,job_site,converted
ENT002421,CAN01233,JOB00287,2025-12-22,job_site,converted
ENT002422,CAN01234,JOB00409,2026-03-17,job_site,declined
ENT002425,CAN01235,JOB00318,2025-10-01,job_site,converted
ENT002428,CAN01236,JOB00167,2025-09-18,job_site,declined
ENT002429,CAN01237,JOB00548,2026-05-14,job_site,declined
ENT002430,CAN01237,JOB00392,2026-02-16,job_site,converted
ENT002431,CAN01238,JOB00217,2026-01-01,job_site,converted
ENT002432,CAN01238,JOB00510,2026-09-03,job_site,declined
ENT002433,CAN01239,JOB00264,2025-04-08,job_site,declined
ENT002434,CAN01239,JOB00236,2025-04-08,job_site,declined
ENT002435,CAN01239,JOB00075,2025-04-04,job_site,converted
ENT002436,CAN01240,JOB00532,2026-05-10,job_site,declined
ENT002437,CAN01240,JOB00797,2026-09-15,job_site,declined
ENT002438,CAN01240,JOB00439,2026-05-10,job_site,converted
ENT002439,CAN01240,JOB00616,2026-07-01,job_site,declined
ENT002442,CAN01242,JOB00351,2026-02-17,job_site,declined
ENT002443,CAN01242,JOB00242,2025-12-16,job_site,converted
ENT002444,CAN01243,JOB00633,2026-04-19,job_site,declined
ENT002445,CAN01243,JOB00355,2026-05-09,job_site,declined
ENT002446,CAN01244,JOB00524,2026-07-14,job_site,declined
ENT002447,CAN01244,JOB00506,2026-07-23,job_site,converted
ENT002448,CAN01244,JOB00736,2026-07-17,job_site,converted
ENT002449,CAN01244,JOB00442,2026-08-03,job_site,declined
ENT002450,CAN01247,JOB00720,2026-09-20,job_site,declined
ENT002451,CAN01247,JOB00397,2026-07-10,job_site,declined
ENT002452,CAN01247,JOB00702,2026-09-17,job_site,declined
ENT002453,CAN01249,JOB00680,2026-07-03,job_site,converted
ENT002454,CAN01249,JOB00729,2026-08-12,job_site,declined
ENT002455,CAN01250,JOB00674,2026-03-08,job_site,converted
ENT002456,CAN01251,JOB00086,2025-06-30,job_site,converted
ENT002457,CAN01251,JOB00115,2025-06-30,job_site,declined
ENT002460,CAN01252,JOB00620,2026-06-20,job_site,declined
ENT002461,CAN01252,JOB00054,2025-12-22,job_site,declined
ENT002462,CAN01253,JOB00393,2026-09-30,job_site,declined
ENT002463,CAN01254,JOB00708,2026-09-03,job_site,declined
ENT002464,CAN01255,JOB00704,2026-07-04,job_site,converted
ENT002465,CAN01255,JOB00598,2026-07-05,job_site,converted
ENT002466,CAN01255,JOB00565,2026-08-05,job_site,declined
ENT002467,CAN01255,JOB00792,2026-07-27,job_site,declined
ENT002471,CAN01257,JOB00593,2026-07-03,job_site,converted
ENT002472,CAN01257,JOB00440,2026-06-20,job_site,declined
ENT002473,CAN01258,JOB00602,2026-05-26,job_site,declined
ENT002474,CAN01258,JOB00426,2026-04-24,job_site,declined
ENT002475,CAN01258,JOB00410,2026-08-08,job_site,declined
ENT002477,CAN01262,JOB00282,2025-12-27,job_site,declined
ENT002481,CAN01266,JOB00386,2026-07-30,job_site,converted
ENT002482,CAN01266,JOB00416,2026-09-26,job_site,declined
ENT002483,CAN01267,JOB00533,2026-09-20,job_site,declined
ENT002484,CAN01267,JOB00090,2025-07-30,job_site,converted
ENT002485,CAN01267,JOB00447,2026-09-26,job_site,converted
ENT002486,CAN01268,JOB00421,2026-06-30,job_site,declined
ENT002487,CAN01269,JOB00540,2026-02-07,job_site,converted
ENT002488,CAN01270,JOB00500,2026-08-26,job_site,declined
ENT002489,CAN01270,JOB00772,2026-09-26,job_site,declined
ENT002490,CAN01271,JOB00261,2025-04-29,job_site,declined
ENT002491,CAN01272,JOB00459,2026-09-08,job_site,declined
ENT002492,CAN01272,JOB00443,2026-09-29,job_site,declined
ENT002493,CAN01272,JOB00487,2026-08-31,job_site,declined
ENT002497,CAN01274,JOB00359,2026-08-10,job_site,declined
ENT002498,CAN01274,JOB00543,2026-08-10,job_site,declined
ENT002499,CAN01274,JOB00390,2026-09-02,job_site,declined
ENT002500,CAN01274,JOB00554,2026-08-28,job_site,converted
ENT002501,CAN01275,JOB00758,2026-03-18,job_site,declined
ENT002502,CAN01275,JOB00563,2026-04-30,job_site,declined
ENT002503,CAN01276,JOB00390,2026-09-20,job_site,declined
ENT002504,CAN01276,JOB00749,2026-09-15,job_site,converted
ENT002505,CAN01276,JOB00562,2026-09-22,job_site,declined
ENT002506,CAN01277,JOB00366,2026-03-05,job_site,declined
ENT002507,CAN01278,JOB00643,2026-09-06,job_site,declined
ENT002508,CAN01278,JOB00670,2026-09-03,job_site,converted
ENT002509,CAN01279,JOB00023,2026-01-29,job_site,declined
ENT002510,CAN01280,JOB00086,2025-07-02,job_site,converted
ENT002512,CAN01282,JOB00527,2026-03-02,job_site,declined
ENT002513,CAN01284,JOB00508,2026-07-27,job_site,converted
ENT002516,CAN01286,JOB00572,2026-09-29,job_site,declined
ENT002517,CAN01287,JOB00685,2026-04-05,job_site,converted
ENT002518,CAN01287,JOB00681,2026-04-21,job_site,declined
ENT002519,CAN01288,JOB00778,2026-07-05,job_site,converted
ENT002520,CAN01289,JOB00760,2026-08-30,job_site,declined
ENT002521,CAN01289,JOB00623,2026-07-13,job_site,declined
ENT002522,CAN01289,JOB00452,2026-09-15,job_site,declined
ENT002523,CAN01289,JOB00533,2026-08-27,job_site,declined
ENT002526,CAN01290,JOB00324,2026-01-14,job_site,converted
ENT002528,CAN01291,JOB00703,2026-09-24,job_site,declined
ENT002529,CAN01291,JOB00777,2026-09-17,job_site,declined
ENT002530,CAN01292,JOB00695,2026-07-16,job_site,declined
ENT002531,CAN01293,JOB00056,2025-12-29,job_site,declined
ENT002532,CAN01293,JOB00742,2026-01-26,job_site,declined
ENT002533,CAN01294,JOB00420,2026-04-13,job_site,declined
ENT002534,CAN01295,JOB00648,2026-04-11,job_site,declined
ENT002535,CAN01295,JOB00603,2026-04-15,job_site,converted
ENT002537,CAN01296,JOB00079,2025-08-08,job_site,declined
ENT002538,CAN01298,JOB00510,2026-09-18,job_site,converted
ENT002539,CAN01298,JOB00552,2026-02-02,job_site,converted
ENT002540,CAN01299,JOB00747,2026-06-08,job_site,declined
ENT002541,CAN01300,JOB00714,2026-09-14,job_site,declined
ENT002542,CAN01300,JOB00372,2026-09-10,job_site,declined
ENT002543,CAN01301,JOB00666,2026-09-26,job_site,declined
ENT002544,CAN01301,JOB00628,2026-09-26,job_site,declined
ENT002548,CAN01303,JOB00077,2025-05-21,job_site,declined
ENT002555,CAN01307,JOB00366,2026-02-21,job_site,declined
ENT002556,CAN01307,JOB00157,2025-07-28,job_site,declined
ENT002557,CAN01308,JOB00290,2025-07-26,job_site,converted
ENT002558,CAN01308,JOB00424,2026-01-14,job_site,declined
ENT002559,CAN01308,JOB00419,2026-09-03,job_site,declined
ENT002560,CAN01309,JOB00405,2026-01-07,job_site,declined
ENT002561,CAN01310,JOB00341,2025-09-20,job_site,declined
ENT002562,CAN01310,JOB00187,2025-08-29,job_site,declined
ENT002563,CAN01310,JOB00055,2025-10-01,job_site,converted
ENT002564,CAN01311,JOB00598,2026-06-27,job_site,declined
ENT002565,CAN01311,JOB00576,2026-06-05,job_site,converted
ENT002566,CAN01312,JOB00013,2026-01-18,job_site,converted
ENT002567,CAN01313,JOB00655,2026-09-25,job_site,declined
ENT002568,CAN01314,JOB00651,2026-02-10,job_site,declined
ENT002569,CAN01314,JOB00119,2025-07-13,job_site,converted
ENT002570,CAN01314,JOB00096,2025-12-26,job_site,converted
ENT002571,CAN01317,JOB00389,2026-06-05,job_site,declined
ENT002572,CAN01317,JOB00547,2026-07-21,job_site,declined
ENT002573,CAN01317,JOB00136,2025-12-06,job_site,declined
ENT002574,CAN01318,JOB00480,2026-08-10,job_site,declined
ENT002576,CAN01319,JOB00239,2025-10-28,job_site,converted
ENT002577,CAN01320,JOB00375,2026-07-30,job_site,declined
ENT002578,CAN01320,JOB00564,2026-09-27,job_site,declined
ENT002579,CAN01320,JOB00562,2026-09-16,job_site,declined
ENT002580,CAN01322,JOB00430,2026-05-21,job_site,converted
ENT002583,CAN01325,JOB00778,2026-06-01,job_site,converted
ENT002584,CAN01326,JOB00622,2026-08-17,job_site,converted
ENT002585,CAN01326,JOB00004,2025-12-27,job_site,declined
ENT002586,CAN01326,JOB00519,2026-09-28,job_site,declined
ENT002587,CAN01326,JOB00650,2026-09-25,job_site,declined
ENT002588,CAN01327,JOB00356,2026-08-02,job_site,declined
ENT002589,CAN01328,JOB00576,2026-07-09,job_site,declined
ENT002590,CAN01328,JOB00489,2026-03-13,job_site,converted
ENT002591,CAN01328,JOB00532,2026-04-12,job_site,declined
ENT002593,CAN01331,JOB00780,2026-01-24,job_site,declined
ENT002594,CAN01331,JOB00415,2026-07-07,job_site,converted
ENT002595,CAN01331,JOB00417,2026-09-22,job_site,declined
ENT002596,CAN01332,JOB00452,2026-09-22,job_site,converted
ENT002597,CAN01332,JOB00511,2026-09-25,job_site,converted
ENT002598,CAN01332,JOB00463,2026-04-20,job_site,declined
ENT002601,CAN01334,JOB00650,2026-09-20,job_site,converted
ENT002602,CAN01334,JOB00562,2026-09-17,job_site,declined
ENT002603,CAN01334,JOB00670,2026-08-27,job_site,declined
ENT002604,CAN01335,JOB00429,2026-09-10,job_site,declined
ENT002605,CAN01337,JOB00009,2025-08-26,job_site,declined
ENT002606,CAN01337,JOB00314,2025-08-21,job_site,declined
ENT002608,CAN01339,JOB00682,2026-08-24,job_site,converted
ENT002609,CAN01339,JOB00745,2026-07-08,job_site,declined
ENT002610,CAN01340,JOB00767,2026-03-13,job_site,converted
ENT002616,CAN01343,JOB00302,2025-09-03,job_site,declined
ENT002618,CAN01345,JOB00365,2026-06-28,job_site,declined
ENT002619,CAN01346,JOB00599,2026-09-30,job_site,declined
ENT002620,CAN01346,JOB00465,2026-07-29,job_site,declined
ENT002621,CAN01346,JOB00716,2026-08-13,job_site,declined
ENT002622,CAN01346,JOB00629,2026-09-28,job_site,declined
ENT002623,CAN01347,JOB00690,2026-05-17,job_site,declined
ENT002624,CAN01347,JOB00683,2026-04-02,job_site,declined
ENT002625,CAN01347,JOB00008,2025-11-13,job_site,declined
ENT002626,CAN01349,JOB00369,2026-07-17,job_site,converted
ENT002627,CAN01350,JOB00494,2026-09-26,job_site,declined
ENT002628,CAN01350,JOB00253,2025-11-02,job_site,converted
ENT002629,CAN01351,JOB00772,2026-09-12,job_site,converted
ENT002630,CAN01351,JOB00800,2026-09-12,job_site,converted
ENT002631,CAN01351,JOB00402,2026-06-10,job_site,converted
ENT002632,CAN01352,JOB00145,2025-07-10,job_site,declined
ENT002633,CAN01352,JOB00689,2026-04-27,job_site,converted
ENT002634,CAN01352,JOB00511,2026-09-23,job_site,declined
ENT002635,CAN01352,JOB00521,2026-03-22,job_site,declined
ENT002636,CAN01352,JOB00556,2026-07-21,job_site,declined
ENT002637,CAN01353,JOB00698,2026-09-27,job_site,declined
ENT002638,CAN01353,JOB00417,2026-09-30,job_site,declined
ENT002639,CAN01354,JOB00552,2026-01-25,job_site,converted
ENT002640,CAN01354,JOB00198,2025-09-24,job_site,declined
ENT002641,CAN01354,JOB00028,2025-06-22,job_site,converted
ENT002642,CAN01354,JOB00176,2025-08-10,job_site,declined
ENT002643,CAN01355,JOB00562,2026-09-09,job_site,converted
ENT002647,CAN01357,JOB00669,2026-02-13,job_site,declined
ENT002648,CAN01357,JOB00605,2026-03-03,job_site,declined
ENT002649,CAN01357,JOB00411,2026-02-08,job_site,converted
ENT002650,CAN01358,JOB00383,2026-08-31,job_site,declined
ENT002651,CAN01358,JOB00356,2026-06-22,job_site,declined
ENT002652,CAN01359,JOB00452,2026-09-05,job_site,converted
ENT002653,CAN01359,JOB00435,2026-02-25,job_site,declined
ENT002654,CAN01361,JOB00200,2025-05-22,job_site,declined
ENT002655,CAN01361,JOB00796,2026-02-26,job_site,declined
ENT002656,CAN01362,JOB00609,2026-09-19,job_site,converted
ENT002657,CAN01362,JOB00437,2026-09-11,job_site,declined
ENT002658,CAN01362,JOB00367,2026-09-05,job_site,declined
ENT002660,CAN01363,JOB00011,2025-08-12,job_site,declined
ENT002664,CAN01364,JOB00306,2025-06-14,job_site,declined
ENT002665,CAN01365,JOB00399,2026-05-21,job_site,declined
ENT002666,CAN01366,JOB00636,2026-09-26,job_site,converted
ENT002668,CAN01368,JOB00522,2026-07-12,job_site,declined
ENT002669,CAN01369,JOB00247,2025-12-04,job_site,declined
ENT002670,CAN01369,JOB00066,2025-12-10,job_site,declined
ENT002671,CAN01370,JOB00675,2026-06-02,job_site,declined
ENT002672,CAN01371,JOB00617,2026-08-21,job_site,declined
ENT002673,CAN01372,JOB00631,2026-09-15,job_site,declined
ENT002674,CAN01373,JOB00406,2026-09-26,job_site,declined
ENT002675,CAN01373,JOB00433,2026-07-11,job_site,declined
ENT002676,CAN01375,JOB00461,2026-09-04,job_site,declined
ENT002677,CAN01376,JOB00150,2025-08-26,job_site,declined
ENT002678,CAN01376,JOB00389,2026-06-07,job_site,declined
ENT002679,CAN01377,JOB00721,2026-07-18,job_site,converted
ENT002680,CAN01377,JOB00737,2026-07-30,job_site,declined
ENT002681,CAN01378,JOB00355,2026-06-23,job_site,declined
ENT002682,CAN01378,JOB00698,2026-09-28,job_site,declined
ENT002683,CAN01378,JOB00772,2026-09-21,job_site,declined
ENT002684,CAN01378,JOB00686,2026-06-15,job_site,declined
ENT002685,CAN01379,JOB00446,2026-08-22,job_site,declined
ENT002686,CAN01380,JOB00697,2026-07-10,job_site,converted
ENT002687,CAN01380,JOB00721,2026-08-10,job_site,declined
ENT002688,CAN01381,JOB00242,2025-12-24,job_site,converted
ENT002689,CAN01381,JOB00707,2026-09-28,job_site,converted
ENT002690,CAN01382,JOB00404,2026-06-22,job_site,declined
ENT002691,CAN01382,JOB00495,2026-05-03,job_site,declined
ENT002692,CAN01382,JOB00472,2026-06-11,job_site,declined
ENT002693,CAN01382,JOB00485,2026-07-15,job_site,declined
ENT002694,CAN01384,JOB00584,2026-04-04,job_site,declined
ENT002695,CAN01384,JOB00013,2025-12-13,job_site,converted
ENT002696,CAN01384,JOB00646,2026-08-19,job_site,declined
ENT002697,CAN01384,JOB00141,2025-12-04,job_site,declined
ENT002698,CAN01384,JOB00404,2026-06-18,job_site,declined
ENT002699,CAN01384,JOB00056,2026-01-16,job_site,declined
ENT002700,CAN01385,JOB00562,2026-08-29,job_site,declined
ENT002701,CAN01385,JOB00440,2026-06-15,job_site,declined
ENT002702,CAN01385,JOB00474,2026-02-10,job_site,declined
ENT002704,CAN01386,JOB00640,2026-03-22,job_site,converted
ENT002709,CAN01388,JOB00753,2026-04-24,job_site,declined
ENT002710,CAN01388,JOB00762,2026-05-31,job_site,declined
ENT002711,CAN01388,JOB00623,2026-06-26,job_site,declined
ENT002712,CAN01389,JOB00671,2026-05-01,job_site,converted
ENT002713,CAN01389,JOB00213,2025-09-18,job_site,converted
ENT002714,CAN01389,JOB00783,2026-03-30,job_site,declined
ENT002715,CAN01389,JOB00003,2026-01-15,job_site,converted
ENT002716,CAN01391,JOB00402,2026-05-31,job_site,declined
ENT002717,CAN01391,JOB00185,2025-10-02,job_site,converted
ENT002718,CAN01391,JOB00311,2025-05-23,job_site,converted
ENT002719,CAN01391,JOB00324,2026-01-09,job_site,declined
ENT002720,CAN01391,JOB00089,2025-10-07,job_site,declined
ENT002721,CAN01392,JOB00681,2026-05-07,job_site,converted
ENT002722,CAN01392,JOB00360,2026-04-18,job_site,converted
ENT002723,CAN01393,JOB00672,2026-05-07,job_site,declined
ENT002727,CAN01395,JOB00714,2026-09-15,job_site,declined
ENT002728,CAN01395,JOB00190,2025-09-17,job_site,converted
ENT002729,CAN01395,JOB00144,2025-08-02,job_site,converted
ENT002730,CAN01395,JOB00479,2026-04-03,job_site,declined
ENT002731,CAN01396,JOB00095,2025-09-09,job_site,declined
ENT002732,CAN01396,JOB00525,2026-06-05,job_site,converted
ENT002733,CAN01396,JOB00676,2026-05-06,job_site,declined
ENT002734,CAN01397,JOB00605,2026-03-13,job_site,converted
ENT002735,CAN01397,JOB00421,2026-07-16,job_site,declined
ENT002736,CAN01397,JOB00477,2026-07-21,job_site,declined
ENT002737,CAN01397,JOB00540,2026-02-15,job_site,declined
ENT002738,CAN01397,JOB00630,2026-02-24,job_site,converted
ENT002740,CAN01399,JOB00338,2025-08-24,job_site,declined
ENT002741,CAN01399,JOB00497,2026-02-03,job_site,converted
ENT002742,CAN01402,JOB00797,2026-09-04,job_site,declined
ENT002743,CAN01402,JOB00397,2026-07-16,job_site,converted
ENT002744,CAN01402,JOB00788,2026-09-26,job_site,converted
ENT002745,CAN01403,JOB00411,2026-01-31,job_site,converted
ENT002746,CAN01403,JOB00691,2026-02-04,job_site,declined
ENT002747,CAN01405,JOB00638,2026-04-24,job_site,declined
ENT002748,CAN01405,JOB00481,2026-04-06,job_site,declined
ENT002749,CAN01405,JOB00685,2026-04-06,job_site,converted
ENT002750,CAN01405,JOB00731,2026-04-10,job_site,declined
ENT002751,CAN01406,JOB00352,2026-08-16,job_site,converted
ENT002752,CAN01406,JOB00491,2026-03-27,job_site,declined
ENT002753,CAN01407,JOB00386,2026-07-21,job_site,declined
ENT002754,CAN01407,JOB00501,2026-05-27,job_site,declined
ENT002755,CAN01407,JOB00480,2026-07-29,job_site,converted
ENT002756,CAN01408,JOB00581,2026-08-29,job_site,declined
ENT002757,CAN01408,JOB00748,2026-09-26,job_site,declined
ENT002758,CAN01408,JOB00695,2026-08-17,job_site,declined
ENT002759,CAN01409,JOB00419,2026-09-19,job_site,declined
ENT002760,CAN01409,JOB00401,2026-05-15,job_site,declined
ENT002761,CAN01411,JOB00667,2026-09-30,job_site,declined
ENT002762,CAN01411,JOB00493,2026-09-11,job_site,declined
ENT002763,CAN01412,JOB00720,2026-09-16,job_site,converted
ENT002764,CAN01412,JOB00431,2026-07-31,job_site,declined
ENT002765,CAN01412,JOB00684,2026-08-04,job_site,declined
ENT002766,CAN01413,JOB00591,2026-08-20,job_site,declined
ENT002767,CAN01415,JOB00413,2026-08-18,job_site,declined
ENT002768,CAN01415,JOB00703,2026-09-25,job_site,declined
ENT002769,CAN01418,JOB00590,2026-09-28,job_site,declined
ENT002770,CAN01419,JOB00304,2025-07-01,job_site,declined
ENT002771,CAN01419,JOB00692,2026-08-16,job_site,declined
ENT002772,CAN01419,JOB00400,2026-03-15,job_site,declined
ENT002773,CAN01419,JOB00634,2026-02-23,job_site,declined
ENT002776,CAN01420,JOB00051,2025-09-08,job_site,declined
ENT002779,CAN01421,JOB00650,2026-09-14,job_site,declined
ENT002780,CAN01421,JOB00591,2026-08-17,job_site,declined
ENT002781,CAN01422,JOB00667,2026-09-12,job_site,declined
ENT002782,CAN01422,JOB00380,2026-09-20,job_site,declined
ENT002783,CAN01423,JOB00429,2026-09-28,job_site,declined
ENT002784,CAN01423,JOB00343,2025-12-01,job_site,declined
ENT002785,CAN01426,JOB00143,2025-12-21,job_site,converted
ENT002787,CAN01427,JOB00487,2026-08-23,job_site,declined
ENT002788,CAN01427,JOB00716,2026-08-13,job_site,declined
ENT002789,CAN01427,JOB00627,2026-07-16,job_site,declined
ENT002790,CAN01427,JOB00726,2026-09-20,job_site,declined
ENT002791,CAN01427,JOB00800,2026-09-16,job_site,converted
ENT002792,CAN01428,JOB00338,2025-09-02,job_site,converted
ENT002793,CAN01429,JOB00510,2026-08-25,job_site,declined
ENT002794,CAN01430,JOB00503,2026-08-01,job_site,converted
ENT002795,CAN01430,JOB00596,2026-09-06,job_site,declined
ENT002796,CAN01430,JOB00370,2026-07-28,job_site,declined
ENT002797,CAN01430,JOB00604,2026-08-10,job_site,converted
ENT002798,CAN01431,JOB00308,2026-01-08,job_site,declined
ENT002799,CAN01431,JOB00044,2025-10-22,job_site,declined
ENT002801,CAN01433,JOB00715,2026-01-19,job_site,converted
ENT002802,CAN01435,JOB00004,2025-12-29,job_site,declined
ENT002803,CAN01435,JOB00171,2025-09-25,job_site,declined
ENT002804,CAN01435,JOB00657,2026-04-09,job_site,declined
ENT002805,CAN01436,JOB00506,2026-06-20,job_site,converted
ENT002806,CAN01436,JOB00770,2026-07-25,job_site,declined
ENT002807,CAN01437,JOB00547,2026-06-16,job_site,declined
ENT002808,CAN01437,JOB00553,2026-07-23,job_site,declined
ENT002809,CAN01437,JOB00666,2026-09-15,job_site,declined
ENT002812,CAN01439,JOB00587,2026-06-15,job_site,declined
ENT002813,CAN01440,JOB00661,2026-05-15,job_site,converted
ENT002814,CAN01440,JOB00577,2026-05-12,job_site,declined
ENT002815,CAN01440,JOB00432,2026-08-24,job_site,declined
ENT002816,CAN01440,JOB00026,2025-11-19,job_site,declined
ENT002817,CAN01440,JOB00776,2026-05-09,job_site,declined
ENT002822,CAN01443,JOB00731,2026-04-06,job_site,declined
ENT002823,CAN01445,JOB00783,2026-02-27,job_site,converted
ENT002824,CAN01445,JOB00606,2026-03-25,job_site,converted
ENT002825,CAN01445,JOB00053,2025-12-31,job_site,declined
ENT002826,CAN01448,JOB00276,2025-04-16,job_site,declined
ENT002827,CAN01449,JOB00650,2026-09-26,job_site,declined
ENT002828,CAN01449,JOB00555,2026-09-11,job_site,declined
ENT002829,CAN01450,JOB00517,2026-09-30,job_site,declined
ENT002830,CAN01450,JOB00676,2026-05-01,job_site,declined
ENT002831,CAN01451,JOB00631,2026-09-26,job_site,declined
ENT002832,CAN01451,JOB00714,2026-09-09,job_site,declined
ENT002834,CAN01452,JOB00305,2025-11-15,job_site,converted
ENT002837,CAN01453,JOB00091,2025-12-03,job_site,declined
ENT002838,CAN01454,JOB00079,2025-07-27,job_site,converted
ENT002839,CAN01454,JOB00098,2025-05-09,job_site,declined
ENT002840,CAN01455,JOB00737,2026-07-21,job_site,converted
ENT002841,CAN01456,JOB00526,2026-03-09,job_site,declined
ENT002842,CAN01456,JOB00156,2025-09-11,job_site,declined
ENT002843,CAN01456,JOB00191,2025-08-21,job_site,converted
ENT002844,CAN01456,JOB00588,2026-08-30,job_site,converted
ENT002846,CAN01457,JOB00499,2026-03-22,job_site,converted
ENT002850,CAN01457,JOB00384,2026-03-19,job_site,declined
ENT002851,CAN01458,JOB00789,2026-05-09,job_site,converted
ENT002853,CAN01459,JOB00149,2025-11-18,job_site,declined
ENT002854,CAN01459,JOB00357,2026-04-08,job_site,declined
ENT002855,CAN01459,JOB00184,2025-12-26,job_site,converted
ENT002856,CAN01459,JOB00473,2026-02-14,job_site,declined
ENT002857,CAN01461,JOB00471,2026-09-26,job_site,declined
ENT002858,CAN01461,JOB00375,2026-08-05,job_site,converted
ENT002859,CAN01462,JOB00772,2026-09-25,job_site,declined
ENT002860,CAN01462,JOB00359,2026-09-15,job_site,declined
ENT002861,CAN01462,JOB00667,2026-09-27,job_site,declined
ENT002862,CAN01463,JOB00350,2025-08-19,job_site,converted
ENT002863,CAN01463,JOB00465,2026-07-13,job_site,declined
ENT002864,CAN01464,JOB00429,2026-09-30,job_site,declined
ENT002865,CAN01464,JOB00353,2026-09-30,job_site,declined
ENT002866,CAN01465,JOB00363,2026-02-25,job_site,converted
ENT002867,CAN01465,JOB00451,2026-02-20,job_site,declined
ENT002868,CAN01465,JOB00766,2026-04-16,job_site,converted
ENT002872,CAN01467,JOB00792,2026-07-19,job_site,declined
ENT002873,CAN01467,JOB00715,2026-02-25,job_site,declined
ENT002874,CAN01467,JOB00774,2026-06-16,job_site,converted
ENT002875,CAN01468,JOB00630,2026-03-26,job_site,converted
ENT002877,CAN01468,JOB00731,2026-03-28,job_site,converted
ENT002879,CAN01469,JOB00260,2025-09-03,job_site,declined
ENT002881,CAN01470,JOB00771,2026-02-23,job_site,declined
ENT002882,CAN01471,JOB00413,2026-08-06,job_site,declined
ENT002883,CAN01472,JOB00652,2026-05-02,job_site,declined
ENT002884,CAN01472,JOB00520,2026-07-20,job_site,converted
ENT002885,CAN01472,JOB00765,2026-04-14,job_site,declined
ENT002886,CAN01475,JOB00636,2026-09-30,job_site,declined
ENT002887,CAN01475,JOB00459,2026-09-27,job_site,declined
ENT002888,CAN01475,JOB00708,2026-09-21,job_site,converted
ENT002889,CAN01476,JOB00789,2026-04-30,job_site,converted
ENT002890,CAN01476,JOB00699,2026-05-13,job_site,converted
ENT002892,CAN01477,JOB00216,2025-05-06,job_site,converted
ENT002893,CAN01478,JOB00779,2026-03-07,job_site,declined
ENT002894,CAN01479,JOB00101,2025-06-13,job_site,declined
ENT002895,CAN01480,JOB00457,2026-05-28,job_site,declined
ENT002896,CAN01480,JOB00605,2026-04-07,job_site,declined
ENT002897,CAN01480,JOB00464,2026-02-20,job_site,declined
ENT002898,CAN01481,JOB00573,2026-02-24,job_site,converted
ENT002901,CAN01482,JOB00184,2026-01-31,job_site,converted
ENT002907,CAN01485,JOB00318,2025-10-16,job_site,declined
ENT002908,CAN01486,JOB00475,2026-04-23,job_site,declined
ENT002909,CAN01486,JOB00718,2026-04-20,job_site,declined
ENT002910,CAN01486,JOB00398,2026-05-18,job_site,declined
ENT002911,CAN01487,JOB00393,2026-09-30,job_site,declined
ENT002912,CAN01487,JOB00596,2026-09-30,job_site,declined
ENT002913,CAN01487,JOB00659,2026-09-30,job_site,declined
ENT002914,CAN01487,JOB00429,2026-09-30,job_site,declined
ENT002915,CAN01488,JOB00152,2025-07-31,job_site,declined
ENT002916,CAN01489,JOB00566,2026-07-23,job_site,declined
ENT002917,CAN01489,JOB00529,2026-09-09,job_site,declined
ENT002919,CAN01490,JOB00172,2025-07-01,job_site,declined
ENT002920,CAN01490,JOB00514,2026-02-28,job_site,declined
ENT002921,CAN01490,JOB00498,2026-02-05,job_site,declined
ENT002922,CAN01491,JOB00482,2026-06-13,job_site,declined
ENT002923,CAN01492,JOB00469,2026-09-19,job_site,converted
ENT002924,CAN01492,JOB00441,2026-08-15,job_site,declined
ENT002925,CAN01492,JOB00666,2026-09-06,job_site,declined
ENT002926,CAN01493,JOB00510,2026-09-12,job_site,declined
ENT002927,CAN01493,JOB00429,2026-09-16,job_site,declined
ENT002928,CAN01494,JOB00388,2026-09-16,job_site,declined
ENT002929,CAN01494,JOB00781,2026-09-23,job_site,declined
ENT002930,CAN01496,JOB00436,2026-02-25,job_site,declined
ENT002931,CAN01496,JOB00508,2026-06-26,job_site,declined
ENT002932,CAN01497,JOB00407,2026-09-27,job_site,declined
ENT002934,CAN01499,JOB00460,2026-06-29,job_site,declined
ENT002935,CAN01499,JOB00680,2026-06-30,job_site,declined
ENT002936,CAN01500,JOB00195,2025-06-26,job_site,converted
ENT002937,CAN01501,JOB00514,2026-03-19,job_site,declined
ENT002938,CAN01501,JOB00354,2026-03-13,job_site,declined
ENT002939,CAN01502,JOB00236,2025-04-16,job_site,declined
ENT002940,CAN01502,JOB00218,2025-06-12,job_site,declined
ENT002941,CAN01502,JOB00199,2025-06-13,job_site,converted
ENT002942,CAN01502,JOB00276,2025-05-15,job_site,declined
ENT002945,CAN01504,JOB00161,2025-07-14,job_site,declined
ENT002946,CAN01504,JOB00248,2025-09-19,job_site,converted
ENT002947,CAN01505,JOB00688,2026-04-29,job_site,declined
ENT002948,CAN01507,JOB00770,2026-08-28,job_site,declined
ENT002949,CAN01507,JOB00341,2025-08-27,job_site,declined
ENT002950,CAN01507,JOB00461,2026-09-20,job_site,declined
ENT002951,CAN01507,JOB00349,2025-09-24,job_site,converted
ENT002952,CAN01507,JOB00611,2026-02-23,job_site,converted
ENT002953,CAN01507,JOB00090,2025-07-15,job_site,converted
ENT002954,CAN01508,JOB00624,2026-09-17,job_site,declined
ENT002955,CAN01508,JOB00715,2026-01-24,job_site,converted
ENT002956,CAN01508,JOB00494,2026-09-21,job_site,converted
ENT002957,CAN01509,JOB00131,2025-07-29,job_site,declined
ENT002958,CAN01510,JOB00620,2026-06-30,job_site,declined
ENT002959,CAN01510,JOB00213,2025-09-06,job_site,declined
ENT002960,CAN01511,JOB00432,2026-08-22,job_site,declined
ENT002961,CAN01511,JOB00459,2026-09-08,job_site,declined
ENT002962,CAN01511,JOB00493,2026-09-07,job_site,declined
ENT002963,CAN01512,JOB00295,2025-08-24,job_site,declined
ENT002964,CAN01512,JOB00116,2025-09-09,job_site,converted
ENT002965,CAN01513,JOB00719,2026-09-13,job_site,converted
ENT002966,CAN01513,JOB00487,2026-09-18,job_site,declined
ENT002967,CAN01515,JOB00485,2026-07-11,job_site,declined
ENT002968,CAN01516,JOB00004,2026-01-23,job_site,converted
ENT002972,CAN01517,JOB00139,2025-06-16,job_site,declined
ENT002973,CAN01517,JOB00621,2026-04-16,job_site,declined
ENT002974,CAN01518,JOB00772,2026-09-29,job_site,declined
ENT002975,CAN01518,JOB00390,2026-09-05,job_site,declined
ENT002976,CAN01519,JOB00708,2026-08-30,job_site,converted
ENT002977,CAN01519,JOB00461,2026-09-11,job_site,declined
ENT002978,CAN01520,JOB00487,2026-08-24,job_site,converted
ENT002979,CAN01520,JOB00792,2026-08-05,job_site,declined
ENT002980,CAN01522,JOB00654,2026-02-04,job_site,converted
ENT002981,CAN01524,JOB00705,2026-04-07,job_site,declined
ENT002982,CAN01524,JOB00076,2025-12-09,job_site,declined
ENT002983,CAN01524,JOB00303,2025-12-08,job_site,converted
ENT002984,CAN01525,JOB00375,2026-07-24,job_site,declined
ENT002985,CAN01525,JOB00366,2026-03-16,job_site,declined
ENT002986,CAN01525,JOB00595,2026-09-26,job_site,declined
ENT002987,CAN01525,JOB00751,2026-09-22,job_site,converted
ENT002988,CAN01525,JOB00255,2026-01-04,job_site,converted
ENT002989,CAN01526,JOB00534,2026-03-26,job_site,converted
ENT002990,CAN01526,JOB00183,2025-11-26,job_site,declined
ENT002991,CAN01526,JOB00357,2026-05-04,job_site,converted
ENT002992,CAN01527,JOB00570,2026-04-09,job_site,declined
ENT002993,CAN01527,JOB00287,2025-11-24,job_site,declined
ENT002994,CAN01527,JOB00764,2026-09-12,job_site,declined
ENT002995,CAN01527,JOB00155,2025-10-25,job_site,declined
ENT002996,CAN01528,JOB00739,2026-06-04,job_site,declined
ENT002997,CAN01529,JOB00210,2025-10-19,job_site,converted
ENT002998,CAN01529,JOB00135,2025-10-13,job_site,declined
ENT002999,CAN01529,JOB00193,2025-11-08,job_site,declined
ENT003000,CAN01530,JOB00757,2026-01-16,job_site,declined
ENT003001,CAN01530,JOB00385,2026-03-11,job_site,converted
ENT003002,CAN01533,JOB00353,2026-09-15,job_site,converted
ENT003003,CAN01534,JOB00795,2026-05-27,job_site,declined
ENT003004,CAN01535,JOB00461,2026-08-27,job_site,declined
ENT003005,CAN01535,JOB00463,2026-04-17,job_site,declined
ENT003006,CAN01535,JOB00539,2026-08-31,job_site,declined
ENT003007,CAN01536,JOB00218,2025-07-17,job_site,declined
ENT003008,CAN01537,JOB00791,2026-07-23,job_site,declined
ENT003009,CAN01537,JOB00697,2026-06-20,job_site,converted
ENT003010,CAN01537,JOB00762,2026-04-20,job_site,converted
ENT003011,CAN01537,JOB00469,2026-09-15,job_site,declined
ENT003012,CAN01537,JOB00787,2026-07-19,job_site,declined
ENT003013,CAN01538,JOB00439,2026-04-18,job_site,declined
ENT003014,CAN01540,JOB00723,2026-09-05,job_site,declined
ENT003015,CAN01541,JOB00344,2026-01-14,job_site,declined
ENT003016,CAN01542,JOB00556,2026-08-07,job_site,declined
ENT003017,CAN01542,JOB00726,2026-09-20,job_site,declined
ENT003018,CAN01543,JOB00475,2026-04-16,job_site,converted
ENT003019,CAN01543,JOB00518,2026-06-24,job_site,declined
ENT003020,CAN01546,JOB00498,2026-02-04,job_site,converted
ENT003021,CAN01546,JOB00775,2026-08-02,job_site,declined
ENT003022,CAN01546,JOB00665,2026-03-04,job_site,converted
ENT003023,CAN01546,JOB00407,2026-09-24,job_site,converted
ENT003024,CAN01546,JOB00202,2025-12-12,job_site,converted
ENT003025,CAN01547,JOB00703,2026-09-09,job_site,declined
ENT003026,CAN01548,JOB00107,2025-08-20,job_site,converted
ENT003027,CAN01548,JOB00033,2025-12-03,job_site,converted
ENT003028,CAN01549,JOB00632,2026-03-15,job_site,declined
ENT003029,CAN01549,JOB00439,2026-04-12,job_site,declined
ENT003032,CAN01551,JOB00649,2026-09-24,job_site,declined
ENT003033,CAN01552,JOB00242,2026-01-07,job_site,converted
ENT003034,CAN01552,JOB00644,2026-02-10,job_site,declined
ENT003035,CAN01554,JOB00641,2026-09-28,job_site,converted
ENT003036,CAN01555,JOB00697,2026-07-18,job_site,declined
ENT003037,CAN01556,JOB00459,2026-09-05,job_site,declined
ENT003038,CAN01556,JOB00406,2026-09-25,job_site,declined
ENT003039,CAN01557,JOB00564,2026-09-17,job_site,declined
ENT003040,CAN01558,JOB00566,2026-07-16,job_site,declined
ENT003042,CAN01560,JOB00204,2026-01-11,job_site,declined
ENT003043,CAN01561,JOB00107,2025-08-20,job_site,declined
ENT003044,CAN01562,JOB00647,2026-05-27,job_site,declined
ENT003045,CAN01562,JOB00780,2026-02-16,job_site,declined
ENT003046,CAN01563,JOB00126,2025-11-12,job_site,declined
ENT003047,CAN01563,JOB00366,2026-02-24,job_site,declined
ENT003048,CAN01563,JOB00134,2025-10-29,job_site,declined
ENT003049,CAN01564,JOB00479,2026-03-30,job_site,declined
ENT003050,CAN01564,JOB00591,2026-08-10,job_site,declined
ENT003051,CAN01565,JOB00519,2026-09-22,job_site,declined
ENT003052,CAN01566,JOB00115,2025-05-21,job_site,declined
ENT003053,CAN01566,JOB00042,2025-05-01,job_site,converted
ENT003054,CAN01566,JOB00243,2025-05-05,job_site,declined
ENT003055,CAN01566,JOB00254,2025-05-05,job_site,declined
ENT003056,CAN01566,JOB00169,2025-04-21,job_site,declined
ENT003057,CAN01567,JOB00448,2026-02-20,job_site,declined
ENT003058,CAN01567,JOB00040,2026-01-12,job_site,converted
ENT003059,CAN01568,JOB00089,2025-11-13,job_site,declined
ENT003060,CAN01569,JOB00421,2026-07-26,job_site,declined
ENT003061,CAN01570,JOB00373,2026-05-29,job_site,declined
ENT003063,CAN01573,JOB00391,2026-02-21,job_site,declined
ENT003064,CAN01574,JOB00545,2026-06-29,job_site,declined
ENT003065,CAN01574,JOB00372,2026-09-20,job_site,declined
ENT003066,CAN01574,JOB00419,2026-09-16,job_site,declined
ENT003067,CAN01574,JOB00629,2026-09-29,job_site,declined
ENT003068,CAN01575,JOB00109,2025-04-12,job_site,declined
ENT003069,CAN01575,JOB00261,2025-04-15,job_site,declined
ENT003070,CAN01575,JOB00298,2025-04-17,job_site,declined
ENT003071,CAN01575,JOB00138,2025-04-16,job_site,declined
ENT003072,CAN01576,JOB00580,2026-09-05,job_site,declined
ENT003073,CAN01577,JOB00480,2026-07-31,job_site,declined
ENT003074,CAN01577,JOB00564,2026-09-20,job_site,declined
ENT003076,CAN01579,JOB00646,2026-07-27,job_site,declined
ENT003077,CAN01580,JOB00656,2026-04-24,job_site,converted
ENT003078,CAN01580,JOB00110,2026-01-09,job_site,declined
ENT003080,CAN01582,JOB00758,2026-03-04,job_site,declined
ENT003081,CAN01583,JOB00459,2026-09-17,job_site,declined
ENT003083,CAN01585,JOB00099,2025-10-04,job_site,converted
ENT003084,CAN01585,JOB00118,2025-09-03,job_site,converted
ENT003085,CAN01585,JOB00341,2025-09-22,job_site,converted
ENT003086,CAN01585,JOB00052,2025-08-19,job_site,converted
ENT003087,CAN01586,JOB00338,2025-08-31,job_site,declined
ENT003088,CAN01587,JOB00751,2026-09-29,job_site,declined
ENT003089,CAN01587,JOB00453,2026-09-02,job_site,converted
ENT003090,CAN01587,JOB00433,2026-07-18,job_site,converted
ENT003094,CAN01589,JOB00352,2026-07-28,job_site,declined
ENT003095,CAN01590,JOB00517,2026-09-19,job_site,declined
ENT003096,CAN01590,JOB00622,2026-09-18,job_site,converted
ENT003097,CAN01590,JOB00581,2026-09-14,job_site,converted
ENT003098,CAN01591,JOB00667,2026-09-29,job_site,declined
ENT003099,CAN01591,JOB00466,2026-06-01,job_site,converted
ENT003100,CAN01591,JOB00793,2026-02-18,job_site,declined
ENT003101,CAN01591,JOB00789,2026-04-26,job_site,declined
ENT003103,CAN01593,JOB00322,2025-05-13,job_site,declined
ENT003105,CAN01594,JOB00704,2026-06-23,job_site,converted
ENT003108,CAN01596,JOB00545,2026-07-07,job_site,declined
ENT003109,CAN01596,JOB00734,2026-04-21,job_site,declined
ENT003110,CAN01597,JOB00389,2026-06-10,job_site,converted
ENT003111,CAN01599,JOB00108,2025-04-30,job_site,declined
ENT003112,CAN01600,JOB00029,2025-09-23,job_site,declined
ENT003113,CAN01600,JOB00123,2025-09-03,job_site,declined
ENT003114,CAN01600,JOB00063,2025-11-06,job_site,converted
ENT003115,CAN01600,JOB00098,2025-06-09,job_site,declined
ENT003116,CAN01600,JOB00526,2026-03-21,job_site,declined
ENT003117,CAN01601,JOB00562,2026-09-29,job_site,declined
ENT003118,CAN01602,JOB00668,2026-08-27,job_site,converted
ENT003119,CAN01602,JOB00588,2026-08-31,job_site,converted
ENT003120,CAN01602,JOB00500,2026-08-27,job_site,declined
ENT003121,CAN01602,JOB00670,2026-08-27,job_site,declined
ENT003122,CAN01602,JOB00377,2026-09-04,job_site,converted
ENT003123,CAN01603,JOB00727,2026-03-28,job_site,converted
ENT003124,CAN01603,JOB00710,2026-03-30,job_site,declined
ENT003125,CAN01603,JOB00692,2026-07-12,job_site,declined
ENT003126,CAN01603,JOB00702,2026-08-27,job_site,declined
ENT003127,CAN01604,JOB00455,2026-06-15,job_site,converted
ENT003128,CAN01604,JOB00776,2026-06-15,job_site,declined
ENT003129,CAN01604,JOB00468,2026-09-10,job_site,converted
ENT003130,CAN01604,JOB00768,2026-07-21,job_site,converted
ENT003131,CAN01604,JOB00575,2026-07-26,job_site,converted
ENT003132,CAN01604,JOB00413,2026-07-23,job_site,declined
ENT003133,CAN01605,JOB00771,2026-01-28,job_site,declined
ENT003134,CAN01605,JOB00059,2026-01-07,job_site,converted
ENT003135,CAN01606,JOB00710,2026-04-09,job_site,converted
ENT003136,CAN01607,JOB00727,2026-03-04,job_site,declined
ENT003137,CAN01607,JOB00429,2026-09-12,job_site,declined
ENT003138,CAN01607,JOB00769,2026-01-24,job_site,declined
ENT003139,CAN01608,JOB00668,2026-09-17,job_site,converted
ENT003140,CAN01609,JOB00534,2026-03-25,job_site,converted
ENT003141,CAN01609,JOB00059,2026-01-01,job_site,declined
ENT003142,CAN01609,JOB00709,2026-04-21,job_site,converted
ENT003143,CAN01611,JOB00578,2026-07-01,job_site,converted
ENT003144,CAN01611,JOB00627,2026-06-28,job_site,declined
ENT003145,CAN01611,JOB00644,2026-02-14,job_site,declined
ENT003146,CAN01611,JOB00409,2026-02-05,job_site,declined
ENT003147,CAN01611,JOB00693,2026-04-13,job_site,declined
ENT003148,CAN01612,JOB00597,2026-02-27,job_site,converted
ENT003149,CAN01612,JOB00420,2026-04-18,job_site,converted
ENT003150,CAN01612,JOB00634,2026-03-18,job_site,declined
ENT003151,CAN01612,JOB00674,2026-03-19,job_site,declined
ENT003152,CAN01613,JOB00471,2026-09-10,job_site,declined
ENT003153,CAN01614,JOB00594,2026-04-26,job_site,declined
ENT003154,CAN01614,JOB00390,2026-08-24,job_site,converted
ENT003155,CAN01614,JOB00454,2026-09-02,job_site,declined
ENT003156,CAN01614,JOB00605,2026-04-09,job_site,converted
ENT003157,CAN01614,JOB00655,2026-09-07,job_site,converted
ENT003158,CAN01615,JOB00707,2026-09-29,job_site,declined
ENT003159,CAN01616,JOB00663,2026-03-09,job_site,declined
ENT003160,CAN01616,JOB00455,2026-06-17,job_site,converted
ENT003161,CAN01616,JOB00679,2026-07-25,job_site,declined
ENT003162,CAN01616,JOB00405,2026-02-15,job_site,declined
ENT003163,CAN01617,JOB00591,2026-08-13,job_site,converted
ENT003164,CAN01617,JOB00450,2026-03-02,job_site,converted
ENT003165,CAN01617,JOB00079,2025-08-12,job_site,declined
ENT003166,CAN01618,JOB00475,2026-04-29,job_site,declined
ENT003167,CAN01618,JOB00445,2026-04-26,job_site,declined
ENT003168,CAN01618,JOB00655,2026-09-13,job_site,declined
ENT003169,CAN01620,JOB00396,2026-03-12,job_site,declined
ENT003171,CAN01621,JOB00331,2025-11-14,job_site,converted
ENT003172,CAN01622,JOB00643,2026-09-01,job_site,converted
ENT003173,CAN01622,JOB00716,2026-08-16,job_site,declined
ENT003174,CAN01622,JOB00388,2026-09-05,job_site,converted
ENT003175,CAN01623,JOB00473,2026-02-09,job_site,declined
ENT003176,CAN01624,JOB00418,2026-03-10,job_site,converted
ENT003177,CAN01624,JOB00529,2026-09-25,job_site,converted
ENT003178,CAN01624,JOB00774,2026-06-21,job_site,declined
ENT003179,CAN01624,JOB00650,2026-09-23,job_site,converted
ENT003180,CAN01625,JOB00672,2026-05-18,job_site,declined
ENT003181,CAN01626,JOB00030,2025-11-26,job_site,declined
ENT003182,CAN01629,JOB00562,2026-09-20,job_site,declined
ENT003183,CAN01630,JOB00485,2026-07-02,job_site,converted
ENT003184,CAN01630,JOB00406,2026-09-24,job_site,converted
ENT003185,CAN01632,JOB00463,2026-04-11,job_site,declined
ENT003186,CAN01632,JOB00263,2025-12-08,job_site,declined
ENT003187,CAN01632,JOB00702,2026-09-26,job_site,declined
ENT003188,CAN01633,JOB00691,2026-03-05,job_site,declined
ENT003189,CAN01633,JOB00420,2026-05-12,job_site,declined
ENT003190,CAN01633,JOB00474,2026-02-28,job_site,declined
ENT003191,CAN01634,JOB00732,2026-07-01,job_site,declined
ENT003192,CAN01636,JOB00645,2026-07-24,job_site,declined
ENT003196,CAN01639,JOB00478,2026-09-14,job_site,declined
ENT003197,CAN01639,JOB00675,2026-05-04,job_site,declined
ENT003198,CAN01640,JOB00458,2026-04-12,job_site,converted
ENT003199,CAN01640,JOB00076,2025-11-19,job_site,declined
ENT003200,CAN01640,JOB00170,2025-12-24,job_site,declined
ENT003201,CAN01640,JOB00713,2026-03-20,job_site,declined
ENT003205,CAN01645,JOB00633,2026-04-20,job_site,converted
ENT003206,CAN01645,JOB00729,2026-08-01,job_site,converted
ENT003207,CAN01645,JOB00601,2026-03-29,job_site,declined
ENT003208,CAN01647,JOB00598,2026-06-01,job_site,converted
ENT003210,CAN01647,JOB00557,2026-06-25,job_site,declined
ENT003214,CAN01649,JOB00035,2025-06-03,job_site,declined
ENT003215,CAN01651,JOB00553,2026-08-23,job_site,declined
ENT003216,CAN01652,JOB00620,2026-06-11,job_site,declined
ENT003217,CAN01652,JOB00773,2026-03-13,job_site,declined
ENT003219,CAN01654,JOB00570,2026-04-07,job_site,converted
ENT003221,CAN01655,JOB00689,2026-05-03,job_site,converted
ENT003223,CAN01656,JOB00177,2025-05-23,job_site,declined
ENT003224,CAN01657,JOB00540,2026-02-03,job_site,declined
ENT003225,CAN01657,JOB00378,2026-02-07,job_site,converted
ENT003226,CAN01658,JOB00507,2026-09-12,job_site,declined
ENT003227,CAN01658,JOB00429,2026-09-19,job_site,declined
ENT003228,CAN01658,JOB00629,2026-09-13,job_site,declined
ENT003229,CAN01659,JOB00256,2026-01-21,job_site,declined
ENT003230,CAN01660,JOB00619,2026-03-17,job_site,converted
ENT003231,CAN01661,JOB00414,2026-03-08,job_site,converted
ENT003232,CAN01661,JOB00111,2025-04-18,job_site,declined
ENT003233,CAN01662,JOB00213,2025-08-19,job_site,declined
ENT003234,CAN01662,JOB00275,2025-09-30,job_site,declined
ENT003235,CAN01662,JOB00305,2025-11-19,job_site,declined
ENT003236,CAN01663,JOB00551,2026-06-27,job_site,declined
ENT003237,CAN01664,JOB00030,2025-11-09,job_site,converted
ENT003238,CAN01664,JOB00740,2026-03-22,job_site,declined
ENT003241,CAN01666,JOB00394,2026-05-17,job_site,declined
ENT003242,CAN01667,JOB00666,2026-09-24,job_site,declined
ENT003243,CAN01667,JOB00637,2026-05-01,job_site,converted
ENT003244,CAN01667,JOB00328,2026-01-29,job_site,converted
ENT003245,CAN01669,JOB00716,2026-08-09,job_site,declined
ENT003246,CAN01670,JOB00793,2026-02-06,job_site,declined
ENT003247,CAN01671,JOB00736,2026-07-17,job_site,converted
ENT003249,CAN01673,JOB00467,2026-03-10,job_site,converted
ENT003250,CAN01673,JOB00360,2026-03-21,job_site,declined
ENT003251,CAN01673,JOB00689,2026-03-19,job_site,declined
ENT003252,CAN01674,JOB00468,2026-09-22,job_site,declined
ENT003253,CAN01677,JOB00040,2026-01-29,job_site,declined
ENT003254,CAN01678,JOB00118,2025-08-14,job_site,declined
ENT003255,CAN01680,JOB00487,2026-08-27,job_site,declined
ENT003256,CAN01680,JOB00669,2026-03-04,job_site,declined
ENT003257,CAN01680,JOB00486,2026-05-31,job_site,declined
ENT003258,CAN01680,JOB00774,2026-06-20,job_site,converted
ENT003259,CAN01681,JOB00410,2026-07-18,job_site,declined
ENT003260,CAN01681,JOB00732,2026-06-11,job_site,converted
ENT003261,CAN01681,JOB00621,2026-05-01,job_site,declined
ENT003262,CAN01681,JOB00453,2026-08-01,job_site,converted
ENT003265,CAN01684,JOB00734,2026-04-03,job_site,declined
ENT003266,CAN01685,JOB00445,2026-03-16,job_site,declined
ENT003267,CAN01686,JOB00409,2026-03-14,job_site,declined
ENT003268,CAN01686,JOB00639,2026-07-04,job_site,declined
ENT003269,CAN01686,JOB00498,2026-03-07,job_site,converted
ENT003270,CAN01686,JOB00721,2026-08-06,job_site,converted
ENT003271,CAN01687,JOB00628,2026-09-29,job_site,declined
ENT003272,CAN01687,JOB00598,2026-05-31,job_site,declined
ENT003273,CAN01687,JOB00800,2026-09-11,job_site,declined
ENT003274,CAN01688,JOB00463,2026-04-06,job_site,converted
ENT003275,CAN01689,JOB00128,2026-01-07,job_site,declined
ENT003276,CAN01690,JOB00284,2025-09-17,job_site,declined
ENT003277,CAN01690,JOB00734,2026-04-05,job_site,converted
ENT003278,CAN01690,JOB00299,2025-08-31,job_site,declined
ENT003279,CAN01690,JOB00148,2025-10-24,job_site,converted
ENT003280,CAN01690,JOB00054,2025-12-06,job_site,declined
ENT003281,CAN01690,JOB00604,2026-07-08,job_site,declined
ENT003282,CAN01691,JOB00538,2026-08-19,job_site,converted
ENT003283,CAN01691,JOB00079,2025-08-10,job_site,declined
ENT003284,CAN01692,JOB00752,2026-03-07,job_site,converted
ENT003285,CAN01692,JOB00354,2026-02-14,job_site,declined
ENT003286,CAN01694,JOB00509,2026-09-30,job_site,declined
ENT003287,CAN01694,JOB00707,2026-09-26,job_site,declined
ENT003288,CAN01694,JOB00791,2026-08-09,job_site,converted
ENT003289,CAN01695,JOB00395,2026-08-26,job_site,declined
ENT003290,CAN01695,JOB00428,2026-06-20,job_site,declined
ENT003291,CAN01696,JOB00588,2026-09-02,job_site,converted
ENT003292,CAN01696,JOB00553,2026-08-01,job_site,converted
ENT003293,CAN01696,JOB00494,2026-09-23,job_site,converted
ENT003294,CAN01696,JOB00431,2026-07-25,job_site,declined
ENT003295,CAN01696,JOB00432,2026-09-20,job_site,converted
ENT003296,CAN01698,JOB00360,2026-04-27,job_site,declined
ENT003297,CAN01698,JOB00473,2026-03-02,job_site,declined
ENT003298,CAN01698,JOB00382,2026-06-06,job_site,declined
ENT003304,CAN01702,JOB00706,2026-03-19,job_site,declined
ENT003305,CAN01703,JOB00359,2026-09-20,job_site,declined
ENT003306,CAN01704,JOB00792,2026-07-30,job_site,declined
ENT003307,CAN01704,JOB00508,2026-07-16,job_site,declined
ENT003311,CAN01707,JOB00756,2026-06-15,job_site,converted
ENT003312,CAN01708,JOB00781,2026-09-26,job_site,declined
ENT003313,CAN01709,JOB00692,2026-08-16,job_site,declined
ENT003314,CAN01709,JOB00557,2026-07-14,job_site,declined
ENT003315,CAN01710,JOB00792,2026-07-19,job_site,declined
ENT003316,CAN01710,JOB00761,2026-09-30,job_site,declined
ENT003317,CAN01711,JOB00163,2025-05-22,job_site,converted
ENT003318,CAN01712,JOB00192,2025-09-24,job_site,declined
ENT003319,CAN01712,JOB00231,2025-09-23,job_site,declined
ENT003323,CAN01716,JOB00578,2026-07-31,job_site,converted
ENT003324,CAN01716,JOB00480,2026-09-04,job_site,converted
ENT003325,CAN01716,JOB00556,2026-07-20,job_site,declined
ENT003326,CAN01717,JOB00685,2026-04-24,job_site,declined
ENT003327,CAN01717,JOB00663,2026-04-02,job_site,declined
ENT003328,CAN01718,JOB00384,2026-04-10,job_site,declined
ENT003329,CAN01719,JOB00612,2026-06-23,job_site,converted
ENT003330,CAN01720,JOB00349,2025-09-13,job_site,declined
ENT003331,CAN01720,JOB00048,2025-11-04,job_site,converted
ENT003334,CAN01723,JOB00217,2026-01-25,job_site,declined
ENT003335,CAN01723,JOB00234,2025-11-22,job_site,declined
ENT003336,CAN01724,JOB00284,2025-09-30,job_site,declined
ENT003337,CAN01724,JOB00502,2026-09-27,job_site,declined
ENT003338,CAN01724,JOB00557,2026-07-01,job_site,declined
ENT003340,CAN01725,JOB00188,2025-07-13,job_site,declined
ENT003341,CAN01725,JOB00247,2025-11-19,job_site,converted
ENT003342,CAN01726,JOB00018,2025-07-24,job_site,declined
ENT003343,CAN01726,JOB00529,2026-09-26,job_site,declined
ENT003344,CAN01727,JOB00563,2026-04-08,job_site,converted
ENT003346,CAN01729,JOB00453,2026-08-17,job_site,declined
ENT003347,CAN01729,JOB00565,2026-07-25,job_site,declined
ENT003348,CAN01729,JOB00684,2026-08-11,job_site,declined
ENT003349,CAN01729,JOB00375,2026-07-09,job_site,declined
ENT003350,CAN01730,JOB00549,2026-06-10,job_site,declined
ENT003351,CAN01730,JOB00792,2026-07-07,job_site,converted
ENT003352,CAN01730,JOB00460,2026-06-23,job_site,declined
ENT003353,CAN01730,JOB00429,2026-09-25,job_site,declined
ENT003354,CAN01730,JOB00471,2026-09-17,job_site,converted
ENT003355,CAN01731,JOB00488,2026-06-03,job_site,converted
ENT003356,CAN01731,JOB00770,2026-08-05,job_site,declined
ENT003357,CAN01732,JOB00401,2026-04-23,job_site,declined
ENT003358,CAN01732,JOB00773,2026-03-29,job_site,declined
ENT003359,CAN01733,JOB00792,2026-07-07,job_site,declined
ENT003360,CAN01733,JOB00375,2026-07-19,job_site,declined
ENT003361,CAN01734,JOB00367,2026-08-08,job_site,converted
ENT003362,CAN01734,JOB00455,2026-06-03,job_site,declined
ENT003363,CAN01735,JOB00459,2026-09-27,job_site,declined
ENT003364,CAN01735,JOB00452,2026-09-25,job_site,declined
ENT003365,CAN01736,JOB00086,2025-07-02,job_site,declined
ENT003366,CAN01737,JOB00461,2026-09-27,job_site,declined
ENT003367,CAN01737,JOB00707,2026-09-28,job_site,converted
ENT003368,CAN01738,JOB00668,2026-08-19,job_site,converted
ENT003369,CAN01738,JOB00377,2026-08-16,job_site,declined
ENT003370,CAN01738,JOB00714,2026-08-26,job_site,declined
ENT003371,CAN01740,JOB00745,2026-06-17,job_site,declined
ENT003372,CAN01740,JOB00720,2026-09-18,job_site,converted
ENT003373,CAN01741,JOB00669,2026-02-22,job_site,declined
ENT003374,CAN01741,JOB00678,2026-02-28,job_site,declined
ENT003375,CAN01741,JOB00661,2026-06-11,job_site,declined
ENT003376,CAN01742,JOB00523,2026-02-16,job_site,declined
ENT003377,CAN01742,JOB00672,2026-05-23,job_site,declined
ENT003378,CAN01743,JOB00486,2026-05-28,job_site,declined
ENT003379,CAN01743,JOB00739,2026-05-21,job_site,converted
ENT003380,CAN01743,JOB00353,2026-09-17,job_site,declined
ENT003381,CAN01744,JOB00407,2026-09-19,job_site,declined
ENT003382,CAN01745,JOB00413,2026-07-08,job_site,declined
ENT003383,CAN01745,JOB00334,2025-12-31,job_site,declined
ENT003384,CAN01746,JOB00262,2025-10-30,job_site,converted
ENT003385,CAN01748,JOB00708,2026-08-31,job_site,converted
ENT003388,CAN01750,JOB00423,2026-05-28,job_site,declined
ENT003389,CAN01750,JOB00503,2026-07-12,job_site,declined
ENT003390,CAN01750,JOB00416,2026-09-24,job_site,declined
ENT003391,CAN01751,JOB00014,2025-12-25,job_site,converted
ENT003392,CAN01751,JOB00096,2025-12-20,job_site,converted
ENT003393,CAN01752,JOB00689,2026-04-01,job_site,declined
ENT003394,CAN01752,JOB00446,2026-08-02,job_site,declined
ENT003395,CAN01752,JOB00286,2025-10-17,job_site,declined
ENT003396,CAN01752,JOB00686,2026-06-06,job_site,declined
ENT003397,CAN01752,JOB00661,2026-05-12,job_site,declined
ENT003398,CAN01753,JOB00365,2026-06-13,job_site,declined
ENT003399,CAN01753,JOB00575,2026-08-09,job_site,converted
ENT003400,CAN01754,JOB00416,2026-09-25,job_site,declined
ENT003401,CAN01755,JOB00321,2025-12-06,job_site,declined
ENT003402,CAN01755,JOB00167,2025-09-06,job_site,converted
ENT003403,CAN01757,JOB00761,2026-09-30,job_site,declined
ENT003404,CAN01757,JOB00459,2026-08-25,job_site,declined
ENT003405,CAN01758,JOB00235,2025-07-22,job_site,converted
ENT003406,CAN01758,JOB00136,2025-12-01,job_site,declined
ENT003407,CAN01758,JOB00224,2025-07-08,job_site,converted
ENT003412,CAN01762,JOB00623,2026-07-14,job_site,declined
ENT003413,CAN01764,JOB00643,2026-09-15,job_site,declined
ENT003414,CAN01764,JOB00547,2026-06-17,job_site,declined
ENT003415,CAN01765,JOB00415,2026-07-08,job_site,declined
ENT003416,CAN01766,JOB00034,2025-09-23,job_site,converted
ENT003419,CAN01767,JOB00151,2025-06-27,job_site,declined
ENT003420,CAN01768,JOB00095,2025-09-02,job_site,declined
ENT003421,CAN01768,JOB00633,2026-04-02,job_site,declined
ENT003422,CAN01769,JOB00220,2025-09-26,job_site,converted
ENT003423,CAN01770,JOB00502,2026-09-26,job_site,converted
ENT003424,CAN01770,JOB00425,2026-09-27,job_site,converted
ENT003425,CAN01771,JOB00729,2026-07-26,job_site,converted
ENT003427,CAN01771,JOB00375,2026-08-04,job_site,converted
ENT003429,CAN01772,JOB00555,2026-09-30,job_site,declined
ENT003430,CAN01772,JOB00417,2026-09-28,job_site,converted
ENT003431,CAN01773,JOB00603,2026-04-22,job_site,converted
ENT003432,CAN01774,JOB00516,2026-07-20,job_site,declined
ENT003436,CAN01776,JOB00032,2025-07-31,job_site,declined
ENT003438,CAN01778,JOB00595,2026-09-25,job_site,declined
ENT003439,CAN01779,JOB00423,2026-06-27,job_site,declined
ENT003440,CAN01781,JOB00640,2026-03-22,job_site,converted
ENT003441,CAN01782,JOB00611,2026-02-11,job_site,converted
ENT003442,CAN01783,JOB00376,2026-06-16,job_site,declined
ENT003444,CAN01784,JOB00616,2026-06-17,job_site,converted
ENT003447,CAN01786,JOB00380,2026-09-26,job_site,converted
ENT003448,CAN01786,JOB00397,2026-07-09,job_site,declined
ENT003449,CAN01786,JOB00508,2026-07-17,job_site,declined
ENT003450,CAN01786,JOB00399,2026-05-15,job_site,declined
ENT003451,CAN01786,JOB00726,2026-09-19,job_site,declined
ENT003452,CAN01787,JOB00461,2026-09-30,job_site,declined
ENT003453,CAN01787,JOB00629,2026-09-25,job_site,converted
ENT003455,CAN01790,JOB00577,2026-05-05,job_site,declined
ENT003456,CAN01792,JOB00341,2025-08-22,job_site,declined
ENT003457,CAN01792,JOB00049,2025-06-29,job_site,declined
ENT003458,CAN01792,JOB00101,2025-06-22,job_site,declined
ENT003459,CAN01792,JOB00168,2025-06-18,job_site,declined
ENT003460,CAN01792,JOB00301,2025-05-21,job_site,declined
ENT003461,CAN01793,JOB00356,2026-07-04,job_site,declined
ENT003462,CAN01793,JOB00684,2026-07-28,job_site,converted
ENT003463,CAN01793,JOB00513,2026-06-13,job_site,converted
ENT003464,CAN01794,JOB00688,2026-04-25,job_site,declined
ENT003465,CAN01794,JOB00449,2026-06-07,job_site,declined
ENT003466,CAN01794,JOB00472,2026-06-10,job_site,declined
ENT003467,CAN01795,JOB00395,2026-08-25,job_site,declined
ENT003468,CAN01795,JOB00781,2026-09-22,job_site,declined
ENT003469,CAN01795,JOB00588,2026-08-19,job_site,converted
ENT003470,CAN01795,JOB00655,2026-09-05,job_site,converted
ENT003471,CAN01795,JOB00380,2026-09-21,job_site,converted
ENT003472,CAN01795,JOB00432,2026-08-22,job_site,declined
ENT003473,CAN01795,JOB00667,2026-09-01,job_site,declined
ENT003474,CAN01795,JOB00480,2026-08-23,job_site,converted
ENT003475,CAN01796,JOB00783,2026-02-23,job_site,converted
ENT003476,CAN01796,JOB00321,2026-01-07,job_site,converted
ENT003477,CAN01798,JOB00339,2025-10-26,job_site,converted
ENT003478,CAN01798,JOB00501,2026-04-26,job_site,declined
ENT003479,CAN01798,JOB00474,2026-02-07,job_site,declined
ENT003480,CAN01801,JOB00578,2026-06-24,job_site,converted
ENT003481,CAN01801,JOB00650,2026-09-17,job_site,declined
ENT003482,CAN01801,JOB00429,2026-09-23,job_site,declined
ENT003483,CAN01802,JOB00393,2026-08-29,job_site,declined
ENT003484,CAN01802,JOB00676,2026-05-28,job_site,declined
ENT003485,CAN01803,JOB00233,2025-08-03,job_site,converted
ENT003486,CAN01803,JOB00148,2025-10-25,job_site,converted
ENT003487,CAN01804,JOB00564,2026-09-26,job_site,converted
ENT003488,CAN01805,JOB00671,2026-05-28,job_site,declined
ENT003489,CAN01805,JOB00466,2026-05-25,job_site,declined
ENT003490,CAN01806,JOB00621,2026-05-10,job_site,declined
ENT003491,CAN01807,JOB00535,2026-06-15,job_site,declined
ENT003492,CAN01808,JOB00060,2025-08-12,job_site,declined
ENT003493,CAN01810,JOB00441,2026-07-29,job_site,converted
ENT003494,CAN01810,JOB00680,2026-07-18,job_site,declined
ENT003495,CAN01810,JOB00386,2026-07-28,job_site,declined
ENT003496,CAN01811,JOB00778,2026-06-21,job_site,declined
ENT003497,CAN01811,JOB00615,2026-05-26,job_site,declined
ENT003498,CAN01811,JOB00488,2026-07-02,job_site,converted
ENT003499,CAN01812,JOB00781,2026-09-26,job_site,declined
ENT003500,CAN01813,JOB00800,2026-09-20,job_site,declined
ENT003501,CAN01813,JOB00472,2026-05-25,job_site,declined
ENT003502,CAN01813,JOB00791,2026-08-08,job_site,declined
ENT003503,CAN01814,JOB00022,2025-11-05,job_site,converted
ENT003506,CAN01815,JOB00794,2026-07-01,job_site,declined
ENT003507,CAN01815,JOB00673,2026-06-16,job_site,declined
ENT003508,CAN01815,JOB00394,2026-05-28,job_site,converted
ENT003509,CAN01815,JOB00746,2026-06-30,job_site,declined
ENT003510,CAN01815,JOB00743,2026-04-22,job_site,declined
ENT003511,CAN01816,JOB00637,2026-04-17,job_site,declined
ENT003512,CAN01816,JOB00614,2026-05-15,job_site,declined
ENT003513,CAN01816,JOB00376,2026-06-11,job_site,declined
ENT003514,CAN01816,JOB00675,2026-05-07,job_site,declined
ENT003515,CAN01817,JOB00480,2026-09-02,job_site,declined
ENT003516,CAN01817,JOB00628,2026-09-17,job_site,declined
ENT003517,CAN01817,JOB00487,2026-09-19,job_site,declined
ENT003518,CAN01817,JOB00792,2026-08-13,job_site,declined
ENT003519,CAN01817,JOB00682,2026-09-12,job_site,converted
ENT003520,CAN01818,JOB00396,2026-04-08,job_site,declined
ENT003522,CAN01818,JOB00635,2026-04-16,job_site,converted
ENT003523,CAN01819,JOB00506,2026-07-06,job_site,declined
ENT003524,CAN01819,JOB00471,2026-09-15,job_site,converted
ENT003525,CAN01819,JOB00735,2026-07-15,job_site,declined
ENT003526,CAN01819,JOB00380,2026-09-30,job_site,declined
ENT003529,CAN01820,JOB00485,2026-07-08,job_site,declined
ENT003531,CAN01821,JOB00379,2026-06-30,job_site,converted
ENT003532,CAN01821,JOB00443,2026-09-30,job_site,declined
ENT003533,CAN01821,JOB00470,2026-05-20,job_site,converted
ENT003534,CAN01821,JOB00662,2026-05-05,job_site,declined
ENT003535,CAN01822,JOB00364,2026-05-07,job_site,declined
ENT003536,CAN01822,JOB00578,2026-06-28,job_site,converted
ENT003537,CAN01823,JOB00262,2025-11-04,job_site,declined
ENT003538,CAN01824,JOB00217,2026-02-04,job_site,converted
ENT003540,CAN01826,JOB00390,2026-09-01,job_site,declined
ENT003541,CAN01826,JOB00059,2025-12-19,job_site,declined
ENT003544,CAN01827,JOB00789,2026-05-21,job_site,converted
ENT003545,CAN01828,JOB00140,2025-10-09,job_site,declined
ENT003546,CAN01828,JOB00151,2025-07-06,job_site,declined
ENT003547,CAN01829,JOB00680,2026-07-13,job_site,declined
ENT003548,CAN01829,JOB00480,2026-08-20,job_site,declined
ENT003549,CAN01830,JOB00506,2026-06-24,job_site,declined
ENT003550,CAN01830,JOB00585,2026-09-08,job_site,declined
ENT003551,CAN01830,JOB00707,2026-09-29,job_site,declined
ENT003552,CAN01831,JOB00748,2026-09-23,job_site,declined
ENT003553,CAN01831,JOB00650,2026-09-19,job_site,declined
ENT003554,CAN01831,JOB00555,2026-09-12,job_site,declined
ENT003555,CAN01833,JOB00478,2026-09-26,job_site,converted
ENT003556,CAN01835,JOB00170,2025-12-12,job_site,converted
ENT003557,CAN01835,JOB00247,2025-11-05,job_site,converted
ENT003559,CAN01837,JOB00360,2026-04-07,job_site,converted
ENT003562,CAN01838,JOB00666,2026-09-24,job_site,declined
ENT003563,CAN01839,JOB00198,2025-09-29,job_site,converted
ENT003564,CAN01839,JOB00323,2025-10-14,job_site,converted
ENT003565,CAN01839,JOB00023,2026-01-03,job_site,declined
ENT003566,CAN01840,JOB00773,2026-03-07,job_site,declined
ENT003569,CAN01841,JOB00571,2026-05-13,job_site,converted
ENT003570,CAN01842,JOB00429,2026-09-26,job_site,declined
ENT003573,CAN01844,JOB00412,2026-09-07,job_site,declined
ENT003574,CAN01846,JOB00792,2026-08-04,job_site,declined
ENT003575,CAN01848,JOB00668,2026-09-22,job_site,declined
ENT003576,CAN01848,JOB00708,2026-09-21,job_site,declined
ENT003577,CAN01848,JOB00487,2026-09-15,job_site,declined
ENT003578,CAN01848,JOB00461,2026-09-22,job_site,declined
ENT003579,CAN01848,JOB00562,2026-09-13,job_site,declined
ENT003580,CAN01848,JOB00714,2026-09-28,job_site,declined
ENT003581,CAN01848,JOB00649,2026-09-20,job_site,declined
ENT003584,CAN01849,JOB00464,2026-03-11,job_site,declined
ENT003585,CAN01850,JOB00557,2026-07-31,job_site,converted
ENT003586,CAN01851,JOB00478,2026-09-25,job_site,converted
ENT003587,CAN01851,JOB00772,2026-09-22,job_site,converted
ENT003588,CAN01851,JOB00580,2026-09-16,job_site,declined
ENT003589,CAN01851,JOB00643,2026-09-22,job_site,declined
ENT003590,CAN01852,JOB00380,2026-09-14,job_site,declined
ENT003593,CAN01854,JOB00629,2026-09-24,job_site,declined
ENT003594,CAN01854,JOB00772,2026-09-25,job_site,declined
ENT003595,CAN01854,JOB00631,2026-09-21,job_site,declined
ENT003596,CAN01855,JOB00745,2026-07-05,job_site,declined
ENT003597,CAN01855,JOB00691,2026-03-05,job_site,declined
ENT003598,CAN01858,JOB00417,2026-09-25,job_site,declined
ENT003599,CAN01858,JOB00379,2026-07-04,job_site,declined
ENT003600,CAN01859,JOB00395,2026-07-22,job_site,declined
ENT003601,CAN01859,JOB00714,2026-08-23,job_site,declined
ENT003602,CAN01859,JOB00204,2026-01-12,job_site,declined
ENT003603,CAN01859,JOB00139,2025-05-27,job_site,converted
ENT003604,CAN01860,JOB00494,2026-09-05,job_site,declined
ENT003605,CAN01860,JOB00393,2026-09-18,job_site,declined
ENT003608,CAN01862,JOB00209,2025-04-17,job_site,declined
ENT003611,CAN01863,JOB00790,2026-06-27,job_site,converted
ENT003612,CAN01865,JOB00488,2026-06-21,job_site,converted
ENT003613,CAN01865,JOB00519,2026-09-30,job_site,declined
ENT003614,CAN01865,JOB00631,2026-09-13,job_site,declined
ENT003615,CAN01866,JOB00403,2026-03-09,job_site,declined
ENT003616,CAN01867,JOB00613,2026-05-27,job_site,declined
ENT003617,CAN01867,JOB00535,2026-06-22,job_site,declined
ENT003618,CAN01868,JOB00528,2026-02-06,job_site,declined
ENT003619,CAN01868,JOB00262,2025-11-12,job_site,converted
ENT003620,CAN01869,JOB00561,2026-01-24,job_site,converted
ENT003621,CAN01870,JOB00780,2026-01-24,job_site,declined
ENT003622,CAN01870,JOB00372,2026-09-27,job_site,declined
ENT003623,CAN01870,JOB00362,2026-06-14,job_site,converted
ENT003624,CAN01872,JOB00457,2026-06-30,job_site,declined
ENT003625,CAN01872,JOB00719,2026-09-01,job_site,converted
ENT003626,CAN01873,JOB00785,2026-03-04,job_site,declined
ENT003627,CAN01874,JOB00508,2026-08-03,job_site,declined
ENT003628,CAN01875,JOB00353,2026-09-23,job_site,converted
ENT003629,CAN01875,JOB00738,2026-07-17,job_site,declined
ENT003630,CAN01875,JOB00714,2026-09-08,job_site,converted
ENT003631,CAN01876,JOB00352,2026-07-20,job_site,declined
ENT003632,CAN01876,JOB00781,2026-09-29,job_site,declined
ENT003633,CAN01876,JOB00585,2026-09-22,job_site,declined
ENT003634,CAN01879,JOB00452,2026-09-24,job_site,declined
ENT003635,CAN01879,JOB00748,2026-09-26,job_site,declined
ENT003636,CAN01880,JOB00509,2026-09-17,job_site,declined
ENT003637,CAN01880,JOB00799,2026-02-04,job_site,converted
ENT003638,CAN01880,JOB00592,2026-02-19,job_site,declined
ENT003639,CAN01881,JOB00145,2025-06-30,job_site,converted
ENT003640,CAN01882,JOB00266,2025-05-30,job_site,declined
ENT003642,CAN01883,JOB00352,2026-08-18,job_site,declined
ENT003643,CAN01883,JOB00557,2026-07-19,job_site,declined
ENT003646,CAN01884,JOB00249,2025-07-28,job_site,declined
ENT003648,CAN01885,JOB00432,2026-09-03,job_site,declined
ENT003649,CAN01885,JOB00480,2026-08-12,job_site,declined
ENT003650,CAN01885,JOB00406,2026-09-28,job_site,declined
ENT003651,CAN01886,JOB00702,2026-09-21,job_site,converted
ENT003652,CAN01887,JOB00730,2026-09-02,job_site,declined
ENT003653,CAN01887,JOB00623,2026-06-14,job_site,converted
ENT003654,CAN01887,JOB00542,2026-07-20,job_site,converted
ENT003655,CAN01887,JOB00187,2025-08-30,job_site,converted
ENT003658,CAN01889,JOB00186,2025-05-15,job_site,converted
ENT003663,CAN01891,JOB00420,2026-04-25,job_site,declined
ENT003664,CAN01892,JOB00321,2025-12-09,job_site,declined
ENT003665,CAN01892,JOB00024,2025-10-17,job_site,converted
ENT003666,CAN01893,JOB00604,2026-07-02,job_site,converted
ENT003667,CAN01893,JOB00478,2026-09-16,job_site,declined
ENT003668,CAN01893,JOB00735,2026-07-05,job_site,declined
ENT003669,CAN01893,JOB00023,2026-01-22,job_site,declined
ENT003670,CAN01895,JOB00658,2026-08-28,job_site,declined
ENT003671,CAN01896,JOB00519,2026-09-24,job_site,converted
ENT003672,CAN01896,JOB00438,2026-09-30,job_site,declined
ENT003673,CAN01896,JOB00671,2026-06-04,job_site,declined
ENT003674,CAN01896,JOB00285,2025-11-25,job_site,declined
ENT003675,CAN01896,JOB00189,2025-12-25,job_site,declined
ENT003676,CAN01897,JOB00612,2026-06-14,job_site,converted
ENT003677,CAN01897,JOB00589,2026-06-17,job_site,converted
ENT003678,CAN01897,JOB00494,2026-09-07,job_site,converted
ENT003679,CAN01897,JOB00777,2026-09-08,job_site,declined
ENT003680,CAN01897,JOB00742,2026-02-03,job_site,declined
ENT003681,CAN01898,JOB00207,2025-12-10,job_site,converted
ENT003682,CAN01898,JOB00210,2025-10-06,job_site,converted
ENT003683,CAN01898,JOB00279,2025-10-08,job_site,converted
ENT003684,CAN01899,JOB00420,2026-05-14,job_site,declined
ENT003685,CAN01900,JOB00711,2026-08-07,job_site,converted
ENT003686,CAN01900,JOB00004,2026-01-17,job_site,declined
ENT003687,CAN01901,JOB00749,2026-09-24,job_site,converted
ENT003691,CAN01903,JOB00666,2026-09-24,job_site,declined
ENT003692,CAN01904,JOB00433,2026-07-11,job_site,declined
ENT003693,CAN01905,JOB00595,2026-09-26,job_site,declined
ENT003694,CAN01905,JOB00134,2025-10-01,job_site,declined
ENT003695,CAN01905,JOB00341,2025-10-02,job_site,declined
ENT003696,CAN01905,JOB00234,2025-12-04,job_site,converted
ENT003697,CAN01905,JOB00653,2026-06-02,job_site,declined
ENT003698,CAN01906,JOB00698,2026-09-29,job_site,declined
ENT003699,CAN01907,JOB00285,2025-12-03,job_site,converted
ENT003700,CAN01907,JOB00572,2026-09-30,job_site,declined
ENT003701,CAN01907,JOB00583,2026-07-04,job_site,declined
ENT003703,CAN01909,JOB00654,2026-03-06,job_site,declined
ENT003704,CAN01909,JOB00250,2026-02-11,job_site,declined
ENT003705,CAN01911,JOB00228,2025-09-08,job_site,converted
ENT003706,CAN01912,JOB00383,2026-08-31,job_site,converted
ENT003707,CAN01913,JOB00496,2026-03-31,job_site,converted
ENT003708,CAN01913,JOB00558,2026-09-03,job_site,declined
ENT003709,CAN01913,JOB00250,2026-01-19,job_site,declined
ENT003710,CAN01913,JOB00409,2026-03-14,job_site,declined
ENT003712,CAN01914,JOB00295,2025-09-03,job_site,declined
ENT003715,CAN01915,JOB00082,2025-05-25,job_site,declined
ENT003716,CAN01915,JOB00085,2025-09-05,job_site,converted
ENT003717,CAN01915,JOB00315,2025-06-22,job_site,converted
ENT003718,CAN01916,JOB00135,2025-11-07,job_site,declined
ENT003719,CAN01916,JOB00628,2026-09-21,job_site,declined
ENT003720,CAN01916,JOB00193,2025-11-12,job_site,converted
ENT003721,CAN01917,JOB00067,2025-10-24,job_site,converted
ENT003722,CAN01917,JOB00246,2025-10-23,job_site,declined
ENT003725,CAN01919,JOB00551,2026-07-01,job_site,declined
ENT003726,CAN01919,JOB00621,2026-04-29,job_site,declined
ENT003727,CAN01920,JOB00304,2025-06-18,job_site,declined
ENT003728,CAN01920,JOB00473,2026-02-19,job_site,declined
ENT003729,CAN01920,JOB00523,2026-02-13,job_site,declined
ENT003730,CAN01920,JOB00470,2026-04-26,job_site,declined
ENT003732,CAN01923,JOB00598,2026-07-13,job_site,converted
ENT003733,CAN01923,JOB00707,2026-09-27,job_site,declined
ENT003734,CAN01924,JOB00476,2026-02-26,job_site,declined
ENT003735,CAN01924,JOB00062,2025-08-13,job_site,converted
ENT003736,CAN01924,JOB00769,2026-02-01,job_site,declined
ENT003737,CAN01925,JOB00594,2026-04-15,job_site,declined
ENT003738,CAN01926,JOB00762,2026-04-30,job_site,declined
ENT003739,CAN01927,JOB00382,2026-06-21,job_site,declined
ENT003740,CAN01927,JOB00557,2026-07-13,job_site,declined
ENT003741,CAN01928,JOB00400,2026-04-06,job_site,converted
ENT003742,CAN01928,JOB00766,2026-03-31,job_site,declined
ENT003743,CAN01929,JOB00050,2025-11-10,job_site,declined
ENT003744,CAN01930,JOB00441,2026-08-14,job_site,converted
ENT003745,CAN01930,JOB00562,2026-09-18,job_site,declined
ENT003746,CAN01930,JOB00438,2026-09-30,job_site,declined
ENT003747,CAN01931,JOB00476,2026-03-23,job_site,declined
ENT003748,CAN01931,JOB00731,2026-04-08,job_site,converted
ENT003749,CAN01931,JOB00231,2025-09-23,job_site,declined
ENT003750,CAN01931,JOB00375,2026-06-26,job_site,declined
ENT003751,CAN01932,JOB00556,2026-08-14,job_site,converted
ENT003752,CAN01932,JOB00429,2026-09-20,job_site,declined
ENT003753,CAN01933,JOB00615,2026-05-12,job_site,declined
ENT003754,CAN01933,JOB00535,2026-06-21,job_site,declined
ENT003755,CAN01933,JOB00789,2026-05-06,job_site,converted
ENT003756,CAN01934,JOB00482,2026-07-07,job_site,declined
ENT003757,CAN01935,JOB00145,2025-06-23,job_site,converted
ENT003758,CAN01936,JOB00214,2025-09-30,job_site,converted
ENT003759,CAN01936,JOB00555,2026-08-26,job_site,converted
ENT003760,CAN01936,JOB00212,2025-10-05,job_site,declined
ENT003761,CAN01939,JOB00721,2026-07-31,job_site,declined
ENT003762,CAN01939,JOB00408,2026-07-13,job_site,converted
ENT003763,CAN01940,JOB00769,2026-01-08,job_site,declined
ENT003764,CAN01941,JOB00353,2026-09-23,job_site,declined
ENT003765,CAN01942,JOB00637,2026-05-16,job_site,converted
ENT003766,CAN01942,JOB00462,2026-04-11,job_site,converted
ENT003767,CAN01942,JOB00064,2025-09-20,job_site,converted
ENT003768,CAN01942,JOB00527,2026-03-27,job_site,converted
ENT003769,CAN01942,JOB00088,2025-07-20,job_site,declined
ENT003770,CAN01943,JOB00289,2025-07-31,job_site,declined
ENT003771,CAN01944,JOB00591,2026-08-06,job_site,converted
ENT003772,CAN01944,JOB00404,2026-06-30,job_site,declined
ENT003774,CAN01945,JOB00165,2025-11-16,job_site,declined
ENT003775,CAN01945,JOB00462,2026-04-08,job_site,converted
ENT003777,CAN01946,JOB00103,2025-10-07,job_site,declined
ENT003778,CAN01946,JOB00054,2025-12-08,job_site,declined
ENT003779,CAN01946,JOB00678,2026-03-01,job_site,declined
ENT003780,CAN01946,JOB00588,2026-07-24,job_site,converted
ENT003781,CAN01947,JOB00737,2026-07-23,job_site,declined
ENT003782,CAN01947,JOB00622,2026-09-14,job_site,declined
ENT003784,CAN01949,JOB00053,2025-12-24,job_site,declined
ENT003786,CAN01950,JOB00747,2026-07-14,job_site,declined
ENT003787,CAN01950,JOB00593,2026-07-26,job_site,converted
